registro,modo,lado,metodo,bandwidth_B,SpSmooth_s,shift_s,n,Pearson,MAE,RMSE,bias
L03041035,unilateral,unilateral,Welch,,30,0,117540,0.6827389924148433,3.8676101193590866,5.308337005623235,2.998662918768721
L03041035,unilateral,unilateral,Welch,,30,1,117420,0.6890650983616478,3.843042611121999,5.268848296061116,2.9947133637285868
L03041035,unilateral,unilateral,Welch,,30,2,117300,0.6950652445824462,3.81928219107838,5.2306961540442325,2.990248522564584
L03041035,unilateral,unilateral,Welch,,30,3,117180,0.7008775677367663,3.796398569002842,5.19303357276204,2.98600999060262
L03041035,unilateral,unilateral,Welch,,30,4,117060,0.7062969922529241,3.7753763799498175,5.157532859576229,2.9822745248581124
L03041035,unilateral,unilateral,Welch,,30,5,116940,0.7111356044635727,3.757159695899643,5.1257799195053675,2.9783809076566414
L03041035,unilateral,unilateral,Welch,,30,6,116820,0.7153785956355331,3.7415900193075635,5.096887136962439,2.9733908271174228
L03041035,unilateral,unilateral,Welch,,30,7,116700,0.718828714204456,3.729785220346987,5.07252900103956,2.968403972058328
L03041035,unilateral,unilateral,Welch,,30,8,116580,0.7214212856148624,3.7218348037207414,5.053105468621487,2.9633739973268014
L03041035,unilateral,unilateral,Welch,,30,9,116460,0.723110259917598,3.7185031121443703,5.039565691469396,2.9596126449312097
L03041035,unilateral,unilateral,Welch,,30,10,116340,0.723813181146804,3.7202902122904926,5.032721026627651,2.957048941574449
L03041035,unilateral,unilateral,Welch,,30,11,116220,0.7236029617104193,3.7261360265548453,5.031350275518146,2.9545971079978615
L03041035,unilateral,unilateral,Welch,,30,12,116100,0.7224754349088293,3.735724365601054,5.034957177537103,2.9514038957393316
L03041035,unilateral,unilateral,Welch,,30,13,115980,0.7203869560908817,3.7494965205994313,5.044305765492454,2.948614907120275
L03041035,unilateral,unilateral,Welch,,30,14,115860,0.7173681490566641,3.7678151555333397,5.060343279030803,2.9479902337003163
L03041035,unilateral,unilateral,Welch,,30,15,115740,0.7135354669696388,3.789465606290938,5.081766105248793,2.9484761828664894
L03041035,unilateral,unilateral,Welch,,30,16,115620,0.7089904373336899,3.813233919723879,5.107005525852629,2.9485207176192176
L03041035,unilateral,unilateral,Welch,,30,17,115500,0.7037339457994444,3.8398331575316575,5.136390647757612,2.948707093828797
L03041035,unilateral,unilateral,Welch,,30,18,115380,0.6978831233224319,3.8684308169998713,5.169618907587419,2.949665443202927
L03041035,unilateral,unilateral,Welch,,30,19,115260,0.6914690129759781,3.8989961566194533,5.206509605997201,2.9518669689327877
L03041035,unilateral,unilateral,Welch,,30,20,115140,0.684537612887115,3.9311833586612464,5.246082008390825,2.954612397652057
L03041035,unilateral,unilateral,Welch,,30,21,115020,0.6773801542041126,3.9630947545726247,5.286691916463746,2.9569617097882035
L03041035,unilateral,unilateral,Welch,,30,22,114900,0.6700388510919083,3.9948759777263425,5.327638015041977,2.9578077456489997
L03041035,unilateral,unilateral,Welch,,30,23,114780,0.662568702436238,4.0268610414189085,5.369073005956134,2.957886413914728
L03041035,unilateral,unilateral,Welch,,30,24,114660,0.6550778826892094,4.058155873967882,5.410092475837153,2.9571835138898557
L03041035,unilateral,unilateral,Welch,,30,25,114540,0.6474809862168843,4.089359587042286,5.451300958544348,2.9570583753776285
L03041035,unilateral,unilateral,Welch,,30,26,114480,0.6385351647041049,4.127568896204568,5.507610524453702,2.9630634035500183
L03041035,unilateral,unilateral,Welch,,30,27,114420,0.6301911604389447,4.164094622689478,5.557985609421745,2.967145335131357
L03041035,unilateral,unilateral,Welch,,30,28,114360,0.6220409866722367,4.200277957742904,5.606732269571899,2.9708026467678383
L03041035,unilateral,unilateral,Welch,,30,29,114300,0.6140314072584133,4.236659469187548,5.656171647506534,2.975517597525054
L03041035,unilateral,unilateral,Welch,,30,30,114240,0.6062385370243082,4.272662214585431,5.703881266669381,2.981187316973445
L03041035,unilateral,unilateral,CWT Morlet,0.5,30,0,117540,0.6466612125338724,6.040269288537034,7.323849575455739,5.915607844876311
L03041035,unilateral,unilateral,CWT Morlet,0.5,30,1,117420,0.653008446833009,6.032321596140375,7.29744427808309,5.912607989580049
L03041035,unilateral,unilateral,CWT Morlet,0.5,30,2,117300,0.6591329304658394,6.024254080737654,7.271315509719312,5.9090461702292005
L03041035,unilateral,unilateral,CWT Morlet,0.5,30,3,117180,0.6650948440277642,6.016609694993612,7.245683344958205,5.905481235021146
L03041035,unilateral,unilateral,CWT Morlet,0.5,30,4,117060,0.6706534089263161,6.0096029247853275,7.221512511791011,5.901965939424967
L03041035,unilateral,unilateral,CWT Morlet,0.5,30,5,116940,0.675706829790518,6.003056429175676,7.199212806956153,5.898186202139541
L03041035,unilateral,unilateral,CWT Morlet,0.5,30,6,116820,0.6802443208119914,5.996130322038518,7.17799863818561,5.893287466655903
L03041035,unilateral,unilateral,CWT Morlet,0.5,30,7,116700,0.6840870249181956,5.989593051447907,7.159217207348107,5.888278503668656
L03041035,unilateral,unilateral,CWT Morlet,0.5,30,8,116580,0.687137124970158,5.983702071496708,7.143289059793023,5.88324421975981
L03041035,unilateral,unilateral,CWT Morlet,0.5,30,9,116460,0.6893397647989795,5.979634519650135,7.13127910984336,5.879248102485434
L03041035,unilateral,unilateral,CWT Morlet,0.5,30,10,116340,0.6905875426069606,5.97742709460625,7.123842346552006,5.876466752670153
L03041035,unilateral,unilateral,CWT Morlet,0.5,30,11,116220,0.6909501544878494,5.976070941562121,7.119757247458733,5.873828087655788
L03041035,unilateral,unilateral,CWT Morlet,0.5,30,12,116100,0.6904168624289061,5.974746193966202,7.118418539501526,5.870578837712583
L03041035,unilateral,unilateral,CWT Morlet,0.5,30,13,115980,0.6889470094123915,5.974360503270346,7.1205299217229685,5.867500853466914
L03041035,unilateral,unilateral,CWT Morlet,0.5,30,14,115860,0.6865194414734938,5.976488309972488,7.12763012062641,5.866300435296804
L03041035,unilateral,unilateral,CWT Morlet,0.5,30,15,115740,0.683232732942273,5.980297830048162,7.138883113435579,5.8663238887218405
L03041035,unilateral,unilateral,CWT Morlet,0.5,30,16,115620,0.6791943550809836,5.98462756770222,7.152660774753692,5.866089643912692
L03041035,unilateral,unilateral,CWT Morlet,0.5,30,17,115500,0.6744338823596252,5.989432996499782,7.168776863358104,5.865598515703421
L03041035,unilateral,unilateral,CWT Morlet,0.5,30,18,115380,0.6690272531665203,5.995937412541366,7.187895068378282,5.865943965193883
L03041035,unilateral,unilateral,CWT Morlet,0.5,30,19,115260,0.6630066691944952,6.00454305078272,7.210264904189049,5.867697591418924
L03041035,unilateral,unilateral,CWT Morlet,0.5,30,20,115140,0.6564569298771529,6.014652844628422,7.235145061913401,5.87048311843405
L03041035,unilateral,unilateral,CWT Morlet,0.5,30,21,115020,0.6496276733554281,6.025102626495511,7.26094535466603,5.873225623576532
L03041035,unilateral,unilateral,CWT Morlet,0.5,30,22,114900,0.6425959431774361,6.0352176836443325,7.286602235022051,5.874697674245743
L03041035,unilateral,unilateral,CWT Morlet,0.5,30,23,114780,0.6354666196041635,6.045315045249496,7.312086563905524,5.875265952528413
L03041035,unilateral,unilateral,CWT Morlet,0.5,30,24,114660,0.6282951721519673,6.054927267239682,7.33706804357166,5.875025929006346
L03041035,unilateral,unilateral,CWT Morlet,0.5,30,25,114540,0.6210074983563503,6.064831967976596,7.362404781079473,5.874907929310022
L03041035,unilateral,unilateral,CWT Morlet,0.5,30,26,114480,0.6125079918374342,6.081407413535721,7.398620883636586,5.88076702303659
L03041035,unilateral,unilateral,CWT Morlet,0.5,30,27,114420,0.6044405832182124,6.096715062526973,7.431527738870407,5.884997948068441
L03041035,unilateral,unilateral,CWT Morlet,0.5,30,28,114360,0.5965256821181898,6.112052097798288,7.46345230502441,5.888586289950954
L03041035,unilateral,unilateral,CWT Morlet,0.5,30,29,114300,0.5887044309109092,6.127892772597626,7.496100189216425,5.892795456023804
L03041035,unilateral,unilateral,CWT Morlet,0.5,30,30,114240,0.5810263462253344,6.144368315733762,7.528703154117694,5.8978550191809855
L03041035,unilateral,unilateral,CWT Morlet,1.5,30,0,117540,0.6660536383088823,5.4745270251561555,6.81076497463489,5.311560997570895
L03041035,unilateral,unilateral,CWT Morlet,1.5,30,1,117420,0.6720561223668138,5.4650766018225285,6.783298316733843,5.3086973519475995
L03041035,unilateral,unilateral,CWT Morlet,1.5,30,2,117300,0.677847845938596,5.455544854488226,6.756090562320963,5.305225282107124
L03041035,unilateral,unilateral,CWT Morlet,1.5,30,3,117180,0.6834699138005815,5.4468269931024285,6.7295012815516575,5.30187420331792
L03041035,unilateral,unilateral,CWT Morlet,1.5,30,4,117060,0.688707996563025,5.438835880129014,6.7043946602581075,5.298535079908951
L03041035,unilateral,unilateral,CWT Morlet,1.5,30,5,116940,0.6934501208968927,5.431480570816755,6.6813209574548384,5.2948868956038835
L03041035,unilateral,unilateral,CWT Morlet,1.5,30,6,116820,0.697682605263206,5.42421939602033,6.65966198870735,5.290239268460271
L03041035,unilateral,unilateral,CWT Morlet,1.5,30,7,116700,0.7012328319388098,5.417922360516058,6.6407583309926554,5.285572721017064
L03041035,unilateral,unilateral,CWT Morlet,1.5,30,8,116580,0.7040120625571527,5.412818616835658,6.625007049548016,5.280971466166251
L03041035,unilateral,unilateral,CWT Morlet,1.5,30,9,116460,0.7059680060252814,5.409702243315718,6.613471442352957,5.277510705638669
L03041035,unilateral,unilateral,CWT Morlet,1.5,30,10,116340,0.7070120563724674,5.4084555730236685,6.606630162887598,5.275158982889274
L03041035,unilateral,unilateral,CWT Morlet,1.5,30,11,116220,0.7072189911171676,5.408077504409147,6.603247493510414,5.272845807652702
L03041035,unilateral,unilateral,CWT Morlet,1.5,30,12,116100,0.7065775628224867,5.407945024352372,6.602799849278918,5.269878603261471
L03041035,unilateral,unilateral,CWT Morlet,1.5,30,13,115980,0.7050560160179437,5.4089324387782955,6.605925739263979,5.267043442211617
L03041035,unilateral,unilateral,CWT Morlet,1.5,30,14,115860,0.7026159693870002,5.41274743974574,6.614294720587516,5.266142594708954
L03041035,unilateral,unilateral,CWT Morlet,1.5,30,15,115740,0.6993611312809763,5.418560799840916,6.626980953893042,5.266475614213313
L03041035,unilateral,unilateral,CWT Morlet,1.5,30,16,115620,0.6954078800844355,5.424946611216527,6.64213636225774,5.266376653083829
L03041035,unilateral,unilateral,CWT Morlet,1.5,30,17,115500,0.6907816402497774,5.431773958228944,6.659654614814636,5.265932213339283
L03041035,unilateral,unilateral,CWT Morlet,1.5,30,18,115380,0.6855525039270804,5.440300927718372,6.680277210323347,5.266341670590363
L03041035,unilateral,unilateral,CWT Morlet,1.5,30,19,115260,0.6797588013682949,5.45095935676906,6.704146523726683,5.268132589796163
L03041035,unilateral,unilateral,CWT Morlet,1.5,30,20,115140,0.6734678494247176,5.463091009567158,6.730554344111531,5.270929271816073
L03041035,unilateral,unilateral,CWT Morlet,1.5,30,21,115020,0.666900714999018,5.475495965937437,6.757812839975181,5.273521657023984
L03041035,unilateral,unilateral,CWT Morlet,1.5,30,22,114900,0.66016152871757,5.487774317010797,6.784907418142219,5.274794062603137
L03041035,unilateral,unilateral,CWT Morlet,1.5,30,23,114780,0.653353918416826,5.4998547454141775,6.811784179111046,5.275170710265956
L03041035,unilateral,unilateral,CWT Morlet,1.5,30,24,114660,0.6465180222226329,5.511439253759538,6.838184949556091,5.274797453972582
L03041035,unilateral,unilateral,CWT Morlet,1.5,30,25,114540,0.6395653968935784,5.523382313085436,6.864932565622728,5.274499225620508
L03041035,unilateral,unilateral,CWT Morlet,1.5,30,26,114480,0.631452496497517,5.541907369125377,6.902533205134271,5.2800052044113635
L03041035,unilateral,unilateral,CWT Morlet,1.5,30,27,114420,0.6237466307428625,5.559133377358148,6.9367521413279585,5.283812318798165
L03041035,unilateral,unilateral,CWT Morlet,1.5,30,28,114360,0.616205440256771,5.576452961826768,6.969964142503261,5.28707320571397
L03041035,unilateral,unilateral,CWT Morlet,1.5,30,29,114300,0.608735139113169,5.594638982879886,7.004037210944691,5.29110004812703
L03041035,unilateral,unilateral,CWT Morlet,1.5,30,30,114240,0.6014198663308896,5.613310486444376,7.0378188094795835,5.295881441723574
L03041035,unilateral,unilateral,CWT Morlet,3.0,30,0,117540,0.6693960287031295,5.344604351631432,6.704599142949335,5.17108821267157
L03041035,unilateral,unilateral,CWT Morlet,3.0,30,1,117420,0.6752250153277766,5.334626922692434,6.677164625349695,5.168200873120157
L03041035,unilateral,unilateral,CWT Morlet,3.0,30,2,117300,0.6808476541101369,5.324617374225787,6.649997107710016,5.164706345686191
L03041035,unilateral,unilateral,CWT Morlet,3.0,30,3,117180,0.6862989494501974,5.3155567211958585,6.623462368987468,5.16136793732483
L03041035,unilateral,unilateral,CWT Morlet,3.0,30,4,117060,0.6913954027769944,5.307206372829023,6.5982589597454515,5.157970398487138
L03041035,unilateral,unilateral,CWT Morlet,3.0,30,5,116940,0.6960135617261719,5.299640858876066,6.575062013439874,5.154250812697626
L03041035,unilateral,unilateral,CWT Morlet,3.0,30,6,116820,0.7001363422020869,5.292433910639937,6.553339781461888,5.149587963866315
L03041035,unilateral,unilateral,CWT Morlet,3.0,30,7,116700,0.7035919118159876,5.286338261439224,6.534418167273889,5.144933368499243
L03041035,unilateral,unilateral,CWT Morlet,3.0,30,8,116580,0.7062938511782072,5.281562834971613,6.518705118347959,5.140402858072531
L03041035,unilateral,unilateral,CWT Morlet,3.0,30,9,116460,0.7081859132619025,5.278847524023761,6.507258972799192,5.13703479301427
L03041035,unilateral,unilateral,CWT Morlet,3.0,30,10,116340,0.7091914365719223,5.277998999910891,6.500458177502213,5.134728514461028
L03041035,unilateral,unilateral,CWT Morlet,3.0,30,11,116220,0.7093828249435792,5.278049540271791,6.4971113893731705,5.132440436889321
L03041035,unilateral,unilateral,CWT Morlet,3.0,30,12,116100,0.7087518182097708,5.278333748694771,6.496713449879251,5.1295028549488775
L03041035,unilateral,unilateral,CWT Morlet,3.0,30,13,115980,0.7072697585789589,5.279750615018593,6.499859509094141,5.126681994922188
L03041035,unilateral,unilateral,CWT Morlet,3.0,30,14,115860,0.704893589459548,5.283926595868776,6.508165772436773,5.125733781891661
L03041035,unilateral,unilateral,CWT Morlet,3.0,30,15,115740,0.7017184945354208,5.290207291132406,6.520796221490805,5.126009651430013
L03041035,unilateral,unilateral,CWT Morlet,3.0,30,16,115620,0.6978596637546312,5.2971059979650486,6.535950148656005,5.125864649774096
L03041035,unilateral,unilateral,CWT Morlet,3.0,30,17,115500,0.6933479819954005,5.304363940467868,6.553460269098094,5.125350292921065
L03041035,unilateral,unilateral,CWT Morlet,3.0,30,18,115380,0.6882527699234191,5.313484920169536,6.574020721863446,5.125658260837163
L03041035,unilateral,unilateral,CWT Morlet,3.0,30,19,115260,0.6826079592293881,5.324751766711592,6.597806357175381,5.127331930034651
L03041035,unilateral,unilateral,CWT Morlet,3.0,30,20,115140,0.6764748214653105,5.337621791813281,6.624139095151197,5.130000912085067
L03041035,unilateral,unilateral,CWT Morlet,3.0,30,21,115020,0.6700682484722271,5.3507314451463905,6.651359132097409,5.132465146545343
L03041035,unilateral,unilateral,CWT Morlet,3.0,30,22,114900,0.6634979996788345,5.363658568384939,6.678469462503276,5.133660896661344
L03041035,unilateral,unilateral,CWT Morlet,3.0,30,23,114780,0.6568785621250851,5.37638084870766,6.705333849997718,5.134011058655786
L03041035,unilateral,unilateral,CWT Morlet,3.0,30,24,114660,0.6502390686249503,5.388639160801297,6.731747634698938,5.133666412345036
L03041035,unilateral,unilateral,CWT Morlet,3.0,30,25,114540,0.6434896593613707,5.4012143640646935,6.758478025304826,5.133350484520707
L03041035,unilateral,unilateral,CWT Morlet,3.0,30,26,114480,0.6356216713681715,5.420257415474314,6.795805307885861,5.138669403561982
L03041035,unilateral,unilateral,CWT Morlet,3.0,30,27,114420,0.6281441036207901,5.438250611310011,6.829843195165563,5.142336914858611
L03041035,unilateral,unilateral,CWT Morlet,3.0,30,28,114360,0.6208448380561902,5.456294515197326,6.862833560008698,5.145520051224235
L03041035,unilateral,unilateral,CWT Morlet,3.0,30,29,114300,0.6136070225928488,5.474988033683844,6.896759387704645,5.149559630960447
L03041035,unilateral,unilateral,CWT Morlet,3.0,30,30,114240,0.6065274994998056,5.494104344762979,6.930337347072949,5.154328712435956
L03041035,unilateral,unilateral,CWT Morlet,6.0,30,0,117540,0.6691543079675242,5.258506539629078,6.652562307576892,5.074996518662779
L03041035,unilateral,unilateral,CWT Morlet,6.0,30,1,117420,0.6747896450503065,5.248022803700673,6.625351599148211,5.072038590390866
L03041035,unilateral,unilateral,CWT Morlet,6.0,30,2,117300,0.6802268634046914,5.237673070314356,6.598400282088847,5.068477888948929
L03041035,unilateral,unilateral,CWT Morlet,6.0,30,3,117180,0.6854875514699926,5.228232118547838,6.5720764403926895,5.0650847906768295
L03041035,unilateral,unilateral,CWT Morlet,6.0,30,4,117060,0.6904298295112746,5.2195123120555325,6.546884941275351,5.061549886851211
L03041035,unilateral,unilateral,CWT Morlet,6.0,30,5,116940,0.6949216191632979,5.211708394767594,6.52361851039573,5.05768721546311
L03041035,unilateral,unilateral,CWT Morlet,6.0,30,6,116820,0.6989377160467505,5.204325379265922,6.5018508227098355,5.052934452456382
L03041035,unilateral,unilateral,CWT Morlet,6.0,30,7,116700,0.7023073777184787,5.198184299689559,6.482877219157771,5.048201497569092
L03041035,unilateral,unilateral,CWT Morlet,6.0,30,8,116580,0.7049478508498216,5.19349712269472,6.467144854290378,5.043686547085821
L03041035,unilateral,unilateral,CWT Morlet,6.0,30,9,116460,0.7067975369643192,5.1910235096363815,6.455680687708246,5.040351646695256
L03041035,unilateral,unilateral,CWT Morlet,6.0,30,10,116340,0.7077948879723288,5.190432576901767,6.448751734348526,5.038037062556828
L03041035,unilateral,unilateral,CWT Morlet,6.0,30,11,116220,0.7080072156131559,5.19071202170979,6.445225517142833,5.035723078103335
L03041035,unilateral,unilateral,CWT Morlet,6.0,30,12,116100,0.7074301531555839,5.1915116842362785,6.444611641620325,5.032764297719382
L03041035,unilateral,unilateral,CWT Morlet,6.0,30,13,115980,0.7060350016250345,5.193485287325851,6.447484453411405,5.029915643937038
L03041035,unilateral,unilateral,CWT Morlet,6.0,30,14,115860,0.7037798723128775,5.198203937417706,6.455360818345046,5.028869110737411
L03041035,unilateral,unilateral,CWT Morlet,6.0,30,15,115740,0.7007462645519041,5.204939947633244,6.467523610307882,5.029034377977957
L03041035,unilateral,unilateral,CWT Morlet,6.0,30,16,115620,0.6970469602653274,5.212326479922054,6.4822486413631655,5.0288037922466735
L03041035,unilateral,unilateral,CWT Morlet,6.0,30,17,115500,0.692720935795169,5.220190549519667,6.499287425344951,5.028177178942684
L03041035,unilateral,unilateral,CWT Morlet,6.0,30,18,115380,0.6878286722572142,5.229900522830112,6.519318981317094,5.028342114967239
L03041035,unilateral,unilateral,CWT Morlet,6.0,30,19,115260,0.6824067969399288,5.241616878432258,6.542526159905996,5.0298632671368235
L03041035,unilateral,unilateral,CWT Morlet,6.0,30,20,115140,0.6765082014159577,5.2548919472929905,6.568280400502406,5.032378563751434
L03041035,unilateral,unilateral,CWT Morlet,6.0,30,21,115020,0.6703344305401399,5.268328623672606,6.594976035754616,5.034680611889653
L03041035,unilateral,unilateral,CWT Morlet,6.0,30,22,114900,0.6640054132041883,5.28162389001517,6.62162501052129,5.035772690385049
L03041035,unilateral,unilateral,CWT Morlet,6.0,30,23,114780,0.6576448916493374,5.294620922563945,6.64800206985021,5.036075301679944
L03041035,unilateral,unilateral,CWT Morlet,6.0,30,24,114660,0.6512705309675768,5.307302310474218,6.673979305159516,5.035754188589755
L03041035,unilateral,unilateral,CWT Morlet,6.0,30,25,114540,0.6447952134286541,5.320316132932169,6.700248093907536,5.035411005425117
L03041035,unilateral,unilateral,CWT Morlet,6.0,30,26,114480,0.6372616532120032,5.339888718501412,6.736769334508147,5.0405509729369165
L03041035,unilateral,unilateral,CWT Morlet,6.0,30,27,114420,0.6300856060643977,5.358316050485723,6.770210847846945,5.044111562623226
L03041035,unilateral,unilateral,CWT Morlet,6.0,30,28,114360,0.6230937433268275,5.3767136045191535,6.80262581712828,5.047272245285807
L03041035,unilateral,unilateral,CWT Morlet,6.0,30,29,114300,0.6161494604977509,5.39576576976656,6.836046174608221,5.051369401152275
L03041035,unilateral,unilateral,CWT Morlet,6.0,30,30,114240,0.6093666476156525,5.415059621639161,6.869074512926125,5.05617562835265
L03041035,unilateral,unilateral,CWT Morlet,12.0,30,0,117540,0.6662581235372871,5.187687929721249,6.630573723515772,4.991793175840428
L03041035,unilateral,unilateral,CWT Morlet,12.0,30,1,117420,0.6716344983382897,5.1765571141189906,6.603830034525553,4.988693831823152
L03041035,unilateral,unilateral,CWT Morlet,12.0,30,2,117300,0.6768247008896919,5.16566127547324,6.57733160041022,4.985002107701526
L03041035,unilateral,unilateral,CWT Morlet,12.0,30,3,117180,0.681838247337962,5.155739446167333,6.551408568556631,4.981479752161065
L03041035,unilateral,unilateral,CWT Morlet,12.0,30,4,117060,0.6865732903886641,5.146547127422273,6.526416950784123,4.977739119756749
L03041035,unilateral,unilateral,CWT Morlet,12.0,30,5,116940,0.6908951341204382,5.138338591408461,6.503221945223116,4.973667515542645
L03041035,unilateral,unilateral,CWT Morlet,12.0,30,6,116820,0.694774412005272,5.130666832612161,6.4815202236736384,4.968784926537097
L03041035,unilateral,unilateral,CWT Morlet,12.0,30,7,116700,0.6980393856373527,5.124446621522931,6.462577683227693,4.963952821277863
L03041035,unilateral,unilateral,CWT Morlet,12.0,30,8,116580,0.7006069725915819,5.1198473002261125,6.446884616098534,4.9594513422504765
L03041035,unilateral,unilateral,CWT Morlet,12.0,30,9,116460,0.7024129021868464,5.117482973874199,6.435388397668995,4.956129879790712
L03041035,unilateral,unilateral,CWT Morlet,12.0,30,10,116340,0.7034081357802136,5.11708464112445,6.428264538397181,4.953778437747648
L03041035,unilateral,unilateral,CWT Morlet,12.0,30,11,116220,0.7036556909928406,5.117820146415787,6.424436231449207,4.95139375242602
L03041035,unilateral,unilateral,CWT Morlet,12.0,30,12,116100,0.7031560589480477,5.119240434924092,6.4234376674579305,4.948365572611485
L03041035,unilateral,unilateral,CWT Morlet,12.0,30,13,115980,0.7018798575416044,5.121891417133513,6.4258401389997974,4.945450884079996
L03041035,unilateral,unilateral,CWT Morlet,12.0,30,14,115860,0.6997909370616334,5.127408897486574,6.433035999418188,4.944272702465577
L03041035,unilateral,unilateral,CWT Morlet,12.0,30,15,115740,0.6969514540304388,5.134892849474974,6.444454464372255,4.944303303254673
L03041035,unilateral,unilateral,CWT Morlet,12.0,30,16,115620,0.693470691154287,5.142939136381111,6.458446348644195,4.943965874293963
L03041035,unilateral,unilateral,CWT Morlet,12.0,30,17,115500,0.6893963998173493,5.151369057071285,6.474673332066544,4.94319462856558
L03041035,unilateral,unilateral,CWT Morlet,12.0,30,18,115380,0.6847790884452584,5.161448468596349,6.4937866335219345,4.943165931905859
L03041035,unilateral,unilateral,CWT Morlet,12.0,30,19,115260,0.6796575733056771,5.173712824791251,6.515978106503818,4.944468289462294
L03041035,unilateral,unilateral,CWT Morlet,12.0,30,20,115140,0.674078145095128,5.187576755593263,6.5407034908048765,4.946774033062616
L03041035,unilateral,unilateral,CWT Morlet,12.0,30,21,115020,0.6682210516049708,5.201529187888609,6.566458790286335,4.948880108170658
L03041035,unilateral,unilateral,CWT Morlet,12.0,30,22,114900,0.662219051071634,5.215233883571205,6.592246137963146,4.94985453463367
L03041035,unilateral,unilateral,CWT Morlet,12.0,30,23,114780,0.6562012727748425,5.228732844998878,6.617747222038554,4.950098409886874
L03041035,unilateral,unilateral,CWT Morlet,12.0,30,24,114660,0.6501750562639077,5.241782041206418,6.642894814203395,4.949785244535147
L03041035,unilateral,unilateral,CWT Morlet,12.0,30,25,114540,0.6440588056748713,5.255258836734948,6.668295659402743,4.949381460301394
L03041035,unilateral,unilateral,CWT Morlet,12.0,30,26,114480,0.6369776040414672,5.274975747839681,6.7034357831899225,4.954308006486808
L03041035,unilateral,unilateral,CWT Morlet,12.0,30,27,114420,0.6302075637870618,5.2936720794590215,6.7358166188548685,4.957763282351976
L03041035,unilateral,unilateral,CWT Morlet,12.0,30,28,114360,0.62361749353285,5.312233339671903,6.767297987705722,4.960952799276982
L03041035,unilateral,unilateral,CWT Morlet,12.0,30,29,114300,0.6170616339185266,5.331458615041548,6.7998438110669905,4.965156518214813
L03041035,unilateral,unilateral,CWT Morlet,12.0,30,30,114240,0.6106668142529228,5.350938367475275,6.8319548592343144,4.970036113980783
L05141322,bilateral,izquierda,Welch,,30,0,154500,0.9340215697879141,1.6775095313225727,2.3909376234986186,0.5167965155056894
L05141322,bilateral,izquierda,Welch,,30,1,154380,0.9353773127649855,1.653859977008614,2.3676998519623935,0.5174026870727192
L05141322,bilateral,izquierda,Welch,,30,2,154260,0.9365403625938263,1.6334081325462342,2.347589433813684,0.5180219116453991
L05141322,bilateral,izquierda,Welch,,30,3,154140,0.9375057395299508,1.6167994992121535,2.3307790812735725,0.5186538934641453
L05141322,bilateral,izquierda,Welch,,30,4,154020,0.9382622064016223,1.60475259500868,2.3175497371943083,0.5193118251758653
L05141322,bilateral,izquierda,Welch,,30,5,153900,0.9387296357527629,1.598799279031027,2.3093897789809534,0.5200210875678116
L05141322,bilateral,izquierda,Welch,,30,6,153780,0.9388386328996144,1.6004143505899462,2.3075866666485285,0.5207507403074793
L05141322,bilateral,izquierda,Welch,,30,7,153660,0.9385777215743372,1.6093335899390246,2.312365967494466,0.5215216113039547
L05141322,bilateral,izquierda,Welch,,30,8,153540,0.9379481623216667,1.6251927688837295,2.323635714505658,0.5222455707864093
L05141322,bilateral,izquierda,Welch,,30,9,153420,0.9369652171471609,1.6471108322847725,2.3410312227148906,0.5229061425388662
L05141322,bilateral,izquierda,Welch,,30,10,153300,0.9356505980177411,1.6741214096004704,2.3640605289598553,0.5235631006767347
L05141322,bilateral,izquierda,Welch,,30,11,153180,0.9340205085838951,1.7054854688432817,2.3922304107952486,0.5240924003165944
L05141322,bilateral,izquierda,Welch,,30,12,153060,0.932101278541548,1.7403032503170557,2.4249493668927866,0.5245647229872011
L05141322,bilateral,izquierda,Welch,,30,13,152940,0.9299185842610498,1.7777288911903504,2.4615547838770917,0.5248680134873553
L05141322,bilateral,izquierda,Welch,,30,14,152820,0.9275100108290738,1.8169658190051017,2.5013237295522863,0.525127532465579
L05141322,bilateral,izquierda,Welch,,30,15,152700,0.9249070134869359,1.8576035781136992,2.543593349187782,0.5253708161099956
L05141322,bilateral,izquierda,Welch,,30,16,152580,0.9221401780266928,1.8989664346873085,2.587745992416408,0.5255821698416062
L05141322,bilateral,izquierda,Welch,,30,17,152460,0.9192387227726697,1.9405997591732431,2.6332241913097603,0.5257645553804347
L05141322,bilateral,izquierda,Welch,,30,18,152340,0.9162319696177331,1.9819435915773478,2.679529179281858,0.5259602844698642
L05141322,bilateral,izquierda,Welch,,30,19,152220,0.913150984464169,2.0231606347642566,2.7261551568790483,0.5261752417852326
L05141322,bilateral,izquierda,Welch,,30,20,152100,0.9100220603921333,2.064168319606474,2.7727186245965227,0.5264561872284024
L05141322,bilateral,izquierda,Welch,,30,21,151980,0.906868219271596,2.1045015956271538,2.8188606339431255,0.5267523805349308
L05141322,bilateral,izquierda,Welch,,30,22,151860,0.9037113683461059,2.1438757938206647,2.8643231777706046,0.5271102598472026
L05141322,bilateral,izquierda,Welch,,30,23,151740,0.9005661090146555,2.1822292013096574,2.9089062989568797,0.5275233872306008
L05141322,bilateral,izquierda,Welch,,30,24,151620,0.8974508871977713,2.219571715377248,2.9524012402907016,0.5280081610834526
L05141322,bilateral,izquierda,Welch,,30,25,151500,0.8943791140242452,2.255674953168306,2.9946156199436866,0.5284368266876692
L05141322,bilateral,izquierda,Welch,,30,26,151380,0.8913683188727718,2.290289264418887,3.0354099777090906,0.52892508021456
L05141322,bilateral,izquierda,Welch,,30,27,151260,0.8884352411005872,2.3233513341380023,3.0746399899565686,0.529531585594176
L05141322,bilateral,izquierda,Welch,,30,28,151140,0.8855889589776438,2.3548653521885665,3.1122084840803943,0.530149538543062
L05141322,bilateral,izquierda,Welch,,30,29,151020,0.8828373326402067,2.384941112469435,3.1480970446915157,0.5308214700503912
L05141322,bilateral,izquierda,Welch,,30,30,150900,0.8801855022948556,2.413717401554969,3.1823168367984636,0.5315752409299096
L05141322,bilateral,izquierda,CWT Morlet,0.5,30,0,154500,0.9164360932881406,3.819780931798307,4.341059839435434,3.531543434451333
L05141322,bilateral,izquierda,CWT Morlet,0.5,30,1,154380,0.9177237315763938,3.81878322311015,4.330976318692102,3.5323104196245914
L05141322,bilateral,izquierda,CWT Morlet,0.5,30,2,154260,0.918834710167554,3.8184759542631213,4.322313574798261,3.5330802002519506
L05141322,bilateral,izquierda,CWT Morlet,0.5,30,3,154140,0.9197602214584399,3.8188154490035804,4.315164094916135,3.5338676309748216
L05141322,bilateral,izquierda,CWT Morlet,0.5,30,4,154020,0.9204871729253609,3.819832323682882,4.30965644763778,3.5346899006662014
L05141322,bilateral,izquierda,CWT Morlet,0.5,30,5,153900,0.9209823445480365,3.8214339305112817,4.306082140085323,3.535555450928869
L05141322,bilateral,izquierda,CWT Morlet,0.5,30,6,153780,0.9212141767127722,3.8237335160523926,4.304705049423048,3.5364550672779185
L05141322,bilateral,izquierda,CWT Morlet,0.5,30,7,153660,0.9211717179360147,3.8267694081376793,4.305619322059736,3.537387683064981
L05141322,bilateral,izquierda,CWT Morlet,0.5,30,8,153540,0.9208493386333609,3.830497099016609,4.308807844717415,3.538273320104516
L05141322,bilateral,izquierda,CWT Morlet,0.5,30,9,153420,0.9202496449881025,3.835026428785982,4.314228592869077,3.539090966342603
L05141322,bilateral,izquierda,CWT Morlet,0.5,30,10,153300,0.9193809612800283,3.8404583253528615,4.321849506023651,3.539893049190396
L05141322,bilateral,izquierda,CWT Morlet,0.5,30,11,153180,0.9182491027979636,3.846644312339639,4.331533304169017,3.540578398426824
L05141322,bilateral,izquierda,CWT Morlet,0.5,30,12,153060,0.9168640734686464,3.8536266183020222,4.343229533407666,3.541198797122779
L05141322,bilateral,izquierda,CWT Morlet,0.5,30,13,152940,0.9152382157297182,3.8613938512596824,4.356736098087958,3.5416458278657474
L05141322,bilateral,izquierda,CWT Morlet,0.5,30,14,152820,0.913396497904158,3.8700037262699913,4.3719165959613004,3.542028633193639
L05141322,bilateral,izquierda,CWT Morlet,0.5,30,15,152700,0.9113633850238133,3.879473390161099,4.388585167255586,3.54238808260044
L05141322,bilateral,izquierda,CWT Morlet,0.5,30,16,152580,0.9091641448348237,3.889522244802419,4.406518987786593,3.542722952036782
L05141322,bilateral,izquierda,CWT Morlet,0.5,30,17,152460,0.9068227386613826,3.900113861671615,4.425488926718139,3.543006949282382
L05141322,bilateral,izquierda,CWT Morlet,0.5,30,18,152340,0.9043623690036393,3.9112065228666273,4.445319359678582,3.5432736691760667
L05141322,bilateral,izquierda,CWT Morlet,0.5,30,19,152220,0.901807701202118,3.922802680270189,4.465830081967865,3.5435640510688446
L05141322,bilateral,izquierda,CWT Morlet,0.5,30,20,152100,0.8991792568462736,3.934769546066822,4.486867088166967,3.543906169322391
L05141322,bilateral,izquierda,CWT Morlet,0.5,30,21,151980,0.8964952069450335,3.94698491161246,4.508262081497887,3.544278111076855
L05141322,bilateral,izquierda,CWT Morlet,0.5,30,22,151860,0.893774361180455,3.959387007695694,4.529886361231125,3.5447092763324166
L05141322,bilateral,izquierda,CWT Morlet,0.5,30,23,151740,0.8910289874426088,3.9719054125208877,4.551621950619047,3.5451748574397444
L05141322,bilateral,izquierda,CWT Morlet,0.5,30,24,151620,0.8882764910881443,3.9845016360184324,4.573338946799447,3.5456844952384583
L05141322,bilateral,izquierda,CWT Morlet,0.5,30,25,151500,0.8855337464914748,3.997026236876618,4.594844562994492,3.5461610145392704
L05141322,bilateral,izquierda,CWT Morlet,0.5,30,26,151380,0.8828153261939096,4.009426865039735,4.616074648737425,3.546665378932936
L05141322,bilateral,izquierda,CWT Morlet,0.5,30,27,151260,0.8801392907028137,4.021590359509918,4.636938989700642,3.547257442018171
L05141322,bilateral,izquierda,CWT Morlet,0.5,30,28,151140,0.8775187231522943,4.033476367882216,4.657315228593863,3.5479030301443193
L05141322,bilateral,izquierda,CWT Morlet,0.5,30,29,151020,0.8749643324295278,4.0450754143205145,4.677147015488204,3.5486249463415978
L05141322,bilateral,izquierda,CWT Morlet,0.5,30,30,150900,0.8724820154012642,4.056435699260305,4.696395730693497,3.549419104428538
L05141322,bilateral,izquierda,CWT Morlet,1.5,30,0,154500,0.9258511023413781,3.1406886213399017,3.680864864983146,2.8066846654354918
L05141322,bilateral,izquierda,CWT Morlet,1.5,30,1,154380,0.9270984717738531,3.13803853943346,3.6687668683594876,2.8073695995149257
L05141322,bilateral,izquierda,CWT Morlet,1.5,30,2,154260,0.9281646724648278,3.1362670760885822,3.658451936953924,2.8080698009708818
L05141322,bilateral,izquierda,CWT Morlet,1.5,30,3,154140,0.9290409807507622,3.135511303893465,3.6500259462834617,2.808789554236051
L05141322,bilateral,izquierda,CWT Morlet,1.5,30,4,154020,0.9297134348308749,3.1357579299055476,3.643653753022654,2.809542984214486
L05141322,bilateral,izquierda,CWT Morlet,1.5,30,5,153900,0.9301448114364728,3.1369685498709727,3.6397345037855895,2.810341633901329
L05141322,bilateral,izquierda,CWT Morlet,1.5,30,6,153780,0.9303008229336961,3.1393696640773565,3.6386171949005703,2.811170648024552
L05141322,bilateral,izquierda,CWT Morlet,1.5,30,7,153660,0.9301707739931865,3.1429173858782473,3.6404163749157883,2.81203229564055
L05141322,bilateral,izquierda,CWT Morlet,1.5,30,8,153540,0.9297507635520915,3.1475774020859273,3.6451101002732447,2.812849266616712
L05141322,bilateral,izquierda,CWT Morlet,1.5,30,9,153420,0.9290454259271889,3.1533751798659075,3.65262569475197,2.8135997116056024
L05141322,bilateral,izquierda,CWT Morlet,1.5,30,10,153300,0.9280651309082928,3.1604490396843654,3.6628798336826756,2.8143314081835866
L05141322,bilateral,izquierda,CWT Morlet,1.5,30,11,153180,0.9268182194698557,3.1687219954825223,3.675705732526309,2.8149610255430337
L05141322,bilateral,izquierda,CWT Morlet,1.5,30,12,153060,0.9253161477568562,3.1782315216737778,3.6909936108886034,2.8155253467297356
L05141322,bilateral,izquierda,CWT Morlet,1.5,30,13,152940,0.9235728670672864,3.1889561037582133,3.708500617141159,2.815926429940925
L05141322,bilateral,izquierda,CWT Morlet,1.5,30,14,152820,0.9216146540341302,3.200811543209894,3.7280092842081625,2.8162644113647795
L05141322,bilateral,izquierda,CWT Morlet,1.5,30,15,152700,0.9194669314592853,3.2135082046563923,3.749269306531195,2.816584251810371
L05141322,bilateral,izquierda,CWT Morlet,1.5,30,16,152580,0.9171555649992137,3.2268884167753398,3.772002844647014,2.8168935567403457
L05141322,bilateral,izquierda,CWT Morlet,1.5,30,17,152460,0.9147049156715606,3.241037921226014,3.7959249802748785,2.8171634959888308
L05141322,bilateral,izquierda,CWT Morlet,1.5,30,18,152340,0.9121381956295224,3.2558142467516458,3.820810254865714,2.8174262740369063
L05141322,bilateral,izquierda,CWT Morlet,1.5,30,19,152220,0.9094792642824737,3.2712182211531005,3.846430313243964,2.81771221895604
L05141322,bilateral,izquierda,CWT Morlet,1.5,30,20,152100,0.9067488089252864,3.287046328860963,3.8725859561958194,2.8180417745760273
L05141322,bilateral,izquierda,CWT Morlet,1.5,30,21,151980,0.9039651913561998,3.303239291357605,3.8990813362097247,2.81840004715585
L05141322,bilateral,izquierda,CWT Morlet,1.5,30,22,151860,0.9011464098735774,3.319566080893727,3.9257561340251255,2.818805245973424
L05141322,bilateral,izquierda,CWT Morlet,1.5,30,23,151740,0.8983059841306501,3.3360451501383728,3.9524738194763023,2.8192493468206785
L05141322,bilateral,izquierda,CWT Morlet,1.5,30,24,151620,0.89546110651021,3.352672011160392,3.9790795481413364,2.8197401821326395
L05141322,bilateral,izquierda,CWT Morlet,1.5,30,25,151500,0.8926284440342954,3.3693641845254985,4.005375354742803,2.820218926672332
L05141322,bilateral,izquierda,CWT Morlet,1.5,30,26,151380,0.8898218296719939,3.3859641409648358,4.031275032932047,2.8207335982838884
L05141322,bilateral,izquierda,CWT Morlet,1.5,30,27,151260,0.8870581200984035,3.402323912452588,4.056671456473916,2.821338620428417
L05141322,bilateral,izquierda,CWT Morlet,1.5,30,28,151140,0.8843505092040189,3.4184237901772154,4.0814308230608605,2.821999852477864
L05141322,bilateral,izquierda,CWT Morlet,1.5,30,29,151020,0.8817097434572616,3.4340899053939555,4.105487143692382,2.8227409747137533
L05141322,bilateral,izquierda,CWT Morlet,1.5,30,30,150900,0.8791412619382656,3.4494587278254945,4.128800742695847,2.823552419831156
L05141322,bilateral,izquierda,CWT Morlet,3.0,30,0,154500,0.928932178148849,2.9537512671675277,3.504350575930296,2.614496157598928
L05141322,bilateral,izquierda,CWT Morlet,3.0,30,1,154380,0.9302220209266115,2.95049749365601,3.491083339494525,2.6151738925619394
L05141322,bilateral,izquierda,CWT Morlet,3.0,30,2,154260,0.9313288950590787,2.948173020443634,3.4797135500265464,2.6158693331065224
L05141322,bilateral,izquierda,CWT Morlet,3.0,30,3,154140,0.9322441132613293,2.946813072860765,3.4703544572915854,2.6165856769643705
L05141322,bilateral,izquierda,CWT Morlet,3.0,30,4,154020,0.9329528590297135,2.946510657264543,3.463189877249555,2.6173350871807615
L05141322,bilateral,izquierda,CWT Morlet,3.0,30,5,153900,0.9334143516256377,2.947460328516272,3.4586825847119522,2.6181305170176805
L05141322,bilateral,izquierda,CWT Morlet,3.0,30,6,153780,0.9335915523505677,2.9497319076668065,3.4572311528601904,2.618953506358053
L05141322,bilateral,izquierda,CWT Morlet,3.0,30,7,153660,0.9334732550186065,2.9532492359492006,3.4589638708856048,2.6198074068631163
L05141322,bilateral,izquierda,CWT Morlet,3.0,30,8,153540,0.9330561674958807,2.958034152046436,3.4638574402609392,2.6206179549222197
L05141322,bilateral,izquierda,CWT Morlet,3.0,30,9,153420,0.9323460968719388,2.9641795326101916,3.471823857777747,2.6213656214885015
L05141322,bilateral,izquierda,CWT Morlet,3.0,30,10,153300,0.9313543907003873,2.9718035387705823,3.4827576478043096,2.6220964610031072
L05141322,bilateral,izquierda,CWT Morlet,3.0,30,11,153180,0.9300905969148071,2.9808073348977735,3.4964748353582524,2.62273252608294
L05141322,bilateral,izquierda,CWT Morlet,3.0,30,12,153060,0.9285672443745301,2.991236669779609,3.512835596229318,2.623302743709661
L05141322,bilateral,izquierda,CWT Morlet,3.0,30,13,152940,0.9267992296496975,3.0030712248493603,3.5315791794940257,2.6237153982448373
L05141322,bilateral,izquierda,CWT Morlet,3.0,30,14,152820,0.9248130627763705,3.016051912901831,3.552457055789594,2.6240620169067363
L05141322,bilateral,izquierda,CWT Morlet,3.0,30,15,152700,0.9226346383272371,3.0299073204105746,3.575194282733386,2.62438860664926
L05141322,bilateral,izquierda,CWT Morlet,3.0,30,16,152580,0.920290260864859,3.0446193319481916,3.599492516084085,2.624707296024396
L05141322,bilateral,izquierda,CWT Morlet,3.0,30,17,152460,0.9178048763092646,3.0602029176258165,3.625045002217689,2.6249906658144506
L05141322,bilateral,izquierda,CWT Morlet,3.0,30,18,152340,0.9152022972999448,3.076467179383109,3.651602217416963,2.6252684998398257
L05141322,bilateral,izquierda,CWT Morlet,3.0,30,19,152220,0.9125062831714005,3.0931946156265897,3.678920015646535,2.625569180467687
L05141322,bilateral,izquierda,CWT Morlet,3.0,30,20,152100,0.9097375180077055,3.110348495934419,3.706784377400385,2.6259099876574994
L05141322,bilateral,izquierda,CWT Morlet,3.0,30,21,151980,0.9069144234866535,3.127821531191825,3.7349903085792646,2.6262776448513994
L05141322,bilateral,izquierda,CWT Morlet,3.0,30,22,151860,0.9040551452917965,3.1455145688557997,3.7633659140186886,2.626689499625836
L05141322,bilateral,izquierda,CWT Morlet,3.0,30,23,151740,0.9011738994539437,3.1634329021604866,3.791765104953797,2.627141967254911
L05141322,bilateral,izquierda,CWT Morlet,3.0,30,24,151620,0.8982877240750259,3.1815623425466204,3.8200248709580236,2.6276399877013707
L05141322,bilateral,izquierda,CWT Morlet,3.0,30,25,151500,0.8954134516600903,3.199653302264048,3.8479453454569557,2.628131169969286
L05141322,bilateral,izquierda,CWT Morlet,3.0,30,26,151380,0.8925645354078715,3.2177405405095505,3.875435412704805,2.628659625261687
L05141322,bilateral,izquierda,CWT Morlet,3.0,30,27,151260,0.8897573667707744,3.235730545019412,3.9023849014199294,2.629278556997829
L05141322,bilateral,izquierda,CWT Morlet,3.0,30,28,151140,0.8870051104406529,3.2535274165785015,3.928658944613905,2.6299553174124455
L05141322,bilateral,izquierda,CWT Morlet,3.0,30,29,151020,0.8843181978659417,3.2708130343808075,3.954191181409277,2.630712392454911
L05141322,bilateral,izquierda,CWT Morlet,3.0,30,30,150900,0.8817016845373876,3.2876764349097862,3.978945215022246,2.631539892306886
L05141322,bilateral,izquierda,CWT Morlet,6.0,30,0,154500,0.9312332450056343,2.807315079452034,3.37116417522227,2.467498738695992
L05141322,bilateral,izquierda,CWT Morlet,6.0,30,1,154380,0.9325764219726106,2.803238012255802,3.356678082949978,2.4681760742331615
L05141322,bilateral,izquierda,CWT Morlet,6.0,30,2,154260,0.9337355039709242,2.8001968612958805,3.3441800102786585,2.468871418466211
L05141322,bilateral,izquierda,CWT Morlet,6.0,30,3,154140,0.9347021305504183,2.798217632574785,3.3337863632043403,2.4695862698099527
L05141322,bilateral,izquierda,CWT Morlet,6.0,30,4,154020,0.93546076159046,2.7973777425776105,3.325701028257609,2.470334027055513
L05141322,bilateral,izquierda,CWT Morlet,6.0,30,5,153900,0.9359665658966054,2.797821230588246,3.320457116852874,2.4711293508787855
L05141322,bilateral,izquierda,CWT Morlet,6.0,30,6,153780,0.9361794348434392,2.7997278112699386,3.318507071465351,2.471950183584306
L05141322,bilateral,izquierda,CWT Morlet,6.0,30,7,153660,0.9360875249225418,2.803231009259207,3.3199937354901854,2.4727997268196895
L05141322,bilateral,izquierda,CWT Morlet,6.0,30,8,153540,0.9356882424649484,2.808282674343494,3.324891628925311,2.47360782431991
L05141322,bilateral,izquierda,CWT Morlet,6.0,30,9,153420,0.9349884936919206,2.814768591539707,3.3330973378176854,2.4743565395166414
L05141322,bilateral,izquierda,CWT Morlet,6.0,30,10,153300,0.9340001269392482,2.82289260489926,3.344486583644186,2.4750869808114646
L05141322,bilateral,izquierda,CWT Morlet,6.0,30,11,153180,0.932734087993766,2.8325215922962372,3.3588575013057818,2.475729279602716
L05141322,bilateral,izquierda,CWT Morlet,6.0,30,12,153060,0.9312041382087238,2.8436960810042895,3.3760387131306433,2.476304397297159
L05141322,bilateral,izquierda,CWT Morlet,6.0,30,13,152940,0.9294265480749737,2.856254322164518,3.395748916511748,2.476729577450083
L05141322,bilateral,izquierda,CWT Morlet,6.0,30,14,152820,0.9274277257883549,2.870152628036944,3.4177135494138096,2.477085946109204
L05141322,bilateral,izquierda,CWT Morlet,6.0,30,15,152700,0.925233809497112,2.8851044129249668,3.441636843502555,2.4774197366221022
L05141322,bilateral,izquierda,CWT Morlet,6.0,30,16,152580,0.9228712129063932,2.9012565150478227,3.467203635342686,2.4777454617773933
L05141322,bilateral,izquierda,CWT Morlet,6.0,30,17,152460,0.9203652722408787,2.9183601737931846,3.494089961428234,2.4780388972725813
L05141322,bilateral,izquierda,CWT Morlet,6.0,30,18,152340,0.9177403672252278,2.9361297650543623,3.5220229619850687,2.4783259759488345
L05141322,bilateral,izquierda,CWT Morlet,6.0,30,19,152220,0.9150203758663407,2.954398367561871,3.5507444244954227,2.4786358617274105
L05141322,bilateral,izquierda,CWT Morlet,6.0,30,20,152100,0.9122264642538498,2.9729690053615356,3.5800235114442946,2.478984536671512
L05141322,bilateral,izquierda,CWT Morlet,6.0,30,21,151980,0.9093775361908651,2.991702902063897,3.6096450187402014,2.4793630491816065
L05141322,bilateral,izquierda,CWT Morlet,6.0,30,22,151860,0.9064916320022044,3.0106014601223805,3.63942892839186,2.4797872590560206
L05141322,bilateral,izquierda,CWT Morlet,6.0,30,23,151740,0.9035831748078711,3.0298939908825546,3.669223056764498,2.48025558230827
L05141322,bilateral,izquierda,CWT Morlet,6.0,30,24,151620,0.9006691069522339,3.0494771748219454,3.6988545096744043,2.4807669624403657
L05141322,bilateral,izquierda,CWT Morlet,6.0,30,25,151500,0.8977663402647,3.0690340292928724,3.7281227939796557,2.4812749964506913
L05141322,bilateral,izquierda,CWT Morlet,6.0,30,26,151380,0.8948881490564803,3.0886021670168105,3.756932084223444,2.4818211683277074
L05141322,bilateral,izquierda,CWT Morlet,6.0,30,27,151260,0.8920501247362742,3.1081616293424257,3.7851733765326183,2.4824567348604902
L05141322,bilateral,izquierda,CWT Morlet,6.0,30,28,151140,0.889264961345892,3.127333003282983,3.8127156297651297,2.483150826564209
L05141322,bilateral,izquierda,CWT Morlet,6.0,30,29,151020,0.8865423579242452,3.1460197727717985,3.839496028448648,2.483923778142667
L05141322,bilateral,izquierda,CWT Morlet,6.0,30,30,150900,0.8838869569399284,3.1641254499471887,3.8654815614716016,2.484765086498297
L05141322,bilateral,izquierda,CWT Morlet,12.0,30,0,154500,0.9324071042035316,2.671901286742786,3.257950714663208,2.3279713411907013
L05141322,bilateral,izquierda,CWT Morlet,12.0,30,1,154380,0.9338055865826538,2.666876420899762,3.24218745774468,2.3286697928706728
L05141322,bilateral,izquierda,CWT Morlet,12.0,30,2,154260,0.9350195881924414,2.662994975872985,3.228494419762143,2.3293877459470007
L05141322,bilateral,izquierda,CWT Morlet,12.0,30,3,154140,0.9360406507300035,2.660316759494138,3.2169936257659044,2.330121464398762
L05141322,bilateral,izquierda,CWT Morlet,12.0,30,4,154020,0.9368524135003411,2.658844706250662,3.2079100972729115,2.3308832175611065
L05141322,bilateral,izquierda,CWT Morlet,12.0,30,5,153900,0.9374060621260731,2.6588887128940626,3.2018539094749756,2.3316929986601185
L05141322,bilateral,izquierda,CWT Morlet,12.0,30,6,153780,0.9376583407811787,2.660574201524724,3.1993386086713693,2.332528002507997
L05141322,bilateral,izquierda,CWT Morlet,12.0,30,7,153660,0.9375966530519638,2.663877876337187,3.2005222043944737,2.3333886668017962
L05141322,bilateral,izquierda,CWT Morlet,12.0,30,8,153540,0.9372193491311935,2.6689616903980395,3.205375993817768,2.3342118361855144
L05141322,bilateral,izquierda,CWT Morlet,12.0,30,9,153420,0.9365342842951887,2.6758270885549544,3.2137801061018925,2.334978710700778
L05141322,bilateral,izquierda,CWT Morlet,12.0,30,10,153300,0.9355536692905317,2.6844287274277767,3.225590798419651,2.3357232520585423
L05141322,bilateral,izquierda,CWT Morlet,12.0,30,11,153180,0.9342897509573591,2.6946935663379192,3.24058919768384,2.336385859980109
L05141322,bilateral,izquierda,CWT Morlet,12.0,30,12,153060,0.9327574301870679,2.706878650657863,3.2585704350224782,2.3369780214322016
L05141322,bilateral,izquierda,CWT Morlet,12.0,30,13,152940,0.9309744439253907,2.720679203032397,3.279231229834204,2.3374284484849825
L05141322,bilateral,izquierda,CWT Morlet,12.0,30,14,152820,0.9289673397461897,2.735905434185988,3.3022695178709904,2.3378098712468716
L05141322,bilateral,izquierda,CWT Morlet,12.0,30,15,152700,0.926762448968302,2.7525527028527588,3.32736676452662,2.3381665579188358
L05141322,bilateral,izquierda,CWT Morlet,12.0,30,16,152580,0.9243860779890161,2.7703004044392303,3.354190464989339,2.3385122632742976
L05141322,bilateral,izquierda,CWT Morlet,12.0,30,17,152460,0.9218641510230877,2.7889758414251147,3.3823974997581736,2.3388275338823545
L05141322,bilateral,izquierda,CWT Morlet,12.0,30,18,152340,0.9192215786797279,2.8083111329249872,3.4116931762749725,2.339136562619721
L05141322,bilateral,izquierda,CWT Morlet,12.0,30,19,152220,0.9164825744783993,2.8281535894165106,3.4418030254470686,2.3394698333966484
L05141322,bilateral,izquierda,CWT Morlet,12.0,30,20,152100,0.9136684285428994,2.8483835704561855,3.472481647835622,2.3398400456295847
L05141322,bilateral,izquierda,CWT Morlet,12.0,30,21,151980,0.9107984139407526,2.868743619619084,3.50350519921783,2.340243763823468
L05141322,bilateral,izquierda,CWT Morlet,12.0,30,22,151860,0.9078903798657287,2.8893682224234163,3.5346852473496257,2.340693773736351
L05141322,bilateral,izquierda,CWT Morlet,12.0,30,23,151740,0.9049586022283922,2.9102891404522357,3.565864730272226,2.341187707557716
L05141322,bilateral,izquierda,CWT Morlet,12.0,30,24,151620,0.902020198567831,2.93137382356136,3.5968608192376363,2.341722191746558
L05141322,bilateral,izquierda,CWT Morlet,12.0,30,25,151500,0.8990921053396119,2.9524019347440764,3.6274746642368854,2.3422595182556307
L05141322,bilateral,izquierda,CWT Morlet,12.0,30,26,151380,0.8961876326311498,2.973341858257002,3.6576043042515276,2.342838921033981
L05141322,bilateral,izquierda,CWT Morlet,12.0,30,27,151260,0.8933216457971344,2.9941610657912907,3.687138952529056,2.3435058844806536
L05141322,bilateral,izquierda,CWT Morlet,12.0,30,28,151140,0.8905061365908333,3.0146964813759487,3.715952620958492,2.34422940337661
L05141322,bilateral,izquierda,CWT Morlet,12.0,30,29,151020,0.88775020405547,3.0348341222765995,3.743985859013682,2.345028225562028
L05141322,bilateral,izquierda,CWT Morlet,12.0,30,30,150900,0.8850583788751717,3.05451834575316,3.771206110842649,2.3458910659344423
L05141322,bilateral,derecha,Welch,,30,0,161040,0.9405977016434044,1.8166961429751456,2.4781902377831146,0.8731254355786093
L05141322,bilateral,derecha,Welch,,30,1,160980,0.9419321958913252,1.7960021513726283,2.453834145835901,0.8732855723791085
L05141322,bilateral,derecha,Welch,,30,2,160920,0.9430854542321359,1.7779929296436636,2.4325790547069848,0.8734132738062854
L05141322,bilateral,derecha,Welch,,30,3,160860,0.9440517781444672,1.7631080019701721,2.41458478135869,0.8734228821551354
L05141322,bilateral,derecha,Welch,,30,4,160800,0.9448188940972985,1.7516210763211748,2.400184062757839,0.8733749248798868
L05141322,bilateral,derecha,Welch,,30,5,160740,0.9453197356916044,1.7455300179579591,2.3907502449636877,0.8733626168999079
L05141322,bilateral,derecha,Welch,,30,6,160680,0.9455019804111384,1.7460166524941534,2.3873098106487904,0.8733433988306385
L05141322,bilateral,derecha,Welch,,30,7,160620,0.945357464398308,1.7531507811446052,2.3900341751231613,0.8732911363670612
L05141322,bilateral,derecha,Welch,,30,8,160560,0.9448900802714404,1.766003015528368,2.3988128381758824,0.8732046819212439
L05141322,bilateral,derecha,Welch,,30,9,160500,0.9441131035990677,1.7839848975682358,2.413352538359371,0.8731097515821737
L05141322,bilateral,derecha,Welch,,30,10,160440,0.9430433423882911,1.8068768791485998,2.433240121611814,0.8730193625408772
L05141322,bilateral,derecha,Welch,,30,11,160380,0.941697178656079,1.833923615157221,2.458000256956313,0.8728234456001194
L05141322,bilateral,derecha,Welch,,30,12,160320,0.9400953046981524,1.8641989652420983,2.487128007433727,0.8725585269003578
L05141322,bilateral,derecha,Welch,,30,13,160260,0.9382614931165143,1.897175686741204,2.5200241786050066,0.8721946567704909
L05141322,bilateral,derecha,Welch,,30,14,160200,0.9362212474819123,1.9321065978450822,2.5561443430939517,0.8718151003818194
L05141322,bilateral,derecha,Welch,,30,15,160140,0.9340004284661152,1.9685637475801672,2.5948927109045092,0.8714169122949209
L05141322,bilateral,derecha,Welch,,30,16,160080,0.9316244460120006,2.005924532668831,2.6357230298341983,0.8710208656936974
L05141322,bilateral,derecha,Welch,,30,17,160020,0.9291162320136149,2.043911742754536,2.678155036339646,0.8706349976365697
L05141322,bilateral,derecha,Welch,,30,18,159960,0.9264986146617226,2.0820848349174454,2.7217195599063855,0.8702146984698841
L05141322,bilateral,derecha,Welch,,30,19,159900,0.9237950721661844,2.120716896904514,2.7660082494269878,0.8698275550674167
L05141322,bilateral,derecha,Welch,,30,20,159840,0.9210267087262735,2.1594171065745114,2.8106352586681713,0.8694504252569829
L05141322,bilateral,derecha,Welch,,30,21,159780,0.9182158712114474,2.1980864791660513,2.855226349470554,0.8690819463398763
L05141322,bilateral,derecha,Welch,,30,22,159720,0.9153828539477407,2.2361921522213235,2.899497935678414,0.8688053171996531
L05141322,bilateral,derecha,Welch,,30,23,159660,0.9125443597115157,2.2734963345775756,2.943174305365173,0.8685388363047173
L05141322,bilateral,derecha,Welch,,30,24,159600,0.9097161425490374,2.309724894109383,2.9860975460206323,0.868405819099855
L05141322,bilateral,derecha,Welch,,30,25,159540,0.9069067966308193,2.3449069171620334,3.028096065691124,0.8682468765408204
L05141322,bilateral,derecha,Welch,,30,26,159480,0.9041266567432319,2.3792610943147077,3.0690646665492585,0.8680547661575276
L05141322,bilateral,derecha,Welch,,30,27,159420,0.9013854919807254,2.4125633832495286,3.1089080136117855,0.8678523237149331
L05141322,bilateral,derecha,Welch,,30,28,159360,0.898692106876791,2.4447059182304796,3.147545418972838,0.8676268428381871
L05141322,bilateral,derecha,Welch,,30,29,159300,0.8960561919236636,2.4757998296432198,3.184875582286752,0.8673951295485569
L05141322,bilateral,derecha,Welch,,30,30,159240,0.8934852754402323,2.505687380341474,3.2208606369841966,0.8671630359018236
L05141322,bilateral,derecha,CWT Morlet,0.5,30,0,161040,0.9226781890204506,4.2217034450943824,4.7391545349318465,3.975200972321562
L05141322,bilateral,derecha,CWT Morlet,0.5,30,1,160980,0.9238890375120657,4.220511606225072,4.72933770873136,3.975397623030822
L05141322,bilateral,derecha,CWT Morlet,0.5,30,2,160920,0.9249249337572512,4.219795166835924,4.720904422141479,3.9755493461015843
L05141322,bilateral,derecha,CWT Morlet,0.5,30,3,160860,0.9257778222658913,4.219423964491331,4.713883307173869,3.975601244597782
L05141322,bilateral,derecha,CWT Morlet,0.5,30,4,160800,0.926435723542244,4.2194160193596435,4.708424359601969,3.9756065833944
L05141322,bilateral,derecha,CWT Morlet,0.5,30,5,160740,0.9268706401292609,4.220032519369811,4.704820667661901,3.9756329160448076
L05141322,bilateral,derecha,CWT Morlet,0.5,30,6,160680,0.9270606945082718,4.221188751458897,4.703235662077453,3.9756546488297557
L05141322,bilateral,derecha,CWT Morlet,0.5,30,7,160620,0.9269987206992072,4.222857651565176,4.703711121876565,3.9756482174285397
L05141322,bilateral,derecha,CWT Morlet,0.5,30,8,160560,0.9266849828222695,4.224946221858257,4.706227662983109,3.9755911351315882
L05141322,bilateral,derecha,CWT Morlet,0.5,30,9,160500,0.9261248826256108,4.227573308561087,4.71077073877241,3.975525864580286
L05141322,bilateral,derecha,CWT Morlet,0.5,30,10,160440,0.9253261118199595,4.230652201926937,4.717251086631342,3.975427731466514
L05141322,bilateral,derecha,CWT Morlet,0.5,30,11,160380,0.924297435764603,4.234142106672993,4.7255354877794815,3.9752313894573654
L05141322,bilateral,derecha,CWT Morlet,0.5,30,12,160320,0.923050703008132,4.238045079539116,4.735553045423971,3.9749785200549113
L05141322,bilateral,derecha,CWT Morlet,0.5,30,13,160260,0.921601981263416,4.2425910419113455,4.7471252890599995,3.9746252905194925
L05141322,bilateral,derecha,CWT Morlet,0.5,30,14,160200,0.9199684799918387,4.247835126771471,4.760162170639736,3.9742498450135897
L05141322,bilateral,derecha,CWT Morlet,0.5,30,15,160140,0.9181698792108179,4.253676547081891,4.7744776175314545,3.973835140288742
L05141322,bilateral,derecha,CWT Morlet,0.5,30,16,160080,0.9162251640939673,4.2600717122410074,4.789934910335582,3.9734165467545193
L05141322,bilateral,derecha,CWT Morlet,0.5,30,17,160020,0.9141512460276936,4.2668915776396075,4.806399141326507,3.9730113754340337
L05141322,bilateral,derecha,CWT Morlet,0.5,30,18,159960,0.9119653843910969,4.274239288159857,4.823680801400699,3.972571903312511
L05141322,bilateral,derecha,CWT Morlet,0.5,30,19,159900,0.9096855057857867,4.281964533722276,4.841669467368971,3.9721549545499664
L05141322,bilateral,derecha,CWT Morlet,0.5,30,20,159840,0.907330934591478,4.2901255755282675,4.860196956198937,3.9717565400646735
L05141322,bilateral,derecha,CWT Morlet,0.5,30,21,159780,0.9049206873210134,4.298552020698317,4.879086988152085,3.9713527846109664
L05141322,bilateral,derecha,CWT Morlet,0.5,30,22,159720,0.9024733548892854,4.3073241623182374,4.898233168772001,3.9710017431580598
L05141322,bilateral,derecha,CWT Morlet,0.5,30,23,159660,0.9000048692395701,4.3162459731810925,4.917463111001784,3.970649014972194
L05141322,bilateral,derecha,CWT Morlet,0.5,30,24,159600,0.8975291483827019,4.325492849182199,4.93674846962352,3.9703987203735864
L05141322,bilateral,derecha,CWT Morlet,0.5,30,25,159540,0.8950564898778005,4.335018352205352,4.955904156672653,3.9701212291217995
L05141322,bilateral,derecha,CWT Morlet,0.5,30,26,159480,0.8925957846358546,4.3446792802663285,4.974854255024623,3.9698096966346297
L05141322,bilateral,derecha,CWT Morlet,0.5,30,27,159420,0.8901571805459788,4.354577499669756,4.99352962922406,3.9694746599220085
L05141322,bilateral,derecha,CWT Morlet,0.5,30,28,159360,0.8877503518692131,4.36433474934114,5.011864777557519,3.9691226653200564
L05141322,bilateral,derecha,CWT Morlet,0.5,30,29,159300,0.8853853383911058,4.37385361713048,5.029798084600415,3.9687662709140805
L05141322,bilateral,derecha,CWT Morlet,0.5,30,30,159240,0.8830706724707782,4.383218256553532,5.047269622750768,3.9684056963409526
L05141322,bilateral,derecha,CWT Morlet,1.5,30,0,161040,0.9313992798899164,3.440184671185529,3.9868352197543477,3.167149824133476
L05141322,bilateral,derecha,CWT Morlet,1.5,30,1,160980,0.9326284134566303,3.4378889006194933,3.974361020043102,3.1673331486706866
L05141322,bilateral,derecha,CWT Morlet,1.5,30,2,160920,0.9336772934118418,3.4364841125313323,3.9636708980158404,3.1674777477018745
L05141322,bilateral,derecha,CWT Morlet,1.5,30,3,160860,0.93453854281001,3.4357911312132186,3.954813739919378,3.1675300444138204
L05141322,bilateral,derecha,CWT Morlet,1.5,30,4,160800,0.9352000163930246,3.435901443943278,3.9479631520359124,3.167534021106085
L05141322,bilateral,derecha,CWT Morlet,1.5,30,5,160740,0.9356308135397003,3.4368495482973116,3.9435002887106205,3.167553322151062
L05141322,bilateral,derecha,CWT Morlet,1.5,30,6,160680,0.9358064595493046,3.438554009398808,3.941667141658303,3.167564350909169
L05141322,bilateral,derecha,CWT Morlet,1.5,30,7,160620,0.9357201656188646,3.4410308913797403,3.9425182361648905,3.1675430019112327
L05141322,bilateral,derecha,CWT Morlet,1.5,30,8,160560,0.935372879189876,3.444057024917185,3.9460368072281704,3.1674820907620114
L05141322,bilateral,derecha,CWT Morlet,1.5,30,9,160500,0.9347703777963551,3.4477758302585557,3.9521766997531422,3.1674085952400666
L05141322,bilateral,derecha,CWT Morlet,1.5,30,10,160440,0.9339215270275064,3.4523774932648204,3.9608219694802904,3.1673062935841823
L05141322,bilateral,derecha,CWT Morlet,1.5,30,11,160380,0.9328361749782842,3.4577792109441963,3.971808657679009,3.1671156975047863
L05141322,bilateral,derecha,CWT Morlet,1.5,30,12,160320,0.9315270799013031,3.4641946872894858,3.985015227080475,3.166872102979045
L05141322,bilateral,derecha,CWT Morlet,1.5,30,13,160260,0.9300105769586767,3.471590750101102,4.000226680203872,3.1665419178597283
L05141322,bilateral,derecha,CWT Morlet,1.5,30,14,160200,0.928304516677255,3.4801056098955154,4.017281627491091,3.1661804200762207
L05141322,bilateral,derecha,CWT Morlet,1.5,30,15,160140,0.9264284838164648,3.4895155655055827,4.035954027027288,3.1657819866682577
L05141322,bilateral,derecha,CWT Morlet,1.5,30,16,160080,0.9244015515833531,3.4997197365227906,4.056058260834868,3.1653839934442507
L05141322,bilateral,derecha,CWT Morlet,1.5,30,17,160020,0.9222412626318734,3.5109232664850603,4.077407549384288,3.1650004634494326
L05141322,bilateral,derecha,CWT Morlet,1.5,30,18,159960,0.919964971871376,3.522819459940261,4.099773553274428,3.1645859348431338
L05141322,bilateral,derecha,CWT Morlet,1.5,30,19,159900,0.9175913374955734,3.5354958687438334,4.122991544061848,3.1641908666984557
L05141322,bilateral,derecha,CWT Morlet,1.5,30,20,159840,0.9151402582744954,3.5487839770559884,4.146847091538017,3.1638127866500048
L05141322,bilateral,derecha,CWT Morlet,1.5,30,21,159780,0.9126314340245613,3.5625488861335395,4.171128158821259,3.1634415901721735
L05141322,bilateral,derecha,CWT Morlet,1.5,30,22,159720,0.9100833837964831,3.5766910646369077,4.195677101079468,3.163118844354793
L05141322,bilateral,derecha,CWT Morlet,1.5,30,23,159660,0.9075113667361244,3.591141131346853,4.220306895684967,3.1627968542834624
L05141322,bilateral,derecha,CWT Morlet,1.5,30,24,159600,0.9049290794973047,3.6058953285840465,4.244953323643344,3.1625682612050396
L05141322,bilateral,derecha,CWT Morlet,1.5,30,25,159540,0.902346714973935,3.620852560641373,4.269439541218604,3.1623310583439186
L05141322,bilateral,derecha,CWT Morlet,1.5,30,26,159480,0.8997732105028371,3.6356713045370133,4.293669217808638,3.162067301496494
L05141322,bilateral,derecha,CWT Morlet,1.5,30,27,159420,0.8972183375615277,3.6502447324414726,4.317565338351915,3.161791780013968
L05141322,bilateral,derecha,CWT Morlet,1.5,30,28,159360,0.8946914192101881,3.664583554341874,4.341046064274648,3.1615023604954575
L05141322,bilateral,derecha,CWT Morlet,1.5,30,29,159300,0.8922026185022699,3.6786601757122876,4.364039163463831,3.1612203803551226
L05141322,bilateral,derecha,CWT Morlet,1.5,30,30,159240,0.8897602618078353,3.6924883850689416,4.386467107949464,3.160930938301338
L05141322,bilateral,derecha,CWT Morlet,3.0,30,0,161040,0.9336849834933404,3.234540812948307,3.792313503350229,2.951141717496872
L05141322,bilateral,derecha,CWT Morlet,3.0,30,1,160980,0.9349450076798262,3.231744455962966,3.7787481790679345,2.9513316167569514
L05141322,bilateral,derecha,CWT Morlet,3.0,30,2,160920,0.9360223875348813,3.2299933948403727,3.767098032888531,2.9514843084911098
L05141322,bilateral,derecha,CWT Morlet,3.0,30,3,160860,0.9369099062616295,3.2290499710450957,3.7574200554849617,2.9515473604697684
L05141322,bilateral,derecha,CWT Morlet,3.0,30,4,160800,0.9375948995198226,3.2289284221624706,3.749900243429302,2.951560290171062
L05141322,bilateral,derecha,CWT Morlet,3.0,30,5,160740,0.93804382337451,3.2296125268640994,3.744969238586811,2.9515854836224924
L05141322,bilateral,derecha,CWT Morlet,3.0,30,6,160680,0.9382297712726583,3.2312029805049165,3.7429153671356077,2.9516012897522375
L05141322,bilateral,derecha,CWT Morlet,3.0,30,7,160620,0.9381456993937599,3.2335532409146373,3.743800109017564,2.9515815856958683
L05141322,bilateral,derecha,CWT Morlet,3.0,30,8,160560,0.9377927930701716,3.2366779159235843,3.7476069452562393,2.9515243785598346
L05141322,bilateral,derecha,CWT Morlet,3.0,30,9,160500,0.9371774296948001,3.2407201767823675,3.754274235955208,2.9514524342074235
L05141322,bilateral,derecha,CWT Morlet,3.0,30,10,160440,0.9363093027343541,3.245776685208213,3.763670232526144,2.9513516445065973
L05141322,bilateral,derecha,CWT Morlet,3.0,30,11,160380,0.9351989435981892,3.2520017260901564,3.7756145846252744,2.9511630617805054
L05141322,bilateral,derecha,CWT Morlet,3.0,30,12,160320,0.9338599097994316,3.2594055272940476,3.789962567203374,2.9509203231815246
L05141322,bilateral,derecha,CWT Morlet,3.0,30,13,160260,0.9323091242710805,3.267917762008975,3.806481954400237,2.95059488709796
L05141322,bilateral,derecha,CWT Morlet,3.0,30,14,160200,0.9305652202137478,3.2775687785276046,3.8249797678185593,2.9502334161644876
L05141322,bilateral,derecha,CWT Morlet,3.0,30,15,160140,0.9286481223609996,3.2882920538830938,3.845212865950685,2.9498345660811327
L05141322,bilateral,derecha,CWT Morlet,3.0,30,16,160080,0.9265773987028314,3.3001963065778983,3.8669756640419273,2.949438350446189
L05141322,bilateral,derecha,CWT Morlet,3.0,30,17,160020,0.9243712893745779,3.313079729849349,3.890058091624572,2.949057129596848
L05141322,bilateral,derecha,CWT Morlet,3.0,30,18,159960,0.9220477251656871,3.326793465849744,3.914214545649305,2.948647552702243
L05141322,bilateral,derecha,CWT Morlet,3.0,30,19,159900,0.9196260099834365,3.3412822120097645,3.9392570892314462,2.9482569104327156
L05141322,bilateral,derecha,CWT Morlet,3.0,30,20,159840,0.9171265046176088,3.3563343472332967,3.964954072898346,2.947883704095946
L05141322,bilateral,derecha,CWT Morlet,3.0,30,21,159780,0.9145694939964136,3.3719578759311224,3.991077359951983,2.9475206054993093
L05141322,bilateral,derecha,CWT Morlet,3.0,30,22,159720,0.9119737085660254,3.3880412311585193,4.017450644383852,2.947202261035527
L05141322,bilateral,derecha,CWT Morlet,3.0,30,23,159660,0.9093541355884959,3.404425252174539,4.043885772924994,2.946884864136573
L05141322,bilateral,derecha,CWT Morlet,3.0,30,24,159600,0.9067244570803988,3.4210062710031597,4.070305570982278,2.946654960706006
L05141322,bilateral,derecha,CWT Morlet,3.0,30,25,159540,0.9040945775293797,3.4376143738223277,4.096540314358297,2.946420053896017
L05141322,bilateral,derecha,CWT Morlet,3.0,30,26,159480,0.9014734575870096,3.45403641200248,4.122487271569206,2.9461577342909377
L05141322,bilateral,derecha,CWT Morlet,3.0,30,27,159420,0.8988707237734056,3.470197310906667,4.148070124368338,2.945886804573415
L05141322,bilateral,derecha,CWT Morlet,3.0,30,28,159360,0.8962955851785136,3.486054586359913,4.173203706265388,2.9456029026938975
L05141322,bilateral,derecha,CWT Morlet,3.0,30,29,159300,0.8937584100788725,3.5015944440642426,4.197811211136967,2.9453293334618196
L05141322,bilateral,derecha,CWT Morlet,3.0,30,30,159240,0.8912674899302633,3.5166718683069047,4.221810496686687,2.94504664483092
L05141322,bilateral,derecha,CWT Morlet,6.0,30,0,161040,0.9347922747671041,3.0817630034522847,3.651650390033497,2.784644489042954
L05141322,bilateral,derecha,CWT Morlet,6.0,30,1,160980,0.9360862330993427,3.078428207747588,3.637092301231922,2.784852905398516
L05141322,bilateral,derecha,CWT Morlet,6.0,30,2,160920,0.9371947052973891,3.076216452371101,3.624563862793395,2.7850240026448807
L05141322,bilateral,derecha,CWT Morlet,6.0,30,3,160860,0.9381107322096719,3.074966648479844,3.6141278186693055,2.7851063462381527
L05141322,bilateral,derecha,CWT Morlet,6.0,30,4,160800,0.9388211412131183,3.074491853096009,3.605982027381936,2.7851356439983554
L05141322,bilateral,derecha,CWT Morlet,6.0,30,5,160740,0.9392894089478664,3.0750054662744244,3.600608565782283,2.7851719634806265
L05141322,bilateral,derecha,CWT Morlet,6.0,30,6,160680,0.9394860544128985,3.076407858465866,3.5983452483529037,2.7851983386026355
L05141322,bilateral,derecha,CWT Morlet,6.0,30,7,160620,0.939403772382937,3.078630057557098,3.5992592291975583,2.785185500811288
L05141322,bilateral,derecha,CWT Morlet,6.0,30,8,160560,0.9390440442937614,3.08195862866524,3.6033331630300296,2.785136392315062
L05141322,bilateral,derecha,CWT Morlet,6.0,30,9,160500,0.938414118489993,3.086452822974718,3.6104878473436375,2.78507066009957
L05141322,bilateral,derecha,CWT Morlet,6.0,30,10,160440,0.9375245920046265,3.092163585186876,3.6205722264097835,2.7849726252484186
L05141322,bilateral,derecha,CWT Morlet,6.0,30,11,160380,0.9363870992366584,3.099083047190978,3.633386584620002,2.784785607680101
L05141322,bilateral,derecha,CWT Morlet,6.0,30,12,160320,0.9350161400429875,3.1072520211167607,3.6487633590426176,2.784542874479283
L05141322,bilateral,derecha,CWT Morlet,6.0,30,13,160260,0.9334294700560186,3.1167965125336488,3.6664525093208113,2.7842218558975538
L05141322,bilateral,derecha,CWT Morlet,6.0,30,14,160200,0.9316465252627021,3.1277975853746987,3.68623115273671,2.783860699454137
L05141322,bilateral,derecha,CWT Morlet,6.0,30,15,160140,0.9296876677382724,3.1400234023979157,3.70783900965166,2.7834606530079053
L05141322,bilateral,derecha,CWT Morlet,6.0,30,16,160080,0.9275732332899067,3.1534265054959163,3.7310498594087638,2.783064575653057
L05141322,bilateral,derecha,CWT Morlet,6.0,30,17,160020,0.9253227138560459,3.167871297117137,3.7556272391338,2.782684534791624
L05141322,bilateral,derecha,CWT Morlet,6.0,30,18,159960,0.9229549813989426,3.1830733533584374,3.7813083530315725,2.782281823134315
L05141322,bilateral,derecha,CWT Morlet,6.0,30,19,159900,0.9204898328455876,3.198923043419214,3.807884346642728,2.781898186663341
L05141322,bilateral,derecha,CWT Morlet,6.0,30,20,159840,0.9179476978500349,3.2153858318375215,3.835112915048784,2.7815327694496066
L05141322,bilateral,derecha,CWT Morlet,6.0,30,21,159780,0.9153491428629795,3.232505113692756,3.8627549060322446,2.7811804013194705
L05141322,bilateral,derecha,CWT Morlet,6.0,30,22,159720,0.9127129920319799,3.2501824536449666,3.8906207730217655,2.7808708352339093
L05141322,bilateral,derecha,CWT Morlet,6.0,30,23,159660,0.9100543038148067,3.2681337278323075,3.9185201562025176,2.7805648377671686
L05141322,bilateral,derecha,CWT Morlet,6.0,30,24,159600,0.9073867925593762,3.286191217471529,3.9463627236224093,2.7803404157572644
L05141322,bilateral,derecha,CWT Morlet,6.0,30,25,159540,0.9047200140573216,3.3042983384016664,3.973988261122838,2.780114900371078
L05141322,bilateral,derecha,CWT Morlet,6.0,30,26,159480,0.9020626599931348,3.3222371480757014,4.001292537762302,2.7798621984336664
L05141322,bilateral,derecha,CWT Morlet,6.0,30,27,159420,0.8994243361134409,3.339871230566082,4.028197512067297,2.779602284785969
L05141322,bilateral,derecha,CWT Morlet,6.0,30,28,159360,0.8968144014653174,3.3571418461651845,4.054614391435295,2.77933010542906
L05141322,bilateral,derecha,CWT Morlet,6.0,30,29,159300,0.8942433344555639,3.3739637451589766,4.080463078530189,2.7790699782079926
L05141322,bilateral,derecha,CWT Morlet,6.0,30,30,159240,0.8917193669729796,3.3901519041066805,4.105658770767631,2.7787990124538684
L05141322,bilateral,derecha,CWT Morlet,12.0,30,0,161040,0.9351741722642307,2.9446347857575814,3.532654916143938,2.632095103046036
L05141322,bilateral,derecha,CWT Morlet,12.0,30,1,160980,0.9364972374191909,2.940130148147162,3.5171391858690466,2.632318242539467
L05141322,bilateral,derecha,CWT Morlet,12.0,30,2,160920,0.9376313990365777,2.936907521963733,3.5037722944837015,2.632500752074911
L05141322,bilateral,derecha,CWT Morlet,12.0,30,3,160860,0.9385699525281223,2.9350964707910605,3.492624026424958,2.6325936250668267
L05141322,bilateral,derecha,CWT Morlet,12.0,30,4,160800,0.9392993577035647,2.934335280780293,3.483904374470689,2.6326305021062484
L05141322,bilateral,derecha,CWT Morlet,12.0,30,5,160740,0.9397803756034596,2.9348071403647875,3.4781452566349964,2.6326674945852147
L05141322,bilateral,derecha,CWT Morlet,12.0,30,6,160680,0.9399811139147083,2.9364270358106754,3.47573624023701,2.6326948035490294
L05141322,bilateral,derecha,CWT Morlet,12.0,30,7,160620,0.9398940863420776,2.9390706809910214,3.4767490938977064,2.63267955820602
L05141322,bilateral,derecha,CWT Morlet,12.0,30,8,160560,0.9395213533109359,2.9429545781949322,3.4811612359262982,2.6326293629789466
L05141322,bilateral,derecha,CWT Morlet,12.0,30,9,160500,0.9388714175968748,2.948266859683336,3.4888696270704935,2.6325599348110593
L05141322,bilateral,derecha,CWT Morlet,12.0,30,10,160440,0.9379560824023991,2.9549019665167857,3.499697087684103,2.632451527837148
L05141322,bilateral,derecha,CWT Morlet,12.0,30,11,160380,0.936788272254664,2.9629143943932976,3.513422444360541,2.6322516990773894
L05141322,bilateral,derecha,CWT Morlet,12.0,30,12,160320,0.9353835551379137,2.9724063121401474,3.5298532982432134,2.6319940339539456
L05141322,bilateral,derecha,CWT Morlet,12.0,30,13,160260,0.9337604709165112,2.9834207538098685,3.548722097024775,2.6316629994109753
L05141322,bilateral,derecha,CWT Morlet,12.0,30,14,160200,0.9319391125653166,2.9958053725837615,3.5697777007652154,2.6312888641587295
L05141322,bilateral,derecha,CWT Morlet,12.0,30,15,160140,0.9299402529718797,3.0095308829598797,3.5927426310290205,2.6308753779075396
L05141322,bilateral,derecha,CWT Morlet,12.0,30,16,160080,0.9277849783129763,3.024531126269945,3.617368047360524,2.630466079904243
L05141322,bilateral,derecha,CWT Morlet,12.0,30,17,160020,0.9254938488857886,3.0405184892026393,3.6433910520471784,2.6300708483511004
L05141322,bilateral,derecha,CWT Morlet,12.0,30,18,159960,0.9230864575215921,3.057176458702642,3.670535274404883,2.6296574593989166
L05141322,bilateral,derecha,CWT Morlet,12.0,30,19,159900,0.920583074420909,3.074671985630184,3.6985710202986004,2.629261661547374
L05141322,bilateral,derecha,CWT Morlet,12.0,30,20,159840,0.9180038326636508,3.0928009840716526,3.7272500956428227,2.628883535086015
L05141322,bilateral,derecha,CWT Morlet,12.0,30,21,159780,0.9153692747568869,3.1116549287427837,3.756326377718985,2.6285206712730145
L05141322,bilateral,derecha,CWT Morlet,12.0,30,22,159720,0.9126981189745854,3.1309749374515228,3.7856016703480884,2.6282004158672554
L05141322,bilateral,derecha,CWT Morlet,12.0,30,23,159660,0.9100058939129462,3.150461037017198,3.814880043322157,2.627889237157147
L05141322,bilateral,derecha,CWT Morlet,12.0,30,24,159600,0.9073068929333122,3.1701304963994126,3.844051595905967,2.627655270097201
L05141322,bilateral,derecha,CWT Morlet,12.0,30,25,159540,0.9046108672052026,3.1897062139858443,3.8729620380624765,2.627427915622759
L05141322,bilateral,derecha,CWT Morlet,12.0,30,26,159480,0.9019267442538484,3.209038767958814,3.9015013038534763,2.6271775587361756
L05141322,bilateral,derecha,CWT Morlet,12.0,30,27,159420,0.8992643505671479,3.2280354811645964,3.9295865899399813,2.6269238825514067
L05141322,bilateral,derecha,CWT Morlet,12.0,30,28,159360,0.896633204132654,3.246413818594547,3.9571246853060473,2.626659478514591
L05141322,bilateral,derecha,CWT Morlet,12.0,30,29,159300,0.8940436170882589,3.2643469818048367,3.9840338406171547,2.6264074418606644
L05141322,bilateral,derecha,CWT Morlet,12.0,30,30,159240,0.8915037545001504,3.2817637532943627,4.0102277302269,2.6261420205756396
L04301923,bilateral,izquierda,Welch,,30,0,430140,0.982344778174264,1.0638611544942764,1.631420737303666,-0.02058818592056319
L04301923,bilateral,izquierda,Welch,,30,1,430080,0.9826559006254022,1.04749080031667,1.6184010311740147,-0.020726989853984645
L04301923,bilateral,izquierda,Welch,,30,2,430020,0.9829369055127599,1.032254360660538,1.6065521666590403,-0.02086594987384151
L04301923,bilateral,izquierda,Welch,,30,3,429960,0.983185999255175,1.0183853667672458,1.5959787284849498,-0.021013532576766594
L04301923,bilateral,izquierda,Welch,,30,4,429900,0.9834043929620705,1.0060096986073037,1.5866530260219887,-0.02115702069927183
L04301923,bilateral,izquierda,Welch,,30,5,429840,0.9835747605844752,0.9961989707812976,1.5793438824529893,-0.02129620114761714
L04301923,bilateral,izquierda,Welch,,30,6,429780,0.9836234506805568,0.9935702715466393,1.5772528198947728,-0.021439239401205533
L04301923,bilateral,izquierda,Welch,,30,7,429720,0.9835429195388152,0.9984967340452763,1.5807226311366105,-0.021565696118903646
L04301923,bilateral,izquierda,Welch,,30,8,429660,0.9833467447608947,1.0098659607257228,1.5891399180076642,-0.021693793246280964
L04301923,bilateral,izquierda,Welch,,30,9,429600,0.9830476134790188,1.0265611775142758,1.6018848035668778,-0.021826090161040188
L04301923,bilateral,izquierda,Welch,,30,10,429540,0.9826615534518653,1.0473718617544034,1.6181828299361902,-0.021945086717239836
L04301923,bilateral,izquierda,Welch,,30,11,429480,0.9822023504466314,1.071262540945225,1.6373571113498042,-0.02205579183695631
L04301923,bilateral,izquierda,Welch,,30,12,429420,0.9816834532230376,1.097238768966828,1.658752830039757,-0.0221525649398908
L04301923,bilateral,izquierda,Welch,,30,13,429360,0.9811180608993626,1.124465149728985,1.6817548619951717,-0.02225826926646388
L04301923,bilateral,izquierda,Welch,,30,14,429300,0.9805175786588445,1.1522668320074296,1.7058443076172474,-0.022390468906704406
L04301923,bilateral,izquierda,Welch,,30,15,429240,0.979893422041153,1.1801260981667232,1.73052554004426,-0.022512919063153274
L04301923,bilateral,izquierda,Welch,,30,16,429180,0.979256354234568,1.2076802810787721,1.7553598482569537,-0.02264964606563848
L04301923,bilateral,izquierda,Welch,,30,17,429120,0.9786144987343166,1.234533946696627,1.7800288278640413,-0.0227734501518137
L04301923,bilateral,izquierda,Welch,,30,18,429060,0.9779764225612867,1.2605785008654506,1.8042167122230888,-0.0229251577332004
L04301923,bilateral,izquierda,Welch,,30,19,429000,0.9773464217079466,1.2856742917533,1.8277829289934555,-0.023076715183184375
L04301923,bilateral,izquierda,Welch,,30,20,428940,0.9767282648882335,1.3097503375418005,1.8506144546203747,-0.023203545263049723
L04301923,bilateral,izquierda,Welch,,30,21,428880,0.9761264288844169,1.3326879453153104,1.8725768753769174,-0.023323394459633627
L04301923,bilateral,izquierda,Welch,,30,22,428820,0.9755446562090125,1.3544870105461955,1.8935658186000421,-0.02345405989458711
L04301923,bilateral,izquierda,Welch,,30,23,428760,0.9749864660565818,1.3749478512563642,1.913483652466667,-0.023585979773820594
L04301923,bilateral,izquierda,Welch,,30,24,428700,0.9744545246473185,1.394103687603444,1.9322719632514824,-0.02370211423355124
L04301923,bilateral,izquierda,Welch,,30,25,428640,0.9739509020938673,1.4119771457808228,1.9498901008119445,-0.023813124333237665
L04301923,bilateral,izquierda,Welch,,30,26,428580,0.9734784945432576,1.428595960312738,1.9662711698789102,-0.023947025233601607
L04301923,bilateral,izquierda,Welch,,30,27,428520,0.9730379637186604,1.4439541002805276,1.9814204203462138,-0.02408864308353475
L04301923,bilateral,izquierda,Welch,,30,28,428460,0.9726294176719112,1.4581485613675815,1.9953657820714341,-0.024213784338937745
L04301923,bilateral,izquierda,Welch,,30,29,428400,0.9722538061634025,1.4711131153630865,2.008099995447822,-0.024343749754436757
L04301923,bilateral,izquierda,Welch,,30,30,428340,0.9719104415480325,1.4828920154926108,2.0196657248924983,-0.024454223053511186
L04301923,bilateral,izquierda,CWT Morlet,0.5,30,0,430140,0.9777546974175864,3.927830848443289,4.266850117419639,3.497678192356082
L04301923,bilateral,izquierda,CWT Morlet,0.5,30,1,430080,0.9778734746293316,3.9282461359074885,4.265196446705963,3.49758025385204
L04301923,bilateral,izquierda,CWT Morlet,0.5,30,2,430020,0.9779777037653227,3.9286369591071906,4.263736996561121,3.4974829517473376
L04301923,bilateral,izquierda,CWT Morlet,0.5,30,3,429960,0.9780653736724945,3.9289700316896954,4.2624877382446344,3.497372363757917
L04301923,bilateral,izquierda,CWT Morlet,0.5,30,4,429900,0.9781371760996042,3.929188641821938,4.261450584289549,3.4972637193857508
L04301923,bilateral,izquierda,CWT Morlet,0.5,30,5,429840,0.9781865526945243,3.929313080405253,4.260710649075974,3.4971534940539506
L04301923,bilateral,izquierda,CWT Morlet,0.5,30,6,429780,0.9781898847544758,3.929430480354468,4.260577788310692,3.497038513329396
L04301923,bilateral,izquierda,CWT Morlet,0.5,30,7,429720,0.9781452906366277,3.929590648379741,4.2610914823185375,3.4969366354289013
L04301923,bilateral,izquierda,CWT Morlet,0.5,30,8,429660,0.978057382802503,3.9297212254285756,4.26218014344205,3.4968331845984344
L04301923,bilateral,izquierda,CWT Morlet,0.5,30,9,429600,0.9779287657883409,3.929798654982719,4.2638049005130725,3.4967296877336285
L04301923,bilateral,izquierda,CWT Morlet,0.5,30,10,429540,0.9777655084714619,3.9298241519547004,4.265900889400727,3.496642862515239
L04301923,bilateral,izquierda,CWT Morlet,0.5,30,11,429480,0.9775720263292966,3.929763035000749,4.268400162055359,3.4965629271292515
L04301923,bilateral,izquierda,CWT Morlet,0.5,30,12,429420,0.9773537839927281,3.9296040483186285,4.271238058633215,3.4965018834698105
L04301923,bilateral,izquierda,CWT Morlet,0.5,30,13,429360,0.9771166317142699,3.9293312538371645,4.2743141475010535,3.49643255767257
L04301923,bilateral,izquierda,CWT Morlet,0.5,30,14,429300,0.9768648994256998,3.928969790866777,4.2775608095289686,3.496342002346248
L04301923,bilateral,izquierda,CWT Morlet,0.5,30,15,429240,0.9766035955531525,3.928541807912129,4.2809322939045575,3.496255871288114
L04301923,bilateral,izquierda,CWT Morlet,0.5,30,16,429180,0.9763379685919548,3.928090414145159,4.2843459659868985,3.4961574868243406
L04301923,bilateral,izquierda,CWT Morlet,0.5,30,17,429120,0.9760721012031249,3.927667551131092,4.2877596210338,3.4960624894031995
L04301923,bilateral,izquierda,CWT Morlet,0.5,30,18,429060,0.9758104567773966,3.9272482075356456,4.29109278488178,3.4959430076370865
L04301923,bilateral,izquierda,CWT Morlet,0.5,30,19,429000,0.9755544623870734,3.926890991171423,4.294347673947917,3.4958246906359256
L04301923,bilateral,izquierda,CWT Morlet,0.5,30,20,428940,0.9753054019873699,3.9265766251815903,4.2975242158572,3.495724278354086
L04301923,bilateral,izquierda,CWT Morlet,0.5,30,21,428880,0.9750643436120872,3.9262769605844876,4.3006018932292225,3.4956316252344455
L04301923,bilateral,izquierda,CWT Morlet,0.5,30,22,428820,0.9748323240626589,3.9260009745496,4.303554470226927,3.4955307857569964
L04301923,bilateral,izquierda,CWT Morlet,0.5,30,23,428760,0.9746106234839573,3.925775846862922,4.306366400163409,3.4954298508872133
L04301923,bilateral,izquierda,CWT Morlet,0.5,30,24,428700,0.97440070103138,3.92555831686997,4.309027233925261,3.4953362363161578
L04301923,bilateral,izquierda,CWT Morlet,0.5,30,25,428640,0.9742044087182609,3.9253814445001667,4.311513074166951,3.495250282618483
L04301923,bilateral,izquierda,CWT Morlet,0.5,30,26,428580,0.9740236633475907,3.9251988834730094,4.313779391966012,3.4951468424952603
L04301923,bilateral,izquierda,CWT Morlet,0.5,30,27,428520,0.9738586524728192,3.9250146939174435,4.315836152250563,3.4950451797079802
L04301923,bilateral,izquierda,CWT Morlet,0.5,30,28,428460,0.9737096123331958,3.9247935010517017,4.317689094800645,3.4949523900775774
L04301923,bilateral,izquierda,CWT Morlet,0.5,30,29,428400,0.9735767322765182,3.9245621152215815,4.319330418647911,3.4948616593036386
L04301923,bilateral,izquierda,CWT Morlet,0.5,30,30,428340,0.9734586753317991,3.92433607775535,4.320789169721073,3.4947916733964384
L04301923,bilateral,izquierda,CWT Morlet,1.5,30,0,430140,0.9777719157568213,2.9666122404176227,3.2876595791092136,2.4393218523615
L04301923,bilateral,izquierda,CWT Morlet,1.5,30,1,430080,0.9779262546186542,2.9664125512169828,3.284748844629389,2.439192656965295
L04301923,bilateral,izquierda,CWT Morlet,1.5,30,2,430020,0.9780622203729634,2.9662522141012877,3.2821714474150707,2.4390626442625094
L04301923,bilateral,izquierda,CWT Morlet,1.5,30,3,429960,0.9781779256032042,2.966090600123885,3.2799573734501726,2.438923520971821
L04301923,bilateral,izquierda,CWT Morlet,1.5,30,4,429900,0.9782737213909883,2.9659054230353927,3.278107249687864,2.4387867297367367
L04301923,bilateral,izquierda,CWT Morlet,1.5,30,5,429840,0.9783413293420354,2.965755039740752,3.276771397661439,2.4386495070613314
L04301923,bilateral,izquierda,CWT Morlet,1.5,30,6,429780,0.9783525552878853,2.9657362882968727,3.2764598762215176,2.4385078185857725
L04301923,bilateral,izquierda,CWT Morlet,1.5,30,7,429720,0.9783034731987423,2.9659417933773184,3.2772562741421836,2.438378212999591
L04301923,bilateral,izquierda,CWT Morlet,1.5,30,8,429660,0.9781995162229872,2.9663492519110464,3.279053388285387,2.438248906711305
L04301923,bilateral,izquierda,CWT Morlet,1.5,30,9,429600,0.9780445724880172,2.9668878339285407,3.2817739064953897,2.438119056545733
L04301923,bilateral,izquierda,CWT Morlet,1.5,30,10,429540,0.9778458103017048,2.967513828760017,3.28530051491226,2.4380065472367223
L04301923,bilateral,izquierda,CWT Morlet,1.5,30,11,429480,0.9776091271970416,2.9681808954846662,3.28951591010625,2.437902411960938
L04301923,bilateral,izquierda,CWT Morlet,1.5,30,12,429420,0.9773411986139094,2.968884896340046,3.2943001731099497,2.4378130204549406
L04301923,bilateral,izquierda,CWT Morlet,1.5,30,13,429360,0.9770491040762049,2.969621591997603,3.299505934936751,2.4377163873229653
L04301923,bilateral,izquierda,CWT Morlet,1.5,30,14,429300,0.9767385750494,2.9703745708631093,3.305018509515157,2.4375990589008207
L04301923,bilateral,izquierda,CWT Morlet,1.5,30,15,429240,0.9764157346313318,2.9711775774863276,3.3107453921249226,2.4374866817191516
L04301923,bilateral,izquierda,CWT Morlet,1.5,30,16,429180,0.9760869617295143,2.9720149431852207,3.3165604684328502,2.4373645444243253
L04301923,bilateral,izquierda,CWT Morlet,1.5,30,17,429120,0.9757572000885357,2.972900744116614,3.3223838758950626,2.4372456723956097
L04301923,bilateral,izquierda,CWT Morlet,1.5,30,18,429060,0.9754317922373773,2.973832973543753,3.3280999683176584,2.43710324114157
L04301923,bilateral,izquierda,CWT Morlet,1.5,30,19,429000,0.9751124549602432,2.9748130021350336,3.3336944980503023,2.4369606780506308
L04301923,bilateral,izquierda,CWT Morlet,1.5,30,20,428940,0.9748008458674706,2.9758593692245374,3.3391565306933426,2.4368379662690125
L04301923,bilateral,izquierda,CWT Morlet,1.5,30,21,428880,0.974498907031423,2.9769542070518784,3.344446260038948,2.436725158999777
L04301923,bilateral,izquierda,CWT Morlet,1.5,30,22,428820,0.9742082892599744,2.9780562052902257,3.349522831418489,2.4366067543664442
L04301923,bilateral,izquierda,CWT Morlet,1.5,30,23,428760,0.9739309579036842,2.9791067078034157,3.3543512033848097,2.436487994702008
L04301923,bilateral,izquierda,CWT Morlet,1.5,30,24,428700,0.973668499215844,2.9801216532707224,3.3589150153137477,2.4363793242511194
L04301923,bilateral,izquierda,CWT Morlet,1.5,30,25,428640,0.9734226744978438,2.981091408982284,3.363181417962464,2.4362785079274145
L04301923,bilateral,izquierda,CWT Morlet,1.5,30,26,428580,0.9731955123964373,2.9819396427670886,3.3670992723084305,2.4361615365545313
L04301923,bilateral,izquierda,CWT Morlet,1.5,30,27,428520,0.9729871372192201,2.982651255652384,3.370672832670129,2.4360428709995743
L04301923,bilateral,izquierda,CWT Morlet,1.5,30,28,428460,0.9727978321835716,2.983225647397486,3.373911199977109,2.4359332818681736
L04301923,bilateral,izquierda,CWT Morlet,1.5,30,29,428400,0.9726277983137223,2.983652111958497,3.376803511730621,2.43582469476759
L04301923,bilateral,izquierda,CWT Morlet,1.5,30,30,428340,0.972475963936515,2.984017667748571,3.3793789084705455,2.4357327859253095
L04301923,bilateral,izquierda,CWT Morlet,3.0,30,0,430140,0.9780904500709633,2.6942335006993465,3.028258308037447,2.145317478557764
L04301923,bilateral,izquierda,CWT Morlet,3.0,30,1,430080,0.9782686985039758,2.693829663994441,3.024579667397728,2.1451812874845477
L04301923,bilateral,izquierda,CWT Morlet,3.0,30,2,430020,0.9784271260530328,2.6934991371606762,3.02129572991543,2.145043053604849
L04301923,bilateral,izquierda,CWT Morlet,3.0,30,3,429960,0.9785638556003596,2.6931982347818617,3.018441735032795,2.144896938391389
L04301923,bilateral,izquierda,CWT Morlet,3.0,30,4,429900,0.9786790572954128,2.6928668880269147,3.0160204043078247,2.144752868320444
L04301923,bilateral,izquierda,CWT Morlet,3.0,30,5,429840,0.9787628540416229,2.692585079381756,3.014230591564086,2.14460894944163
L04301923,bilateral,izquierda,CWT Morlet,3.0,30,6,429780,0.9787837773033332,2.692519461913621,3.013701290234447,2.1444609397071708
L04301923,bilateral,izquierda,CWT Morlet,3.0,30,7,429720,0.9787366989712653,2.692707718733376,3.014547075163967,2.1443242065714156
L04301923,bilateral,izquierda,CWT Morlet,3.0,30,8,429660,0.9786277118722527,2.6931508599745952,3.0166373099846355,2.1441880985348596
L04301923,bilateral,izquierda,CWT Morlet,3.0,30,9,429600,0.9784616613498535,2.6937885501245575,3.019867746152378,2.144051602544623
L04301923,bilateral,izquierda,CWT Morlet,3.0,30,10,429540,0.9782464748639382,2.6946080875338168,3.024089484812354,2.143931900973877
L04301923,bilateral,izquierda,CWT Morlet,3.0,30,11,429480,0.9779889515739617,2.6955552982336393,3.0291563280752185,2.143820332509654
L04301923,bilateral,izquierda,CWT Morlet,3.0,30,12,429420,0.97769646376561,2.6966255192847264,3.034919413468965,2.1437219245555017
L04301923,bilateral,izquierda,CWT Morlet,3.0,30,13,429360,0.9773768339341168,2.6977538580727005,3.041203760696474,2.1436169106669287
L04301923,bilateral,izquierda,CWT Morlet,3.0,30,14,429300,0.9770365530510178,2.6989807254231404,3.0478677419415163,2.143491331665811
L04301923,bilateral,izquierda,CWT Morlet,3.0,30,15,429240,0.9766823105530829,2.7003404907883977,3.0547953621348936,2.1433705999042294
L04301923,bilateral,izquierda,CWT Morlet,3.0,30,16,429180,0.9763210722487888,2.7017555014172245,3.0618384552668947,2.1432418791408008
L04301923,bilateral,izquierda,CWT Morlet,3.0,30,17,429120,0.9759583370204126,2.703282455357077,3.068896074860702,2.143116531360364
L04301923,bilateral,izquierda,CWT Morlet,3.0,30,18,429060,0.9755998022654804,2.7048559838150266,3.075836580430701,2.1429678645856796
L04301923,bilateral,izquierda,CWT Morlet,3.0,30,19,429000,0.9752475205055497,2.7064951701072233,3.0826349855442525,2.142818203965113
L04301923,bilateral,izquierda,CWT Morlet,3.0,30,20,428940,0.974903395831198,2.7082128469609947,3.0892735299980227,2.1426891163223036
L04301923,bilateral,izquierda,CWT Morlet,3.0,30,21,428880,0.9745696110521178,2.7099659516231243,3.095704799108366,2.142570387320703
L04301923,bilateral,izquierda,CWT Morlet,3.0,30,22,428820,0.9742480310988164,2.711690655291949,3.1018813252310222,2.142446893202337
L04301923,bilateral,izquierda,CWT Morlet,3.0,30,23,428760,0.9739407990454911,2.7133943114061223,3.107761818953161,2.142322974251502
L04301923,bilateral,izquierda,CWT Morlet,3.0,30,24,428700,0.9736496327085099,2.715059232804169,3.1133259404769946,2.1422105025068308
L04301923,bilateral,izquierda,CWT Morlet,3.0,30,25,428640,0.9733763522624954,2.716628130216677,3.118535622361256,2.142105454031049
L04301923,bilateral,izquierda,CWT Morlet,3.0,30,26,428580,0.9731230530858703,2.718070028973098,3.1233378975312283,2.1419856929295333
L04301923,bilateral,izquierda,CWT Morlet,3.0,30,27,428520,0.9728898677144546,2.7193554040640144,3.1277351568602514,2.141863376003544
L04301923,bilateral,izquierda,CWT Morlet,3.0,30,28,428460,0.9726770561966118,2.720531306313837,3.1317381677172356,2.14175054180431
L04301923,bilateral,izquierda,CWT Morlet,3.0,30,29,428400,0.9724848494707977,2.7215409131263573,3.1353347907791824,2.141638194105336
L04301923,bilateral,izquierda,CWT Morlet,3.0,30,30,428340,0.9723122367139729,2.722402433149357,3.1385545677428137,2.1415409009386117
L04301923,bilateral,izquierda,CWT Morlet,6.0,30,0,430140,0.9780561283674967,2.502755282609631,2.8573533504599475,1.9429389045855954
L04301923,bilateral,izquierda,CWT Morlet,6.0,30,1,430080,0.9782543636694133,2.502211113252009,2.8529894525509656,1.9428033244853795
L04301923,bilateral,izquierda,CWT Morlet,6.0,30,2,430020,0.978431209271195,2.5017717177714225,2.849080400302372,1.942664269795642
L04301923,bilateral,izquierda,CWT Morlet,6.0,30,3,429960,0.9785848587091142,2.5013548801239063,2.845664442856828,1.9425173972241037
L04301923,bilateral,izquierda,CWT Morlet,6.0,30,4,429900,0.978715283497473,2.5009383061619013,2.8427483228770725,1.9423720963765714
L04301923,bilateral,izquierda,CWT Morlet,6.0,30,5,429840,0.9788106920155266,2.5006112566732526,2.8405871569524055,1.9422271915553986
L04301923,bilateral,izquierda,CWT Morlet,6.0,30,6,429780,0.9788362114865703,2.5005130638006077,2.8399295474411743,1.9420780683934211
L04301923,bilateral,izquierda,CWT Morlet,6.0,30,7,429720,0.9787854389122128,2.5006903857808034,2.8409249758168666,1.941938600287034
L04301923,bilateral,izquierda,CWT Morlet,6.0,30,8,429660,0.9786652967829375,2.5011495226540483,2.843415628565325,1.9417994977200785
L04301923,bilateral,izquierda,CWT Morlet,6.0,30,9,429600,0.9784818637123522,2.501841605911393,2.8472629621142334,1.9416599986732126
L04301923,bilateral,izquierda,CWT Morlet,6.0,30,10,429540,0.9782439284645447,2.502719743517329,2.8522848915410277,1.9415362025406206
L04301923,bilateral,izquierda,CWT Morlet,6.0,30,11,429480,0.9779593110228669,2.5037971477120946,2.8583028881835935,1.941420394744961
L04301923,bilateral,izquierda,CWT Morlet,6.0,30,12,429420,0.9776361909388265,2.5050631170475293,2.8651375089270372,1.9413169323917498
L04301923,bilateral,izquierda,CWT Morlet,6.0,30,13,429360,0.9772832204688141,2.506497766471792,2.8725841352400785,1.9412072889291696
L04301923,bilateral,izquierda,CWT Morlet,6.0,30,14,429300,0.9769077049699979,2.5081441506868782,2.8804730216478807,1.941077744126145
L04301923,bilateral,izquierda,CWT Morlet,6.0,30,15,429240,0.9765169401526791,2.510007918771583,2.8886647150202625,1.9409526935254195
L04301923,bilateral,izquierda,CWT Morlet,6.0,30,16,429180,0.9761184654703995,2.5120419349643366,2.8969899705175455,1.9408211430974405
L04301923,bilateral,izquierda,CWT Morlet,6.0,30,17,429120,0.975718384415087,2.514229805911924,2.9053264715097415,1.9406924988817955
L04301923,bilateral,izquierda,CWT Morlet,6.0,30,18,429060,0.9753226901884541,2.5165184489723686,2.913529383366554,1.9405403859830093
L04301923,bilateral,izquierda,CWT Morlet,6.0,30,19,429000,0.9749338222885822,2.5189071206123628,2.9215621258870406,1.940386065215435
L04301923,bilateral,izquierda,CWT Morlet,6.0,30,20,428940,0.9745539221591581,2.521405753405052,2.9294004665593616,1.9402526181273692
L04301923,bilateral,izquierda,CWT Morlet,6.0,30,21,428880,0.9741853060217162,2.523949217295501,2.936992023786317,1.9401301042431218
L04301923,bilateral,izquierda,CWT Morlet,6.0,30,22,428820,0.97383001868633,2.5264710380749067,2.9442839322657877,1.940003953848555
L04301923,bilateral,izquierda,CWT Morlet,6.0,30,23,428760,0.9734903252330963,2.528931223387533,2.9512304498572988,1.9398771524557994
L04301923,bilateral,izquierda,CWT Morlet,6.0,30,24,428700,0.9731680782576865,2.531351891181045,2.957807008188253,1.939762874866586
L04301923,bilateral,izquierda,CWT Morlet,6.0,30,25,428640,0.9728651447999618,2.533665376809224,2.963971690258329,1.9396558240914878
L04301923,bilateral,izquierda,CWT Morlet,6.0,30,26,428580,0.9725837112060247,2.535802017432969,2.969670008129123,1.9395356227476723
L04301923,bilateral,izquierda,CWT Morlet,6.0,30,27,428520,0.9723240065989678,2.5377340620860473,2.9749014997462324,1.939412032020592
L04301923,bilateral,izquierda,CWT Morlet,6.0,30,28,428460,0.9720862063567104,2.5394556489948257,2.9796791411247456,1.9392982363854465
L04301923,bilateral,izquierda,CWT Morlet,6.0,30,29,428400,0.9718705653270878,2.5410026875901544,2.983990744355439,1.9391852589205516
L04301923,bilateral,izquierda,CWT Morlet,6.0,30,30,428340,0.9716760338748748,2.5423740021386374,2.98786748035133,1.9390862134336777
L04301923,bilateral,izquierda,CWT Morlet,12.0,30,0,430140,0.9770853456829935,2.354126897742956,2.741933829651164,1.7852606178247774
L04301923,bilateral,izquierda,CWT Morlet,12.0,30,1,430080,0.9773045332700214,2.353306357040705,2.7368682778826203,1.785134626079261
L04301923,bilateral,izquierda,CWT Morlet,12.0,30,2,430020,0.9775008876179738,2.352649532361444,2.732312423042414,1.7850043401008693
L04301923,bilateral,izquierda,CWT Morlet,12.0,30,3,429960,0.9776727373806121,2.3521270408539703,2.7283050834186775,1.7848661812872286
L04301923,bilateral,izquierda,CWT Morlet,12.0,30,4,429900,0.9778197237346236,2.351676613883835,2.7248613407355307,1.784729193846387
L04301923,bilateral,izquierda,CWT Morlet,12.0,30,5,429840,0.9779277738372498,2.351358177094318,2.722302722486443,1.7845920135593139
L04301923,bilateral,izquierda,CWT Morlet,12.0,30,6,429780,0.9779586327187716,2.351325834050825,2.7214966141118904,1.7844496894270525
L04301923,bilateral,izquierda,CWT Morlet,12.0,30,7,429720,0.9779044022739997,2.351651722982443,2.7226343440236285,1.7843166268888688
L04301923,bilateral,izquierda,CWT Morlet,12.0,30,8,429660,0.9777728236975756,2.352269320233072,2.725530849243746,1.7841840620227762
L04301923,bilateral,izquierda,CWT Morlet,12.0,30,9,429600,0.9775714089741042,2.3531756459617648,2.7300068725009874,1.7840510422090645
L04301923,bilateral,izquierda,CWT Morlet,12.0,30,10,429540,0.977309910749022,2.3543806415128916,2.7358446013471913,1.7839331263839824
L04301923,bilateral,izquierda,CWT Morlet,12.0,30,11,429480,0.9769972245663399,2.3559158326640977,2.7428306606694557,1.7838242405810045
L04301923,bilateral,izquierda,CWT Morlet,12.0,30,12,429420,0.9766423522212863,2.3577853338158734,2.7507547232076885,1.7837273856421225
L04301923,bilateral,izquierda,CWT Morlet,12.0,30,13,429360,0.9762547237515615,2.3599985242927217,2.759383648985657,1.7836253426498014
L04301923,bilateral,izquierda,CWT Morlet,12.0,30,14,429300,0.9758424879885556,2.3625292061131127,2.768518936691532,1.7835043749578157
L04301923,bilateral,izquierda,CWT Morlet,12.0,30,15,429240,0.9754136062071546,2.365409600073848,2.777995974683978,1.7833875160429051
L04301923,bilateral,izquierda,CWT Morlet,12.0,30,16,429180,0.9749761948092435,2.368486884963712,2.7876249860849596,1.7832645287717295
L04301923,bilateral,izquierda,CWT Morlet,12.0,30,17,429120,0.9745369213975585,2.3717847891289168,2.79726353515711,1.78314176547215
L04301923,bilateral,izquierda,CWT Morlet,12.0,30,18,429060,0.9741020297645157,2.375236705705163,2.8067559486019342,1.7829950568547717
L04301923,bilateral,izquierda,CWT Morlet,12.0,30,19,429000,0.9736744071047208,2.3788357509354787,2.8160522407320006,1.782844123451386
L04301923,bilateral,izquierda,CWT Morlet,12.0,30,20,428940,0.9732564376611794,2.382570379789959,2.825121434940397,1.782713931508158
L04301923,bilateral,izquierda,CWT Morlet,12.0,30,21,428880,0.9728505801945626,2.3863520321960197,2.833906488068427,1.7825958991949904
L04301923,bilateral,izquierda,CWT Morlet,12.0,30,22,428820,0.9724591269977473,2.3901066818124193,2.842347749377528,1.7824760456801727
L04301923,bilateral,izquierda,CWT Morlet,12.0,30,23,428760,0.9720844685073461,2.393773812521312,2.8503958466744845,1.7823561545017157
L04301923,bilateral,izquierda,CWT Morlet,12.0,30,24,428700,0.9717285967404604,2.397349664216316,2.8580218154544696,1.7822498616909836
L04301923,bilateral,izquierda,CWT Morlet,12.0,30,25,428640,0.971393389721117,2.400734641164833,2.8651821021314143,1.782150439887216
L04301923,bilateral,izquierda,CWT Morlet,12.0,30,26,428580,0.9710811255487913,2.403866006699004,2.871820349491663,1.7820390722921393
L04301923,bilateral,izquierda,CWT Morlet,12.0,30,27,428520,0.970792218162465,2.4067947257116145,2.8779319973101547,1.78192276766677
L04301923,bilateral,izquierda,CWT Morlet,12.0,30,28,428460,0.9705267630511899,2.4094862598056874,2.883531827555629,1.781816424521623
L04301923,bilateral,izquierda,CWT Morlet,12.0,30,29,428400,0.9702849125085897,2.4118943758748856,2.888611348656697,1.7817113113147998
L04301923,bilateral,izquierda,CWT Morlet,12.0,30,30,428340,0.9700655081653048,2.4140545717400945,2.8932046373317037,1.7816183329956519
L04301923,bilateral,derecha,Welch,,30,0,430320,0.981734342832011,1.0867203815088524,1.650692700944115,0.12364304877140124
L04301923,bilateral,derecha,Welch,,30,1,430260,0.982027561976624,1.0715960656735533,1.6383827403353908,0.12347095165988144
L04301923,bilateral,derecha,Welch,,30,2,430200,0.9822926917276675,1.0575269402342184,1.6271699799993153,0.12332701009139732
L04301923,bilateral,derecha,Welch,,30,3,430140,0.9825293472471326,1.0447796695778089,1.6170956888270054,0.12318103703969083
L04301923,bilateral,derecha,Welch,,30,4,430080,0.9827402456582766,1.0332990443115748,1.6080607618249543,0.12303580009550033
L04301923,bilateral,derecha,Welch,,30,5,430020,0.9829097305693028,1.0241484269101666,1.6007605608745232,0.12291758267290279
L04301923,bilateral,derecha,Welch,,30,6,429960,0.9829668382251974,1.0215341444725707,1.598268779597403,0.12278192752705235
L04301923,bilateral,derecha,Welch,,30,7,429900,0.9829047346337039,1.02614519763071,1.6008972218276682,0.1226431437067069
L04301923,bilateral,derecha,Welch,,30,8,429840,0.9827357386018785,1.0370826696452897,1.6080941761955179,0.12251040055895958
L04301923,bilateral,derecha,Welch,,30,9,429780,0.9824718813801451,1.0532036563634044,1.6192879439834222,0.12237362767134806
L04301923,bilateral,derecha,Welch,,30,10,429720,0.9821282451506543,1.0732787693012995,1.6337611032610706,0.1222227677568905
L04301923,bilateral,derecha,Welch,,30,11,429660,0.9817166707261568,1.0962655446093355,1.6509367837789128,0.12208445687186319
L04301923,bilateral,derecha,Welch,,30,12,429600,0.9812492741583125,1.1210800321579013,1.6702320488412192,0.12192947320283586
L04301923,bilateral,derecha,Welch,,30,13,429540,0.9807373291005513,1.1471316568756091,1.6911164591342223,0.12177412517811177
L04301923,bilateral,derecha,Welch,,30,14,429480,0.9801899270042551,1.1738101524449622,1.7131655159236208,0.1215983190093856
L04301923,bilateral,derecha,Welch,,30,15,429420,0.9796164465202972,1.2005623752225516,1.735965736091243,0.12143436948124767
L04301923,bilateral,derecha,Welch,,30,16,429360,0.9790248376348949,1.227061299948664,1.7591774540037666,0.12124752318463257
L04301923,bilateral,derecha,Welch,,30,17,429300,0.9784229101332398,1.2531103716331187,1.7824835846864584,0.12104899427088808
L04301923,bilateral,derecha,Welch,,30,18,429240,0.9778181398962038,1.2784295039948246,1.805596999551948,0.12083452105944194
L04301923,bilateral,derecha,Welch,,30,19,429180,0.9772162879607212,1.3029117637341223,1.8283086981860843,0.1206400009273122
L04301923,bilateral,derecha,Welch,,30,20,429120,0.9766231091893086,1.3262951709484618,1.8504206356667368,0.12045663169079314
L04301923,bilateral,derecha,Welch,,30,21,429060,0.9760430521165252,1.348578131071141,1.8717899884491085,0.12026709750354628
L04301923,bilateral,derecha,Welch,,30,22,429000,0.9754786350216137,1.3697751834050205,1.8923513660877525,0.12006450858589603
L04301923,bilateral,derecha,Welch,,30,23,428940,0.9749322737453068,1.389766035357312,1.9120431303745817,0.1198693239659564
L04301923,bilateral,derecha,Welch,,30,24,428880,0.9744053560653864,1.408597855750534,1.9308429342103992,0.11966069718541103
L04301923,bilateral,derecha,Welch,,30,25,428820,0.9739001609034713,1.4262159455580736,1.9486964230617838,0.1194446937764606
L04301923,bilateral,derecha,Welch,,30,26,428760,0.9734197363937792,1.4426108273868612,1.965522898707543,0.11920865623901955
L04301923,bilateral,derecha,Welch,,30,27,428700,0.9729654837889298,1.4578686173549127,1.9812979861420106,0.11895375868567537
L04301923,bilateral,derecha,Welch,,30,28,428640,0.97253850265838,1.471997892309245,1.9960113191371698,0.11870979539017551
L04301923,bilateral,derecha,Welch,,30,29,428580,0.9721405831915302,1.4850280456730676,2.009624071271193,0.11846337417259079
L04301923,bilateral,derecha,Welch,,30,30,428520,0.9717729630297498,1.4967853974210663,2.022117436568014,0.11823531780997981
L04301923,bilateral,derecha,CWT Morlet,0.5,30,0,430320,0.9743338348375166,4.1058727615561725,4.501593852101151,3.711682798953292
L04301923,bilateral,derecha,CWT Morlet,0.5,30,1,430260,0.9744411196225929,4.10613216979334,4.500059110445036,3.711519022338981
L04301923,bilateral,derecha,CWT Morlet,0.5,30,2,430200,0.9745357619023085,4.106464795933386,4.498706921878676,3.711379713505728
L04301923,bilateral,derecha,CWT Morlet,0.5,30,3,430140,0.9746165568415442,4.106839731193489,4.497529794362305,3.711232679509633
L04301923,bilateral,derecha,CWT Morlet,0.5,30,4,430080,0.9746852460100013,4.107195024760623,4.496503328084377,3.711084131184221
L04301923,bilateral,derecha,CWT Morlet,0.5,30,5,430020,0.9747364824071625,4.107565783149704,4.495716593053673,3.710949145863674
L04301923,bilateral,derecha,CWT Morlet,0.5,30,6,429960,0.9747484385251914,4.108020706627337,4.495418299778314,3.710798104905761
L04301923,bilateral,derecha,CWT Morlet,0.5,30,7,429900,0.9747206888863981,4.108514551374685,4.495621500383466,3.710648728629141
L04301923,bilateral,derecha,CWT Morlet,0.5,30,8,429840,0.9746573153125774,4.109084341803218,4.496279264257135,3.710509117626589
L04301923,bilateral,derecha,CWT Morlet,0.5,30,9,429780,0.9745606340296354,4.1096748006878006,4.49735621048524,3.710371303243994
L04301923,bilateral,derecha,CWT Morlet,0.5,30,10,429720,0.974436383171726,4.110220870116764,4.498773383999844,3.710228864746679
L04301923,bilateral,derecha,CWT Morlet,0.5,30,11,429660,0.9742870172050614,4.110739492106173,4.500518288806575,3.7101019338893826
L04301923,bilateral,derecha,CWT Morlet,0.5,30,12,429600,0.9741159962775975,4.111231148279666,4.502526073053444,3.709965100032222
L04301923,bilateral,derecha,CWT Morlet,0.5,30,13,429540,0.9739270276651005,4.111708326556112,4.504753636313587,3.709825645535115
L04301923,bilateral,derecha,CWT Morlet,0.5,30,14,429480,0.9737220147338875,4.112146251139565,4.507168816515138,3.709676896166738
L04301923,bilateral,derecha,CWT Morlet,0.5,30,15,429420,0.9735041536301133,4.112579569965956,4.509745851559592,3.709534529926482
L04301923,bilateral,derecha,CWT Morlet,0.5,30,16,429360,0.9732764188734317,4.112977820885249,4.512430818894285,3.7093744024907425
L04301923,bilateral,derecha,CWT Morlet,0.5,30,17,429300,0.9730418196089181,4.113341073122129,4.515190176108348,3.709202021865329
L04301923,bilateral,derecha,CWT Morlet,0.5,30,18,429240,0.9728038925444005,4.11362252322568,4.517973518059068,3.7090087713273605
L04301923,bilateral,derecha,CWT Morlet,0.5,30,19,429180,0.9725646632549111,4.113878284700855,4.520781354631234,3.7088281549930304
L04301923,bilateral,derecha,CWT Morlet,0.5,30,20,429120,0.9723269039395894,4.11409014425396,4.523580005488742,3.7086582386042135
L04301923,bilateral,derecha,CWT Morlet,0.5,30,21,429060,0.972092265061385,4.114226897572992,4.5263357816784735,3.7084829867993228
L04301923,bilateral,derecha,CWT Morlet,0.5,30,22,429000,0.971861454783747,4.114304220789297,4.52903231163061,3.708290210233255
L04301923,bilateral,derecha,CWT Morlet,0.5,30,23,428940,0.9716352858084705,4.11433945705849,4.53166983628792,3.7080995210358716
L04301923,bilateral,derecha,CWT Morlet,0.5,30,24,428880,0.971414509748762,4.114345044495955,4.534227207773171,3.707890896158317
L04301923,bilateral,derecha,CWT Morlet,0.5,30,25,428820,0.9712003275420259,4.11435577450553,4.5366934175963705,3.7076687944907674
L04301923,bilateral,derecha,CWT Morlet,0.5,30,26,428760,0.9709946829383217,4.114372377803814,4.539038846540201,3.7074249585931223
L04301923,bilateral,derecha,CWT Morlet,0.5,30,27,428700,0.9707983287539088,4.114367336684553,4.541257473634711,3.707172498662843
L04301923,bilateral,derecha,CWT Morlet,0.5,30,28,428640,0.9706126378060571,4.114348445165199,4.543352056936083,3.7069320921829907
L04301923,bilateral,derecha,CWT Morlet,0.5,30,29,428580,0.970439898507016,4.114238484260923,4.545287276774294,3.7066913439835507
L04301923,bilateral,derecha,CWT Morlet,0.5,30,30,428520,0.9702815397393623,4.114093816588551,4.547055060014711,3.7064654290779058
L04301923,bilateral,derecha,CWT Morlet,1.5,30,0,430320,0.9751062907694239,3.0608331606644117,3.4365024091751977,2.6080442556646926
L04301923,bilateral,derecha,CWT Morlet,1.5,30,1,430260,0.9752347653170461,3.0606964882759593,3.4340462849059343,2.6078688371217615
L04301923,bilateral,derecha,CWT Morlet,1.5,30,2,430200,0.9753474576349077,3.060663840197715,3.4318869869321693,2.6077148610485845
L04301923,bilateral,derecha,CWT Morlet,1.5,30,3,430140,0.9754437384229947,3.060719481287797,3.43002030507253,2.6075564009527277
L04301923,bilateral,derecha,CWT Morlet,1.5,30,4,430080,0.975525170150298,3.0608842599263126,3.4284130982514025,2.607394205071141
L04301923,bilateral,derecha,CWT Morlet,1.5,30,5,430020,0.9755848749556244,3.0612452264475127,3.427210763284367,2.607248025324042
L04301923,bilateral,derecha,CWT Morlet,1.5,30,6,429960,0.9755971261169648,3.0618543200696764,3.4268445238725147,2.6070895009842086
L04301923,bilateral,derecha,CWT Morlet,1.5,30,7,429900,0.9755594101537559,3.0626597465056777,3.427363514356681,2.606931830087804
L04301923,bilateral,derecha,CWT Morlet,1.5,30,8,429840,0.975476823946756,3.0636370603505827,3.428678775473623,2.6067808818402143
L04301923,bilateral,derecha,CWT Morlet,1.5,30,9,429780,0.9753528127596989,3.064743995700373,3.430721166346818,2.6066280751363853
L04301923,bilateral,derecha,CWT Morlet,1.5,30,10,429720,0.975194094039043,3.0659754471651244,3.4333672279242924,2.606467804416753
L04301923,bilateral,derecha,CWT Morlet,1.5,30,11,429660,0.9750045064246068,3.067329445841347,3.436564478525385,2.606320117176173
L04301923,bilateral,derecha,CWT Morlet,1.5,30,12,429600,0.9747886101047532,3.0687514726500886,3.440213916990959,2.6061626346285793
L04301923,bilateral,derecha,CWT Morlet,1.5,30,13,429540,0.9745510759315164,3.070296677279167,3.4442348661963087,2.605999592024185
L04301923,bilateral,derecha,CWT Morlet,1.5,30,14,429480,0.9742950328328945,3.071972486424939,3.4485627347015155,2.605824880371715
L04301923,bilateral,derecha,CWT Morlet,1.5,30,15,429420,0.9740245797055933,3.0737808550606296,3.4531382743203127,2.60565451916921
L04301923,bilateral,derecha,CWT Morlet,1.5,30,16,429360,0.9737436183633255,3.07560723158579,3.4578796202483075,2.6054676781347017
L04301923,bilateral,derecha,CWT Morlet,1.5,30,17,429300,0.9734557699069715,3.0774185457128422,3.462726670892867,2.605267670475248
L04301923,bilateral,derecha,CWT Morlet,1.5,30,18,429240,0.9731650452653096,3.079159564764501,3.4676053573287406,2.605049413171492
L04301923,bilateral,derecha,CWT Morlet,1.5,30,19,429180,0.9728738859271304,3.0808674218118286,3.4724928234864616,2.6048417977083247
L04301923,bilateral,derecha,CWT Morlet,1.5,30,20,429120,0.972585451282408,3.082568870038962,3.4773364025073925,2.604646012570653
L04301923,bilateral,derecha,CWT Morlet,1.5,30,21,429060,0.9723018404712068,3.0842110252602994,3.4820875150667567,2.6044455648730866
L04301923,bilateral,derecha,CWT Morlet,1.5,30,22,429000,0.9720238669426089,3.0857824961504816,3.4867277485036072,2.6042305992135786
L04301923,bilateral,derecha,CWT Morlet,1.5,30,23,428940,0.9717524795153825,3.0873022718918883,3.491247706293824,2.6040160109096973
L04301923,bilateral,derecha,CWT Morlet,1.5,30,24,428880,0.9714886052192993,3.088707260011224,3.4956230160685773,2.6037860824535164
L04301923,bilateral,derecha,CWT Morlet,1.5,30,25,428820,0.9712335948375047,3.0899828263974425,3.4998332619806063,2.6035441151998646
L04301923,bilateral,derecha,CWT Morlet,1.5,30,26,428760,0.9709895883373197,3.0911037718981693,3.5038397297397053,2.6032850816089033
L04301923,bilateral,derecha,CWT Morlet,1.5,30,27,428700,0.9707575671827492,3.09207580033104,3.5076240726341448,2.603015727167513
L04301923,bilateral,derecha,CWT Morlet,1.5,30,28,428640,0.9705387462329143,3.0928944546573667,3.511183917584075,2.602757707717597
L04301923,bilateral,derecha,CWT Morlet,1.5,30,29,428580,0.9703352279064876,3.0936010326780363,3.5144783696194324,2.6025001878572986
L04301923,bilateral,derecha,CWT Morlet,1.5,30,30,428520,0.9701486113043069,3.09421706569366,3.517488493987359,2.602255652270972
L04301923,bilateral,derecha,CWT Morlet,3.0,30,0,430320,0.9753402005861387,2.7690406719280007,3.157770402253487,2.290943676822332
L04301923,bilateral,derecha,CWT Morlet,3.0,30,1,430260,0.9754901917670403,2.768734760334894,3.154660503592486,2.2907660298809613
L04301923,bilateral,derecha,CWT Morlet,3.0,30,2,430200,0.9756215503946681,2.7685897534659736,3.15192973523616,2.290608592587492
L04301923,bilateral,derecha,CWT Morlet,3.0,30,3,430140,0.9757339119510694,2.768575082064261,3.1495724237597056,2.2904476864894256
L04301923,bilateral,derecha,CWT Morlet,3.0,30,4,430080,0.9758288210989983,2.768713214307699,3.147553002391708,2.2902821002042524
L04301923,bilateral,derecha,CWT Morlet,3.0,30,5,430020,0.9758979855138201,2.7690842469241392,3.146056709547402,2.2901325599533444
L04301923,bilateral,derecha,CWT Morlet,3.0,30,6,429960,0.9759125740676559,2.7697051334781038,3.14562494094824,2.28997115212983
L04301923,bilateral,derecha,CWT Morlet,3.0,30,7,429900,0.9758688066376294,2.7706088185218896,3.1463361593992336,2.2898099822325633
L04301923,bilateral,derecha,CWT Morlet,3.0,30,8,429840,0.975772506937037,2.7717344744112307,3.148076343406704,2.2896543490353953
L04301923,bilateral,derecha,CWT Morlet,3.0,30,9,429780,0.9756281478903173,2.773095236266839,3.1507490129842104,2.289496222547216
L04301923,bilateral,derecha,CWT Morlet,3.0,30,10,429720,0.9754431822358605,2.774608099185466,3.154203646493683,2.2893299472591244
L04301923,bilateral,derecha,CWT Morlet,3.0,30,11,429660,0.9752224310876795,2.7763208644365003,3.1583584733132923,2.289174388749699
L04301923,bilateral,derecha,CWT Morlet,3.0,30,12,429600,0.9749712762585984,2.778199148239691,3.163090634862297,2.2890086084062937
L04301923,bilateral,derecha,CWT Morlet,3.0,30,13,429540,0.9746951197744753,2.7802754950662956,3.1682959349199455,2.2888362201945216
L04301923,bilateral,derecha,CWT Morlet,3.0,30,14,429480,0.9743978880001791,2.782537782216086,3.17388778875672,2.2886518005298147
L04301923,bilateral,derecha,CWT Morlet,3.0,30,15,429420,0.9740842556879751,2.784945323776231,3.179787155688884,2.2884713388983875
L04301923,bilateral,derecha,CWT Morlet,3.0,30,16,429360,0.9737586683661251,2.787443570940968,3.1858950829399513,2.2882754053071124
L04301923,bilateral,derecha,CWT Morlet,3.0,30,17,429300,0.9734253221879672,2.789973619915454,3.1921335880704507,2.2880663527303056
L04301923,bilateral,derecha,CWT Morlet,3.0,30,18,429240,0.9730886181397681,2.7924868371911913,3.198414341446857,2.2878402928920503
L04301923,bilateral,derecha,CWT Morlet,3.0,30,19,429180,0.9727514678427674,2.7950308366383747,3.2046988329732176,2.2876242201283077
L04301923,bilateral,derecha,CWT Morlet,3.0,30,20,429120,0.9724173934088931,2.7975951774365817,3.2109219094983668,2.287420007213512
L04301923,bilateral,derecha,CWT Morlet,3.0,30,21,429060,0.9720888945893167,2.800103442359926,3.21702455532383,2.2872110061288473
L04301923,bilateral,derecha,CWT Morlet,3.0,30,22,429000,0.9717671158486813,2.8025202699122045,3.2229821127431317,2.286988894295933
L04301923,bilateral,derecha,CWT Morlet,3.0,30,23,428940,0.9714532283968909,2.8048127263461877,3.2287786302384687,2.2867665518239844
L04301923,bilateral,derecha,CWT Morlet,3.0,30,24,428880,0.971148351393306,2.806963682501516,3.234386338480248,2.286530329931472
L04301923,bilateral,derecha,CWT Morlet,3.0,30,25,428820,0.9708539753741924,2.8089536797251267,3.239779866739649,2.2862830643120318
L04301923,bilateral,derecha,CWT Morlet,3.0,30,26,428760,0.9705722196350112,2.810807961869629,3.244918417195347,2.2860211631361835
L04301923,bilateral,derecha,CWT Morlet,3.0,30,27,428700,0.970304222565555,2.8125210503667435,3.249778039007161,2.285748810434437
L04301923,bilateral,derecha,CWT Morlet,3.0,30,28,428640,0.9700512515072558,2.8140974225010718,3.254352837807319,2.285487474572209
L04301923,bilateral,derecha,CWT Morlet,3.0,30,29,428580,0.9698153822886374,2.815533822350118,3.25860003739698,2.2852270612616317
L04301923,bilateral,derecha,CWT Morlet,3.0,30,30,428520,0.9695983372986029,2.816818142122851,3.2624955740233066,2.2849784935097337
L04301923,bilateral,derecha,CWT Morlet,6.0,30,0,430320,0.9753318631236787,2.5695073025365525,2.9765271168879006,2.0676472064703724
L04301923,bilateral,derecha,CWT Morlet,6.0,30,1,430260,0.9755073102932346,2.569061497866842,2.972685482415187,2.0674714946643484
L04301923,bilateral,derecha,CWT Morlet,6.0,30,2,430200,0.975660867846475,2.568791238562485,2.9693138270140613,2.0673152445569927
L04301923,bilateral,derecha,CWT Morlet,6.0,30,3,430140,0.9757924302833259,2.56870683554824,2.9664038628911964,2.067156248546497
L04301923,bilateral,derecha,CWT Morlet,6.0,30,4,430080,0.9759035115231456,2.5687833388045753,2.96391923350879,2.066991563889885
L04301923,bilateral,derecha,CWT Morlet,6.0,30,5,430020,0.9759840718204205,2.5691022139461075,2.9620922221670867,2.0668421841045874
L04301923,bilateral,derecha,CWT Morlet,6.0,30,6,429960,0.9760018609609968,2.56977110451699,2.961577930510853,2.0666812677850097
L04301923,bilateral,derecha,CWT Morlet,6.0,30,7,429900,0.9759516811421983,2.5707750701304137,2.962489677751834,2.0665196492609184
L04301923,bilateral,derecha,CWT Morlet,6.0,30,8,429840,0.9758401445329623,2.57205228431891,2.964687716920192,2.06636256016367
L04301923,bilateral,derecha,CWT Morlet,6.0,30,9,429780,0.9756729632865289,2.5735796076806325,2.968042508910622,2.066203005762177
L04301923,bilateral,derecha,CWT Morlet,6.0,30,10,429720,0.9754585021195369,2.5753263832657303,2.9723730346168105,2.066035387988114
L04301923,bilateral,derecha,CWT Morlet,6.0,30,11,429660,0.975202744900656,2.5773287957764923,2.9775632798056644,2.0658768020768923
L04301923,bilateral,derecha,CWT Morlet,6.0,30,12,429600,0.9749120253001804,2.579592943867213,2.9834633290477472,2.065707557111973
L04301923,bilateral,derecha,CWT Morlet,6.0,30,13,429540,0.974592596429342,2.5821311845721953,2.9899423822986018,2.0655304697903305
L04301923,bilateral,derecha,CWT Morlet,6.0,30,14,429480,0.9742492833591436,2.5849359476065605,2.996888879485132,2.0653409107134015
L04301923,bilateral,derecha,CWT Morlet,6.0,30,15,429420,0.9738874332377697,2.5879591077755904,3.004202348939525,2.0651548506808775
L04301923,bilateral,derecha,CWT Morlet,6.0,30,16,429360,0.9735121265235396,2.5911840371437953,3.011765123607127,2.0649549057893775
L04301923,bilateral,derecha,CWT Morlet,6.0,30,17,429300,0.9731282435265275,2.5945385227615505,3.019478711985831,2.0647417174212936
L04301923,bilateral,derecha,CWT Morlet,6.0,30,18,429240,0.9727405819094147,2.5979673358143915,3.027241507408624,2.06451267795408
L04301923,bilateral,derecha,CWT Morlet,6.0,30,19,429180,0.972352537837589,2.6013856553472245,3.0349996056180863,2.0642935329648755
L04301923,bilateral,derecha,CWT Morlet,6.0,30,20,429120,0.9719680127576265,2.604791910989594,3.042675305932661,2.064086115091214
L04301923,bilateral,derecha,CWT Morlet,6.0,30,21,429060,0.971589890251291,2.6082085812932823,3.050199716969878,2.0638740289164583
L04301923,bilateral,derecha,CWT Morlet,6.0,30,22,429000,0.9712197085460011,2.611532956079316,3.057539709619579,2.0636504020988373
L04301923,bilateral,derecha,CWT Morlet,6.0,30,23,428940,0.9708588635997195,2.614732101555099,3.0646732809432327,2.063426351978341
L04301923,bilateral,derecha,CWT Morlet,6.0,30,24,428880,0.970508654653183,2.617773269392332,3.071569360952752,2.063189675580757
L04301923,bilateral,derecha,CWT Morlet,6.0,30,25,428820,0.9701707011374134,2.6206448516391507,3.0781984672317173,2.0629428570350217
L04301923,bilateral,derecha,CWT Morlet,6.0,30,26,428760,0.9698471197851272,2.623405359707154,3.0845184605550737,2.0626835226628635
L04301923,bilateral,derecha,CWT Morlet,6.0,30,27,428700,0.9695391829646031,2.6259656173120645,3.090501322084329,2.0624137935796636
L04301923,bilateral,derecha,CWT Morlet,6.0,30,28,428640,0.9692482059672293,2.62838624468354,3.096138517386531,2.0621542873166203
L04301923,bilateral,derecha,CWT Morlet,6.0,30,29,428580,0.9689762332133861,2.6306529356194357,3.1013867878204104,2.0618962774606477
L04301923,bilateral,derecha,CWT Morlet,6.0,30,30,428520,0.9687250768467847,2.6327196721748702,3.1062184401194437,2.0616492238585864
L04301923,bilateral,derecha,CWT Morlet,12.0,30,0,430320,0.9747368674287193,2.410579649181552,2.84619069572413,1.887076450442659
L04301923,bilateral,derecha,CWT Morlet,12.0,30,1,430260,0.9749448899666211,2.409839287124918,2.841440354104175,1.8869110495799861
L04301923,bilateral,derecha,CWT Morlet,12.0,30,2,430200,0.9751271018135126,2.4093761603096158,2.837267372762892,1.8867639550074398
L04301923,bilateral,derecha,CWT Morlet,12.0,30,3,430140,0.9752836097123063,2.4091585937844875,2.833661346956736,1.8866145600264876
L04301923,bilateral,derecha,CWT Morlet,12.0,30,4,430080,0.9754157344446508,2.409158455837486,2.830589757323761,1.8864581829811358
L04301923,bilateral,derecha,CWT Morlet,12.0,30,5,430020,0.975511278098932,2.4094517194009404,2.8283428840250733,1.8863153874099878
L04301923,bilateral,derecha,CWT Morlet,12.0,30,6,429960,0.9755345038826312,2.4101723229877123,2.8276931843949304,1.8861608632495594
L04301923,bilateral,derecha,CWT Morlet,12.0,30,7,429900,0.9754785953256593,2.4113040334555693,2.8287955773887807,1.8860040682784835
L04301923,bilateral,derecha,CWT Morlet,12.0,30,8,429840,0.9753509695418094,2.4127435552118106,2.831483880707498,1.8858503159886408
L04301923,bilateral,derecha,CWT Morlet,12.0,30,9,429780,0.9751587914429954,2.4144822528857772,2.8355887582695725,1.885693107216287
L04301923,bilateral,derecha,CWT Morlet,12.0,30,10,429720,0.9749114654029283,2.416527235434308,2.840894764912543,1.8855271382898158
L04301923,bilateral,derecha,CWT Morlet,12.0,30,11,429660,0.9746163103876871,2.4189269519752434,2.8472459020915415,1.8853682662752358
L04301923,bilateral,derecha,CWT Morlet,12.0,30,12,429600,0.974280808379092,2.4216790320920514,2.8544592366079677,1.8851983370582002
L04301923,bilateral,derecha,CWT Morlet,12.0,30,13,429540,0.9739121986716324,2.4248138955278513,2.8623727707857944,1.8850200494087532
L04301923,bilateral,derecha,CWT Morlet,12.0,30,14,429480,0.9735163106003456,2.4283398035471135,2.8708462138385094,1.8848288265421933
L04301923,bilateral,derecha,CWT Morlet,12.0,30,15,429420,0.973099212411351,2.432192395536186,2.8797558086473494,1.8846405627745482
L04301923,bilateral,derecha,CWT Morlet,12.0,30,16,429360,0.9726666326497853,2.436355292737849,2.8889641994300908,1.884439354908226
L04301923,bilateral,derecha,CWT Morlet,12.0,30,17,429300,0.9722242231247833,2.44074369882923,2.8983493934979743,1.8842243784632002
L04301923,bilateral,derecha,CWT Morlet,12.0,30,18,429240,0.9717773031670693,2.445239025727275,2.907794216421167,1.8839947552633378
L04301923,bilateral,derecha,CWT Morlet,12.0,30,19,429180,0.9713298728192873,2.4498468462730396,2.917226696792183,1.8837752880668612
L04301923,bilateral,derecha,CWT Morlet,12.0,30,20,429120,0.9708862936094279,2.454514056519023,2.926554781787791,1.8835671644092202
L04301923,bilateral,derecha,CWT Morlet,12.0,30,21,429060,0.970449913166946,2.459178637764023,2.9356980456298616,1.8833549366420577
L04301923,bilateral,derecha,CWT Morlet,12.0,30,22,429000,0.970022649795784,2.4637501034659826,2.944614822097489,1.8831328687521944
L04301923,bilateral,derecha,CWT Morlet,12.0,30,23,428940,0.9696061598527832,2.4682133919124043,2.9532768026674536,1.8829106346847724
L04301923,bilateral,derecha,CWT Morlet,12.0,30,24,428880,0.9692019461460502,2.472574437533037,2.961648741580092,1.8826770362859575
L04301923,bilateral,derecha,CWT Morlet,12.0,30,25,428820,0.9688117470079347,2.4767748952031257,2.969697757282313,1.8824341938840552
L04301923,bilateral,derecha,CWT Morlet,12.0,30,26,428760,0.9684376917643726,2.4807292470480857,2.9773808500652033,1.882179927826306
L04301923,bilateral,derecha,CWT Morlet,12.0,30,27,428700,0.9680811801340217,2.484428926716116,2.984666883101874,1.8819144631134983
L04301923,bilateral,derecha,CWT Morlet,12.0,30,28,428640,0.9677436881469207,2.4879481682124234,2.9915429460596212,1.8816578969019349
L04301923,bilateral,derecha,CWT Morlet,12.0,30,29,428580,0.967427326316101,2.491202681478278,2.9979640787785176,1.881402894605933
L04301923,bilateral,derecha,CWT Morlet,12.0,30,30,428520,0.9671340259469285,2.494201902761446,3.0038991228572245,1.8811579232674287
