S_HDR3             |BIS R2  |4.1                                                                                                                                                                                                                                                                                               |
Time               |Spectra                                                                                                                                                                                                                                                                                                    |
03/04/2026 10:35:21|0000,0000,0000,0000,0000,0000,0000,0000,0000,0000,0000,0000,0000,0000,0000,0000,0000,0000,0000,0000,0000,0000,0000,0000,0000,0000,0000,0000,0000,0000,0000,0000,0000,0000,0000,0000,0000,0000,0000,0000,0000,0000,0000,0000,0000,0000,0000,0000,0000,0000,0000,0000,0000,0000,0000,0000,0000,0000,0000,0000|
03/04/2026 10:35:22|0000,0000,0000,0000,0000,0000,0000,0000,0000,0000,0000,0000,0000,0000,0000,0000,0000,0000,0000,0000,0000,0000,0000,0000,0000,0000,0000,0000,0000,0000,0000,0000,0000,0000,0000,0000,0000,0000,0000,0000,0000,0000,0000,0000,0000,0000,0000,0000,0000,0000,0000,0000,0000,0000,0000,0000,0000,0000,0000,0000|
03/04/2026 10:35:23|0000,0000,0000,0000,0000,0000,0000,0000,0000,0000,0000,0000,0000,0000,0000,0000,0000,0000,0000,0000,0000,0000,0000,0000,0000,0000,0000,0000,0000,0000,0000,0000,0000,0000,0000,0000,0000,0000,0000,0000,0000,0000,0000,0000,0000,0000,0000,0000,0000,0000,0000,0000,0000,0000,0000,0000,0000,0000,0000,0000|
03/04/2026 10:35:24|0000,0000,0000,0000,0000,0000,0000,0000,0000,0000,0000,0000,0000,0000,0000,0000,0000,0000,0000,0000,0000,0000,0000,0000,0000,0000,0000,0000,0000,0000,0000,0000,0000,0000,0000,0000,0000,0000,0000,0000,0000,0000,0000,0000,0000,0000,0000,0000,0000,0000,0000,0000,0000,0000,0000,0000,0000,0000,0000,0000|
03/04/2026 10:35:25|9356,9812,9743,10048,9982,9609,9346,9854,10114,9887,9405,9351,9315,9363,9202,9056,9314,9390,8872,7623,8050,8648,8734,8539,8460,8338,7919,7734,7812,8101,8260,8208,7873,7019,7761,8266,8005,7266,6957,6953,7719,7520,7179,7145,7954,8222,8143,7820,7674,7446,6931,7563,7886,8260,8423,8209,7732,7975,8081,7602|
03/04/2026 10:35:26|9357,9812,9742,10045,9978,9603,9342,9851,10111,9884,9403,9349,9312,9361,9197,9053,9312,9388,8871,7624,8049,8646,8731,8537,8457,8335,7916,7731,7806,8099,8259,8202,7873,7021,7761,8264,8004,7264,6958,6953,7719,7519,7179,7145,7952,8220,8141,7817,7674,7446,6931,7562,7883,8258,8420,8202,7730,7974,8079,7600|
03/04/2026 10:35:27|9357,9811,9736,10034,9967,9588,9334,9842,10100,9876,9395,9339,9302,9355,9185,9045,9304,9377,8867,7632,8047,8639,8723,8531,8448,8322,7906,7722,7789,8089,8254,8191,7872,7020,7753,8253,8001,7263,6961,6950,7717,7517,7177,7148,7946,8211,8129,7812,7675,7440,6925,7561,7876,8246,8408,8182,7724,7969,8073,7594|
03/04/2026 10:35:28|9356,9808,9723,10016,9950,9572,9327,9828,10081,9862,9384,9323,9289,9347,9171,9030,9289,9359,8860,7646,8047,8630,8712,8523,8433,8301,7892,7709,7764,8072,8246,8180,7868,7012,7737,8235,7994,7265,6968,6940,7713,7514,7172,7152,7934,8192,8106,7809,7678,7428,6910,7559,7865,8226,8386,8153,7712,7960,8065,7586|
03/04/2026 10:35:29|9353,9801,9705,9993,9928,9555,9319,9808,10055,9843,9370,9300,9272,9337,9154,9009,9268,9333,8850,7666,8047,8618,8699,8511,8412,8273,7875,7693,7733,8048,8235,8169,7863,6998,7714,8209,7986,7271,6978,6925,7706,7512,7167,7158,7919,8166,8073,7807,7682,7412,6888,7556,7852,8199,8356,8117,7697,7948,8054,7578|
03/04/2026 10:35:30|9345,9791,9682,9966,9899,9532,9304,9776,10018,9815,9347,9270,9250,9317,9128,8986,9239,9293,8829,7686,8045,8597,8676,8490,8386,8242,7858,7676,7700,8017,8219,8158,7860,6988,7689,8181,7979,7279,6992,6910,7691,7506,7162,7169,7905,8138,8035,7806,7689,7397,6869,7553,7837,8165,8321,8083,7684,7934,8042,7571|
03/04/2026 10:35:31|9333,9778,9656,9931,9855,9502,9279,9732,9969,9773,9313,9233,9216,9288,9097,8951,9199,9241,8800,7704,8039,8561,8637,8457,8355,8213,7845,7661,7667,7982,8196,8139,7853,6984,7667,8151,7968,7289,7004,6892,7670,7497,7159,7178,7886,8109,7999,7806,7693,7383,6856,7552,7821,8131,8285,8050,7671,7918,8024,7566|
03/04/2026 10:35:32|9322,9764,9631,9894,9809,9467,9251,9684,9916,9727,9280,9196,9176,9253,9059,8910,9158,9187,8767,7721,8024,8512,8585,8417,8326,8188,7835,7650,7638,7945,8165,8116,7843,6981,7643,8117,7944,7299,7020,6877,7648,7486,7149,7186,7862,8075,7961,7800,7696,7369,6850,7552,7803,8093,8243,8016,7652,7897,8002,7563|
03/04/2026 10:35:33|9313,9752,9603,9857,9768,9429,9222,9634,9856,9679,9250,9159,9137,9216,9015,8870,9120,9134,8730,7738,8003,8450,8522,8369,8301,8171,7831,7640,7616,7910,8126,8090,7830,6972,7611,8078,7898,7309,7042,6871,7627,7476,7126,7198,7841,8038,7920,7788,7697,7358,6855,7555,7782,8052,8188,7978,7625,7867,7980,7561|
03/04/2026 10:35:34|9304,9742,9573,9819,9729,9387,9194,9584,9791,9631,9222,9122,9097,9179,8965,8831,9084,9082,8690,7754,7976,8375,8452,8315,8279,8160,7829,7632,7602,7878,8080,8061,7815,6958,7572,8034,7832,7319,7068,6874,7606,7467,7091,7213,7822,8001,7875,7769,7698,7353,6869,7562,7762,8006,8122,7937,7591,7830,7956,7560|
03/04/2026 10:35:35|9297,9733,9541,9782,9693,9344,9166,9535,9722,9582,9197,9085,9059,9143,8911,8794,9051,9031,8648,7770,7945,8291,8376,8256,8260,8155,7831,7624,7594,7848,8028,8030,7797,6940,7528,7987,7751,7329,7097,6885,7586,7459,7047,7231,7806,7962,7830,7744,7698,7350,6891,7571,7741,7958,8048,7893,7552,7786,7931,7561|
03/04/2026 10:35:36|9291,9727,9509,9745,9660,9298,9139,9486,9650,9533,9174,9049,9021,9107,8854,8759,9019,8982,8606,7785,7911,8201,8295,8193,8244,8155,7836,7618,7591,7822,7971,7997,7778,6919,7481,7937,7656,7338,7129,6903,7567,7452,6995,7249,7792,7923,7783,7716,7697,7351,6920,7581,7719,7908,7966,7848,7508,7738,7907,7562|
03/04/2026 10:35:37|9285,9717,9477,9707,9622,9250,9108,9438,9575,9477,9143,9008,8983,9069,8796,8719,8980,8930,8562,7799,7881,8115,8216,8130,8227,8155,7836,7608,7592,7798,7915,7965,7760,6903,7438,7889,7560,7347,7158,6927,7548,7442,6946,7264,7777,7883,7738,7691,7692,7352,6952,7592,7696,7860,7887,7804,7463,7692,7884,7563|
03/04/2026 10:35:38|9274,9701,9441,9659,9576,9196,9072,9387,9497,9413,9106,8965,8944,9026,8733,8669,8930,8871,8512,7807,7853,8038,8138,8050,8205,8150,7829,7588,7592,7777,7864,7936,7747,6896,7404,7847,7480,7362,7189,6954,7529,7433,6911,7283,7766,7850,7701,7672,7689,7345,6988,7604,7674,7820,7819,7768,7428,7654,7860,7557|
03/04/2026 10:35:39|9254,9680,9399,9602,9523,9137,9034,9337,9415,9345,9065,8921,8904,8977,8665,8612,8872,8804,8457,7811,7827,7968,8064,7951,8180,8141,7813,7559,7591,7757,7819,7912,7737,6897,7377,7812,7415,7382,7221,6985,7509,7424,6888,7307,7761,7824,7672,7661,7689,7327,7026,7616,7655,7788,7763,7740,7405,7624,7835,7544|
03/04/2026 10:35:40|9228,9653,9353,9535,9465,9074,8995,9286,9332,9273,9022,8878,8864,8924,8593,8547,8806,8731,8398,7811,7802,7905,7993,7836,8152,8128,7791,7521,7589,7739,7780,7891,7730,6906,7355,7784,7363,7406,7254,7018,7488,7415,6876,7336,7760,7804,7649,7655,7690,7300,7067,7628,7639,7763,7718,7720,7392,7602,7808,7526|
03/04/2026 10:35:41|9196,9623,9303,9463,9403,9008,8954,9236,9248,9199,8977,8835,8825,8868,8519,8478,8735,8654,8335,7809,7778,7849,7926,7709,8122,8113,7763,7476,7587,7722,7745,7874,7726,6921,7339,7760,7323,7434,7287,7053,7468,7406,6874,7368,7763,7789,7631,7654,7693,7265,7108,7640,7625,7745,7683,7707,7389,7585,7780,7502|
03/04/2026 10:35:42|9160,9590,9250,9385,9339,8940,8914,9186,9165,9123,8931,8793,8786,8810,8444,8404,8660,8573,8270,7804,7755,7799,7864,7572,8091,8094,7730,7426,7583,7706,7715,7860,7726,6941,7328,7742,7294,7464,7321,7089,7448,7397,6880,7402,7770,7780,7620,7657,7698,7224,7151,7652,7614,7733,7657,7701,7395,7575,7751,7475|
03/04/2026 10:35:43|9122,9556,9198,9304,9274,8875,8874,9139,9084,9049,8884,8752,8749,8753,8371,8327,8583,8492,8206,7799,7735,7755,7807,7438,8060,8075,7696,7376,7579,7688,7685,7845,7727,6968,7322,7728,7272,7492,7352,7124,7428,7388,6893,7440,7780,7773,7610,7663,7703,7183,7191,7662,7605,7725,7636,7697,7405,7568,7722,7446|
03/04/2026 10:35:44|9080,9518,9149,9222,9213,8811,8836,9092,9009,8977,8836,8705,8706,8697,8305,8249,8509,8416,8145,7796,7719,7715,7757,7322,8030,8059,7666,7333,7572,7669,7655,7827,7729,7002,7324,7710,7252,7511,7379,7160,7408,7374,6910,7476,7791,7763,7597,7664,7710,7151,7228,7673,7601,7718,7614,7690,7416,7562,7696,7423|
03/04/2026 10:35:45|9032,9477,9100,9143,9151,8737,8794,9045,8935,8902,8782,8651,8654,8636,8241,8169,8436,8342,8087,7791,7706,7680,7712,7219,7999,8043,7639,7292,7567,7653,7629,7806,7727,7029,7325,7686,7231,7523,7400,7193,7389,7364,6931,7505,7800,7749,7584,7665,7720,7129,7259,7679,7598,7708,7587,7677,7425,7560,7677,7404|
03/04/2026 10:35:46|8984,9434,9042,9066,9091,8662,8745,8992,8858,8826,8726,8595,8598,8575,8180,8091,8362,8273,8034,7786,7696,7652,7673,7130,7970,8022,7613,7254,7561,7640,7607,7788,7724,7052,7325,7662,7214,7534,7417,7221,7370,7357,6953,7527,7809,7735,7578,7670,7725,7108,7278,7676,7594,7698,7557,7657,7435,7563,7665,7388|
03/04/2026 10:35:47|8936,9388,8978,8990,9028,8591,8694,8932,8778,8753,8669,8537,8542,8514,8118,8016,8285,8204,7982,7776,7678,7624,7638,7058,7944,7996,7587,7221,7553,7620,7584,7769,7718,7077,7330,7639,7201,7537,7432,7247,7356,7356,6976,7539,7816,7722,7576,7678,7726,7088,7288,7670,7589,7689,7529,7634,7447,7568,7654,7375|
03/04/2026 10:35:48|8885,9341,8919,8915,8963,8523,8640,8871,8700,8681,8610,8474,8485,8453,8058,7945,8204,8138,7934,7764,7657,7600,7604,6995,7919,7969,7564,7198,7543,7598,7559,7751,7712,7106,7336,7613,7186,7530,7446,7276,7348,7353,6999,7536,7814,7702,7568,7682,7725,7076,7300,7665,7585,7682,7506,7610,7460,7568,7636,7360|
03/04/2026 10:35:49|8834,9294,8867,8839,8902,8462,8588,8810,8628,8612,8549,8409,8425,8390,8004,7881,8124,8078,7892,7754,7635,7578,7573,6946,7892,7940,7540,7183,7539,7576,7540,7735,7702,7133,7341,7589,7174,7523,7455,7303,7341,7352,7023,7530,7807,7678,7560,7682,7723,7072,7309,7657,7579,7680,7491,7589,7474,7566,7615,7341|
03/04/2026 10:35:50|8780,9240,8817,8770,8839,8405,8539,8747,8558,8543,8486,8341,8363,8326,7952,7822,8048,8018,7849,7741,7611,7555,7546,6912,7859,7910,7517,7172,7537,7557,7525,7719,7684,7155,7350,7569,7165,7518,7462,7326,7325,7350,7050,7527,7796,7653,7551,7679,7719,7072,7314,7641,7571,7674,7478,7570,7484,7563,7593,7323|
03/04/2026 10:35:51|8732,9189,8775,8714,8782,8356,8500,8688,8492,8477,8427,8280,8306,8269,7909,7772,7970,7960,7810,7733,7596,7536,7526,6894,7834,7883,7496,7160,7536,7539,7514,7706,7665,7180,7358,7546,7153,7516,7471,7346,7310,7349,7078,7525,7779,7622,7541,7670,7711,7071,7317,7621,7565,7671,7472,7556,7495,7561,7567,7295|
03/04/2026 10:35:52|8694,9142,8736,8670,8731,8317,8470,8629,8426,8412,8378,8231,8254,8216,7874,7732,7872,7900,7779,7736,7592,7516,7512,6883,7815,7858,7477,7155,7538,7515,7507,7695,7648,7208,7369,7524,7134,7518,7483,7359,7294,7349,7101,7524,7755,7585,7528,7654,7695,7060,7313,7600,7564,7675,7475,7545,7510,7565,7545,7250|
03/04/2026 10:35:53|8664,9099,8702,8635,8685,8285,8449,8569,8361,8351,8337,8193,8206,8168,7845,7698,7758,7838,7754,7749,7598,7495,7503,6877,7801,7837,7461,7156,7543,7487,7504,7687,7632,7241,7382,7503,7107,7522,7496,7367,7278,7349,7119,7523,7726,7543,7513,7630,7671,7041,7302,7577,7567,7686,7485,7536,7528,7574,7526,7190|
03/04/2026 10:35:54|8643,9060,8670,8610,8642,8260,8434,8510,8298,8291,8303,8165,8162,8123,7823,7672,7630,7776,7735,7769,7613,7473,7499,6877,7792,7818,7447,7163,7550,7454,7504,7680,7618,7276,7397,7483,7076,7530,7512,7369,7262,7349,7133,7522,7693,7498,7496,7602,7641,7013,7287,7552,7572,7702,7503,7530,7548,7587,7511,7118|
03/04/2026 10:35:55|8629,9024,8642,8593,8604,8241,8426,8452,8237,8235,8277,8146,8122,8083,7807,7653,7490,7714,7722,7796,7634,7451,7498,6881,7788,7801,7435,7174,7559,7417,7506,7676,7604,7313,7413,7464,7039,7539,7529,7368,7246,7348,7143,7522,7657,7450,7478,7568,7606,6979,7267,7526,7580,7722,7527,7526,7571,7604,7498,7036|
03/04/2026 10:35:56|8622,8992,8618,8583,8569,8228,8424,8395,8178,8181,8256,8134,8086,8046,7795,7638,7343,7653,7714,7828,7662,7428,7501,6888,7787,7787,7425,7190,7570,7379,7511,7673,7592,7352,7430,7446,6999,7550,7546,7362,7229,7348,7149,7521,7618,7400,7458,7531,7566,6940,7243,7499,7590,7747,7555,7523,7595,7624,7487,6946|
03/04/2026 10:35:57|8620,8963,8596,8580,8538,8220,8426,8340,8122,8131,8241,8130,8053,8012,7788,7629,7191,7593,7710,7865,7695,7406,7507,6898,7789,7775,7417,7208,7581,7339,7517,7672,7581,7391,7447,7429,6957,7563,7565,7353,7213,7347,7153,7521,7576,7349,7437,7491,7523,6897,7217,7472,7603,7774,7587,7522,7620,7646,7479,6850|
03/04/2026 10:35:58|8623,8938,8577,8582,8511,8216,8433,8287,8069,8084,8230,8131,8024,7982,7785,7624,7035,7535,7709,7906,7732,7383,7515,6911,7794,7765,7411,7230,7594,7297,7526,7672,7572,7431,7466,7413,6912,7577,7583,7342,7197,7347,7153,7521,7534,7298,7416,7449,7478,6851,7188,7445,7616,7804,7622,7523,7645,7669,7474,6750|
03/04/2026 10:35:59|8630,8915,8561,8588,8487,8216,8444,8236,8018,8040,8224,8137,7999,7956,7785,7623,6878,7478,7712,7949,7772,7361,7526,6927,7801,7757,7406,7253,7608,7255,7535,7673,7563,7471,7484,7399,6866,7592,7602,7328,7181,7347,7152,7521,7491,7246,7395,7406,7431,6802,7158,7418,7631,7836,7659,7525,7671,7694,7469,6647|
03/04/2026 10:36:00|8640,8895,8547,8599,8466,8220,8457,8188,7971,7999,8222,8148,7976,7932,7789,7626,6721,7424,7718,7994,7815,7340,7538,6943,7810,7750,7402,7278,7622,7213,7545,7676,7555,7511,7502,7385,6820,7607,7621,7313,7166,7346,7148,7521,7448,7196,7374,7361,7383,6752,7126,7391,7646,7868,7698,7527,7697,7720,7467,6543|
03/04/2026 10:36:01|8654,8878,8535,8613,8448,8226,8473,8142,7926,7961,8223,8163,7956,7911,7795,7631,6566,7372,7726,8040,7858,7319,7551,6961,7821,7745,7399,7304,7636,7171,7556,7678,7549,7549,7521,7372,6774,7622,7639,7296,7152,7346,7143,7521,7405,7146,7353,7317,7335,6701,7094,7366,7662,7902,7738,7531,7722,7747,7466,6439|
03/04/2026 10:36:02|8670,8864,8526,8630,8433,8235,8491,8099,7885,7927,8227,8181,7939,7893,7803,7639,6415,7323,7736,8086,7903,7299,7565,6980,7833,7741,7398,7331,7650,7130,7568,7682,7543,7587,7539,7361,6728,7638,7657,7278,7138,7345,7136,7522,7363,7098,7332,7273,7287,6649,7062,7341,7679,7936,7778,7535,7748,7773,7466,6336|
03/04/2026 10:36:03|8688,8851,8517,8649,8421,8246,8510,8059,7848,7896,8233,8201,7925,7878,7813,7649,6269,7276,7748,8133,7948,7281,7581,7001,7846,7739,7398,7357,7664,7091,7580,7687,7538,7624,7556,7351,6683,7654,7674,7260,7126,7345,7128,7522,7321,7052,7312,7229,7240,6600,7030,7318,7695,7969,7817,7540,7772,7799,7468,6235|
03/04/2026 10:36:04|8708,8844,8509,8672,8420,8264,8535,8035,7826,7874,8238,8227,7923,7868,7830,7668,6153,7231,7764,8180,7990,7273,7603,7028,7858,7740,7402,7377,7679,7064,7597,7693,7536,7662,7574,7344,6654,7670,7681,7249,7121,7348,7119,7515,7271,7015,7295,7188,7199,6562,7007,7300,7713,7999,7842,7548,7796,7821,7467,6146|
03/04/2026 10:36:05|8730,8841,8499,8699,8432,8291,8564,8030,7823,7864,8241,8259,7935,7865,7856,7697,6074,7187,7785,8228,8029,7277,7633,7066,7870,7746,7410,7389,7694,7053,7620,7703,7536,7703,7593,7340,6642,7686,7675,7246,7127,7356,7109,7502,7210,6990,7281,7150,7166,6541,6994,7291,7732,8023,7846,7558,7818,7838,7465,6071|
03/04/2026 10:36:06|8755,8844,8491,8729,8454,8326,8596,8038,7836,7863,8242,8293,7954,7866,7884,7730,6025,7146,7809,8274,8063,7292,7666,7109,7882,7754,7423,7397,7710,7054,7646,7712,7540,7741,7614,7341,6646,7699,7660,7249,7141,7368,7102,7488,7150,6976,7271,7119,7141,6533,6990,7287,7753,8044,7838,7572,7840,7852,7464,6015|
03/04/2026 10:36:07|8779,8851,8492,8761,8480,8365,8630,8056,7856,7867,8239,8323,7975,7870,7906,7759,5991,7117,7833,8311,8095,7312,7687,7152,7891,7762,7439,7410,7728,7065,7675,7724,7547,7776,7637,7347,6658,7708,7645,7258,7160,7380,7100,7482,7109,6974,7265,7102,7123,6539,6991,7288,7773,8066,7834,7591,7864,7867,7468,5985|
03/04/2026 10:36:08|8803,8862,8502,8795,8511,8410,8668,8085,7883,7878,8237,8349,8000,7881,7930,7789,5981,7103,7861,8344,8123,7332,7683,7190,7892,7768,7450,7424,7744,7082,7710,7745,7562,7811,7661,7352,6678,7715,7638,7276,7182,7387,7102,7485,7085,6978,7256,7098,7120,6563,7005,7295,7787,8088,7838,7610,7887,7886,7476,5973|
03/04/2026 10:36:09|8826,8878,8520,8830,8548,8458,8709,8124,7914,7894,8236,8371,8029,7898,7956,7821,5993,7103,7890,8373,8148,7352,7655,7223,7885,7774,7459,7438,7756,7104,7748,7772,7583,7846,7687,7355,6705,7723,7640,7304,7205,7390,7106,7494,7075,6987,7242,7107,7132,6602,7029,7309,7795,8112,7848,7628,7909,7906,7487,5976|
03/04/2026 10:36:10|8847,8896,8546,8866,8588,8509,8752,8170,7949,7914,8237,8391,8061,7919,7983,7853,6024,7115,7921,8398,8170,7372,7608,7251,7871,7778,7463,7452,7766,7129,7789,7805,7610,7880,7712,7356,6737,7729,7650,7339,7229,7389,7113,7510,7078,7000,7225,7127,7156,6654,7062,7327,7798,8135,7864,7646,7928,7928,7501,5992|
03/04/2026 10:36:11|8867,8917,8577,8902,8631,8563,8797,8223,7987,7939,8239,8407,8095,7945,8010,7886,6072,7137,7953,8420,8189,7392,7545,7275,7852,7781,7465,7467,7773,7157,7832,7842,7640,7914,7738,7356,6774,7735,7665,7379,7254,7384,7122,7531,7091,7017,7205,7156,7191,6717,7102,7350,7797,8159,7885,7663,7947,7951,7517,6020|
03/04/2026 10:36:12|8886,8940,8612,8938,8676,8617,8843,8280,8027,7966,8242,8421,8130,7974,8039,7919,6132,7168,7985,8438,8205,7410,7467,7295,7828,7784,7465,7481,7779,7187,7876,7884,7675,7946,7763,7355,6815,7741,7686,7425,7279,7377,7132,7556,7113,7036,7184,7193,7234,6789,7149,7377,7791,8182,7909,7679,7963,7975,7535,6056|
03/04/2026 10:36:13|8905,8965,8650,8975,8723,8672,8885,8337,8065,7991,8246,8433,8166,8003,8064,7949,6202,7205,8016,8451,8216,7429,7387,7313,7803,7784,7461,7495,7783,7220,7920,7924,7712,7978,7789,7352,6861,7748,7710,7473,7308,7373,7150,7586,7145,7062,7167,7236,7285,6866,7202,7409,7787,8204,7938,7699,7982,8001,7558,6106|
03/04/2026 10:36:14|8925,8993,8686,9012,8773,8724,8917,8384,8096,8009,8250,8446,8200,8027,8079,7970,6276,7245,8042,8451,8215,7446,7322,7333,7778,7781,7455,7513,7791,7258,7962,7956,7751,8014,7817,7345,6916,7761,7737,7521,7345,7386,7183,7623,7188,7100,7165,7288,7341,6944,7264,7452,7792,8224,7974,7732,8010,8029,7588,6178|
03/04/2026 10:36:15|8946,9022,8719,9050,8825,8773,8940,8421,8120,8020,8253,8461,8233,8048,8086,7984,6353,7287,8063,8440,8204,7462,7273,7354,7757,7775,7445,7532,7800,7300,8000,7979,7793,8052,7848,7335,6978,7779,7765,7569,7390,7414,7230,7666,7242,7150,7177,7346,7401,7023,7334,7505,7805,8242,8016,7776,8046,8061,7625,6270|
03/04/2026 10:36:16|8968,9054,8750,9089,8878,8819,8954,8449,8137,8024,8257,8475,8265,8065,8084,7991,6431,7331,8079,8419,8184,7477,7237,7377,7737,7766,7433,7554,7812,7345,8035,7996,7836,8091,7881,7322,7046,7802,7794,7615,7442,7455,7290,7714,7303,7210,7202,7409,7464,7101,7410,7565,7826,8258,8063,7829,8089,8095,7668,6379|
03/04/2026 10:36:17|8991,9085,8779,9127,8932,8863,8961,8470,8148,8022,8260,8490,8294,8079,8077,7992,6509,7375,8091,8391,8158,7492,7213,7400,7719,7756,7420,7578,7825,7392,8065,8005,7880,8131,7915,7307,7118,7827,7822,7660,7498,7505,7358,7764,7370,7276,7237,7475,7529,7179,7489,7630,7853,8272,8114,7890,8137,8130,7715,6498|
03/04/2026 10:36:18|9011,9113,8808,9159,8982,8902,8963,8488,8157,8020,8265,8503,8322,8094,8069,7993,6588,7418,8097,8363,8131,7512,7206,7428,7706,7749,7414,7602,7839,7434,8083,8011,7921,8167,7946,7292,7183,7851,7846,7703,7553,7555,7426,7813,7437,7345,7279,7539,7592,7256,7568,7693,7878,8281,8162,7951,8183,8161,7759,6614|
03/04/2026 10:36:19|9031,9142,8838,9185,9021,8935,8965,8506,8168,8025,8275,8512,8348,8111,8062,7999,6672,7464,8106,8338,8110,7540,7214,7463,7699,7747,7415,7628,7853,7474,8095,8014,7962,8199,7979,7288,7248,7874,7870,7744,7610,7607,7489,7859,7501,7409,7325,7597,7649,7330,7638,7748,7899,8284,8198,8003,8214,8172,7796,6726|
03/04/2026 10:36:20|9053,9173,8870,9205,9054,8963,8963,8523,8184,8035,8281,8513,8370,8126,8056,8007,6759,7509,8117,8315,8093,7576,7236,7503,7687,7750,7424,7657,7866,7513,8104,8015,7999,8227,8008,7297,7317,7900,7896,7782,7668,7658,7545,7897,7559,7465,7366,7644,7688,7399,7700,7790,7914,8278,8215,8040,8226,8161,7826,6839|
03/04/2026 10:36:21|9079,9208,8904,9218,9083,8988,8956,8540,8205,8048,8281,8506,8387,8138,8050,8014,6845,7555,8130,8294,8077,7617,7269,7546,7661,7757,7444,7687,7877,7548,8111,8016,8033,8251,8035,7314,7389,7929,7922,7816,7727,7704,7594,7928,7609,7512,7400,7683,7706,7463,7757,7819,7921,8265,8211,8062,8223,8134,7850,6954|
03/04/2026 10:36:22|9106,9245,8938,9225,9109,9009,8944,8556,8229,8064,8275,8491,8401,8147,8044,8020,6930,7600,8144,8274,8063,7662,7313,7591,7624,7767,7471,7719,7885,7580,8115,8017,8065,8271,8058,7339,7462,7961,7948,7847,7784,7747,7636,7952,7652,7549,7428,7715,7704,7521,7807,7839,7921,8245,8191,8071,8205,8093,7869,7068|
03/04/2026 10:36:23|9130,9277,8972,9228,9126,9027,8927,8573,8256,8079,8268,8474,8412,8155,8040,8026,7015,7644,8160,8258,8051,7707,7363,7638,7585,7779,7502,7749,7890,7609,8115,8017,8092,8288,8078,7369,7535,7993,7973,7876,7840,7785,7671,7969,7690,7581,7452,7740,7692,7574,7849,7849,7918,8222,8158,8070,8181,8045,7883,7179|
03/04/2026 10:36:24|9145,9299,8999,9228,9134,9042,8911,8590,8281,8091,8266,8458,8416,8159,8036,8032,7102,7688,8171,8243,8034,7740,7415,7687,7560,7794,7535,7774,7893,7636,8109,8007,8108,8295,8091,7395,7598,8014,7985,7899,7887,7815,7696,7975,7724,7614,7478,7759,7680,7617,7881,7853,7915,8201,8122,8066,8159,8002,7891,7281|
03/04/2026 10:36:25|9154,9313,9013,9216,9127,9047,8888,8594,8297,8096,8256,8435,8407,8155,8028,8032,7182,7724,8177,8224,8008,7765,7463,7730,7540,7806,7564,7790,7892,7658,8096,7985,8110,8286,8091,7418,7649,8022,7988,7914,7920,7832,7708,7973,7752,7646,7507,7775,7668,7654,7905,7853,7910,8181,8088,8062,8138,7957,7890,7370|
03/04/2026 10:36:26|9151,9314,9004,9187,9103,9037,8854,8585,8301,8087,8225,8397,8388,8142,8007,8022,7248,7753,8173,8202,7974,7782,7500,7758,7515,7810,7586,7800,7885,7666,8073,7958,8102,8262,8080,7435,7682,8018,7986,7923,7942,7837,7710,7963,7774,7671,7531,7785,7651,7682,7917,7846,7902,8160,8057,8058,8114,7911,7877,7448|
03/04/2026 10:36:27|9135,9295,8981,9146,9066,9013,8811,8566,8297,8073,8187,8354,8362,8125,7981,8005,7309,7774,8158,8173,7938,7791,7523,7776,7486,7808,7598,7803,7871,7668,8042,7927,8086,8223,8064,7448,7701,8005,7976,7923,7950,7833,7704,7948,7791,7689,7547,7784,7629,7696,7912,7830,7885,8133,8020,8044,8079,7861,7857,7515|
03/04/2026 10:36:28|9109,9266,8946,9099,9017,8977,8758,8541,8288,8058,8149,8307,8323,8108,7956,7976,7363,7786,8132,8131,7899,7792,7538,7788,7444,7801,7604,7800,7848,7661,7999,7891,8065,8178,8043,7455,7710,7987,7963,7916,7946,7820,7695,7933,7803,7699,7553,7777,7608,7699,7883,7808,7864,8099,7974,8013,8038,7810,7832,7569|
03/04/2026 10:36:29|9076,9228,8902,9046,8957,8928,8697,8510,8275,8042,8111,8257,8272,8090,7930,7936,7412,7792,8098,8079,7857,7786,7548,7794,7392,7791,7605,7791,7818,7647,7946,7851,8040,8128,8018,7456,7709,7965,7946,7904,7933,7802,7685,7916,7811,7702,7551,7765,7586,7693,7835,7781,7839,8060,7920,7970,7994,7759,7803,7611|
03/04/2026 10:36:30|9033,9176,8847,8988,8890,8864,8629,8472,8251,8014,8070,8203,8212,8063,7904,7894,7453,7788,8054,8022,7817,7778,7553,7790,7342,7774,7598,7777,7782,7628,7888,7810,8012,8073,7984,7448,7700,7939,7928,7889,7915,7778,7674,7896,7814,7699,7542,7748,7566,7683,7781,7751,7810,8015,7863,7920,7940,7709,7772,7640|
03/04/2026 10:36:31|8976,9113,8785,8922,8819,8786,8555,8429,8218,7978,8027,8145,8149,8032,7876,7855,7482,7771,8002,7961,7775,7764,7549,7773,7298,7757,7589,7761,7743,7605,7830,7766,7976,8010,7934,7423,7682,7910,7905,7866,7887,7749,7661,7871,7806,7688,7530,7728,7548,7671,7726,7717,7779,7967,7806,7870,7886,7663,7740,7652|
03/04/2026 10:36:32|8913,9049,8727,8855,8748,8699,8481,8389,8186,7944,7983,8083,8084,7999,7850,7821,7510,7755,7950,7897,7731,7742,7533,7745,7261,7742,7577,7739,7697,7578,7772,7717,7939,7949,7877,7395,7660,7876,7878,7838,7859,7722,7646,7844,7790,7671,7516,7704,7527,7655,7675,7682,7745,7913,7753,7821,7833,7617,7706,7649|
03/04/2026 10:36:33|8844,8985,8674,8791,8679,8609,8409,8353,8155,7911,7940,8017,8016,7965,7828,7794,7538,7742,7897,7829,7687,7716,7509,7712,7232,7730,7566,7709,7645,7545,7711,7661,7902,7891,7820,7368,7636,7837,7848,7812,7834,7696,7630,7816,7770,7651,7503,7675,7505,7641,7628,7649,7709,7856,7703,7771,7780,7570,7671,7635|
03/04/2026 10:36:34|8771,8922,8627,8729,8611,8515,8340,8320,8124,7881,7897,7949,7946,7930,7810,7773,7568,7733,7846,7758,7643,7687,7477,7675,7209,7721,7555,7674,7588,7508,7649,7599,7866,7836,7762,7342,7613,7795,7818,7788,7812,7672,7614,7788,7745,7629,7490,7644,7481,7629,7587,7617,7672,7796,7658,7722,7728,7522,7636,7613|
03/04/2026 10:36:35|8695,8861,8586,8670,8546,8421,8272,8290,8095,7853,7855,7880,7876,7895,7795,7757,7598,7727,7795,7686,7599,7654,7439,7634,7192,7713,7545,7633,7527,7468,7587,7532,7831,7785,7706,7317,7588,7750,7787,7766,7793,7650,7597,7759,7718,7605,7477,7610,7457,7617,7550,7588,7633,7735,7616,7674,7676,7475,7601,7584|
03/04/2026 10:36:36|8617,8801,8549,8614,8484,8326,8208,8263,8068,7826,7815,7811,7806,7861,7784,7746,7629,7724,7746,7612,7557,7620,7396,7592,7180,7708,7536,7588,7462,7425,7525,7463,7798,7737,7650,7293,7564,7703,7756,7746,7776,7630,7579,7730,7687,7580,7465,7575,7431,7606,7517,7560,7594,7674,7579,7626,7627,7428,7566,7550|
03/04/2026 10:36:37|8538,8744,8518,8561,8425,8232,8147,8240,8041,7802,7776,7743,7737,7826,7775,7739,7659,7723,7699,7539,7515,7583,7349,7548,7173,7704,7528,7540,7396,7380,7464,7392,7766,7693,7595,7271,7541,7655,7725,7727,7762,7612,7562,7702,7655,7554,7454,7538,7406,7597,7489,7535,7554,7612,7545,7580,7578,7382,7533,7510|
03/04/2026 10:36:38|8460,8689,8490,8512,8369,8140,8090,8220,8017,7780,7738,7675,7669,7793,7768,7736,7689,7724,7653,7466,7476,7546,7299,7503,7170,7702,7520,7490,7330,7335,7404,7320,7735,7653,7542,7250,7517,7606,7693,7710,7750,7595,7544,7674,7621,7528,7443,7501,7380,7589,7464,7511,7515,7551,7516,7536,7532,7337,7500,7467|
03/04/2026 10:36:39|8382,8637,8467,8466,8316,8050,8035,8202,7994,7760,7702,7609,7603,7760,7764,7736,7718,7727,7610,7395,7437,7509,7247,7457,7171,7702,7512,7439,7262,7289,7346,7247,7707,7615,7492,7230,7495,7557,7663,7695,7739,7580,7527,7646,7586,7502,7433,7463,7354,7581,7443,7490,7476,7491,7489,7493,7488,7294,7468,7421|
03/04/2026 10:36:40|8306,8587,8447,8423,8267,7963,7985,8187,7972,7741,7669,7545,7540,7729,7762,7739,7746,7732,7569,7325,7401,7471,7194,7412,7174,7702,7506,7387,7196,7243,7290,7176,7680,7582,7443,7211,7473,7509,7633,7682,7731,7567,7510,7620,7551,7475,7423,7426,7329,7575,7425,7470,7438,7433,7466,7453,7447,7252,7438,7373|
03/04/2026 10:36:41|8231,8541,8431,8384,8221,7879,7938,8174,7953,7725,7637,7484,7478,7699,7761,7745,7773,7737,7530,7258,7367,7434,7140,7367,7181,7704,7500,7336,7130,7197,7236,7105,7655,7551,7398,7194,7452,7461,7605,7670,7724,7555,7493,7595,7516,7449,7414,7389,7305,7569,7410,7452,7402,7377,7445,7414,7407,7213,7409,7324|
03/04/2026 10:36:42|8160,8497,8418,8348,8178,7799,7894,8163,7934,7710,7607,7425,7420,7670,7762,7752,7799,7744,7494,7194,7334,7397,7086,7323,7189,7706,7494,7284,7067,7152,7185,7036,7632,7524,7354,7179,7432,7415,7577,7659,7719,7544,7477,7571,7481,7424,7406,7353,7281,7565,7397,7436,7366,7322,7428,7378,7371,7175,7381,7274|
03/04/2026 10:36:43|8091,8456,8407,8315,8139,7723,7854,8154,7918,7697,7580,7369,7365,7643,7764,7762,7824,7752,7461,7132,7304,7361,7033,7280,7200,7710,7489,7234,7005,7109,7137,6970,7610,7499,7313,7164,7412,7370,7551,7650,7715,7535,7462,7548,7447,7399,7398,7318,7259,7560,7387,7421,7333,7271,7413,7344,7336,7140,7355,7224|
03/04/2026 10:36:44|8025,8418,8400,8285,8103,7651,7817,8147,7902,7685,7554,7316,7313,7617,7767,7772,7848,7760,7429,7074,7275,7327,6981,7239,7212,7713,7485,7184,6945,7067,7091,6905,7590,7477,7275,7151,7394,7327,7526,7641,7712,7527,7447,7526,7414,7375,7391,7285,7237,7557,7380,7408,7300,7222,7400,7313,7304,7106,7331,7175|
03/04/2026 10:36:45|7966,8385,8393,8257,8066,7585,7782,8140,7887,7674,7531,7267,7266,7593,7769,7783,7870,7770,7404,7022,7252,7296,6934,7204,7226,7716,7481,7140,6894,7032,7053,6850,7575,7460,7244,7143,7381,7290,7505,7636,7715,7525,7438,7509,7386,7357,7387,7256,7222,7559,7378,7399,7273,7179,7394,7288,7279,7079,7311,7132|
03/04/2026 10:36:46|7919,8355,8379,8229,8032,7532,7750,8132,7870,7665,7511,7224,7228,7569,7767,7790,7881,7780,7388,6984,7238,7277,6902,7179,7243,7718,7482,7106,6864,7015,7029,6816,7569,7450,7223,7144,7378,7267,7491,7637,7726,7534,7438,7502,7375,7354,7387,7243,7222,7573,7390,7401,7258,7151,7399,7274,7266,7066,7302,7109|
03/04/2026 10:36:47|7880,8330,8362,8201,8002,7489,7721,8123,7852,7658,7494,7184,7198,7548,7762,7793,7879,7785,7373,6955,7231,7265,6882,7157,7259,7717,7482,7078,6849,7010,7018,6794,7561,7442,7210,7149,7375,7251,7476,7639,7738,7544,7442,7501,7371,7360,7394,7233,7228,7586,7403,7407,7252,7131,7412,7269,7264,7064,7300,7097|
03/04/2026 10:36:48|7842,8301,8345,8170,7973,7454,7695,8110,7835,7651,7478,7150,7172,7530,7757,7791,7874,7790,7362,6938,7231,7253,6867,7136,7271,7709,7472,7049,6842,7010,7009,6779,7546,7433,7202,7160,7375,7239,7465,7640,7742,7554,7452,7504,7372,7366,7401,7225,7230,7595,7413,7414,7250,7122,7433,7271,7268,7066,7295,7088|
03/04/2026 10:36:49|7804,8268,8329,8133,7944,7427,7673,8094,7818,7644,7460,7121,7151,7515,7751,7787,7867,7796,7359,6935,7237,7243,6856,7118,7281,7695,7450,7017,6840,7012,6999,6769,7523,7423,7197,7177,7378,7230,7459,7641,7737,7565,7470,7515,7378,7369,7406,7220,7227,7597,7420,7421,7250,7124,7460,7278,7277,7074,7286,7079|
03/04/2026 10:36:50|7767,8231,8314,8092,7917,7409,7654,8075,7802,7638,7441,7095,7132,7502,7746,7780,7859,7803,7364,6944,7249,7234,6848,7103,7287,7678,7419,6982,6843,7016,6988,6764,7493,7413,7196,7201,7383,7223,7458,7642,7723,7578,7494,7530,7390,7372,7409,7216,7220,7594,7424,7430,7253,7135,7494,7289,7289,7086,7274,7070|
03/04/2026 10:36:51|7731,8190,8298,8047,7892,7398,7639,8054,7786,7631,7421,7072,7116,7491,7740,7771,7850,7811,7374,6963,7265,7226,6844,7090,7292,7656,7380,6945,6849,7022,6976,6763,7459,7403,7198,7228,7391,7219,7461,7644,7703,7591,7522,7551,7406,7372,7410,7215,7209,7586,7426,7439,7259,7154,7532,7303,7304,7103,7260,7061|
03/04/2026 10:36:52|7699,8150,8282,8002,7868,7392,7626,8031,7768,7623,7398,7051,7102,7482,7730,7757,7838,7816,7386,6989,7283,7216,6840,7079,7291,7631,7337,6910,6857,7029,6966,6764,7422,7389,7203,7260,7400,7216,7466,7646,7676,7604,7552,7571,7423,7372,7412,7217,7197,7575,7429,7448,7265,7180,7574,7322,7323,7121,7244,7055|
03/04/2026 10:36:53|7679,8116,8264,7963,7847,7387,7615,8009,7743,7611,7369,7025,7087,7471,7709,7737,7822,7809,7394,7015,7298,7199,6831,7066,7280,7599,7298,6884,6864,7035,6960,6765,7388,7366,7213,7294,7409,7215,7471,7649,7644,7618,7581,7586,7434,7370,7415,7222,7188,7565,7436,7459,7272,7211,7617,7346,7344,7137,7233,7057|
03/04/2026 10:36:54|7670,8090,8242,7930,7831,7383,7606,7987,7714,7595,7335,6996,7071,7459,7677,7709,7803,7793,7398,7042,7309,7176,6818,7052,7259,7563,7263,6865,6870,7042,6959,6765,7356,7334,7228,7330,7418,7214,7474,7652,7606,7632,7608,7593,7440,7367,7420,7229,7181,7557,7448,7471,7279,7244,7661,7374,7368,7152,7224,7067|
03/04/2026 10:36:55|7671,8069,8219,7902,7817,7380,7599,7966,7680,7575,7297,6963,7055,7447,7636,7675,7780,7767,7397,7069,7318,7147,6801,7036,7229,7522,7231,6853,6875,7048,6960,6764,7326,7296,7246,7367,7427,7214,7478,7655,7565,7646,7633,7596,7441,7364,7427,7239,7177,7550,7464,7485,7285,7281,7706,7407,7394,7166,7219,7083|
03/04/2026 10:36:56|7680,8053,8194,7878,7806,7378,7594,7946,7643,7553,7255,6928,7038,7433,7588,7637,7755,7733,7394,7095,7325,7114,6781,7019,7193,7478,7203,6848,6879,7053,6965,6763,7300,7252,7268,7405,7436,7215,7480,7659,7520,7659,7657,7593,7438,7360,7435,7251,7174,7543,7484,7499,7292,7319,7751,7443,7422,7178,7216,7104|
03/04/2026 10:36:57|7696,8042,8168,7860,7798,7377,7591,7926,7603,7529,7210,6892,7021,7419,7534,7595,7729,7694,7388,7121,7329,7078,6758,7002,7151,7432,7178,6848,6881,7059,6973,6762,7275,7203,7292,7443,7445,7216,7482,7663,7474,7673,7678,7586,7432,7356,7445,7265,7174,7538,7505,7513,7298,7358,7795,7481,7450,7188,7216,7130|
03/04/2026 10:36:58|7719,8035,8141,7845,7792,7376,7588,7907,7561,7503,7164,6855,7004,7405,7475,7550,7701,7649,7379,7146,7332,7039,6734,6984,7105,7385,7156,6853,6883,7064,6983,6760,7253,7151,7318,7480,7453,7218,7483,7667,7426,7686,7698,7576,7422,7351,7455,7279,7175,7533,7529,7527,7304,7399,7838,7521,7480,7197,7218,7159|
03/04/2026 10:36:59|7746,8032,8114,7834,7789,7376,7587,7889,7518,7477,7117,6817,6987,7391,7413,7504,7672,7601,7368,7171,7332,6999,6708,6967,7055,7336,7138,6862,6885,7069,6994,6759,7234,7097,7345,7518,7460,7220,7484,7671,7377,7698,7716,7562,7410,7346,7465,7295,7178,7529,7555,7542,7310,7439,7880,7562,7509,7205,7221,7191|
03/04/2026 10:37:00|7778,8034,8089,7827,7789,7379,7588,7874,7476,7451,7071,6781,6971,7378,7351,7457,7644,7551,7357,7194,7332,6957,6683,6950,7005,7289,7122,6875,6886,7074,7007,6757,7216,7042,7373,7554,7469,7223,7485,7675,7329,7711,7733,7548,7397,7342,7476,7312,7182,7526,7581,7557,7317,7480,7921,7603,7539,7213,7226,7225|
03/04/2026 10:37:01|7824,8055,8082,7840,7808,7400,7609,7877,7453,7441,7047,6762,6971,7376,7301,7421,7623,7509,7352,7220,7339,6925,6669,6942,6968,7252,7119,6900,6899,7085,7017,6762,7205,6995,7399,7590,7482,7234,7491,7680,7292,7724,7751,7540,7391,7343,7490,7332,7190,7523,7604,7575,7332,7524,7957,7646,7571,7224,7232,7261|
03/04/2026 10:37:02|7888,8099,8098,7872,7849,7447,7651,7902,7455,7451,7049,6769,6990,7388,7268,7398,7611,7475,7356,7250,7357,6910,6671,6948,6951,7235,7130,6936,6920,7097,7036,6781,7202,6961,7426,7623,7501,7253,7504,7686,7271,7740,7769,7543,7395,7351,7513,7362,7207,7525,7631,7598,7355,7569,7990,7691,7605,7237,7243,7302|
03/04/2026 10:37:03|7967,8163,8136,7924,7911,7517,7709,7945,7479,7476,7071,6804,7032,7415,7256,7386,7614,7455,7371,7289,7383,6906,6688,6965,6947,7227,7149,6975,6948,7112,7062,6813,7208,6945,7457,7651,7521,7281,7526,7694,7260,7754,7786,7554,7408,7365,7539,7396,7230,7533,7661,7623,7380,7612,8018,7737,7642,7253,7259,7344|
03/04/2026 10:37:04|8058,8243,8188,7989,7986,7606,7781,8006,7527,7518,7112,6861,7092,7460,7267,7391,7632,7451,7398,7335,7413,6915,6719,6994,6954,7228,7172,7021,6986,7139,7097,6856,7223,6944,7492,7678,7540,7314,7552,7708,7262,7773,7802,7569,7427,7382,7562,7431,7260,7547,7691,7649,7408,7648,8037,7780,7681,7272,7276,7385|
03/04/2026 10:37:05|8152,8326,8241,8060,8066,7704,7860,8077,7590,7570,7165,6927,7162,7515,7293,7408,7658,7459,7430,7383,7446,6939,6766,7032,6966,7237,7198,7071,7033,7175,7139,6903,7245,6955,7529,7707,7559,7342,7576,7722,7270,7793,7817,7588,7445,7388,7582,7469,7294,7559,7712,7673,7438,7679,8052,7821,7719,7293,7297,7428|
03/04/2026 10:37:06|8240,8397,8291,8132,8142,7796,7943,8147,7653,7622,7217,6991,7232,7565,7324,7426,7673,7471,7459,7419,7477,6970,6821,7075,6981,7246,7217,7116,7082,7209,7180,6945,7272,6969,7566,7731,7578,7369,7601,7730,7280,7812,7827,7608,7462,7391,7601,7501,7314,7559,7724,7684,7469,7710,8063,7859,7752,7315,7316,7471|
03/04/2026 10:37:07|8323,8455,8340,8204,8211,7876,8027,8216,7710,7669,7269,7051,7303,7603,7356,7444,7673,7486,7487,7446,7505,7002,6880,7121,7003,7256,7226,7155,7132,7235,7217,6980,7301,6983,7602,7749,7598,7401,7627,7732,7290,7830,7832,7628,7478,7395,7618,7525,7314,7548,7726,7680,7499,7740,8072,7893,7783,7338,7332,7511|
03/04/2026 10:37:08|8400,8500,8386,8276,8272,7943,8112,8283,7763,7712,7321,7107,7373,7631,7390,7461,7660,7501,7514,7462,7530,7036,6941,7169,7031,7266,7227,7189,7181,7253,7250,7007,7334,6998,7636,7763,7619,7436,7655,7731,7302,7847,7832,7650,7495,7399,7635,7543,7298,7527,7720,7662,7528,7770,8079,7925,7811,7362,7346,7550|
03/04/2026 10:37:09|8473,8539,8432,8349,8331,8006,8199,8347,7816,7755,7376,7164,7445,7656,7427,7480,7643,7518,7538,7475,7554,7072,7003,7219,7065,7277,7225,7222,7232,7271,7282,7032,7370,7018,7669,7773,7641,7472,7683,7728,7315,7864,7832,7675,7514,7408,7654,7560,7278,7503,7711,7641,7560,7800,8086,7951,7833,7386,7359,7586|
03/04/2026 10:37:10|8543,8581,8484,8429,8397,8080,8288,8409,7878,7812,7446,7236,7521,7691,7475,7513,7642,7541,7565,7495,7583,7117,7066,7269,7104,7292,7231,7257,7282,7288,7315,7060,7405,7046,7700,7787,7661,7505,7710,7729,7331,7882,7836,7703,7540,7426,7681,7583,7270,7488,7707,7625,7595,7829,8095,7970,7849,7409,7371,7618|
03/04/2026 10:37:11|8613,8630,8542,8514,8467,8162,8378,8472,7948,7877,7527,7313,7601,7733,7533,7558,7653,7569,7597,7521,7616,7165,7127,7314,7143,7306,7243,7295,7327,7302,7347,7094,7438,7080,7730,7802,7677,7526,7732,7729,7344,7893,7839,7731,7565,7452,7711,7609,7271,7481,7708,7615,7631,7861,8105,7984,7860,7428,7379,7646|
03/04/2026 10:37:12|8680,8685,8606,8598,8538,8244,8466,8537,8022,7947,7607,7382,7680,7781,7595,7609,7671,7594,7632,7554,7649,7215,7189,7356,7181,7325,7261,7332,7372,7319,7378,7133,7472,7119,7758,7815,7685,7536,7747,7725,7352,7893,7842,7759,7595,7483,7740,7633,7276,7479,7712,7612,7668,7892,8110,7994,7870,7447,7390,7670|
03/04/2026 10:37:13|8743,8745,8674,8679,8608,8327,8551,8600,8094,8018,7686,7444,7756,7832,7662,7661,7693,7618,7669,7590,7678,7267,7252,7388,7220,7350,7286,7363,7413,7336,7410,7178,7506,7163,7787,7827,7693,7547,7762,7716,7355,7882,7847,7791,7627,7517,7767,7653,7285,7483,7721,7614,7702,7918,8105,8002,7883,7471,7407,7693|
03/04/2026 10:37:14|8803,8808,8744,8757,8677,8412,8634,8659,8164,8089,7762,7500,7830,7886,7730,7715,7720,7643,7708,7627,7702,7321,7313,7412,7261,7380,7316,7388,7451,7354,7442,7228,7543,7211,7817,7840,7703,7560,7777,7703,7354,7861,7855,7825,7662,7554,7792,7671,7299,7494,7733,7622,7733,7936,8091,8007,7899,7502,7430,7717|
03/04/2026 10:37:15|8863,8876,8818,8835,8747,8496,8710,8714,8236,8164,7842,7560,7904,7939,7796,7771,7752,7674,7752,7669,7728,7375,7375,7438,7304,7411,7346,7409,7489,7374,7475,7280,7583,7266,7849,7856,7717,7574,7794,7691,7354,7835,7863,7857,7699,7591,7812,7688,7319,7511,7749,7638,7766,7950,8076,8013,7915,7536,7461,7743|
03/04/2026 10:37:16|8922,8947,8892,8908,8815,8574,8780,8764,8308,8237,7919,7622,7976,7992,7860,7826,7783,7706,7800,7716,7757,7430,7438,7471,7352,7446,7378,7435,7527,7397,7507,7334,7625,7326,7887,7878,7736,7592,7816,7685,7359,7812,7873,7887,7736,7627,7832,7710,7348,7531,7768,7661,7799,7958,8063,8020,7931,7573,7498,7773|
03/04/2026 10:37:17|8981,9021,8966,8979,8881,8651,8849,8809,8384,8306,7992,7689,8049,8047,7927,7875,7820,7744,7847,7767,7788,7485,7506,7509,7406,7490,7406,7469,7569,7423,7533,7391,7671,7387,7925,7906,7762,7616,7844,7687,7369,7793,7887,7919,7777,7665,7852,7734,7384,7556,7791,7686,7826,7958,8051,8031,7953,7618,7542,7805|
03/04/2026 10:37:18|9041,9098,9039,9049,8945,8732,8919,8849,8463,8369,8063,7760,8122,8104,7999,7916,7864,7786,7892,7821,7820,7540,7580,7553,7464,7540,7429,7510,7616,7454,7552,7451,7722,7450,7962,7940,7796,7646,7878,7696,7381,7775,7907,7953,7821,7708,7871,7756,7424,7585,7816,7711,7846,7951,8036,8044,7979,7672,7593,7834|
03/04/2026 10:37:19|9100,9176,9109,9116,9008,8814,8989,8883,8543,8426,8130,7835,8194,8161,8072,7950,7914,7832,7933,7876,7852,7594,7659,7601,7525,7597,7445,7557,7666,7488,7564,7513,7777,7515,7998,7979,7836,7680,7915,7711,7395,7760,7930,7989,7867,7753,7888,7777,7468,7616,7842,7735,7859,7938,8020,8059,8007,7733,7648,7861|
03/04/2026 10:37:20|9158,9255,9177,9180,9069,8896,9058,8912,8624,8477,8194,7911,8264,8218,8148,7977,7970,7880,7971,7931,7884,7646,7741,7652,7589,7658,7456,7608,7718,7524,7571,7576,7834,7580,8032,8021,7881,7719,7956,7731,7411,7746,7957,8025,7915,7800,7904,7796,7514,7649,7870,7758,7867,7920,8003,8076,8037,7798,7707,7886|
03/04/2026 10:37:21|9211,9330,9240,9240,9126,8976,9122,8936,8701,8522,8255,7987,8328,8271,8220,7997,8024,7927,8003,7984,7912,7695,7821,7701,7644,7718,7463,7658,7770,7561,7571,7636,7889,7641,8063,8063,7927,7757,7991,7753,7428,7732,7982,8058,7961,7844,7918,7815,7562,7684,7897,7778,7870,7899,7984,8089,8063,7862,7766,7908|
03/04/2026 10:37:22|9244,9388,9292,9286,9175,9040,9171,8950,8762,8547,8305,8054,8371,8311,8280,8009,8065,7965,8025,8022,7933,7737,7890,7742,7680,7764,7469,7700,7813,7593,7567,7689,7936,7691,8084,8091,7960,7790,8017,7768,7444,7714,8000,8080,7997,7881,7928,7834,7607,7715,7919,7791,7862,7880,7965,8089,8077,7911,7821,7931|
03/04/2026 10:37:23|9247,9425,9334,9324,9213,9084,9203,8955,8808,8555,8342,8111,8398,8338,8327,8014,8094,7993,8036,8049,7945,7769,7951,7776,7699,7799,7474,7734,7840,7620,7559,7732,7973,7730,8094,8096,7980,7817,8039,7783,7463,7698,8012,8093,8024,7913,7939,7853,7643,7734,7934,7797,7855,7866,7945,8081,8082,7939,7869,7955|
03/04/2026 10:37:24|9222,9444,9366,9355,9243,9110,9218,8952,8840,8548,8368,8159,8411,8351,8364,8014,8114,8014,8037,8067,7949,7793,8005,7803,7702,7826,7479,7762,7852,7642,7549,7768,8002,7760,8095,8080,7988,7840,8059,7800,7485,7686,8017,8100,8043,7942,7949,7871,7672,7740,7943,7796,7851,7856,7924,8067,8081,7948,7911,7980|
03/04/2026 10:37:25|9173,9447,9391,9380,9264,9121,9220,8941,8859,8529,8384,8200,8411,8355,8391,8010,8125,8027,8030,8077,7946,7809,8051,7824,7693,7845,7484,7783,7852,7658,7537,7796,8024,7782,8087,8046,7988,7858,8077,7817,7509,7676,8018,8100,8055,7967,7960,7889,7693,7737,7945,7790,7848,7849,7904,8047,8073,7941,7948,8005|
03/04/2026 10:37:26|9104,9435,9407,9400,9278,9117,9210,8925,8867,8499,8390,8233,8400,8348,8409,8002,8129,8034,8016,8080,7936,7818,8091,7840,7672,7857,7489,7799,7840,7670,7524,7819,8040,7796,8071,7996,7978,7871,8092,7835,7535,7668,8015,8094,8061,7988,7970,7906,7707,7725,7942,7778,7847,7847,7883,8022,8060,7920,7978,8031|
03/04/2026 10:37:27|9017,9412,9418,9415,9286,9101,9190,8904,8866,8460,8389,8259,8380,8334,8419,7990,8126,8035,7996,8077,7921,7821,8126,7851,7641,7862,7493,7809,7820,7679,7510,7835,8049,7803,8049,7934,7962,7881,8106,7853,7562,7663,8008,8084,8062,8007,7981,7922,7715,7705,7934,7762,7848,7847,7862,7994,8043,7887,8004,8057|
03/04/2026 10:37:28|8917,9378,9422,9425,9289,9075,9162,8878,8856,8414,8382,8279,8352,8313,8423,7976,8118,8031,7971,8068,7902,7819,8154,7859,7602,7863,7498,7815,7791,7684,7495,7846,8054,7805,8023,7861,7939,7888,8117,7871,7589,7660,7997,8070,8058,8023,7991,7938,7718,7679,7923,7743,7849,7850,7842,7962,8022,7844,8026,8082|
03/04/2026 10:37:29|8807,9336,9422,9432,9287,9041,9126,8849,8840,8361,8368,8294,8318,8286,8420,7960,8104,8022,7942,8055,7880,7812,8178,7862,7557,7858,7501,7817,7756,7686,7479,7853,8054,7802,7992,7780,7911,7891,8127,7889,7618,7659,7984,8053,8050,8036,8001,7952,7717,7648,7908,7721,7852,7855,7822,7929,7998,7792,8043,8107|
03/04/2026 10:37:30|8687,9287,9417,9435,9280,8999,9084,8818,8817,8304,8350,8304,8278,8255,8413,7942,8087,8011,7909,8038,7854,7801,8197,7862,7507,7850,7505,7815,7716,7685,7463,7855,8050,7795,7958,7692,7880,7893,8135,7906,7646,7659,7969,8033,8039,8047,8011,7966,7712,7612,7891,7697,7856,7863,7803,7893,7972,7735,8057,8132|
03/04/2026 10:37:31|8562,9232,9409,9435,9270,8952,9037,8784,8790,8244,8328,8310,8234,8220,8401,7922,8066,7996,7874,8018,7827,7788,8212,7860,7452,7838,7508,7811,7671,7682,7447,7854,8043,7784,7921,7600,7845,7891,8142,7923,7674,7660,7952,8011,8024,8055,8020,7979,7703,7573,7872,7672,7860,7871,7785,7857,7944,7671,8067,8155|
03/04/2026 10:37:32|8433,9173,9398,9433,9257,8900,8987,8749,8758,8181,8302,8312,8187,8182,8385,7902,8043,7979,7837,7995,7797,7771,8223,7855,7394,7824,7511,7804,7623,7677,7431,7850,8033,7769,7882,7504,7807,7888,8147,7940,7701,7663,7934,7988,8008,8062,8029,7991,7692,7532,7850,7645,7865,7881,7767,7820,7915,7604,8074,8178|
03/04/2026 10:37:33|8301,9111,9383,9428,9241,8845,8935,8714,8724,8117,8274,8311,8138,8142,8367,7881,8018,7960,7799,7970,7767,7752,8231,7848,7335,7807,7514,7795,7573,7670,7415,7843,8021,7753,7842,7407,7768,7884,8151,7956,7728,7667,7915,7963,7989,8066,8037,8002,7678,7489,7828,7617,7870,7892,7750,7783,7885,7535,8078,8199|
03/04/2026 10:37:34|8169,9047,9367,9421,9224,8788,8880,8678,8687,8052,8244,8307,8087,8100,8346,7859,7991,7940,7760,7944,7736,7732,8236,7839,7274,7789,7517,7784,7521,7662,7400,7834,8007,7734,7802,7309,7728,7878,8154,7971,7754,7671,7896,7938,7969,8070,8045,8013,7663,7445,7805,7589,7876,7904,7734,7746,7855,7463,8081,8220|
03/04/2026 10:37:35|8038,8982,9349,9413,9205,8729,8825,8642,8648,7987,8213,8300,8035,8058,8323,7838,7963,7918,7721,7917,7704,7711,8238,7829,7213,7769,7519,7772,7468,7653,7385,7824,7991,7714,7761,7211,7687,7871,8156,7985,7779,7676,7876,7912,7949,8071,8053,8022,7646,7401,7782,7561,7882,7916,7720,7710,7825,7391,8081,8239|
03/04/2026 10:37:36|7908,8916,9330,9404,9185,8669,8769,8606,8609,7923,8180,8292,7983,8015,8299,7816,7934,7896,7682,7889,7673,7688,8238,7818,7152,7748,7521,7759,7415,7644,7370,7812,7974,7693,7721,7115,7646,7863,8157,7999,7804,7681,7855,7886,7927,8072,8060,8030,7628,7356,7758,7534,7888,7929,7706,7675,7795,7319,8079,8257|
03/04/2026 10:37:37|7781,8851,9310,9393,9164,8609,8714,8571,8568,7860,8148,8281,7932,7973,8274,7795,7905,7873,7644,7861,7641,7665,8236,7806,7092,7726,7523,7744,7363,7633,7356,7799,7957,7671,7681,7021,7606,7854,8157,8012,7826,7687,7835,7860,7905,8072,8066,8038,7609,7312,7734,7506,7895,7942,7693,7640,7765,7248,8076,8274|
03/04/2026 10:37:38|7661,8788,9290,9383,9144,8551,8660,8538,8529,7801,8116,8271,7882,7932,8249,7776,7877,7851,7608,7834,7612,7643,8232,7794,7034,7705,7525,7730,7312,7622,7343,7785,7939,7648,7643,6931,7566,7844,8157,8024,7848,7693,7816,7835,7883,8070,8071,8045,7590,7269,7711,7480,7900,7953,7681,7608,7735,7179,8072,8290|
03/04/2026 10:37:39|7566,8740,9274,9375,9129,8503,8616,8514,8495,7754,8093,8264,7842,7892,8231,7767,7857,7831,7581,7817,7593,7628,8227,7784,6992,7693,7535,7718,7267,7613,7333,7774,7923,7624,7612,6858,7533,7831,8154,8033,7866,7697,7796,7806,7860,8066,8072,8048,7579,7237,7693,7462,7897,7957,7676,7584,7701,7124,8072,8306|
03/04/2026 10:37:40|7503,8709,9256,9368,9120,8461,8581,8499,8464,7722,8081,8261,7810,7838,8220,7771,7848,7808,7565,7809,7586,7622,8217,7776,6967,7691,7555,7714,7227,7603,7326,7767,7911,7606,7591,6806,7507,7821,8149,8035,7876,7692,7774,7765,7833,8060,8070,8049,7577,7221,7686,7456,7894,7959,7678,7573,7675,7089,8079,8325|
03/04/2026 10:37:41|7469,8693,9236,9361,9116,8426,8554,8492,8434,7704,8078,8261,7786,7772,8215,7787,7847,7783,7557,7811,7589,7623,8203,7766,6956,7699,7584,7717,7190,7592,7319,7761,7900,7594,7579,6772,7489,7814,8141,8030,7880,7681,7751,7715,7803,8052,8068,8048,7584,7221,7688,7460,7891,7959,7687,7572,7658,7071,8092,8346|
03/04/2026 10:37:42|7458,8687,9215,9351,9112,8395,8531,8489,8403,7694,8080,8265,7769,7709,8210,7809,7853,7760,7558,7815,7597,7624,8180,7755,6958,7714,7617,7723,7165,7584,7310,7752,7888,7587,7573,6757,7479,7812,8134,8022,7882,7671,7735,7670,7771,8041,8067,8047,7599,7233,7689,7470,7890,7955,7698,7572,7646,7069,8109,8364|
03/04/2026 10:37:43|7466,8691,9191,9336,9103,8366,8510,8488,8375,7688,8075,8269,7755,7653,8199,7831,7857,7736,7562,7818,7608,7622,8152,7743,6968,7730,7646,7724,7151,7583,7308,7744,7869,7581,7566,6753,7469,7812,8129,8011,7880,7661,7722,7633,7743,8025,8065,8042,7622,7253,7682,7481,7891,7954,7710,7567,7637,7078,8125,8376|
03/04/2026 10:37:44|7491,8701,9166,9316,9091,8338,8491,8489,8350,7686,8065,8274,7742,7603,8181,7852,7860,7708,7570,7818,7619,7616,8119,7730,6986,7748,7673,7722,7148,7587,7313,7736,7842,7576,7557,6759,7460,7812,8126,7997,7875,7649,7713,7602,7717,8006,8062,8034,7650,7278,7669,7494,7894,7954,7723,7559,7630,7095,8142,8383|
03/04/2026 10:37:45|7529,8717,9140,9293,9076,8311,8473,8491,8328,7686,8049,8280,7732,7559,8158,7872,7862,7679,7580,7817,7631,7607,8083,7717,7009,7766,7696,7716,7152,7597,7324,7729,7810,7572,7547,6773,7451,7814,8126,7982,7865,7636,7706,7578,7694,7984,8059,8023,7683,7310,7650,7508,7898,7957,7736,7548,7624,7121,8157,8384|
03/04/2026 10:37:46|7578,8739,9114,9267,9058,8286,8456,8494,8309,7690,8030,8285,7724,7521,8130,7892,7863,7647,7593,7815,7644,7595,8044,7704,7038,7785,7717,7708,7165,7610,7340,7722,7774,7567,7534,6794,7442,7816,8128,7965,7853,7621,7701,7559,7673,7959,8055,8009,7720,7345,7627,7524,7904,7961,7749,7534,7619,7153,8172,8381|
03/04/2026 10:37:47|7637,8765,9087,9238,9038,8263,8441,8498,8293,7695,8007,8291,7717,7488,8098,7910,7863,7615,7608,7812,7658,7581,8004,7692,7071,7804,7734,7696,7184,7628,7359,7716,7734,7564,7521,6820,7433,7819,8132,7947,7838,7606,7699,7546,7655,7933,8051,7993,7760,7384,7601,7540,7911,7966,7762,7518,7616,7190,8187,8374|
03/04/2026 10:37:48|7704,8794,9060,9208,9016,8240,8428,8503,8280,7702,7982,8297,7711,7459,8064,7928,7861,7583,7624,7808,7672,7565,7962,7679,7108,7823,7749,7683,7208,7648,7383,7710,7691,7561,7507,6852,7424,7822,8136,7928,7821,7590,7699,7536,7640,7905,8047,7975,7801,7425,7572,7557,7919,7972,7775,7501,7614,7232,8201,8363|
03/04/2026 10:37:49|7777,8826,9033,9177,8993,8220,8416,8509,8268,7711,7955,8302,7707,7436,8027,7944,7860,7550,7641,7802,7686,7548,7920,7667,7146,7842,7762,7668,7236,7670,7408,7705,7647,7558,7493,6888,7416,7826,8142,7909,7802,7574,7700,7531,7626,7876,8043,7956,7844,7468,7540,7574,7928,7979,7788,7482,7613,7277,8214,8350|
03/04/2026 10:37:50|7854,8859,9007,9144,8969,8201,8405,8515,8259,7721,7926,8308,7704,7416,7989,7960,7857,7517,7659,7797,7699,7530,7878,7655,7187,7861,7772,7652,7268,7695,7436,7700,7601,7555,7478,6926,7409,7830,8149,7889,7783,7558,7702,7529,7615,7847,8038,7937,7888,7512,7507,7590,7937,7987,7801,7463,7613,7324,8226,8335|
03/04/2026 10:37:51|7934,8895,8981,9112,8945,8183,8395,8522,8252,7732,7896,8314,7703,7400,7950,7974,7854,7484,7677,7790,7713,7511,7836,7644,7228,7879,7781,7635,7303,7720,7465,7696,7554,7553,7463,6967,7401,7835,8157,7870,7762,7541,7706,7531,7605,7818,8034,7916,7932,7556,7473,7607,7946,7996,7814,7443,7613,7372,8237,8318|
03/04/2026 10:37:52|8017,8931,8956,9079,8921,8167,8386,8529,8246,7743,7866,8319,7702,7387,7911,7987,7851,7453,7696,7784,7727,7492,7794,7633,7271,7896,7787,7617,7339,7747,7496,7692,7508,7551,7448,7009,7395,7839,8165,7850,7741,7525,7711,7535,7597,7789,8029,7896,7976,7601,7438,7624,7956,8004,7826,7423,7614,7422,8248,8300|
03/04/2026 10:37:53|8100,8967,8932,9047,8897,8153,8379,8536,8242,7756,7835,8324,7701,7377,7871,7999,7847,7422,7714,7777,7740,7472,7754,7622,7313,7913,7793,7599,7377,7773,7526,7689,7462,7550,7434,7052,7388,7844,8174,7831,7720,7510,7716,7541,7590,7761,8025,7875,8020,7645,7403,7640,7966,8013,7837,7402,7616,7471,8258,8281|
03/04/2026 10:37:54|8182,9003,8910,9015,8873,8140,8373,8543,8239,7768,7804,8329,7702,7370,7833,8010,7843,7393,7733,7770,7752,7453,7715,7613,7355,7930,7796,7580,7416,7800,7558,7686,7417,7549,7419,7096,7382,7848,8183,7813,7699,7494,7722,7549,7585,7733,8020,7855,8062,7688,7369,7656,7976,8023,7848,7382,7619,7521,8267,8261|
03/04/2026 10:37:55|8268,9043,8894,8990,8856,8135,8373,8555,8244,7787,7782,8339,7709,7372,7801,8024,7844,7371,7753,7766,7767,7435,7678,7605,7396,7946,7800,7565,7456,7829,7589,7684,7374,7548,7405,7138,7381,7855,8190,7795,7681,7482,7731,7560,7583,7708,8016,7836,8104,7733,7339,7671,7985,8031,7858,7365,7621,7569,8274,8242|
03/04/2026 10:37:56|8362,9092,8893,8981,8857,8154,8389,8578,8264,7823,7784,8361,7731,7391,7786,8047,7859,7369,7781,7773,7786,7429,7652,7606,7442,7966,7807,7561,7502,7863,7622,7681,7339,7546,7394,7178,7389,7869,8197,7779,7666,7470,7742,7574,7586,7687,8009,7819,8145,7778,7322,7689,7995,8032,7866,7356,7629,7616,8279,8225|
03/04/2026 10:37:57|8461,9146,8905,8985,8868,8190,8418,8614,8299,7871,7806,8391,7766,7429,7787,8079,7885,7385,7816,7788,7809,7435,7639,7615,7495,7993,7815,7565,7549,7898,7652,7679,7309,7543,7388,7217,7405,7889,8201,7763,7657,7462,7753,7588,7593,7668,8002,7806,8175,7810,7309,7710,8007,8034,7875,7358,7646,7665,8281,8205|
03/04/2026 10:37:58|8566,9209,8929,8999,8886,8241,8463,8661,8344,7929,7843,8430,7818,7483,7799,8113,7922,7417,7860,7813,7829,7448,7637,7633,7554,8020,7823,7571,7598,7935,7682,7676,7287,7544,7391,7259,7427,7912,8203,7748,7655,7463,7765,7604,7603,7655,7996,7798,8199,7837,7302,7727,8022,8037,7882,7363,7668,7716,8281,8181|
03/04/2026 10:37:59|8673,9279,8964,9024,8914,8305,8522,8718,8397,7994,7889,8474,7879,7544,7823,8151,7966,7458,7909,7847,7855,7470,7641,7657,7615,8046,7833,7581,7646,7973,7713,7671,7277,7551,7402,7304,7451,7933,8204,7736,7658,7473,7778,7623,7618,7647,7991,7793,8218,7865,7301,7746,8038,8038,7886,7373,7691,7764,8276,8155|
03/04/2026 10:38:00|8783,9353,9007,9055,8950,8376,8589,8779,8454,8056,7937,8502,7938,7608,7847,8191,8010,7503,7956,7879,7886,7501,7643,7678,7671,8068,7843,7597,7691,8007,7739,7668,7278,7563,7413,7348,7470,7945,8201,7727,7662,7488,7789,7645,7638,7647,7984,7785,8227,7886,7302,7767,8054,8039,7887,7382,7713,7806,8265,8131|
03/04/2026 10:38:01|8895,9432,9056,9097,8997,8457,8663,8839,8514,8126,7990,8529,7997,7679,7880,8235,8057,7550,7999,7907,7916,7538,7652,7703,7724,8087,7850,7611,7737,8039,7762,7667,7290,7581,7428,7393,7494,7957,8200,7728,7669,7506,7802,7671,7662,7657,7980,7780,8235,7906,7312,7790,8071,8043,7888,7389,7732,7844,8250,8110|
03/04/2026 10:38:02|9002,9506,9102,9140,9047,8541,8736,8895,8569,8195,8046,8558,8058,7753,7920,8277,8101,7595,8034,7934,7946,7576,7662,7729,7767,8107,7858,7626,7780,8065,7786,7667,7306,7602,7447,7438,7526,7972,8200,7735,7677,7524,7818,7700,7690,7673,7978,7782,8248,7931,7327,7812,8082,8045,7893,7400,7746,7879,8238,8092|
03/04/2026 10:38:03|9100,9574,9148,9183,9094,8623,8805,8948,8621,8262,8105,8588,8117,7827,7964,8317,8141,7637,8065,7964,7974,7614,7680,7756,7803,8125,7866,7645,7825,8091,7810,7670,7327,7622,7470,7484,7558,7986,8200,7747,7692,7543,7830,7729,7717,7696,7981,7789,8262,7956,7349,7835,8087,8042,7899,7419,7759,7912,8230,8082|
03/04/2026 10:38:04|9186,9633,9188,9220,9131,8699,8864,8992,8665,8323,8164,8619,8173,7896,8012,8353,8178,7675,8094,7995,7996,7649,7702,7782,7835,8136,7872,7665,7874,8122,7837,7681,7350,7637,7491,7524,7583,8000,8198,7763,7714,7565,7840,7756,7744,7721,7985,7799,8278,7979,7378,7855,8095,8042,7906,7447,7776,7943,8224,8075|
03/04/2026 10:38:05|9255,9679,9218,9246,9157,8765,8905,9023,8701,8375,8215,8643,8222,7957,8055,8377,8208,7708,8119,8024,8016,7683,7723,7808,7863,8143,7878,7690,7922,8153,7865,7695,7375,7654,7507,7557,7605,8012,8194,7776,7738,7591,7850,7778,7764,7743,7986,7810,8292,8004,7412,7872,8103,8046,7920,7482,7798,7973,8219,8068|
03/04/2026 10:38:06|9315,9714,9242,9270,9177,8820,8935,9051,8732,8424,8264,8664,8271,8014,8098,8395,8235,7741,8144,8058,8043,7720,7743,7836,7889,8147,7883,7717,7967,8182,7894,7709,7405,7676,7528,7592,7631,8024,8185,7779,7760,7617,7851,7796,7784,7765,7984,7820,8303,8032,7454,7892,8114,8057,7942,7522,7824,8000,8215,8062|
03/04/2026 10:38:07|9367,9741,9262,9293,9195,8867,8963,9078,8756,8473,8315,8687,8320,8069,8142,8410,8261,7773,8170,8099,8075,7760,7766,7865,7915,8148,7886,7745,8008,8208,7923,7725,7439,7705,7557,7632,7664,8038,8173,7770,7779,7643,7838,7814,7805,7788,7981,7828,8313,8063,7504,7918,8132,8074,7970,7568,7852,8021,8212,8056|
03/04/2026 10:38:08|9413,9761,9278,9316,9210,8908,8989,9104,8775,8523,8366,8710,8369,8120,8188,8424,8285,7806,8196,8145,8114,7803,7790,7896,7941,8148,7886,7773,8045,8233,7952,7742,7476,7738,7592,7676,7701,8054,8157,7751,7796,7668,7812,7830,7827,7812,7977,7834,8321,8097,7560,7948,8153,8098,8005,7617,7882,8037,8209,8050|
03/04/2026 10:38:09|9453,9773,9291,9338,9222,8942,9012,9129,8789,8571,8417,8733,8417,8168,8235,8435,8306,7837,8222,8195,8156,7847,7815,7928,7966,8147,7884,7800,8077,8255,7980,7761,7515,7775,7632,7722,7741,8071,8139,7723,7811,7693,7777,7844,7850,7837,7971,7840,8327,8133,7621,7983,8179,8127,8044,7669,7913,8048,8207,8044|
03/04/2026 10:38:10|9487,9780,9301,9360,9233,8971,9034,9153,8799,8618,8467,8756,8464,8213,8281,8444,8327,7868,8247,8249,8202,7893,7841,7961,7991,8144,7880,7828,8106,8276,8007,7779,7556,7815,7677,7771,7785,8089,8118,7688,7824,7716,7733,7858,7874,7862,7965,7844,8331,8170,7685,8020,8208,8159,8086,7723,7945,8054,8205,8039|
03/04/2026 10:38:11|9516,9781,9309,9381,9242,8994,9055,9176,8804,8664,8517,8778,8511,8254,8327,8451,8345,7897,8272,8304,8251,7938,7867,7994,8014,8141,7875,7854,8132,8294,8034,7799,7597,7857,7724,7820,7830,8108,8096,7647,7835,7738,7682,7870,7897,7887,7958,7847,8335,8208,7753,8060,8238,8195,8132,7778,7978,8056,8203,8034|
03/04/2026 10:38:12|9540,9778,9314,9401,9249,9013,9073,9197,8807,8708,8565,8800,8555,8293,8372,8457,8362,7925,8297,8361,8301,7984,7894,8027,8037,8136,7869,7880,8154,8310,8059,7818,7638,7901,7774,7870,7877,8126,8073,7601,7844,7758,7626,7881,7920,7912,7951,7849,8337,8246,7821,8101,8271,8233,8179,7833,8010,8055,8201,8029|
03/04/2026 10:38:13|9559,9771,9318,9420,9255,9027,9089,9217,8806,8750,8612,8822,8598,8328,8416,8461,8377,7952,8320,8418,8352,8029,7920,8059,8058,8131,7862,7905,8173,8325,8083,7837,7680,7945,7825,7920,7925,8145,8049,7551,7852,7778,7566,7891,7944,7937,7944,7850,8338,8284,7890,8143,8304,8273,8228,7889,8042,8051,8200,8025|
03/04/2026 10:38:14|9574,9760,9319,9438,9259,9037,9104,9235,8803,8791,8657,8842,8639,8360,8459,8464,8391,7978,8342,8475,8403,8074,7946,8091,8078,8125,7854,7929,8189,8338,8106,7856,7721,7989,7877,7970,7973,8164,8024,7499,7858,7796,7503,7900,7966,7960,7936,7851,8338,8322,7959,8186,8339,8314,8277,7943,8074,8045,8199,8021|
03/04/2026 10:38:15|9586,9747,9319,9454,9262,9044,9117,9252,8797,8829,8700,8862,8678,8390,8500,8466,8403,8001,8364,8532,8454,8117,7971,8122,8097,8119,7845,7951,8203,8349,8128,7875,7761,8033,7929,8019,8020,8183,7999,7446,7863,7813,7437,7908,7988,7983,7928,7851,8338,8359,8027,8228,8373,8356,8326,7997,8105,8036,8198,8017|
03/04/2026 10:38:16|9595,9731,9317,9470,9264,9048,9129,9268,8790,8864,8741,8881,8714,8416,8539,8466,8414,8024,8384,8588,8505,8159,7995,8151,8115,8113,7837,7973,8214,8359,8149,7893,7799,8077,7981,8066,8067,8201,7975,7391,7867,7829,7371,7915,8009,8006,7920,7850,8337,8394,8094,8270,8407,8397,8374,8049,8134,8026,8197,8013|
03/04/2026 10:38:17|9603,9718,9319,9488,9269,9054,9143,9285,8786,8900,8780,8899,8749,8440,8574,8467,8423,8046,8403,8639,8549,8199,8020,8179,8131,8105,7829,7994,8224,8367,8167,7911,7839,8120,8030,8110,8110,8217,7952,7339,7870,7843,7311,7923,8031,8028,7914,7849,8334,8425,8157,8308,8438,8435,8420,8100,8162,8017,8198,8012|
03/04/2026 10:38:18|9611,9706,9324,9505,9275,9060,9156,9300,8783,8934,8814,8908,8778,8461,8601,8463,8425,8065,8421,8681,8581,8234,8044,8202,8142,8095,7826,8018,8233,8374,8185,7932,7878,8159,8073,8146,8145,8228,7932,7299,7874,7859,7268,7935,8055,8050,7909,7850,8328,8447,8210,8333,8453,8459,8459,8145,8182,8008,8202,8015|
03/04/2026 10:38:19|9608,9689,9325,9510,9271,9058,9162,9304,8770,8955,8831,8900,8789,8473,8614,8450,8411,8074,8431,8710,8602,8258,8055,8211,8148,8085,7824,8037,8232,8376,8199,7947,7909,8187,8108,8171,8171,8230,7915,7271,7875,7873,7236,7941,8075,8065,7905,7853,8320,8460,8246,8344,8454,8469,8481,8180,8190,7995,8201,8018|
03/04/2026 10:38:20|9593,9668,9320,9495,9252,9041,9155,9294,8748,8962,8836,8881,8785,8470,8614,8431,8389,8070,8427,8723,8613,8275,8055,8211,8148,8076,7823,8046,8222,8369,8203,7961,7937,8208,8133,8186,8187,8229,7899,7249,7870,7881,7209,7945,8096,8082,7903,7855,8308,8463,8271,8348,8447,8468,8490,8208,8189,7980,8196,8020|
03/04/2026 10:38:21|9564,9638,9308,9470,9228,9018,9134,9270,8718,8959,8832,8857,8771,8462,8608,8407,8361,8060,8416,8724,8617,8288,8052,8204,8144,8068,7827,8050,8202,8358,8201,7972,7960,8221,8144,8190,8194,8219,7878,7226,7852,7877,7185,7945,8117,8099,7904,7858,8294,8457,8285,8341,8436,8462,8491,8231,8183,7963,8190,8021|
03/04/2026 10:38:22|9523,9600,9288,9439,9199,8992,9105,9234,8680,8948,8819,8829,8754,8445,8590,8377,8331,8049,8400,8715,8607,8293,8048,8187,8137,8056,7825,8041,8170,8338,8191,7976,7970,8222,8142,8182,8193,8202,7855,7210,7833,7868,7160,7946,8135,8113,7906,7861,8273,8441,8287,8328,8419,8445,8485,8246,8173,7945,8179,8022|
03/04/2026 10:38:23|9471,9553,9264,9402,9167,8964,9073,9193,8642,8929,8800,8797,8731,8421,8562,8347,8300,8032,8383,8702,8590,8294,8045,8164,8128,8040,7817,8025,8136,8313,8171,7972,7977,8219,8135,8164,8189,8182,7835,7199,7816,7860,7146,7946,8147,8117,7904,7858,8247,8417,8282,8313,8396,8419,8470,8254,8160,7924,8162,8017|
03/04/2026 10:38:24|9416,9505,9236,9355,9133,8932,9034,9150,8609,8906,8775,8757,8701,8396,8534,8321,8271,8017,8362,8685,8574,8297,8042,8137,8117,8028,7809,8007,8101,8287,8150,7965,7981,8211,8126,8143,8184,8166,7818,7192,7801,7857,7146,7941,8149,8113,7901,7849,8217,8391,8273,8297,8372,8396,8455,8259,8148,7902,8143,8006|
03/04/2026 10:38:25|9358,9454,9196,9303,9093,8894,8984,9101,8580,8877,8741,8707,8662,8368,8501,8288,8235,7997,8340,8662,8549,8296,8042,8111,8105,8018,7797,7988,8064,8257,8128,7956,7978,8196,8116,8124,8177,8153,7804,7194,7784,7854,7154,7935,8152,8109,7898,7839,8186,8366,8262,8275,8345,8372,8435,8263,8137,7881,8125,7995|
03/04/2026 10:38:26|9295,9397,9147,9240,9052,8857,8933,9052,8552,8841,8697,8650,8618,8339,8462,8249,8194,7979,8317,8626,8518,8292,8042,8085,8092,8006,7784,7970,8029,8225,8103,7938,7970,8176,8106,8105,8168,8140,7793,7199,7770,7850,7165,7923,8154,8105,7892,7831,8158,8340,8247,8250,8316,8346,8407,8256,8118,7863,8106,7985|
03/04/2026 10:38:27|9230,9337,9094,9154,9009,8821,8884,9002,8525,8800,8648,8590,8568,8309,8426,8214,8157,7965,8295,8569,8482,8284,8039,8057,8073,7990,7770,7952,7997,8196,8077,7909,7956,8156,8096,8085,8148,8126,7784,7198,7757,7844,7177,7887,8154,8102,7888,7825,8132,8310,8229,8225,8288,8317,8369,8227,8080,7842,8081,7973|
03/04/2026 10:38:28|9163,9276,9039,9048,8964,8784,8838,8952,8498,8755,8595,8529,8514,8278,8392,8182,8125,7955,8272,8491,8444,8272,8033,8026,8050,7970,7756,7935,7969,8170,8050,7870,7938,8134,8086,8063,8117,8112,7776,7192,7747,7836,7190,7828,8150,8100,7885,7823,8107,8274,8208,8200,8261,8287,8324,8178,8023,7820,8052,7961|
03/04/2026 10:38:29|9096,9215,8985,8932,8920,8745,8787,8900,8471,8708,8542,8471,8461,8247,8357,8153,8095,7945,8246,8403,8405,8257,8026,7996,8025,7949,7741,7918,7944,8145,8022,7827,7919,8111,8075,8041,8081,8097,7770,7185,7738,7828,7207,7761,8145,8100,7885,7824,8082,8236,8188,8178,8239,8259,8277,8116,7954,7799,8024,7951|
03/04/2026 10:38:30|9031,9159,8934,8822,8878,8706,8732,8843,8440,8656,8492,8421,8413,8217,8320,8122,8059,7927,8214,8318,8367,8240,8015,7971,8003,7923,7721,7897,7920,8118,7992,7782,7894,8082,8061,8018,8047,8084,7768,7179,7731,7820,7229,7701,8137,8099,7890,7831,8060,8201,8171,8160,8222,8239,8234,8058,7887,7783,8005,7948|
03/04/2026 10:38:31|8972,9105,8888,8718,8839,8671,8675,8785,8405,8602,8441,8372,8366,8183,8285,8092,8018,7903,8183,8243,8330,8216,7999,7945,7983,7892,7694,7869,7900,8094,7955,7739,7864,8048,8040,7991,8014,8066,7766,7174,7722,7812,7254,7643,8124,8096,7895,7837,8041,8169,8153,8133,8208,8222,8196,8011,7828,7766,7988,7943|
03/04/2026 10:38:32|8921,9057,8843,8624,8796,8635,8615,8727,8364,8552,8392,8320,8312,8143,8247,8066,7981,7875,8156,8178,8291,8183,7975,7911,7962,7861,7663,7840,7887,8074,7912,7706,7842,8015,8015,7966,7984,8039,7764,7175,7706,7801,7283,7593,8110,8097,7900,7838,8020,8133,8132,8104,8191,8207,8166,7976,7782,7741,7969,7934|
03/04/2026 10:38:33|8878,9016,8799,8540,8752,8599,8555,8669,8318,8505,8346,8266,8254,8099,8208,8043,7946,7843,8132,8121,8249,8142,7945,7872,7941,7832,7629,7811,7878,8059,7862,7681,7826,7985,7988,7945,7955,8005,7761,7181,7683,7788,7317,7552,8093,8101,7906,7833,8000,8094,8109,8073,8173,8192,8142,7951,7746,7710,7949,7922|
03/04/2026 10:38:34|8842,8982,8756,8462,8710,8567,8498,8611,8272,8464,8307,8212,8198,8053,8169,8018,7908,7806,8102,8061,8199,8095,7912,7835,7923,7807,7601,7787,7866,8045,7816,7663,7820,7962,7963,7924,7921,7966,7756,7188,7664,7780,7354,7518,8078,8104,7907,7825,7983,8058,8083,8043,8154,8175,8122,7933,7720,7684,7933,7912|
03/04/2026 10:38:35|8807,8951,8719,8394,8674,8541,8451,8556,8231,8432,8276,8160,8144,8016,8136,7999,7876,7773,8070,8004,8148,8052,7880,7804,7908,7787,7580,7769,7859,8033,7778,7652,7819,7941,7942,7904,7878,7929,7750,7198,7649,7779,7394,7490,8066,8107,7904,7822,7972,8026,8059,8016,8138,8158,8107,7922,7703,7666,7923,7908|
03/04/2026 10:38:36|8772,8919,8687,8340,8644,8519,8412,8504,8195,8407,8254,8111,8090,7984,8107,7987,7855,7750,8045,7955,8101,8008,7844,7780,7895,7769,7559,7758,7855,8025,7746,7642,7820,7923,7929,7884,7836,7896,7748,7211,7635,7784,7437,7471,8059,8111,7901,7825,7960,7997,8036,7998,8127,8143,8091,7911,7696,7657,7913,7907|
03/04/2026 10:38:37|8741,8889,8658,8294,8616,8498,8376,8451,8156,8381,8231,8065,8041,7950,8082,7981,7842,7736,8024,7910,8054,7961,7813,7759,7882,7750,7534,7749,7848,8012,7719,7636,7823,7913,7923,7871,7800,7862,7750,7227,7622,7794,7485,7457,8052,8108,7896,7834,7947,7973,8018,7989,8122,8128,8078,7903,7697,7654,7911,7911|
03/04/2026 10:38:38|8718,8867,8630,8254,8591,8479,8341,8398,8112,8354,8206,8023,7995,7912,8061,7981,7837,7730,8009,7868,8007,7912,7787,7740,7866,7727,7509,7741,7841,7992,7696,7636,7829,7909,7923,7864,7770,7827,7753,7244,7613,7810,7536,7444,8043,8096,7888,7847,7942,7953,8005,7990,8123,8111,8067,7901,7707,7653,7917,7921|
03/04/2026 10:38:39|8702,8850,8606,8222,8568,8461,8308,8345,8067,8325,8179,7983,7953,7870,8042,7986,7838,7731,7997,7828,7959,7864,7767,7722,7850,7703,7484,7733,7834,7966,7675,7640,7836,7910,7928,7862,7743,7791,7758,7263,7607,7830,7589,7433,8032,8076,7876,7862,7942,7936,7995,7999,8128,8092,8058,7903,7723,7653,7930,7935|
03/04/2026 10:38:40|8687,8836,8588,8202,8544,8453,8288,8303,8027,8294,8148,7949,7913,7827,8022,7989,7838,7731,7984,7786,7911,7817,7747,7709,7840,7685,7463,7724,7825,7931,7655,7635,7843,7912,7931,7856,7714,7756,7764,7285,7603,7848,7640,7428,8020,8056,7864,7872,7939,7913,7981,8008,8131,8074,8056,7909,7730,7648,7943,7951|
03/04/2026 10:38:41|8671,8823,8578,8196,8517,8458,8285,8276,7996,8258,8112,7921,7875,7785,7999,7989,7835,7729,7969,7740,7862,7773,7726,7700,7837,7676,7448,7712,7814,7889,7634,7617,7850,7914,7930,7842,7679,7724,7771,7309,7601,7859,7686,7428,8006,8036,7851,7871,7930,7881,7960,8016,8130,8058,8060,7918,7724,7636,7954,7968|
03/04/2026 10:38:42|8654,8812,8576,8202,8490,8474,8297,8262,7974,8222,8074,7900,7839,7746,7974,7987,7829,7725,7952,7692,7813,7733,7705,7695,7841,7674,7440,7698,7801,7841,7614,7589,7856,7915,7925,7824,7641,7693,7779,7334,7601,7866,7728,7434,7990,8019,7838,7864,7917,7843,7935,8021,8125,8043,8069,7928,7708,7617,7963,7985|
03/04/2026 10:38:43|8644,8810,8583,8222,8472,8501,8322,8260,7966,8197,8046,7891,7812,7721,7956,7990,7833,7724,7941,7656,7771,7704,7692,7690,7848,7678,7438,7684,7791,7798,7600,7568,7864,7917,7923,7807,7608,7667,7779,7358,7601,7868,7766,7444,7973,8004,7823,7855,7907,7809,7909,8023,8117,8031,8080,7936,7688,7597,7966,8004|
03/04/2026 10:38:44|8644,8818,8602,8252,8470,8536,8357,8273,7973,8188,8035,7895,7801,7713,7948,8001,7849,7734,7936,7633,7739,7688,7689,7691,7862,7688,7439,7666,7782,7763,7594,7555,7871,7921,7927,7795,7585,7649,7773,7385,7602,7873,7800,7457,7958,7987,7810,7853,7904,7782,7884,8021,8102,8021,8095,7944,7673,7585,7973,8026|
03/04/2026 10:38:45|8653,8838,8633,8290,8477,8574,8397,8295,7993,8189,8035,7911,7800,7715,7947,8020,7874,7755,7939,7622,7721,7680,7699,7703,7884,7702,7445,7650,7760,7733,7593,7543,7871,7925,7935,7789,7576,7640,7772,7419,7612,7884,7832,7476,7952,7978,7807,7862,7911,7766,7863,8022,8091,8013,8108,7951,7661,7581,7984,8047|
03/04/2026 10:38:46|8672,8871,8673,8335,8494,8616,8442,8324,8026,8199,8043,7936,7812,7724,7951,8046,7906,7785,7950,7626,7715,7676,7721,7728,7915,7718,7457,7640,7723,7705,7595,7531,7869,7930,7945,7785,7579,7643,7778,7459,7630,7903,7862,7499,7954,7979,7815,7880,7928,7760,7845,8026,8083,8004,8119,7954,7651,7585,7998,8063|
03/04/2026 10:38:47|8697,8911,8718,8382,8515,8658,8489,8358,8066,8216,8057,7967,7831,7739,7960,8074,7942,7821,7967,7639,7718,7675,7749,7758,7947,7735,7474,7634,7680,7681,7599,7519,7863,7933,7958,7784,7591,7653,7789,7502,7651,7924,7890,7525,7960,7984,7830,7902,7947,7762,7831,8029,8078,7995,8126,7957,7644,7593,8014,8075|
03/04/2026 10:38:48|8722,8950,8759,8421,8538,8697,8527,8392,8106,8235,8070,7995,7849,7758,7975,8104,7973,7859,7988,7662,7729,7683,7779,7787,7972,7752,7497,7631,7645,7663,7605,7513,7857,7938,7974,7784,7607,7666,7805,7548,7677,7947,7920,7553,7966,7989,7846,7923,7964,7770,7825,8029,8070,7988,8133,7965,7642,7604,8030,8088|
03/04/2026 10:38:49|8746,8988,8794,8457,8563,8732,8561,8426,8145,8253,8078,8017,7864,7777,7995,8133,8001,7892,8010,7692,7746,7693,7812,7816,7998,7775,7526,7629,7619,7649,7619,7518,7855,7946,7992,7785,7628,7683,7827,7595,7708,7974,7952,7586,7970,7996,7864,7945,7979,7777,7817,8026,8062,7982,8140,7978,7648,7616,8046,8097|
03/04/2026 10:38:50|8767,9020,8823,8493,8588,8762,8586,8451,8179,8270,8085,8036,7878,7788,8011,8160,8028,7924,8031,7726,7769,7700,7845,7845,8023,7800,7555,7633,7604,7640,7638,7534,7859,7955,8007,7790,7653,7703,7850,7640,7740,8000,7982,7620,7964,7998,7880,7966,7994,7784,7808,8020,8052,7970,8148,7993,7661,7632,8060,8102|
03/04/2026 10:38:51|8778,9040,8846,8525,8612,8787,8602,8469,8207,8286,8096,8056,7895,7792,8022,8181,8052,7957,8047,7757,7791,7711,7879,7872,8046,7827,7585,7637,7594,7635,7655,7553,7869,7963,8023,7797,7679,7725,7874,7682,7769,8023,8009,7655,7955,8002,7899,7984,8003,7792,7803,8016,8038,7958,8161,8012,7677,7647,8071,8106|
03/04/2026 10:38:52|8780,9051,8865,8556,8630,8805,8604,8477,8234,8303,8113,8078,7912,7798,8029,8196,8074,7992,8063,7784,7810,7721,7904,7897,8066,7855,7612,7647,7595,7635,7670,7578,7884,7972,8040,7792,7697,7746,7895,7718,7797,8043,8032,7692,7950,8008,7919,7996,8010,7802,7806,8017,8024,7953,8178,8033,7691,7664,8082,8110|
03/04/2026 10:38:53|8777,9054,8877,8586,8648,8815,8602,8486,8262,8319,8134,8104,7934,7811,8041,8210,8100,8032,8083,7817,7835,7733,7923,7920,8085,7888,7648,7667,7608,7639,7692,7613,7905,7987,8062,7788,7715,7770,7917,7748,7821,8063,8054,7727,7947,8015,7940,8010,8021,7819,7816,8021,8014,7955,8199,8057,7710,7683,8099,8123|
03/04/2026 10:38:54|8772,9051,8885,8613,8664,8819,8598,8492,8289,8333,8157,8135,7961,7833,8058,8224,8126,8071,8106,7853,7857,7746,7940,7943,8103,7924,7690,7693,7630,7648,7712,7647,7926,7998,8084,7789,7735,7797,7941,7776,7844,8080,8076,7760,7942,8019,7955,8026,8036,7841,7826,8026,8001,7955,8214,8079,7735,7703,8111,8139|
03/04/2026 10:38:55|8767,9042,8890,8631,8678,8818,8594,8492,8311,8343,8179,8163,7992,7858,8076,8242,8153,8108,8131,7886,7879,7763,7956,7962,8121,7959,7735,7723,7661,7665,7731,7680,7948,8003,8103,7791,7752,7824,7957,7803,7871,8101,8099,7794,7938,8022,7965,8040,8053,7865,7841,8033,7986,7953,8226,8100,7763,7728,8124,8157|
03/04/2026 10:38:56|8763,9036,8895,8640,8687,8815,8587,8486,8326,8350,8193,8188,8022,7879,8095,8265,8181,8142,8151,7916,7900,7780,7970,7977,8137,7995,7782,7755,7698,7689,7747,7712,7975,8016,8123,7800,7772,7854,7970,7829,7903,8126,8128,7828,7924,8023,7976,8058,8072,7888,7866,8048,7980,7952,8237,8118,7795,7762,8144,8178|
03/04/2026 10:38:57|8759,9028,8900,8650,8695,8811,8575,8471,8332,8355,8203,8206,8046,7892,8110,8285,8203,8173,8163,7943,7917,7793,7977,7985,8144,8024,7824,7782,7737,7717,7762,7738,7997,8031,8144,7814,7795,7886,7981,7854,7932,8151,8159,7862,7912,8027,7986,8074,8091,7910,7897,8069,7980,7953,8243,8133,7826,7793,8159,8202|
03/04/2026 10:38:58|8758,9023,8909,8664,8707,8806,8566,8455,8330,8358,8209,8214,8065,7904,8122,8296,8215,8199,8165,7965,7930,7799,7977,7985,8145,8043,7856,7804,7774,7740,7768,7756,8010,8046,8164,7832,7819,7918,7994,7881,7958,8176,8192,7898,7902,8034,7996,8090,8114,7940,7933,8088,7975,7948,8239,8142,7853,7813,8162,8221|
03/04/2026 10:38:59|8761,9025,8922,8678,8720,8801,8561,8440,8324,8358,8212,8207,8079,7916,8131,8300,8224,8220,8155,7980,7939,7799,7971,7974,8140,8054,7877,7825,7808,7755,7766,7768,8016,8060,8182,7854,7847,7951,8007,7909,7979,8198,8227,7937,7894,8042,8009,8105,8139,7976,7975,8106,7960,7934,8221,8145,7876,7822,8154,8234|
03/04/2026 10:39:00|8766,9033,8940,8694,8734,8795,8559,8426,8313,8358,8214,8189,8088,7930,8138,8297,8229,8236,8136,7991,7946,7792,7960,7954,8129,8057,7889,7845,7839,7764,7758,7774,8016,8072,8200,7878,7878,7984,8022,7938,7996,8218,8264,7978,7888,8052,8023,8120,8167,8017,8020,8123,7937,7910,8193,8143,7895,7823,8137,8242|
03/04/2026 10:39:01|8774,9046,8961,8711,8750,8790,8560,8414,8300,8356,8214,8162,8094,7944,8143,8288,8231,8249,8108,7997,7950,7781,7946,7928,8114,8054,7894,7864,7867,7768,7745,7776,8010,8083,8216,7904,7910,8015,8038,7968,8009,8235,8300,8020,7885,8064,8038,8134,8196,8062,8067,8138,7909,7881,8157,8136,7911,7816,8113,8246|
03/04/2026 10:39:02|8787,9066,8986,8731,8770,8788,8567,8408,8290,8358,8216,8139,8105,7963,8150,8282,8233,8256,8083,8004,7951,7771,7932,7905,8100,8047,7891,7875,7892,7772,7731,7775,8004,8093,8231,7927,7936,8041,8050,7991,8017,8250,8332,8060,7885,8073,8051,8145,8222,8101,8111,8152,7883,7855,8116,8126,7929,7814,8091,8245|
03/04/2026 10:39:03|8804,9090,9013,8752,8794,8791,8579,8406,8285,8363,8224,8125,8121,7984,8162,8280,8236,8261,8060,8010,7949,7760,7924,7890,8086,8035,7884,7880,7913,7772,7714,7773,8001,8103,8241,7946,7960,8063,8058,8005,8021,8259,8355,8097,7892,8078,8059,8153,8244,8136,8149,8165,7862,7833,8069,8113,7947,7816,8078,8245|
03/04/2026 10:39:04|8823,9117,9042,8779,8823,8801,8600,8414,8292,8378,8238,8122,8142,8012,8178,8284,8242,8270,8045,8019,7952,7753,7919,7881,8078,8024,7878,7886,7932,7769,7700,7774,7998,8113,8248,7960,7978,8080,8066,8018,8026,8266,8375,8134,7903,8077,8061,8156,8264,8168,8183,8175,7846,7818,8023,8103,7963,7823,8072,8249|
03/04/2026 10:39:05|8848,9147,9076,8813,8855,8818,8629,8434,8308,8400,8255,8130,8167,8040,8193,8294,8253,8283,8030,8032,7964,7755,7915,7872,8074,8017,7872,7894,7947,7761,7689,7776,7992,8118,8249,7971,7995,8097,8075,8029,8026,8270,8394,8168,7915,8071,8058,8152,8276,8197,8216,8187,7834,7810,7987,8096,7976,7830,8070,8256|
03/04/2026 10:39:06|8877,9181,9111,8858,8895,8841,8661,8467,8338,8430,8274,8149,8202,8074,8202,8308,8272,8300,8012,8047,7984,7765,7911,7856,8074,8017,7872,7905,7957,7755,7682,7777,7977,8107,8232,7973,8005,8114,8087,8036,8022,8272,8410,8199,7922,8053,8045,8144,8281,8224,8247,8200,7823,7810,7957,8088,7984,7839,8075,8268|
03/04/2026 10:39:07|8911,9217,9144,8910,8942,8870,8697,8512,8379,8466,8292,8177,8243,8113,8208,8323,8296,8320,7993,8064,8010,7783,7908,7835,8077,8023,7879,7915,7962,7752,7679,7778,7955,8083,8200,7968,8008,8132,8099,8041,8014,8272,8423,8226,7924,8024,8024,8132,8279,8248,8276,8213,7813,7814,7932,8079,7988,7849,8086,8282|
03/04/2026 10:39:08|8945,9253,9177,8962,8985,8901,8734,8561,8421,8501,8307,8209,8284,8155,8216,8334,8323,8342,7980,8083,8037,7802,7911,7818,8081,8032,7889,7917,7966,7752,7680,7781,7932,8058,8168,7963,8009,8150,8107,8044,8006,8273,8431,8245,7926,7991,8004,8123,8274,8268,8298,8221,7806,7818,7909,8066,7988,7862,8101,8291|
03/04/2026 10:39:09|8981,9292,9214,9017,9029,8939,8779,8617,8468,8539,8330,8251,8331,8201,8231,8343,8352,8369,7979,8105,8061,7824,7921,7811,8087,8043,7901,7921,7976,7758,7687,7786,7908,8031,8133,7951,8012,8167,8110,8049,8002,8275,8430,8254,7925,7960,7989,8117,8270,8285,8315,8227,7797,7824,7891,8053,7987,7878,8119,8296|
03/04/2026 10:39:10|9019,9336,9257,9074,9076,8982,8831,8680,8522,8583,8363,8301,8384,8254,8252,8356,8384,8402,7990,8131,8085,7848,7935,7809,8093,8055,7911,7925,7990,7772,7701,7793,7882,8002,8096,7928,8017,8184,8109,8055,8003,8277,8422,8254,7923,7932,7979,8115,8267,8297,8330,8232,7786,7832,7881,8044,7988,7899,8139,8294|
03/04/2026 10:39:11|9058,9384,9305,9133,9127,9031,8888,8747,8583,8631,8405,8358,8443,8310,8279,8373,8419,8438,8011,8160,8109,7874,7952,7814,8101,8066,7921,7931,8010,7791,7719,7801,7854,7972,8056,7897,8024,8200,8104,8063,8009,8281,8410,8247,7919,7906,7972,8115,8264,8304,8343,8237,7773,7841,7878,8040,7989,7923,8160,8288|
03/04/2026 10:39:12|9096,9435,9355,9194,9179,9084,8951,8819,8647,8684,8453,8421,8506,8370,8310,8393,8456,8477,8041,8190,8131,7902,7973,7823,8109,8077,7931,7937,8033,7816,7741,7809,7825,7941,8014,7859,8031,8215,8096,8072,8018,8284,8394,8234,7913,7884,7969,8118,8262,8308,8354,8242,7759,7851,7881,8040,7992,7949,8184,8278|
03/04/2026 10:39:13|9135,9488,9409,9255,9233,9139,9016,8893,8715,8738,8507,8488,8572,8432,8345,8416,8493,8519,8077,8223,8152,7931,7996,7836,8117,8088,7940,7945,8059,7845,7767,7819,7795,7909,7972,7814,8041,8229,8085,8081,8030,8288,8373,8215,7906,7864,7969,8123,8260,8309,8363,8247,7743,7863,7890,8043,7995,7977,8208,8265|
03/04/2026 10:39:14|9174,9542,9463,9315,9286,9196,9084,8969,8785,8795,8564,8557,8639,8494,8382,8440,8531,8562,8119,8255,8172,7961,8021,7853,8126,8099,7948,7953,8087,7877,7793,7829,7765,7877,7930,7766,8050,8242,8071,8091,8045,8292,8350,8192,7899,7847,7972,8130,8260,8308,8371,8252,7728,7875,7903,8048,7999,8006,8232,8248|
03/04/2026 10:39:15|9214,9594,9509,9366,9328,9248,9149,9040,8848,8846,8615,8619,8698,8550,8415,8460,8562,8594,8158,8282,8187,7989,8043,7869,8132,8103,7951,7960,8114,7905,7811,7836,7737,7849,7890,7722,8058,8254,8059,8098,8058,8293,8324,8167,7893,7834,7980,8142,8261,8307,8377,8255,7718,7891,7919,8057,8003,8032,8253,8234|
03/04/2026 10:39:16|9249,9637,9549,9407,9357,9291,9204,9101,8900,8886,8648,8668,8744,8593,8440,8473,8583,8609,8189,8301,8197,8017,8062,7886,8136,8102,7950,7966,8139,7926,7828,7842,7707,7822,7853,7687,8058,8260,8051,8105,8070,8291,8297,8144,7890,7823,7983,8151,8263,8308,8377,8251,7714,7909,7934,8069,8007,8056,8270,8216|
03/04/2026 10:39:17|9279,9678,9590,9448,9382,9331,9256,9159,8950,8924,8677,8712,8787,8634,8463,8480,8594,8619,8219,8319,8206,8041,8072,7904,8141,8102,7949,7974,8163,7944,7846,7846,7680,7794,7820,7659,8055,8258,8041,8110,8082,8278,8270,8125,7892,7815,7980,8154,8264,8311,8377,8242,7715,7924,7948,8085,8014,8076,8273,8189|
03/04/2026 10:39:18|9306,9719,9635,9492,9407,9368,9307,9217,9000,8961,8706,8754,8827,8672,8485,8481,8599,8626,8249,8337,8215,8061,8071,7921,8145,8105,7950,7981,8186,7962,7864,7850,7657,7764,7791,7639,8050,8251,8027,8113,8091,8252,8246,8111,7899,7809,7971,8152,8262,8315,8378,8228,7717,7935,7960,8105,8025,8091,8261,8156|
03/04/2026 10:39:19|9330,9761,9681,9535,9432,9403,9357,9273,9050,8997,8733,8793,8864,8708,8505,8479,8597,8630,8277,8355,8224,8077,8059,7936,8150,8110,7952,7988,8207,7981,7882,7854,7637,7732,7766,7626,8044,8239,8009,8114,8098,8216,8222,8101,7910,7806,7958,8144,8257,8321,8381,8211,7720,7945,7970,8127,8040,8102,8237,8119|
03/04/2026 10:39:20|9350,9794,9710,9571,9453,9431,9396,9318,9090,9024,8755,8825,8892,8734,8514,8468,8589,8628,8296,8365,8231,8092,8049,7952,8151,8116,7956,7995,8223,8000,7902,7861,7625,7705,7748,7624,8042,8227,7994,8117,8107,8178,8200,8094,7919,7805,7944,8137,8257,8331,8386,8194,7729,7958,7985,8152,8058,8114,8214,8083|
03/04/2026 10:39:21|9364,9816,9715,9594,9468,9451,9424,9347,9115,9039,8769,8850,8910,8745,8508,8447,8578,8622,8303,8367,8235,8107,8046,7968,8147,8122,7960,8000,8235,8020,7926,7871,7619,7686,7739,7632,8046,8218,7984,8123,8117,8144,8177,8088,7922,7806,7931,8135,8263,8346,8393,8180,7742,7979,8008,8180,8080,8128,8196,8050|
03/04/2026 10:39:22|9374,9828,9701,9606,9479,9465,9440,9364,9128,9044,8777,8869,8919,8745,8490,8419,8563,8611,8300,8361,8237,8121,8048,7985,8140,8127,7966,8004,8242,8040,7953,7884,7620,7673,7738,7651,8055,8211,7978,8130,8129,8114,8154,8082,7921,7808,7919,8135,8274,8365,8402,8169,7759,8005,8037,8210,8104,8144,8184,8022|
03/04/2026 10:39:23|9380,9831,9669,9610,9486,9472,9447,9369,9131,9040,8779,8881,8920,8734,8460,8384,8546,8595,8287,8349,8237,8135,8054,8003,8129,8133,7972,8007,8245,8060,7981,7900,7627,7666,7742,7677,8069,8205,7976,8139,8143,8086,8132,8078,7916,7812,7907,8138,8290,8386,8413,8160,7780,8036,8072,8242,8130,8162,8176,7997|
03/04/2026 10:39:24|9383,9827,9622,9605,9489,9475,9445,9364,9124,9028,8776,8887,8914,8715,8422,8344,8525,8577,8266,8330,8235,8148,8065,8020,8115,8139,7980,8009,8244,8080,8011,7918,7638,7665,7753,7710,8086,8201,7977,8149,8158,8062,8111,8074,7908,7817,7896,8143,8310,8410,8425,8153,7804,8071,8111,8275,8157,8182,8172,7975|
03/04/2026 10:39:25|9382,9817,9563,9594,9488,9472,9436,9350,9109,9009,8768,8889,8903,8688,8376,8300,8504,8556,8239,8307,8231,8161,8079,8037,8099,8145,7987,8010,8240,8100,8042,7937,7653,7667,7768,7749,8105,8199,7981,8161,8173,8041,8090,8072,7898,7822,7886,8150,8333,8436,8439,8148,7830,8109,8153,8309,8186,8202,8172,7956|
03/04/2026 10:39:26|9379,9801,9494,9576,9485,9466,9420,9329,9087,8985,8758,8887,8886,8655,8325,8252,8480,8534,8206,8280,8226,8173,8096,8054,8081,8150,7995,8011,8233,8120,8073,7957,7671,7674,7786,7793,8128,8198,7988,8173,8189,8022,8070,8070,7885,7828,7876,8159,8358,8463,8453,8145,7858,8149,8198,8343,8215,8222,8174,7940|
03/04/2026 10:39:27|9374,9780,9417,9554,9480,9456,9400,9302,9059,8957,8744,8882,8865,8617,8269,8203,8456,8509,8169,8250,8220,8185,8115,8070,8062,8155,8004,8011,8225,8139,8104,7978,7692,7683,7808,7839,8152,8199,7996,8186,8205,8006,8051,8068,7870,7835,7868,8169,8385,8492,8467,8143,7887,8190,8245,8376,8244,8243,8180,7926|
03/04/2026 10:39:28|9367,9756,9334,9527,9473,9443,9375,9270,9027,8924,8728,8873,8841,8575,8209,8151,8431,8484,8129,8218,8213,8196,8135,8086,8042,8160,8012,8010,8214,8157,8135,8000,7715,7695,7833,7889,8177,8200,8006,8200,8221,7993,8034,8068,7853,7842,7860,8180,8414,8520,8482,8142,7917,8232,8292,8410,8274,8264,8188,7915|
03/04/2026 10:39:29|9358,9729,9246,9498,9464,9428,9347,9234,8991,8889,8709,8862,8814,8530,8147,8099,8406,8457,8086,8184,8206,8206,8157,8102,8021,8165,8021,8009,8202,8174,8166,8022,7740,7710,7859,7940,8204,8202,8018,8213,8237,7981,8017,8067,7836,7850,7853,8192,8443,8549,8497,8143,7947,8275,8340,8442,8303,8285,8197,7906|
03/04/2026 10:39:30|9347,9700,9157,9467,9454,9411,9317,9196,8954,8853,8691,8849,8786,8484,8084,8048,8382,8431,8042,8150,8198,8215,8181,8117,8001,8170,8029,8009,8190,8192,8196,8044,7766,7727,7887,7991,8230,8205,8031,8227,8252,7972,8001,8067,7819,7858,7847,8205,8473,8577,8511,8144,7977,8317,8388,8473,8331,8305,8207,7898|
03/04/2026 10:39:31|9336,9677,9085,9441,9448,9402,9295,9164,8923,8827,8681,8843,8764,8447,8035,8009,8363,8411,8007,8122,8193,8225,8205,8131,7983,8174,8039,8013,8184,8211,8227,8068,7796,7746,7917,8041,8256,8208,8037,8233,8263,7966,7991,8068,7804,7868,7841,8217,8501,8598,8521,8139,8006,8357,8432,8499,8355,8323,8212,7888|
03/04/2026 10:39:32|9330,9664,9034,9427,9451,9401,9283,9143,8906,8814,8683,8844,8751,8422,8004,7986,8352,8399,7984,8106,8191,8236,8227,8143,7963,8175,8046,8019,8182,8228,8255,8094,7830,7766,7940,8084,8278,8203,8031,8231,8267,7963,7981,8066,7791,7875,7833,8222,8517,8605,8523,8131,8031,8387,8469,8517,8367,8337,8217,7880|
03/04/2026 10:39:33|9332,9663,9002,9424,9459,9409,9280,9134,8898,8810,8697,8852,8742,8408,7993,7979,8346,8394,7975,8098,8195,8247,8245,8158,7950,8176,8052,8027,8176,8236,8276,8119,7859,7784,7957,8120,8295,8194,8020,8223,8268,7959,7966,8060,7779,7884,7827,8217,8514,8594,8521,8125,8050,8407,8496,8527,8372,8343,8219,7874|
03/04/2026 10:39:34|9340,9665,8985,9427,9467,9421,9282,9131,8897,8814,8716,8863,8738,8403,7996,7985,8343,8394,7974,8095,8201,8253,8261,8172,7942,8178,8057,8034,8166,8238,8289,8140,7880,7798,7969,8152,8309,8184,8006,8214,8265,7952,7944,8051,7771,7897,7826,8207,8498,8576,8518,8118,8067,8421,8516,8532,8368,8345,8219,7868|
03/04/2026 10:39:35|9353,9671,8980,9436,9482,9438,9289,9136,8907,8825,8741,8879,8740,8408,8011,8003,8342,8397,7981,8094,8206,8258,8272,8182,7935,8174,8052,8032,8148,8231,8290,8150,7894,7807,7977,8177,8316,8171,7990,8203,8256,7939,7920,8041,7765,7904,7826,8199,8479,8551,8506,8113,8083,8422,8526,8528,8354,8341,8218,7862|
03/04/2026 10:39:36|9374,9687,8985,9455,9504,9452,9305,9151,8924,8846,8774,8900,8750,8420,8030,8030,8345,8399,7996,8097,8205,8264,8283,8189,7928,8170,8045,8026,8123,8217,8280,8154,7899,7813,7983,8200,8319,8155,7974,8191,8248,7925,7892,8027,7761,7909,7829,8191,8460,8524,8483,8106,8097,8413,8529,8520,8339,8332,8210,7851|
03/04/2026 10:39:37|9401,9705,8995,9480,9534,9466,9327,9171,8947,8870,8812,8920,8763,8437,8055,8063,8350,8403,8014,8104,8203,8266,8297,8199,7927,8166,8033,8015,8103,8203,8265,8157,7901,7821,7992,8222,8323,8140,7958,8178,8238,7915,7869,8014,7756,7915,7832,8181,8431,8497,8460,8097,8108,8397,8522,8507,8317,8311,8197,7842|
03/04/2026 10:39:38|9429,9730,9016,9512,9569,9483,9355,9197,8975,8897,8851,8941,8782,8464,8088,8099,8361,8413,8039,8114,8202,8268,8312,8215,7935,8166,8020,7994,8083,8190,8253,8160,7903,7829,8000,8244,8329,8125,7944,8162,8224,7901,7846,8003,7751,7917,7832,8163,8394,8471,8434,8090,8112,8377,8509,8495,8299,8288,8185,7841|
03/04/2026 10:39:39|9456,9755,9049,9549,9608,9505,9388,9227,9005,8928,8889,8964,8807,8500,8129,8139,8376,8428,8065,8127,8205,8267,8326,8234,7950,8169,8009,7969,8062,8177,8238,8161,7907,7834,7999,8263,8332,8106,7935,8151,8211,7884,7817,7994,7752,7921,7836,8149,8356,8450,8413,8084,8112,8361,8495,8485,8284,8265,8175,7846|
03/04/2026 10:39:40|9484,9778,9092,9592,9650,9533,9424,9260,9036,8961,8926,8989,8834,8541,8176,8183,8394,8444,8091,8142,8212,8261,8339,8256,7972,8173,8000,7938,8038,8163,8221,8158,7914,7837,7990,8278,8330,8080,7928,8144,8199,7865,7779,7988,7760,7929,7847,8140,8314,8436,8398,8080,8112,8347,8485,8477,8269,8242,8168,7853|
03/04/2026 10:39:41|9513,9800,9144,9638,9693,9565,9461,9295,9066,8995,8963,9015,8863,8588,8228,8230,8415,8460,8117,8159,8224,8251,8351,8279,7999,8180,7991,7903,8012,8148,8200,8153,7923,7837,7975,8291,8324,8048,7925,8141,8188,7847,7735,7982,7772,7941,7864,8135,8271,8427,8387,8077,8112,8336,8479,8473,8256,8218,8164,7864|
03/04/2026 10:39:42|9542,9820,9202,9687,9738,9601,9500,9332,9096,9032,8998,9041,8893,8637,8285,8280,8437,8477,8142,8177,8238,8238,8361,8305,8030,8189,7984,7866,7985,8133,8178,8146,7934,7835,7954,8302,8314,8011,7925,8142,8178,7827,7684,7979,7789,7956,7886,8135,8226,8424,8381,8075,8111,8328,8476,8470,8243,8194,8162,7877|
03/04/2026 10:39:43|9570,9839,9265,9738,9783,9639,9540,9369,9125,9068,9031,9068,8924,8690,8344,8331,8461,8495,8167,8197,8256,8222,8370,8331,8065,8200,7977,7826,7958,8118,8153,8137,7946,7831,7928,8311,8300,7970,7927,8145,8168,7808,7630,7976,7810,7973,7912,8137,8180,8425,8378,8073,8110,8322,8476,8470,8232,8170,8161,7892|
03/04/2026 10:39:44|9596,9854,9326,9781,9822,9674,9574,9402,9149,9096,9060,9092,8950,8741,8401,8378,8483,8508,8187,8212,8273,8205,8375,8357,8101,8211,7972,7786,7931,8105,8124,8129,7962,7829,7903,8320,8288,7933,7933,8151,8159,7791,7578,7977,7834,7991,7939,8143,8137,8428,8376,8074,8109,8317,8479,8472,8218,8150,8165,7911|
03/04/2026 10:39:45|9614,9861,9374,9799,9845,9693,9593,9422,9158,9098,9075,9106,8961,8782,8448,8409,8496,8512,8194,8214,8287,8186,8370,8380,8136,8224,7971,7750,7906,8095,8084,8127,7983,7834,7889,8335,8286,7911,7946,8160,8148,7780,7544,7985,7863,8009,7964,8151,8105,8429,8367,8078,8108,8312,8486,8480,8199,8139,8175,7938|
03/04/2026 10:39:46|9624,9862,9409,9794,9852,9698,9597,9429,9154,9077,9080,9111,8959,8814,8484,8425,8501,8506,8191,8204,8298,8168,8357,8401,8170,8237,7973,7719,7884,8089,8035,8131,8009,7846,7884,8355,8291,7902,7965,8170,8136,7777,7526,7999,7895,8025,7987,8161,8083,8428,8354,8084,8107,8306,8498,8491,8174,8136,8192,7971|
03/04/2026 10:39:47|9622,9848,9434,9778,9848,9693,9592,9424,9142,9047,9076,9107,8946,8833,8512,8430,8501,8487,8184,8189,8306,8154,8340,8420,8201,8248,7979,7693,7863,8080,7991,8139,8034,7855,7880,8371,8298,7899,7984,8178,8118,7774,7520,8018,7930,8041,8004,8164,8063,8421,8332,8087,8101,8297,8507,8499,8146,8130,8206,8004|
03/04/2026 10:39:48|9603,9819,9444,9751,9834,9681,9575,9399,9117,9013,9069,9094,8926,8839,8531,8427,8497,8464,8179,8178,8314,8145,8324,8432,8228,8257,7986,7672,7843,8066,7954,8146,8055,7858,7872,8376,8304,7902,8005,8184,8097,7769,7518,8034,7958,8049,8014,8158,8040,8405,8308,8085,8093,8287,8510,8504,8120,8117,8218,8036|
03/04/2026 10:39:49|9560,9772,9434,9709,9810,9662,9548,9363,9082,8975,9056,9073,8895,8832,8539,8420,8490,8443,8176,8166,8321,8138,8310,8441,8252,8267,7991,7654,7827,8052,7921,8154,8073,7860,7864,8376,8307,7904,8020,8184,8074,7762,7514,8047,7983,8052,8018,8152,8021,8379,8285,8086,8084,8277,8506,8507,8098,8106,8230,8067|
03/04/2026 10:39:50|9503,9712,9408,9657,9775,9637,9515,9324,9045,8930,9029,9042,8858,8813,8541,8413,8479,8421,8172,8145,8324,8130,8293,8439,8271,8276,7992,7643,7815,8039,7896,8160,8085,7859,7860,8373,8298,7895,8021,8178,8053,7753,7506,8050,8006,8057,8023,8151,8010,8356,8262,8086,8079,8270,8500,8505,8075,8094,8233,8096|
03/04/2026 10:39:51|9436,9642,9372,9596,9734,9607,9480,9286,9009,8882,8985,8999,8816,8786,8537,8406,8467,8398,8165,8111,8324,8122,8273,8422,8281,8281,7987,7639,7808,8029,7879,8164,8091,7859,7860,8367,8277,7872,8006,8170,8034,7743,7494,8039,8025,8065,8032,8155,8008,8338,8239,8087,8077,8264,8492,8495,8049,8078,8225,8122|
03/04/2026 10:39:52|9361,9564,9327,9530,9686,9574,9441,9249,8972,8831,8928,8948,8770,8752,8529,8398,8452,8374,8157,8067,8321,8114,8250,8393,8285,8283,7978,7640,7806,8021,7867,8167,8093,7859,7864,8358,8246,7837,7978,8161,8017,7733,7476,8017,8040,8075,8046,8163,8012,8325,8217,8086,8078,8261,8483,8479,8022,8061,8206,8145|
03/04/2026 10:39:53|9281,9480,9275,9459,9634,9537,9402,9212,8937,8777,8860,8889,8720,8713,8517,8390,8437,8350,8147,8014,8315,8106,8225,8354,8283,8283,7964,7645,7806,8015,7862,8167,8092,7860,7870,8346,8206,7793,7939,8149,8002,7722,7456,7986,8053,8087,8062,8174,8022,8316,8194,8084,8082,8259,8472,8458,7992,8042,8180,8166|
03/04/2026 10:39:54|9195,9392,9217,9385,9578,9499,9361,9176,8902,8723,8784,8824,8668,8669,8502,8382,8420,8326,8136,7953,8306,8098,8199,8305,8275,8280,7948,7655,7810,8010,7861,8166,8087,7861,7880,8333,8159,7740,7891,8136,7990,7712,7432,7947,8062,8100,8082,8188,8037,8310,8172,8082,8089,8258,8459,8432,7961,8021,8147,8185|
03/04/2026 10:39:55|9107,9300,9155,9309,9520,9458,9320,9141,8868,8668,8700,8755,8615,8622,8484,8374,8402,8302,8124,7887,8295,8089,8171,8250,8263,8276,7928,7669,7816,8007,7864,8164,8080,7862,7891,8318,8106,7682,7836,8122,7979,7701,7406,7901,8069,8115,8103,8204,8057,8308,8150,8080,8098,8259,8446,8403,7930,7999,8108,8202|
03/04/2026 10:39:56|9017,9207,9089,9231,9461,9417,9279,9108,8836,8613,8612,8683,8561,8573,8465,8367,8384,8278,8111,7817,8283,8081,8143,8189,8247,8271,7907,7685,7824,8005,7871,8160,8071,7864,7904,8302,8048,7618,7774,8108,7970,7690,7379,7850,8074,8131,8126,8222,8080,8309,8129,8077,8108,8260,8433,8372,7899,7977,8064,8216|
03/04/2026 10:39:57|8927,9114,9021,9154,9400,9375,9239,9077,8805,8559,8520,8608,8506,8522,8443,8359,8365,8255,8098,7744,8270,8073,8115,8125,8228,8264,7883,7703,7834,8005,7880,8156,8059,7865,7918,8285,7987,7551,7708,8092,7962,7680,7350,7795,8077,8147,8150,8242,8106,8312,8109,8073,8120,8263,8419,8338,7867,7955,8017,8229|
03/04/2026 10:39:58|8844,9027,8959,9083,9344,9336,9203,9049,8779,8509,8433,8537,8455,8470,8423,8352,8349,8235,8087,7676,8256,8061,8088,8061,8207,8254,7860,7723,7845,8004,7892,8149,8046,7867,7928,8261,7923,7484,7644,8078,7954,7665,7320,7735,8077,8163,8175,8263,8133,8313,8091,8071,8132,8265,8404,8303,7837,7932,7971,8241|
03/04/2026 10:39:59|8783,8958,8914,9029,9297,9302,9178,9028,8764,8471,8364,8479,8410,8419,8408,8343,8339,8219,8082,7624,8244,8039,8068,8005,8182,8239,7837,7743,7858,8004,7902,8137,8034,7865,7927,8218,7855,7427,7592,8065,7944,7637,7291,7666,8071,8175,8200,8285,8157,8306,8078,8070,8144,8264,8385,8266,7809,7909,7933,8252|
03/04/2026 10:40:00|8743,8906,8887,8991,9261,9274,9163,9014,8758,8443,8314,8432,8372,8369,8397,8334,8336,8209,8082,7588,8233,8007,8053,7959,8155,8219,7816,7763,7871,8003,7910,8119,8021,7862,7914,8159,7785,7377,7553,8055,7932,7598,7261,7588,8059,8186,8225,8307,8180,8290,8069,8071,8156,8261,8364,8229,7785,7886,7904,8264|
03/04/2026 10:40:01|8720,8869,8874,8967,9234,9252,9156,9005,8760,8426,8280,8397,8340,8320,8391,8324,8336,8204,8085,7566,8223,7967,8042,7920,8126,8195,7797,7783,7884,8000,7918,8098,8009,7858,7891,8087,7713,7336,7524,8044,7917,7551,7232,7507,8044,8193,8249,8330,8200,8268,8063,8073,8167,8255,8339,8191,7764,7864,7882,8274|
03/04/2026 10:40:02|8709,8842,8867,8952,9210,9234,9155,9000,8766,8416,8256,8369,8317,8273,8386,8312,8333,8196,8081,7551,8211,7926,8028,7884,8092,8168,7784,7807,7899,7986,7928,8081,8000,7855,7864,8018,7651,7305,7501,8021,7902,7511,7202,7438,8027,8198,8272,8347,8207,8238,8055,8074,8176,8249,8313,8157,7751,7846,7864,8285|
03/04/2026 10:40:03|8705,8823,8864,8943,9185,9220,9158,8996,8772,8413,8239,8349,8302,8227,8383,8298,8322,8186,8063,7539,8196,7888,8010,7847,8054,8138,7776,7835,7915,7957,7944,8073,7996,7853,7836,7958,7604,7284,7483,7981,7886,7482,7170,7387,8010,8201,8293,8357,8200,8202,8040,8072,8183,8241,8286,8128,7747,7833,7851,8295|
03/04/2026 10:40:04|8705,8810,8864,8939,9162,9210,9163,8993,8778,8415,8228,8333,8292,8181,8380,8284,8308,8176,8042,7532,8181,7852,7986,7813,8016,8109,7774,7865,7932,7921,7963,8071,7994,7851,7806,7907,7570,7274,7467,7932,7872,7464,7142,7353,7996,8202,8312,8360,8183,8157,8024,8067,8187,8234,8258,8104,7750,7826,7842,8305|
03/04/2026 10:40:05|8704,8801,8870,8939,9145,9204,9171,8991,8785,8419,8220,8319,8279,8132,8375,8275,8297,8171,8029,7534,8169,7822,7960,7788,7990,8086,7778,7895,7949,7889,7981,8073,7995,7846,7771,7861,7548,7274,7454,7891,7862,7453,7125,7332,7989,8205,8329,8356,8163,8099,8011,8061,8183,8228,8236,8086,7756,7821,7838,8314|
03/04/2026 10:40:06|8701,8795,8881,8940,9132,9203,9182,8989,8792,8426,8214,8307,8264,8080,8369,8268,8289,8170,8026,7544,8160,7796,7930,7771,7973,8067,7786,7923,7965,7862,7999,8077,7998,7840,7734,7822,7539,7282,7444,7857,7855,7447,7117,7324,7987,8209,8343,8344,8143,8031,8001,8054,8174,8224,8218,8072,7764,7820,7839,8322|
03/04/2026 10:40:07|8698,8791,8894,8944,9123,9204,9189,8979,8792,8431,8212,8298,8251,8034,8359,8259,8276,8164,8023,7558,8150,7771,7904,7760,7955,8050,7794,7947,7982,7845,8023,8086,8004,7840,7706,7788,7537,7298,7441,7834,7854,7447,7122,7324,7989,8217,8355,8330,8126,7970,7995,8047,8163,8226,8209,8064,7779,7826,7843,8331|
03/04/2026 10:40:08|8695,8783,8902,8948,9114,9205,9193,8965,8782,8433,8212,8292,8243,7995,8339,8241,8260,8145,8020,7574,8136,7754,7886,7751,7936,8034,7799,7963,7999,7840,8050,8097,8011,7849,7687,7752,7539,7319,7450,7821,7857,7453,7139,7335,7994,8226,8367,8320,8119,7926,7990,8039,8151,8231,8208,8065,7801,7841,7848,8340|
03/04/2026 10:40:09|8690,8772,8906,8951,9106,9208,9195,8949,8763,8430,8213,8291,8241,7963,8311,8217,8240,8113,8016,7592,8119,7742,7875,7745,7915,8021,7799,7970,8016,7845,8081,8110,8017,7866,7677,7712,7543,7345,7467,7818,7865,7466,7166,7355,8002,8237,8378,8315,8120,7897,7987,8030,8137,8238,8215,8072,7829,7863,7855,8350|
03/04/2026 10:40:10|8685,8758,8907,8955,9099,9211,9195,8931,8736,8424,8216,8293,8243,7938,8276,8187,8218,8072,8011,7612,8099,7737,7869,7740,7893,8009,7796,7971,8034,7857,8114,8125,8022,7890,7674,7669,7548,7376,7493,7824,7877,7484,7202,7382,8012,8249,8389,8313,8130,7881,7985,8019,8122,8248,8228,8086,7862,7891,7863,8361|
03/04/2026 10:40:11|8679,8741,8905,8959,9093,9214,9194,8911,8702,8415,8220,8298,8249,7918,8235,8153,8194,8023,8006,7632,8078,7736,7869,7737,7870,7999,7789,7965,8052,7877,8149,8141,8027,7919,7678,7625,7555,7410,7525,7837,7892,7506,7245,7417,8024,8262,8399,8315,8146,7878,7984,8008,8105,8259,8247,8104,7898,7923,7871,8373|
03/04/2026 10:40:12|8673,8723,8901,8963,9088,9218,9191,8891,8664,8403,8226,8305,8258,7904,8189,8115,8168,7967,8000,7653,8055,7740,7874,7735,7847,7991,7781,7955,8070,7902,8186,8157,8031,7952,7687,7580,7564,7446,7562,7856,7910,7532,7293,7456,8037,8276,8409,8319,8168,7884,7984,7996,8088,8271,8270,8126,7938,7959,7881,8384|
03/04/2026 10:40:13|8668,8705,8895,8964,9082,9221,9185,8868,8623,8390,8226,8314,8270,7894,8145,8077,8145,7913,7996,7675,8033,7749,7882,7733,7825,7978,7772,7942,8087,7931,8223,8174,8037,7986,7702,7539,7574,7486,7601,7878,7930,7563,7349,7500,8050,8290,8419,8326,8192,7899,7986,7983,8070,8284,8296,8151,7974,7997,7891,8396|
03/04/2026 10:40:14|8662,8689,8888,8962,9074,9219,9175,8844,8581,8374,8222,8317,8278,7883,8107,8046,8128,7871,7995,7697,8008,7763,7893,7731,7810,7962,7769,7928,8103,7964,8259,8187,8045,8018,7724,7514,7591,7529,7640,7899,7949,7598,7409,7550,8060,8304,8427,8330,8211,7915,7988,7970,8056,8293,8320,8176,8005,8030,7894,8405|
03/04/2026 10:40:15|8653,8677,8883,8962,9069,9217,9168,8828,8540,8355,8219,8319,8287,7876,8075,8025,8117,7840,7994,7710,7972,7779,7908,7731,7804,7951,7771,7916,8119,7997,8281,8198,8055,8044,7746,7503,7614,7573,7680,7917,7964,7634,7473,7604,8073,8319,8430,8318,8225,7931,7991,7963,8047,8297,8336,8192,8023,8053,7887,8408|
03/04/2026 10:40:16|8642,8670,8885,8971,9071,9218,9169,8820,8505,8333,8220,8322,8300,7879,8053,8015,8110,7821,7995,7712,7932,7795,7927,7730,7805,7949,7780,7904,8134,8026,8287,8208,8067,8064,7767,7503,7641,7620,7722,7931,7973,7672,7542,7665,8092,8336,8433,8289,8235,7947,7998,7965,8041,8294,8345,8198,8025,8067,7873,8404|
03/04/2026 10:40:17|8630,8668,8894,8985,9079,9221,9176,8820,8473,8310,8224,8326,8318,7889,8040,8014,8108,7811,7997,7705,7887,7812,7950,7728,7813,7954,7795,7894,8148,8053,8278,8220,8080,8079,7788,7512,7672,7669,7766,7940,7976,7711,7613,7730,8116,8356,8434,8243,8241,7962,8007,7972,8040,8285,8347,8195,8014,8072,7853,8396|
03/04/2026 10:40:18|8616,8670,8908,9006,9091,9227,9189,8827,8446,8285,8231,8331,8338,7907,8034,8021,8109,7809,8000,7689,7839,7829,7977,7726,7826,7965,7815,7885,8160,8077,8257,8231,8095,8090,7809,7529,7705,7719,7811,7945,7975,7751,7687,7799,8145,8377,8435,8185,8245,7976,8019,7985,8041,8271,8343,8185,7991,8070,7829,8383|
03/04/2026 10:40:19|8602,8676,8926,9031,9107,9234,9207,8840,8423,8258,8239,8337,8362,7930,8035,8036,8112,7814,8004,7666,7789,7846,8005,7724,7844,7982,7838,7878,8172,8099,8225,8243,8111,8096,7828,7554,7741,7769,7857,7948,7970,7792,7762,7869,8177,8399,8434,8116,8245,7990,8033,8003,8045,8253,8334,8168,7959,8061,7801,8367|
03/04/2026 10:40:20|8587,8686,8947,9059,9127,9244,9228,8857,8403,8231,8250,8344,8387,7958,8041,8056,8119,7826,8009,7638,7738,7863,8035,7722,7866,8004,7865,7871,8182,8118,8184,8255,8127,8099,7847,7584,7778,7820,7903,7947,7961,7832,7837,7941,8211,8422,8433,8038,8244,8004,8049,8025,8052,8231,8320,8146,7918,8047,7769,8347|
03/04/2026 10:40:21|8571,8698,8972,9091,9149,9254,9252,8879,8386,8204,8261,8351,8414,7990,8052,8081,8127,7843,8014,7604,7687,7879,8066,7719,7892,8029,7893,7865,8191,8135,8136,8267,8144,8099,7864,7618,7815,7869,7948,7944,7949,7872,7911,8014,8248,8446,8431,7954,8241,8017,8066,8050,8060,8207,8303,8120,7871,8029,7736,8326|
03/04/2026 10:40:22|8556,8713,8999,9125,9174,9266,9279,8905,8373,8178,8275,8359,8442,8025,8068,8111,8138,7864,8021,7568,7635,7895,8098,7717,7920,8057,7925,7861,8199,8150,8084,8279,8162,8097,7881,7657,7853,7918,7993,7939,7936,7911,7983,8085,8286,8469,8429,7866,8236,8029,8084,8076,8070,8181,8284,8090,7819,8007,7701,8302|
03/04/2026 10:40:23|8546,8732,9027,9159,9200,9280,9308,8935,8371,8163,8297,8371,8475,8064,8090,8144,8151,7887,8028,7541,7591,7912,8129,7721,7949,8086,7960,7864,8203,8161,8038,8293,8179,8098,7901,7696,7889,7967,8037,7939,7925,7948,8048,8151,8320,8488,8424,7787,8235,8046,8102,8100,8083,8162,8270,8064,7773,7991,7675,8280|
03/04/2026 10:40:24|8537,8746,9041,9187,9221,9287,9328,8963,8373,8145,8321,8380,8507,8104,8113,8175,8162,7908,8036,7524,7558,7928,8154,7727,7976,8112,7995,7869,8202,8167,7999,8300,8191,8097,7921,7733,7921,8014,8079,7942,7921,7987,8109,8209,8351,8497,8420,7723,8233,8060,8115,8125,8096,8146,8258,8037,7733,7981,7657,8255|
03/04/2026 10:40:25|8536,8765,9061,9218,9243,9289,9346,8992,8384,8139,8348,8385,8539,8147,8140,8207,8173,7926,8048,7520,7538,7943,8167,7734,8004,8135,8019,7868,8197,8172,7969,8305,8196,8087,7937,7770,7951,8056,8115,7949,7921,8027,8165,8252,8373,8497,8415,7671,8224,8071,8133,8155,8108,8130,8248,8010,7699,7978,7647,8230|
03/04/2026 10:40:26|8544,8796,9091,9255,9265,9287,9364,9026,8408,8148,8377,8384,8569,8196,8173,8242,8187,7941,8063,7528,7531,7957,8165,7744,8032,8157,8032,7862,8190,8178,7949,8310,8198,8068,7950,7805,7980,8092,8144,7960,7923,8064,8214,8280,8388,8488,8409,7630,8206,8079,8157,8191,8119,8115,8239,7983,7674,7983,7648,8209|
03/04/2026 10:40:27|8560,8836,9128,9294,9289,9281,9381,9062,8441,8170,8408,8379,8599,8246,8210,8279,8201,7953,8080,7547,7536,7969,8152,7757,8061,8177,8035,7853,8181,8183,7938,8316,8199,8042,7959,7840,8010,8121,8167,7974,7927,8099,8258,8295,8398,8473,8403,7598,8183,8084,8185,8230,8128,8103,8233,7959,7657,7994,7658,8192|
03/04/2026 10:40:28|8586,8884,9169,9334,9311,9273,9390,9094,8478,8197,8439,8373,8618,8289,8245,8307,8203,7961,8097,7572,7549,7976,8136,7772,8089,8198,8040,7841,8175,8190,7928,8322,8197,8017,7966,7878,8043,8147,8190,7993,7931,8123,8296,8310,8409,8462,8402,7581,8162,8092,8217,8270,8141,8093,8230,7941,7655,8015,7675,8181|
03/04/2026 10:40:29|8623,8938,9212,9370,9330,9262,9388,9117,8516,8229,8468,8367,8625,8321,8273,8323,8189,7964,8111,7602,7568,7974,8121,7790,8117,8221,8049,7828,8174,8198,7917,8329,8192,7995,7971,7919,8080,8171,8215,8017,7936,8133,8329,8328,8425,8459,8407,7579,8147,8104,8251,8308,8160,8088,8231,7931,7670,8045,7697,8179|
03/04/2026 10:40:30|8669,8998,9256,9404,9346,9249,9378,9133,8554,8264,8495,8361,8621,8342,8295,8329,8161,7963,8123,7635,7593,7966,8107,7810,8144,8247,8062,7815,8177,8207,7904,8334,8184,7976,7975,7963,8122,8193,8242,8045,7941,8131,8358,8348,8445,8463,8418,7591,8136,8119,8285,8345,8183,8085,8236,7929,7699,8083,7723,8183|
03/04/2026 10:40:31|8722,9061,9301,9436,9359,9234,9360,9143,8591,8301,8520,8356,8607,8353,8313,8325,8123,7959,8134,7671,7623,7951,8095,7831,8170,8274,8078,7802,8183,8216,7890,8340,8174,7959,7978,8008,8166,8213,8270,8077,7946,8119,8382,8371,8468,8474,8435,7614,8129,8136,8321,8381,8209,8084,8243,7933,7741,8128,7752,8193|
03/04/2026 10:40:32|8780,9127,9346,9465,9371,9219,9337,9148,8629,8340,8544,8351,8587,8358,8326,8314,8075,7952,8143,7709,7656,7933,8084,7854,8195,8301,8097,7789,8193,8226,7876,8346,8163,7946,7979,8054,8211,8230,8298,8111,7951,8098,8400,8395,8493,8489,8455,7647,8126,8156,8356,8414,8238,8086,8251,7942,7792,8178,7784,8208|
03/04/2026 10:40:33|8840,9193,9388,9495,9384,9211,9317,9155,8671,8380,8571,8350,8572,8365,8341,8304,8033,7950,8152,7748,7691,7918,8073,7876,8215,8324,8114,7779,8204,8231,7866,8350,8152,7937,7982,8095,8243,8245,8323,8142,7956,8070,8406,8412,8510,8498,8470,7683,8125,8175,8387,8437,8260,8086,8252,7951,7840,8222,7813,8223|
03/04/2026 10:40:34|8900,9259,9427,9525,9399,9213,9307,9168,8717,8422,8602,8355,8566,8377,8359,8298,8003,7956,8166,7790,7727,7913,8063,7898,8233,8348,8132,7776,8219,8232,7854,8350,8146,7936,7984,8130,8265,8257,8346,8168,7963,8042,8403,8422,8516,8495,8473,7716,8121,8187,8407,8445,8274,8088,8252,7960,7885,8259,7840,8237|
03/04/2026 10:40:35|8952,9321,9461,9548,9414,9220,9299,9181,8759,8460,8631,8362,8564,8395,8377,8293,7976,7965,8183,7833,7762,7915,8058,7919,8247,8366,8145,7778,8234,8231,7844,8344,8138,7939,7986,8159,8277,8266,8363,8186,7969,8019,8395,8428,8517,8486,8464,7746,8111,8194,8418,8446,8284,8095,8256,7972,7929,8292,7865,8244|
03/04/2026 10:40:36|9000,9383,9497,9567,9428,9230,9293,9196,8802,8500,8663,8377,8567,8418,8399,8295,7963,7982,8202,7878,7799,7923,8058,7941,8258,8382,8151,7786,8248,8228,7834,8331,8128,7944,7988,8182,8285,8273,8371,8198,7973,8000,8386,8430,8515,8471,8446,7772,8096,8198,8420,8446,8291,8099,8258,7981,7968,8320,7889,8250|
03/04/2026 10:40:37|9039,9437,9524,9573,9430,9229,9281,9199,8838,8532,8687,8392,8571,8439,8418,8297,7955,7996,8217,7917,7831,7925,8055,7959,8263,8391,8155,7800,8258,8223,7827,8312,8113,7950,7988,8199,8291,8281,8372,8210,7981,7984,8377,8430,8508,8446,8411,7792,8082,8195,8415,8435,8297,8106,8261,7980,7998,8338,7910,8249|
03/04/2026 10:40:38|9064,9475,9534,9566,9420,9219,9259,9194,8865,8553,8693,8393,8568,8452,8429,8294,7945,8001,8226,7946,7854,7916,8036,7960,8254,8391,8160,7815,8263,8216,7813,8288,8095,7955,7988,8215,8293,8285,8369,8217,7986,7969,8369,8430,8498,8417,8371,7812,8070,8190,8406,8419,8299,8111,8258,7973,8015,8342,7923,8241|
03/04/2026 10:40:39|9068,9487,9527,9548,9398,9196,9225,9174,8875,8557,8685,8384,8556,8454,8425,8287,7934,8002,8226,7966,7868,7903,8004,7954,8239,8386,8156,7828,8263,8205,7799,8260,8073,7957,7991,8230,8289,8279,8359,8222,7990,7952,8360,8429,8484,8386,8327,7825,8059,8184,8395,8404,8296,8107,8246,7963,8023,8338,7929,8231|
03/04/2026 10:40:40|9051,9478,9505,9518,9366,9164,9185,9141,8873,8544,8669,8365,8538,8450,8414,8280,7925,8002,8219,7980,7881,7887,7966,7944,8223,8373,8149,7832,8259,8191,7790,8232,8054,7960,7994,8241,8282,8270,8343,8225,7992,7930,8347,8423,8464,8353,8284,7834,8048,8176,8381,8390,8293,8104,8234,7949,8028,8332,7938,8225|
03/04/2026 10:40:41|9025,9459,9474,9479,9326,9126,9141,9103,8863,8523,8650,8346,8512,8440,8396,8268,7915,7999,8208,7993,7894,7867,7925,7935,8206,8351,8137,7830,8248,8177,7786,8206,8034,7963,7997,8243,8267,8255,8324,8223,7986,7906,8330,8417,8443,8320,8234,7839,8041,8173,8370,8378,8288,8105,8222,7938,8033,8329,7951,8222|
03/04/2026 10:40:42|8993,9432,9438,9435,9280,9077,9091,9061,8847,8497,8627,8328,8482,8419,8366,8247,7900,7990,8196,8007,7906,7844,7883,7923,8190,8328,8125,7828,8236,8165,7784,8184,8014,7953,8001,8243,8251,8240,8305,8220,7978,7883,8312,8410,8425,8291,8182,7841,8037,8169,8359,8366,8284,8110,8209,7928,8040,8330,7964,8216|
03/04/2026 10:40:43|8955,9397,9397,9389,9228,9019,9039,9019,8821,8462,8598,8310,8448,8380,8323,8217,7876,7968,8180,8020,7916,7818,7844,7913,8175,8299,8110,7821,8219,8149,7779,8164,7997,7931,8006,8245,8233,8225,8290,8219,7974,7864,8292,8404,8411,8266,8129,7844,8034,8162,8349,8355,8279,8115,8195,7916,8044,8332,7976,8207|
03/04/2026 10:40:44|8913,9354,9352,9343,9171,8951,8986,8977,8788,8421,8565,8292,8412,8325,8268,8178,7845,7933,8161,8034,7925,7790,7807,7907,8160,8264,8094,7810,8197,8130,7772,8147,7983,7901,8012,8249,8213,8211,8276,8221,7975,7850,8272,8399,8402,8245,8076,7849,8032,8151,8340,8344,8273,8120,8179,7903,8044,8335,7988,8195|
03/04/2026 10:40:45|8867,9306,9304,9296,9112,8876,8932,8935,8749,8375,8529,8273,8373,8258,8203,8133,7809,7888,8138,8047,7933,7759,7773,7903,8147,8225,8076,7796,8171,8108,7763,8133,7972,7864,8018,8254,8192,8196,8265,8224,7980,7839,8251,8396,8396,8227,8024,7855,8031,8138,8332,8333,8267,8125,8163,7888,8040,8339,7998,8181|
03/04/2026 10:40:46|8819,9252,9254,9249,9050,8797,8878,8894,8705,8326,8490,8254,8333,8181,8131,8083,7768,7835,8114,8059,7939,7727,7743,7901,8134,8182,8057,7780,8142,8085,7751,8122,7962,7822,8024,8260,8170,8182,8256,8229,7988,7832,8229,8394,8393,8213,7973,7862,8032,8123,8325,8323,8260,8130,8147,7873,8034,8343,8009,8166|
03/04/2026 10:40:47|8772,9192,9204,9202,8989,8722,8827,8851,8659,8276,8449,8233,8289,8104,8055,8038,7734,7788,8091,8072,7945,7702,7720,7901,8121,8135,8038,7769,8118,8065,7740,8111,7952,7781,8029,8261,8145,8166,8249,8235,7995,7826,8206,8388,8388,8197,7928,7870,8030,8109,8320,8315,8258,8137,8127,7859,8025,8347,8023,8154|
03/04/2026 10:40:48|8733,9141,9159,9156,8932,8653,8776,8805,8612,8228,8407,8212,8246,8037,7984,7999,7710,7752,8069,8080,7950,7684,7702,7902,8107,8086,8020,7762,8095,8044,7736,8102,7940,7745,8031,8259,8120,8149,8242,8238,8000,7820,8181,8374,8377,8176,7888,7878,8027,8097,8312,8309,8258,8141,8107,7847,8017,8351,8042,8147|
03/04/2026 10:40:49|8695,9099,9120,9109,8873,8587,8722,8749,8566,8186,8361,8192,8207,7974,7916,7965,7691,7722,8047,8083,7946,7668,7684,7899,8092,8038,8001,7755,8071,8024,7737,8091,7919,7712,8029,8256,8101,8134,8231,8234,7998,7810,8154,8354,8356,8141,7853,7890,8029,8093,8307,8302,8256,8141,8091,7828,8007,8348,8063,8141|
03/04/2026 10:40:50|8656,9064,9088,9062,8813,8525,8667,8681,8521,8147,8309,8176,8174,7913,7854,7935,7680,7694,8024,8083,7932,7654,7670,7892,8075,7988,7981,7748,8051,8009,7744,8080,7890,7681,8022,8250,8089,8123,8218,8221,7989,7797,8127,8330,8325,8088,7824,7906,8040,8095,8306,8297,8252,8143,8078,7801,7996,8337,8083,8137|
03/04/2026 10:40:51|8616,9036,9062,9017,8754,8466,8611,8605,8479,8113,8254,8163,8144,7854,7797,7910,7673,7669,8002,8082,7910,7641,7659,7880,8057,7939,7959,7741,8034,8000,7757,8068,7853,7652,8010,8242,8082,8115,8203,8201,7972,7781,8100,8302,8285,8020,7800,7928,8056,8105,8309,8293,8247,8146,8068,7768,7982,8319,8102,8135|
03/04/2026 10:40:52|8575,9014,9041,8973,8695,8411,8555,8523,8438,8084,8196,8154,8119,7798,7745,7890,7672,7647,7981,8079,7881,7630,7650,7865,8038,7889,7937,7735,8019,7994,7773,8055,7810,7625,7994,8233,8080,8109,8186,8175,7950,7763,8073,8271,8238,7940,7781,7952,8079,8120,8314,8290,8242,8150,8060,7729,7968,8295,8120,8134|
03/04/2026 10:40:53|8535,8996,9025,8930,8637,8360,8500,8435,8400,8058,8135,8147,8098,7744,7697,7873,7675,7628,7960,8075,7847,7620,7644,7847,8018,7840,7913,7730,8007,7993,7793,8043,7762,7601,7976,8223,8082,8105,8168,8144,7923,7743,8047,8238,8186,7850,7768,7979,8105,8139,8323,8288,8236,8155,8056,7686,7953,8265,8137,8134|
03/04/2026 10:40:54|8495,8984,9014,8889,8580,8313,8445,8344,8364,8035,8074,8143,8080,7693,7654,7859,7682,7611,7940,8070,7808,7611,7641,7827,7998,7791,7890,7725,7997,7995,7816,8030,7710,7578,7955,8212,8088,8103,8149,8109,7892,7723,8022,8203,8130,7752,7758,8009,8136,8163,8333,8287,8229,8160,8053,7640,7937,8232,8153,8136|
03/04/2026 10:40:55|8456,8975,9006,8850,8525,8269,8391,8251,8331,8016,8013,8141,8065,7646,7616,7849,7692,7597,7920,8063,7766,7604,7639,7805,7979,7745,7867,7720,7989,7999,7839,8017,7657,7559,7933,8201,8097,8102,8129,8071,7859,7701,7996,8167,8071,7650,7752,8039,8168,8188,8344,8286,8223,8166,8053,7592,7921,8195,8168,8137|
03/04/2026 10:40:56|8420,8963,8996,8811,8472,8231,8337,8161,8299,7997,7961,8140,8049,7604,7583,7841,7704,7585,7902,8057,7726,7601,7640,7784,7960,7705,7848,7716,7978,7998,7849,8001,7612,7547,7914,8191,8102,8096,8107,8038,7828,7682,7965,8129,8018,7559,7751,8068,8194,8211,8352,8288,8220,8173,8058,7555,7900,8156,8179,8137|
03/04/2026 10:40:57|8387,8949,8984,8771,8425,8198,8281,8076,8266,7967,7919,8144,8036,7572,7562,7836,7717,7570,7883,8049,7688,7602,7639,7762,7942,7673,7834,7710,7962,7990,7841,7986,7582,7544,7898,8185,8103,8079,8087,8012,7808,7672,7937,8087,7974,7488,7757,8097,8216,8228,8358,8295,8223,8183,8070,7531,7863,8117,8187,8140|
03/04/2026 10:40:58|8358,8934,8969,8731,8383,8170,8223,7998,8233,7927,7887,8150,8024,7551,7551,7834,7728,7550,7863,8040,7651,7606,7636,7738,7926,7649,7825,7702,7941,7976,7818,7973,7565,7549,7885,8181,8101,8054,8069,7994,7797,7670,7914,8040,7938,7435,7769,8125,8234,8241,8364,8307,8230,8194,8086,7519,7812,8078,8192,8145|
03/04/2026 10:40:59|8333,8916,8952,8691,8346,8148,8164,7926,8199,7879,7863,8159,8014,7539,7549,7834,7739,7528,7844,8030,7615,7613,7631,7713,7911,7632,7820,7693,7916,7955,7783,7961,7560,7561,7875,8180,8097,8022,8052,7983,7795,7675,7894,7991,7909,7398,7786,8154,8250,8249,8369,8321,8242,8206,8107,7516,7748,8040,8196,8152|
03/04/2026 10:41:00|8310,8898,8935,8652,8313,8130,8106,7860,8166,7827,7847,8169,8005,7535,7556,7837,7749,7504,7824,8021,7581,7622,7626,7688,7897,7621,7819,7684,7888,7932,7739,7951,7564,7578,7866,8182,8090,7985,8037,7977,7800,7686,7878,7940,7886,7376,7808,8181,8262,8253,8373,8338,8257,8220,8131,7522,7676,8003,8197,8160|
03/04/2026 10:41:01|8290,8880,8913,8616,8277,8110,8055,7806,8141,7783,7835,8172,7997,7538,7568,7842,7763,7488,7812,8014,7553,7637,7627,7668,7880,7616,7824,7681,7863,7911,7702,7946,7573,7598,7862,8182,8078,7951,8026,7971,7811,7702,7868,7897,7871,7365,7829,8205,8271,8252,8372,8353,8272,8228,8150,7530,7608,7963,8198,8168|
03/04/2026 10:41:02|8278,8864,8880,8583,8243,8085,8012,7768,8127,7756,7826,8163,7989,7550,7584,7847,7780,7484,7806,8007,7527,7656,7637,7655,7865,7618,7835,7687,7842,7895,7680,7950,7583,7617,7861,8177,8055,7922,8021,7969,7828,7727,7866,7866,7861,7364,7849,8224,8276,8249,8365,8364,8283,8232,8163,7541,7549,7925,8199,8179|
03/04/2026 10:41:03|8275,8850,8836,8553,8212,8056,7978,7745,8122,7741,7820,8142,7982,7568,7603,7853,7802,7489,7806,7999,7501,7679,7655,7651,7854,7626,7853,7700,7825,7882,7671,7960,7593,7634,7862,8167,8021,7898,8021,7972,7851,7759,7872,7843,7855,7373,7869,8240,8279,8243,8354,8371,8292,8233,8173,7555,7498,7890,8202,8191|
03/04/2026 10:41:04|8280,8839,8784,8525,8182,8022,7951,7735,8126,7738,7815,8112,7975,7592,7625,7858,7826,7504,7812,7992,7475,7706,7680,7652,7846,7639,7875,7720,7809,7873,7673,7977,7602,7650,7865,8153,7979,7879,8026,7979,7878,7796,7885,7828,7852,7391,7888,8253,8279,8236,8338,8375,8298,8230,8179,7571,7454,7858,8206,8205|
03/04/2026 10:41:05|8290,8829,8724,8499,8154,7985,7931,7736,8138,7746,7812,8073,7969,7620,7650,7864,7853,7526,7822,7984,7450,7735,7710,7660,7841,7657,7902,7745,7797,7867,7685,7998,7612,7664,7870,8135,7929,7864,8035,7989,7908,7839,7903,7821,7852,7415,7906,8263,8278,8228,8319,8376,8303,8225,8182,7589,7418,7829,8210,8220|
03/04/2026 10:41:06|8307,8822,8659,8475,8128,7946,7916,7747,8155,7762,7811,8028,7964,7652,7675,7870,7881,7554,7835,7976,7426,7767,7745,7672,7838,7679,7932,7774,7787,7863,7706,8023,7621,7677,7876,8114,7874,7853,8048,8002,7942,7885,7926,7820,7855,7445,7924,8270,8274,8218,8297,8374,8306,8217,8182,7608,7387,7803,8215,8236|
03/04/2026 10:41:07|8327,8816,8590,8454,8105,7905,7907,7766,8178,7786,7811,7978,7958,7687,7702,7875,7911,7587,7852,7969,7404,7799,7784,7688,7838,7703,7964,7807,7778,7862,7733,8052,7630,7689,7883,8091,7814,7845,8063,8017,7978,7934,7953,7824,7861,7480,7941,8275,8269,8208,8272,8371,8307,8208,8180,7629,7362,7779,8221,8252|
03/04/2026 10:41:08|8352,8812,8519,8435,8083,7865,7902,7792,8204,7815,7812,7924,7954,7723,7729,7880,7942,7624,7871,7962,7383,7833,7825,7707,7838,7729,7998,7842,7772,7862,7765,8083,7638,7700,7892,8066,7752,7840,8080,8034,8015,7984,7983,7833,7868,7519,7956,8278,8263,8197,8247,8365,8307,8197,8176,7650,7342,7759,8227,8269|
03/04/2026 10:41:09|8381,8815,8460,8421,8067,7834,7905,7823,8231,7848,7815,7878,7950,7756,7759,7888,7974,7663,7892,7960,7374,7866,7862,7723,7838,7747,8030,7875,7763,7862,7795,8109,7645,7711,7900,8039,7694,7833,8091,8049,8048,8025,8006,7838,7872,7558,7967,8277,8255,8184,8223,8359,8302,8186,8171,7669,7330,7743,8233,8280|
03/04/2026 10:41:10|8416,8827,8415,8414,8066,7825,7921,7863,8263,7889,7831,7850,7954,7790,7797,7906,8011,7704,7914,7967,7382,7898,7895,7739,7842,7766,8058,7900,7754,7862,7821,8126,7645,7719,7905,8013,7647,7826,8084,8062,8077,8055,8021,7836,7872,7591,7970,8270,8245,8167,8197,8349,8283,8174,8167,7688,7326,7735,8236,8281|
03/04/2026 10:41:11|8456,8848,8384,8412,8078,7835,7950,7911,8299,7938,7859,7838,7963,7825,7842,7935,8052,7745,7937,7981,7403,7928,7924,7758,7850,7786,8081,7917,7744,7863,7844,8134,7638,7725,7907,7990,7610,7820,8062,8074,8103,8076,8029,7828,7868,7621,7963,8260,8231,8145,8168,8334,8251,8162,8163,7708,7330,7734,8238,8274|
03/04/2026 10:41:12|8500,8876,8365,8416,8102,7861,7990,7966,8338,7992,7897,7840,7978,7861,7891,7971,8095,7786,7961,8000,7435,7957,7949,7777,7861,7808,8101,7927,7733,7864,7864,8136,7626,7728,7906,7968,7582,7815,8028,8085,8125,8088,8031,7816,7860,7646,7951,8246,8216,8121,8138,8317,8209,8151,8160,7727,7342,7739,8238,8258|
03/04/2026 10:41:13|8542,8905,8352,8425,8128,7895,8035,8020,8375,8046,7935,7847,7995,7891,7931,8005,8130,7822,7983,8019,7471,7985,7973,7798,7873,7826,8116,7930,7717,7864,7883,8135,7614,7729,7909,7952,7561,7810,7993,8096,8146,8099,8034,7806,7852,7671,7938,8232,8201,8096,8110,8301,8171,8141,8160,7754,7365,7750,8238,8240|
03/04/2026 10:41:14|8578,8933,8349,8445,8165,7938,8087,8077,8414,8102,7978,7863,8018,7923,7967,8037,8159,7855,8009,8041,7515,8014,7991,7819,7888,7842,8123,7931,7697,7865,7899,8132,7603,7734,7917,7940,7545,7807,7964,8107,8168,8114,8041,7802,7851,7700,7926,8211,8187,8077,8084,8284,8137,8124,8155,7788,7400,7764,8233,8210|
03/04/2026 10:41:15|8613,8962,8360,8477,8215,7993,8146,8138,8455,8162,8028,7889,8046,7959,8005,8069,8185,7889,8038,8069,7567,8044,8005,7841,7905,7857,8124,7931,7675,7866,7913,8127,7597,7745,7928,7929,7538,7810,7940,8119,8192,8134,8055,7803,7857,7733,7915,8183,8175,8066,8065,8262,8105,8096,8143,7826,7445,7780,8223,8166|
03/04/2026 10:41:16|8646,8993,8382,8519,8275,8058,8211,8202,8499,8227,8083,7923,8080,8000,8046,8102,8206,7924,8072,8104,7626,8075,8016,7863,7925,7870,8118,7930,7650,7867,7926,8121,7594,7761,7943,7919,7537,7816,7922,8130,8216,8158,8073,7809,7867,7771,7906,8150,8165,8062,8051,8237,8075,8061,8126,7868,7496,7798,8211,8113|
03/04/2026 10:41:17|8680,9026,8415,8566,8339,8130,8279,8265,8543,8294,8142,7959,8117,8044,8087,8132,8228,7959,8105,8139,7685,8104,8026,7887,7942,7879,8107,7926,7626,7871,7943,8118,7596,7776,7959,7910,7545,7825,7910,8144,8240,8178,8087,7815,7879,7813,7906,8120,8156,8061,8038,8212,8052,8030,8109,7910,7549,7818,8203,8070|
03/04/2026 10:41:18|8716,9057,8454,8611,8402,8200,8347,8321,8581,8358,8196,7996,8156,8087,8119,8161,8246,7990,8133,8168,7738,8131,8037,7909,7956,7881,8096,7921,7605,7876,7966,8120,7605,7789,7975,7903,7559,7837,7900,8156,8262,8191,8093,7819,7893,7861,7915,8091,8144,8060,8024,8191,8040,8010,8098,7951,7600,7838,8196,8040|
03/04/2026 10:41:19|8755,9094,8503,8661,8468,8275,8418,8380,8620,8421,8251,8037,8197,8131,8147,8190,8265,8023,8163,8197,7795,8162,8051,7934,7972,7887,8089,7923,7593,7889,7993,8129,7623,7804,7988,7897,7580,7851,7889,8167,8282,8201,8095,7820,7904,7910,7930,8067,8138,8064,8011,8172,8026,7993,8090,7992,7657,7864,8191,8012|
03/04/2026 10:41:20|8796,9137,8562,8716,8540,8357,8494,8444,8662,8485,8310,8084,8241,8177,8177,8221,8287,8060,8196,8231,7857,8196,8070,7962,7994,7897,8086,7932,7596,7910,8022,8144,7651,7822,7998,7892,7606,7868,7881,8178,8302,8206,8096,7821,7915,7960,7951,8049,8139,8073,7999,8157,8003,7973,8084,8036,7720,7897,8188,7984|
03/04/2026 10:41:21|8840,9185,8629,8776,8616,8443,8575,8511,8707,8548,8370,8136,8288,8223,8208,8252,8311,8100,8232,8269,7923,8233,8093,7994,8020,7909,8087,7946,7610,7937,8053,8163,7686,7843,8006,7888,7636,7888,7874,8188,8321,8208,8095,7823,7923,8011,7977,8037,8147,8085,7989,8144,7975,7953,8078,8081,7788,7936,8188,7956|
03/04/2026 10:41:22|8885,9237,8703,8840,8694,8533,8657,8582,8754,8611,8433,8192,8336,8270,8238,8284,8336,8141,8271,8309,7991,8273,8118,8029,8050,7924,8092,7966,7634,7970,8085,8186,7727,7865,8012,7885,7671,7909,7868,8199,8339,8207,8094,7825,7931,8061,8006,8030,8159,8102,7980,8134,7941,7932,8074,8128,7859,7980,8190,7927|
03/04/2026 10:41:23|8930,9291,8781,8906,8773,8624,8741,8654,8802,8672,8495,8250,8384,8316,8269,8317,8362,8184,8311,8351,8061,8314,8146,8066,8082,7940,8098,7990,7666,8007,8117,8212,7774,7888,8015,7883,7708,7932,7864,8209,8357,8204,8091,7827,7938,8111,8039,8028,8176,8121,7972,8127,7903,7910,8071,8174,7933,8029,8194,7899|
03/04/2026 10:41:24|8975,9347,8862,8972,8851,8715,8823,8724,8849,8732,8557,8309,8431,8361,8299,8348,8388,8227,8351,8393,8130,8354,8175,8103,8115,7957,8107,8017,7704,8047,8150,8239,7823,7911,8017,7881,7747,7956,7861,8218,8372,8197,8088,7829,7943,8159,8072,8029,8196,8142,7966,8121,7863,7888,8069,8221,8006,8079,8199,7872|
03/04/2026 10:41:25|9012,9392,8933,9032,8919,8794,8888,8773,8888,8783,8612,8360,8463,8399,8325,8377,8409,8262,8383,8427,8193,8389,8197,8134,8139,7970,8110,8038,7737,8079,8175,8261,7867,7933,8016,7880,7786,7981,7862,8221,8370,8180,8076,7830,7945,8194,8091,8024,8209,8158,7964,8118,7830,7872,8068,8262,8073,8125,8205,7850|
03/04/2026 10:41:26|9036,9422,8984,9081,8976,8857,8935,8806,8918,8825,8657,8403,8484,8425,8332,8397,8423,8287,8407,8452,8248,8414,8207,8152,8156,7976,8102,8047,7766,8106,8192,8277,7905,7953,8018,7882,7822,8004,7859,8218,8357,8155,8058,7827,7943,8210,8099,8010,8212,8163,7960,8116,7806,7864,8067,8297,8134,8162,8211,7834|
03/04/2026 10:41:27|9051,9438,9014,9118,9024,8906,8966,8828,8940,8856,8693,8440,8496,8439,8316,8407,8429,8304,8425,8472,8296,8430,8204,8158,8166,7975,8082,8044,7793,8127,8205,8291,7937,7970,8023,7888,7857,8025,7850,8208,8335,8125,8036,7824,7937,8206,8096,7992,8209,8153,7953,8110,7792,7862,8062,8324,8188,8192,8217,7824|
03/04/2026 10:41:28|9059,9445,9029,9145,9064,8945,8984,8838,8955,8880,8721,8471,8503,8444,8283,8409,8429,8315,8438,8487,8338,8439,8192,8156,8172,7971,8054,8032,7818,8147,8218,8302,7963,7984,8030,7895,7886,8040,7836,8194,8310,8096,8016,7819,7929,8191,8090,7974,8202,8136,7946,8105,7787,7867,8057,8346,8240,8217,8224,7819|
03/04/2026 10:41:29|9068,9452,9041,9163,9098,8977,8987,8838,8962,8898,8741,8496,8508,8444,8249,8403,8418,8311,8446,8497,8370,8438,8172,8147,8173,7966,8029,8019,7844,8170,8231,8309,7987,7991,8037,7905,7908,8049,7822,8181,8291,8075,8005,7815,7927,8182,8089,7961,8195,8118,7944,8104,7792,7880,8053,8366,8283,8242,8234,7819|
03/04/2026 10:41:30|9076,9455,9044,9171,9124,9004,8985,8833,8956,8904,8750,8514,8504,8439,8215,8384,8390,8292,8442,8494,8390,8432,8148,8132,8167,7959,8009,8007,7868,8186,8238,8311,8011,7997,8048,7920,7922,8056,7808,8167,8275,8061,7998,7813,7929,8173,8089,7952,8190,8106,7949,8107,7802,7898,8056,8385,8318,8262,8238,7824|
03/04/2026 10:41:31|9075,9446,9039,9171,9143,9027,8982,8828,8943,8898,8749,8527,8491,8431,8185,8359,8359,8264,8431,8478,8400,8420,8124,8116,8154,7956,7992,7996,7890,8192,8234,8308,8036,8006,8062,7933,7928,8063,7798,8151,8261,8055,7998,7811,7932,8162,8089,7942,8184,8101,7959,8113,7819,7920,8062,8401,8345,8280,8240,7824|
03/04/2026 10:41:32|9053,9418,9025,9161,9150,9041,8967,8818,8921,8878,8736,8532,8472,8407,8153,8321,8326,8238,8419,8454,8397,8398,8096,8104,8142,7952,7956,7985,7910,8194,8225,8301,8059,8017,8074,7940,7926,8068,7792,8137,8247,8052,7999,7807,7933,8151,8084,7930,8178,8098,7964,8115,7841,7943,8067,8413,8359,8293,8243,7828|
03/04/2026 10:41:33|9009,9371,9004,9144,9148,9045,8937,8802,8887,8842,8710,8531,8449,8366,8120,8267,8293,8213,8404,8424,8379,8365,8063,8093,8132,7945,7896,7974,7930,8197,8217,8291,8081,8031,8084,7942,7917,8069,7792,8126,8235,8049,7999,7801,7933,8141,8079,7918,8172,8097,7963,8112,7865,7967,8074,8421,8363,8301,8245,7835|
03/04/2026 10:41:34|8950,9312,8977,9123,9140,9039,8896,8776,8846,8795,8675,8522,8423,8317,8084,8202,8256,8189,8388,8389,8350,8326,8025,8083,8123,7934,7823,7957,7948,8200,8208,8279,8100,8044,8092,7939,7902,8064,7792,8117,8222,8044,7997,7795,7932,8129,8070,7907,8164,8094,7957,8106,7888,7988,8076,8424,8355,8297,8244,7844|
03/04/2026 10:41:35|8890,9253,8947,9101,9132,9031,8854,8743,8804,8747,8641,8510,8401,8274,8051,8139,8217,8165,8369,8355,8321,8283,7985,8074,8111,7918,7753,7933,7960,8198,8198,8260,8111,8045,8093,7934,7880,8049,7786,8105,8205,8034,7991,7788,7929,8115,8057,7892,8152,8087,7948,8095,7903,8003,8068,8417,8343,8286,8236,7851|
03/04/2026 10:41:36|8835,9195,8918,9078,9123,9021,8815,8714,8765,8701,8605,8500,8383,8234,8019,8080,8180,8142,8346,8314,8289,8236,7944,8066,8102,7906,7695,7913,7971,8188,8178,8233,8113,8040,8092,7929,7857,8030,7776,8089,8186,8022,7982,7779,7923,8100,8040,7875,8136,8077,7935,8081,7909,8014,8060,8405,8334,8277,8227,7858|
03/04/2026 10:41:37|8782,9139,8891,9059,9111,9000,8773,8690,8730,8652,8566,8489,8364,8194,7984,8025,8148,8121,8314,8262,8251,8187,7900,8058,8094,7900,7650,7896,7982,8174,8143,8195,8103,8035,8090,7917,7836,8013,7769,8075,8167,8006,7963,7768,7919,8087,8011,7854,8118,8066,7924,8067,7907,8023,8054,8385,8325,8268,8218,7859|
03/04/2026 10:41:38|8732,9084,8868,9044,9096,8969,8727,8670,8698,8600,8524,8476,8345,8155,7946,7973,8119,8100,8276,8200,8209,8135,7851,8052,8088,7898,7617,7882,7994,8155,8095,8147,8084,8030,8085,7900,7815,7997,7766,8062,8149,7986,7937,7755,7915,8073,7970,7830,8098,8054,7918,8055,7899,8028,8052,8358,8317,8259,8209,7854|
03/04/2026 10:41:39|8685,9031,8847,9032,9077,8930,8679,8654,8670,8547,8480,8463,8327,8117,7906,7924,8094,8081,8233,8130,8162,8082,7800,8046,8083,7900,7593,7872,8007,8132,8035,8092,8056,8024,8079,7877,7796,7983,7766,8052,8131,7962,7903,7741,7911,8061,7919,7804,8076,8042,7915,8045,7886,8030,8052,8324,8308,8250,8199,7844|
03/04/2026 10:41:40|8640,8981,8829,9022,9056,8884,8629,8642,8642,8493,8434,8449,8308,8080,7865,7878,8073,8062,8186,8055,8112,8028,7747,8040,8079,7905,7578,7864,8019,8107,7967,8031,8021,8018,8072,7851,7779,7971,7769,8043,8114,7936,7865,7727,7908,8050,7862,7777,8053,8030,7914,8036,7868,8030,8054,8287,8301,8241,8189,7829|
03/04/2026 10:41:41|8597,8934,8815,9013,9029,8836,8580,8630,8611,8443,8391,8429,8291,8047,7832,7839,8052,8042,8138,7986,8065,7978,7696,8031,8072,7910,7566,7858,8026,8084,7905,7972,7984,8007,8060,7823,7760,7958,7774,8035,8101,7913,7831,7716,7906,8038,7807,7753,8027,8011,7907,8025,7851,8026,8060,8253,8293,8230,8180,7814|
03/04/2026 10:41:42|8553,8890,8802,8996,8995,8786,8532,8617,8582,8398,8343,8403,8274,8016,7802,7805,8031,8016,8087,7925,8021,7929,7648,8019,8060,7906,7555,7850,8024,8063,7851,7913,7944,7990,8045,7791,7730,7934,7774,8025,8084,7890,7801,7702,7898,8020,7754,7730,7997,7987,7897,8013,7833,8017,8065,8224,8279,8214,8172,7805|
03/04/2026 10:41:43|8509,8848,8779,8970,8953,8734,8483,8601,8555,8353,8287,8367,8251,7984,7771,7770,8003,7982,8032,7865,7976,7879,7604,8003,8045,7895,7545,7839,8011,8039,7800,7855,7906,7971,8028,7757,7693,7902,7770,8012,8058,7862,7772,7679,7885,7998,7703,7708,7958,7963,7887,8003,7814,8004,8072,8198,8259,8193,8166,7801|
03/04/2026 10:41:44|8454,8805,8748,8935,8909,8679,8438,8586,8528,8305,8233,8329,8228,7952,7738,7736,7973,7944,7978,7807,7929,7833,7562,7982,8028,7881,7536,7816,7984,8010,7754,7802,7869,7952,8005,7718,7660,7866,7765,7998,8024,7833,7747,7657,7867,7972,7657,7688,7913,7938,7860,7998,7802,7994,8079,8175,8236,8169,8155,7798|
03/04/2026 10:41:45|8384,8760,8714,8893,8863,8620,8397,8573,8499,8254,8183,8293,8207,7923,7701,7705,7944,7902,7926,7755,7885,7792,7521,7956,8010,7868,7526,7781,7944,7978,7715,7754,7835,7932,7975,7674,7631,7828,7760,7985,7983,7805,7726,7635,7842,7942,7614,7669,7869,7911,7810,7994,7798,7987,8084,8153,8213,8143,8139,7796|
03/04/2026 10:41:46|8302,8713,8676,8844,8816,8561,8362,8562,8468,8198,8137,8260,8189,7896,7661,7676,7916,7857,7876,7706,7842,7755,7481,7926,7992,7854,7515,7737,7893,7945,7681,7711,7803,7910,7939,7627,7606,7787,7753,7972,7935,7778,7711,7614,7812,7909,7575,7652,7824,7883,7739,7992,7800,7982,8089,8132,8190,8115,8118,7795|
03/04/2026 10:41:47|8210,8666,8636,8791,8769,8500,8331,8552,8436,8141,8096,8228,8173,7870,7619,7649,7889,7812,7828,7663,7800,7723,7443,7893,7975,7841,7504,7684,7834,7910,7652,7673,7773,7889,7898,7578,7584,7745,7746,7960,7882,7752,7699,7595,7777,7874,7538,7636,7781,7856,7652,7992,7808,7979,8092,8112,8168,8086,8093,7793|
03/04/2026 10:41:48|8111,8619,8595,8734,8722,8438,8304,8543,8404,8082,8058,8199,8159,7847,7575,7625,7862,7765,7782,7623,7761,7694,7406,7858,7957,7828,7494,7624,7769,7874,7628,7639,7746,7867,7854,7528,7565,7701,7738,7948,7825,7727,7691,7576,7738,7836,7505,7622,7739,7828,7551,7993,7821,7977,8095,8093,8147,8055,8065,7792|
03/04/2026 10:41:49|8005,8572,8552,8674,8675,8377,8282,8535,8371,8023,8024,8172,8146,7825,7530,7602,7837,7718,7739,7587,7724,7669,7370,7822,7940,7815,7483,7559,7698,7838,7608,7609,7721,7845,7807,7477,7550,7657,7729,7936,7766,7703,7686,7558,7696,7797,7474,7609,7697,7800,7440,7996,7838,7977,8097,8076,8126,8024,8035,7791|
03/04/2026 10:41:50|7896,8526,8509,8613,8630,8317,8262,8529,8338,7964,7994,8147,8136,7806,7484,7582,7813,7671,7698,7555,7690,7647,7337,7784,7924,7803,7472,7491,7623,7802,7592,7584,7698,7823,7758,7426,7537,7613,7721,7925,7704,7681,7684,7542,7653,7758,7447,7598,7658,7772,7320,7999,7858,7979,8098,8060,8106,7994,8003,7791|
03/04/2026 10:41:51|7786,8482,8467,8551,8586,8259,8246,8523,8305,7905,7966,8124,8127,7787,7439,7563,7790,7625,7661,7527,7657,7628,7306,7747,7908,7791,7461,7420,7546,7766,7579,7562,7676,7801,7709,7375,7526,7570,7712,7913,7642,7660,7684,7526,7609,7718,7422,7587,7620,7745,7196,8003,7880,7981,8098,8044,8087,7963,7970,7790|
03/04/2026 10:41:52|7693,8446,8430,8491,8543,8202,8230,8514,8267,7849,7936,8097,8113,7760,7393,7542,7766,7582,7627,7499,7625,7614,7283,7713,7891,7779,7453,7357,7475,7731,7564,7544,7657,7780,7662,7330,7518,7530,7702,7893,7585,7640,7680,7509,7564,7677,7399,7578,7584,7718,7085,8002,7900,7983,8094,8028,8070,7934,7941,7791|
03/04/2026 10:41:53|7611,8416,8399,8435,8495,8142,8211,8502,8230,7796,7904,8069,8095,7725,7349,7525,7744,7541,7598,7473,7602,7606,7269,7686,7876,7770,7447,7305,7415,7696,7550,7530,7640,7763,7621,7292,7511,7495,7689,7867,7532,7625,7678,7491,7522,7639,7381,7572,7551,7691,6993,7993,7916,7984,8090,8014,8057,7908,7913,7790|
03/04/2026 10:41:54|7538,8388,8372,8381,8444,8085,8189,8485,8194,7749,7875,8043,8080,7690,7312,7512,7724,7504,7572,7452,7583,7601,7264,7665,7861,7757,7442,7260,7361,7659,7534,7518,7622,7748,7587,7261,7508,7467,7680,7839,7485,7616,7678,7477,7485,7610,7373,7571,7522,7670,6925,7984,7926,7980,8084,8000,8041,7886,7883,7782|
03/04/2026 10:41:55|7482,8366,8353,8331,8393,8031,8168,8466,8157,7707,7845,8013,8064,7659,7281,7499,7699,7470,7543,7435,7568,7596,7268,7649,7835,7740,7441,7227,7314,7626,7521,7511,7609,7736,7564,7241,7509,7445,7670,7807,7445,7610,7678,7467,7458,7589,7370,7565,7499,7658,6879,7978,7929,7972,8077,7983,8020,7866,7857,7770|
03/04/2026 10:41:56|7447,8355,8341,8289,8347,7979,8147,8446,8124,7669,7805,7979,8045,7633,7260,7487,7665,7435,7507,7421,7558,7596,7279,7635,7792,7724,7447,7205,7275,7602,7519,7514,7603,7726,7552,7232,7507,7429,7659,7775,7408,7602,7670,7465,7443,7575,7369,7543,7481,7652,6848,7972,7925,7963,8070,7966,7992,7842,7834,7754|
03/04/2026 10:41:57|7430,8353,8336,8255,8306,7930,8127,8425,8095,7634,7756,7944,8023,7611,7247,7477,7624,7399,7464,7409,7554,7601,7297,7621,7735,7709,7459,7194,7242,7586,7526,7527,7604,7718,7550,7234,7503,7418,7647,7744,7372,7591,7654,7468,7437,7568,7372,7507,7469,7651,6828,7968,7916,7952,8063,7948,7956,7814,7813,7734|
03/04/2026 10:41:58|7429,8358,8337,8227,8268,7883,8108,8405,8069,7603,7700,7907,8000,7593,7241,7468,7576,7361,7415,7400,7555,7610,7320,7609,7666,7695,7476,7192,7215,7578,7542,7548,7609,7711,7555,7245,7496,7412,7634,7712,7339,7580,7632,7475,7440,7566,7376,7459,7462,7655,6818,7965,7902,7940,8056,7931,7915,7784,7795,7711|
03/04/2026 10:41:59|7442,8370,8342,8206,8234,7839,8091,8385,8047,7575,7639,7870,7975,7577,7242,7460,7523,7324,7362,7391,7560,7623,7347,7598,7587,7682,7497,7197,7194,7577,7566,7576,7620,7705,7567,7263,7487,7411,7619,7682,7307,7567,7605,7488,7451,7569,7383,7401,7460,7662,6817,7963,7883,7926,8048,7914,7869,7752,7779,7686|
03/04/2026 10:42:00|7467,8387,8351,8191,8205,7798,8075,8365,8027,7551,7573,7832,7949,7564,7249,7454,7467,7286,7306,7385,7568,7639,7378,7589,7501,7670,7522,7210,7178,7581,7595,7610,7634,7700,7585,7287,7477,7413,7605,7652,7278,7552,7573,7503,7468,7576,7392,7335,7461,7672,6825,7962,7861,7912,8041,7898,7820,7719,7765,7658|
03/04/2026 10:42:01|7502,8409,8364,8180,8178,7759,8060,8346,8010,7529,7504,7794,7922,7555,7260,7448,7408,7249,7248,7380,7579,7657,7412,7580,7409,7659,7550,7228,7167,7589,7630,7649,7651,7696,7608,7317,7465,7418,7589,7624,7251,7538,7539,7522,7490,7587,7401,7263,7465,7685,6838,7961,7837,7897,8034,7882,7769,7685,7753,7630|
03/04/2026 10:42:02|7546,8435,8380,8174,8155,7723,8046,8327,7996,7510,7434,7757,7895,7547,7276,7443,7347,7212,7188,7376,7593,7676,7447,7573,7313,7649,7580,7251,7160,7602,7668,7691,7671,7694,7635,7352,7453,7426,7574,7597,7226,7522,7501,7543,7517,7600,7412,7187,7473,7700,6858,7961,7810,7882,8027,7867,7716,7650,7743,7600|
03/04/2026 10:42:03|7596,8464,8398,8172,8135,7690,8033,8309,7984,7493,7362,7721,7868,7542,7295,7440,7286,7177,7128,7373,7609,7698,7485,7567,7215,7640,7611,7278,7156,7619,7709,7736,7693,7692,7665,7389,7439,7436,7559,7571,7204,7507,7462,7566,7548,7616,7424,7107,7482,7716,6882,7962,7782,7866,8020,7852,7662,7615,7735,7569|
03/04/2026 10:42:04|7651,8496,8418,8173,8118,7660,8022,8292,7974,7479,7290,7686,7841,7538,7317,7436,7224,7143,7068,7371,7626,7720,7523,7561,7116,7632,7644,7308,7156,7638,7753,7783,7717,7691,7698,7429,7425,7447,7544,7547,7183,7491,7421,7590,7581,7634,7436,7025,7494,7734,6910,7963,7752,7851,8014,7838,7607,7581,7728,7539|
03/04/2026 10:42:05|7711,8529,8440,8177,8104,7632,8011,8275,7966,7467,7219,7652,7815,7536,7340,7434,7163,7110,7008,7371,7645,7743,7561,7556,7016,7625,7677,7340,7158,7660,7798,7831,7742,7690,7732,7471,7411,7461,7529,7524,7164,7476,7380,7615,7616,7653,7449,6942,7507,7753,6941,7964,7722,7835,8008,7825,7553,7547,7722,7509|
03/04/2026 10:42:06|7774,8563,8462,8183,8092,7607,8002,8260,7960,7458,7149,7620,7789,7536,7366,7433,7102,7078,6950,7371,7664,7766,7599,7552,6917,7619,7710,7375,7163,7683,7844,7880,7768,7691,7768,7514,7396,7475,7514,7503,7148,7460,7338,7641,7653,7673,7462,6859,7522,7772,6974,7965,7692,7820,8002,7813,7500,7514,7718,7479|
03/04/2026 10:42:07|7838,8598,8486,8192,8082,7584,7993,8245,7955,7450,7081,7589,7764,7537,7392,7431,7043,7048,6893,7371,7684,7789,7637,7549,6820,7613,7743,7410,7169,7707,7890,7929,7794,7691,7804,7558,7382,7490,7500,7483,7133,7445,7297,7667,7691,7694,7475,6777,7537,7792,7009,7967,7661,7806,7996,7802,7448,7482,7715,7450|
03/04/2026 10:42:08|7904,8634,8509,8202,8074,7564,7986,8232,7952,7443,7015,7559,7741,7539,7420,7431,6986,7020,6838,7373,7704,7812,7675,7547,6726,7608,7775,7446,7177,7733,7936,7977,7820,7692,7841,7602,7368,7506,7487,7464,7119,7431,7256,7693,7729,7716,7488,6696,7553,7812,7045,7969,7632,7792,7991,7791,7397,7451,7712,7421|
03/04/2026 10:42:09|7970,8669,8533,8213,8068,7546,7979,8219,7951,7439,6951,7532,7718,7542,7447,7431,6931,6994,6785,7374,7724,7835,7711,7545,6634,7604,7807,7483,7187,7758,7981,8025,7846,7694,7877,7645,7354,7522,7474,7447,7107,7417,7217,7719,7767,7737,7501,6617,7569,7831,7081,7972,7602,7778,7986,7782,7348,7422,7711,7394|
03/04/2026 10:42:10|8036,8703,8556,8226,8064,7530,7973,8208,7950,7435,6891,7506,7696,7545,7475,7431,6878,6969,6735,7377,7744,7857,7746,7543,6546,7601,7838,7519,7198,7784,8025,8071,7871,7696,7914,7688,7340,7539,7462,7432,7097,7403,7178,7744,7805,7759,7514,6541,7586,7851,7118,7974,7574,7765,7981,7773,7302,7394,7711,7368|
03/04/2026 10:42:11|8100,8737,8580,8240,8062,7516,7969,8197,7950,7433,6834,7482,7676,7550,7503,7432,6829,6947,6688,7379,7764,7879,7780,7542,6463,7598,7868,7555,7210,7810,8068,8115,7896,7698,7949,7729,7327,7555,7451,7418,7089,7391,7142,7768,7842,7780,7526,6469,7603,7870,7155,7976,7547,7754,7977,7764,7258,7368,7711,7343|
03/04/2026 10:42:12|8166,8773,8608,8261,8067,7513,7967,8191,7953,7440,6793,7463,7662,7556,7528,7439,6791,6935,6653,7382,7780,7903,7814,7544,6397,7599,7897,7592,7223,7834,8100,8151,7917,7702,7985,7771,7318,7570,7447,7414,7088,7384,7116,7794,7880,7801,7541,6416,7623,7892,7197,7976,7531,7751,7975,7749,7223,7352,7713,7328|
03/04/2026 10:42:13|8231,8811,8642,8290,8082,7523,7973,8189,7967,7461,6775,7453,7658,7570,7550,7455,6776,6943,6640,7392,7792,7927,7848,7546,6345,7605,7927,7629,7228,7855,8124,8169,7923,7697,8018,7812,7315,7581,7451,7419,7098,7388,7108,7825,7919,7821,7556,6385,7644,7918,7248,7982,7530,7760,7976,7727,7201,7347,7718,7325|
03/04/2026 10:42:14|8296,8852,8682,8326,8105,7545,7985,8193,7989,7496,6780,7451,7664,7591,7568,7478,6783,6967,6649,7408,7798,7953,7881,7548,6304,7613,7958,7667,7227,7874,8139,8173,7917,7686,8047,7854,7318,7588,7461,7434,7120,7402,7117,7861,7959,7840,7573,6374,7668,7947,7305,7993,7541,7779,7981,7699,7191,7354,7725,7334|
03/04/2026 10:42:15|8359,8895,8727,8368,8136,7577,8002,8201,8019,7542,6803,7456,7679,7618,7583,7507,6808,7006,6675,7428,7801,7980,7913,7551,6273,7624,7990,7704,7219,7890,8147,8162,7899,7668,8074,7895,7327,7592,7476,7456,7149,7424,7139,7900,7999,7857,7590,6379,7693,7978,7367,8008,7563,7806,7989,7667,7189,7370,7735,7352|
03/04/2026 10:42:16|8420,8936,8770,8412,8169,7615,8023,8211,8054,7592,6840,7469,7702,7649,7598,7541,6847,7056,6716,7453,7801,8005,7942,7554,6257,7637,8017,7738,7208,7900,8148,8143,7873,7646,8096,7933,7338,7594,7495,7483,7186,7453,7170,7939,8036,7873,7608,6398,7717,8008,7431,8021,7589,7836,7998,7634,7197,7393,7743,7374|
03/04/2026 10:42:17|8474,8969,8800,8444,8197,7650,8039,8217,8084,7637,6883,7483,7726,7677,7615,7575,6890,7109,6765,7475,7799,8025,7960,7557,6259,7649,8030,7765,7197,7899,8141,8117,7844,7627,8106,7963,7351,7594,7515,7509,7217,7482,7202,7966,8067,7889,7626,6424,7741,8034,7490,8019,7607,7855,8000,7606,7212,7419,7746,7399|
03/04/2026 10:42:18|8517,8991,8818,8463,8216,7678,8046,8213,8105,7669,6921,7486,7739,7682,7627,7603,6933,7160,6810,7482,7793,8035,7959,7560,6275,7655,8023,7782,7188,7893,8127,8076,7815,7608,8104,7984,7364,7590,7532,7529,7225,7508,7233,7984,8092,7901,7645,6461,7761,8056,7545,7995,7621,7868,7997,7583,7233,7448,7732,7427|
03/04/2026 10:42:19|8549,9004,8826,8473,8228,7698,8044,8199,8117,7691,6953,7476,7743,7666,7633,7626,6974,7207,6852,7476,7783,8037,7943,7562,6303,7656,7998,7791,7182,7882,8106,8023,7784,7590,8093,7999,7377,7584,7545,7544,7212,7530,7264,7992,8112,7910,7662,6507,7779,8076,7596,7953,7630,7876,7989,7565,7257,7478,7702,7458|
03/04/2026 10:42:20|8571,9009,8826,8474,8232,7713,8035,8177,8121,7703,6981,7458,7739,7634,7635,7643,7015,7251,6890,7458,7769,8032,7915,7565,6341,7652,7959,7793,7178,7867,8080,7960,7754,7574,8074,8007,7390,7575,7556,7556,7183,7550,7295,7992,8126,7917,7678,6559,7795,8093,7642,7895,7637,7881,7978,7550,7284,7508,7660,7490|
03/04/2026 10:42:21|8589,9011,8822,8472,8237,7726,8025,8152,8120,7712,7010,7439,7736,7603,7636,7660,7058,7293,6921,7433,7752,8022,7882,7566,6382,7640,7914,7791,7176,7851,8051,7896,7726,7561,8053,8016,7404,7567,7569,7566,7154,7565,7326,7989,8136,7922,7690,6610,7812,8110,7685,7832,7644,7883,7966,7541,7312,7537,7620,7520|
03/04/2026 10:42:22|8597,9009,8821,8466,8243,7742,8019,8132,8119,7718,7039,7426,7736,7580,7636,7675,7104,7334,6955,7410,7732,8011,7851,7564,6428,7627,7872,7789,7177,7835,8023,7844,7704,7553,8037,8026,7423,7568,7588,7574,7130,7579,7355,7987,8145,7925,7700,6667,7827,8127,7726,7780,7650,7886,7952,7538,7339,7564,7592,7553|
03/04/2026 10:42:23|8590,9004,8821,8463,8249,7759,8018,8118,8120,7718,7068,7419,7742,7566,7638,7688,7150,7379,6987,7392,7718,8001,7826,7566,6479,7620,7833,7786,7184,7823,8000,7808,7691,7550,8021,8036,7446,7577,7611,7574,7114,7593,7379,7983,8153,7927,7713,6731,7840,8142,7761,7737,7663,7894,7930,7544,7370,7591,7579,7588|
03/04/2026 10:42:24|8571,8997,8823,8462,8255,7779,8020,8110,8123,7712,7095,7419,7754,7560,7642,7698,7198,7427,7020,7379,7708,7991,7807,7573,6534,7617,7798,7784,7197,7815,7981,7785,7688,7553,8007,8044,7471,7593,7638,7566,7106,7608,7400,7977,8162,7928,7728,6800,7851,8155,7790,7704,7682,7907,7900,7556,7402,7618,7578,7623|
03/04/2026 10:42:25|8542,8986,8826,8465,8261,7799,8026,8107,8129,7701,7121,7425,7771,7561,7649,7704,7246,7476,7051,7371,7703,7982,7795,7584,6590,7618,7766,7781,7215,7811,7966,7776,7693,7560,7993,8052,7498,7615,7668,7551,7104,7623,7417,7970,8171,7929,7745,6873,7860,8165,7814,7679,7706,7923,7864,7575,7436,7646,7589,7658|
03/04/2026 10:42:26|8505,8974,8831,8470,8267,7821,8036,8109,8136,7686,7146,7436,7793,7568,7657,7709,7294,7526,7081,7366,7701,7974,7787,7598,6648,7622,7738,7778,7236,7810,7955,7777,7705,7571,7980,8058,7527,7643,7701,7531,7108,7638,7431,7962,8180,7929,7763,6947,7867,8173,7833,7662,7733,7942,7823,7599,7471,7673,7610,7694|
03/04/2026 10:42:27|8460,8960,8837,8477,8273,7844,8047,8114,8144,7668,7170,7451,7818,7580,7666,7711,7341,7577,7109,7365,7704,7966,7784,7614,6707,7630,7712,7775,7261,7811,7948,7787,7723,7585,7967,8064,7557,7674,7734,7507,7117,7654,7441,7952,8189,7929,7782,7024,7873,8180,7848,7650,7764,7963,7778,7628,7506,7700,7639,7728|
03/04/2026 10:42:28|8409,8945,8844,8485,8278,7867,8061,8122,8154,7647,7192,7469,7846,7597,7677,7711,7387,7627,7136,7366,7708,7959,7784,7632,6765,7640,7689,7771,7288,7815,7943,7806,7746,7601,7956,8068,7587,7709,7769,7479,7130,7669,7450,7943,8198,7928,7802,7100,7877,8185,7859,7645,7798,7987,7730,7659,7542,7725,7675,7762|
03/04/2026 10:42:29|8359,8930,8853,8496,8283,7892,8075,8134,8164,7625,7214,7487,7873,7617,7688,7710,7430,7671,7162,7370,7714,7950,7787,7651,6824,7651,7668,7769,7318,7816,7937,7828,7770,7619,7944,8072,7619,7743,7803,7451,7147,7686,7459,7932,8206,7928,7822,7175,7878,8186,7866,7645,7831,8009,7681,7690,7577,7751,7714,7796|
03/04/2026 10:42:30|8314,8919,8865,8508,8289,7923,8095,8151,8177,7612,7245,7509,7902,7638,7698,7710,7470,7704,7188,7376,7718,7934,7782,7666,6883,7660,7649,7772,7353,7815,7929,7852,7797,7642,7936,8074,7652,7778,7832,7434,7174,7709,7474,7920,8207,7927,7840,7242,7875,8182,7871,7647,7861,8028,7641,7718,7614,7776,7755,7831|
03/04/2026 10:42:31|8274,8911,8881,8522,8297,7960,8122,8175,8192,7611,7288,7542,7937,7660,7709,7716,7510,7732,7218,7385,7722,7913,7765,7671,6941,7672,7628,7781,7397,7818,7925,7878,7829,7673,7934,8074,7687,7814,7854,7431,7214,7741,7491,7909,8203,7923,7857,7301,7870,8178,7878,7652,7886,8047,7614,7748,7656,7808,7800,7871|
03/04/2026 10:42:32|8237,8907,8900,8540,8306,8000,8154,8203,8209,7622,7341,7586,7976,7682,7720,7728,7551,7755,7250,7399,7726,7886,7738,7667,6999,7688,7604,7796,7448,7825,7925,7907,7864,7712,7940,8070,7724,7853,7868,7440,7267,7780,7509,7898,8195,7917,7873,7352,7862,8174,7886,7658,7907,8066,7597,7779,7703,7845,7849,7914|
03/04/2026 10:42:33|8203,8906,8922,8560,8316,8044,8190,8236,8228,7642,7403,7639,8019,7703,7731,7745,7592,7775,7284,7415,7729,7855,7703,7656,7056,7707,7578,7815,7505,7835,7926,7937,7903,7756,7950,8064,7761,7892,7876,7460,7331,7825,7527,7887,8182,7909,7887,7396,7853,8169,7894,7665,7925,8086,7590,7810,7754,7887,7901,7960|
03/04/2026 10:42:34|8172,8908,8946,8581,8327,8089,8230,8273,8248,7670,7472,7698,8064,7723,7742,7766,7632,7790,7319,7434,7732,7822,7660,7638,7112,7728,7551,7838,7567,7848,7930,7969,7944,7805,7965,8056,7798,7933,7879,7489,7404,7875,7546,7876,8166,7900,7900,7434,7843,8166,7904,7674,7939,8106,7591,7842,7807,7933,7954,8007|
03/04/2026 10:42:35|8145,8912,8971,8603,8339,8136,8272,8311,8270,7704,7544,7761,8111,7743,7753,7790,7670,7802,7355,7454,7735,7786,7612,7615,7165,7750,7523,7864,7631,7862,7936,8000,7986,7856,7983,8046,7835,7972,7875,7524,7482,7928,7565,7865,8148,7890,7911,7466,7832,8162,7914,7684,7951,8125,7600,7872,7862,7980,8008,8055|
03/04/2026 10:42:36|8126,8918,8989,8624,8355,8184,8314,8351,8292,7739,7609,7818,8151,7764,7766,7814,7706,7811,7389,7473,7738,7750,7563,7591,7216,7770,7501,7890,7686,7873,7941,8025,8020,7897,7999,8033,7858,8004,7866,7557,7557,7964,7583,7848,8125,7877,7920,7496,7828,8158,7923,7699,7962,8134,7613,7902,7914,8025,8056,8096|
03/04/2026 10:42:37|8119,8928,8991,8644,8377,8231,8356,8391,8317,7775,7662,7863,8182,7783,7780,7831,7741,7821,7425,7495,7742,7710,7512,7565,7264,7787,7488,7911,7719,7878,7945,8044,8043,7926,8010,8019,7868,8025,7859,7590,7624,7954,7598,7826,8100,7867,7929,7519,7829,8152,7932,7720,7974,8134,7626,7931,7965,8067,8101,8135|
03/04/2026 10:42:38|8124,8940,8980,8665,8403,8278,8396,8430,8345,7813,7703,7899,8205,7802,7792,7841,7775,7831,7463,7519,7747,7666,7460,7538,7309,7802,7483,7930,7733,7878,7948,8056,8058,7944,8018,8004,7867,8036,7854,7622,7684,7900,7608,7800,8072,7861,7938,7536,7837,8144,7941,7746,7984,8126,7639,7960,8013,8107,8143,8171|
03/04/2026 10:42:39|8139,8954,8957,8685,8433,8325,8435,8470,8373,7852,7733,7926,8220,7820,7803,7845,7808,7842,7502,7545,7752,7620,7408,7511,7350,7815,7485,7946,7730,7872,7950,8062,8064,7951,8022,7988,7855,8039,7850,7653,7738,7810,7615,7771,8043,7858,7948,7548,7849,8135,7949,7776,7995,8112,7652,7989,8058,8145,8183,8205|
03/04/2026 10:42:40|8162,8970,8923,8704,8465,8370,8472,8509,8403,7891,7754,7945,8229,7836,7814,7843,7840,7854,7541,7573,7757,7571,7355,7482,7387,7826,7493,7959,7712,7862,7951,8064,8064,7949,8023,7972,7834,8035,7849,7683,7785,7688,7619,7740,8013,7858,7958,7554,7865,8124,7958,7809,8006,8092,7665,8016,8101,8181,8219,8238|
03/04/2026 10:42:41|8190,8987,8890,8728,8501,8417,8512,8549,8435,7935,7774,7962,8238,7857,7827,7844,7875,7869,7582,7606,7767,7526,7310,7461,7425,7837,7509,7972,7689,7853,7955,8063,8059,7943,8022,7953,7808,8027,7849,7711,7826,7555,7621,7708,7986,7862,7968,7559,7883,8113,7965,7842,8014,8069,7678,8042,8141,8212,8252,8268|
03/04/2026 10:42:42|8226,9010,8874,8764,8547,8474,8561,8597,8476,7993,7810,7989,8259,7893,7852,7859,7921,7896,7632,7651,7789,7500,7288,7458,7470,7853,7535,7990,7673,7852,7964,8063,8052,7932,8020,7931,7779,8020,7852,7735,7855,7438,7614,7683,7968,7873,7985,7573,7905,8104,7963,7867,8018,8040,7690,8062,8177,8240,8283,8298|
03/04/2026 10:42:43|8270,9041,8874,8812,8604,8538,8618,8653,8527,8063,7859,8027,8291,7941,7889,7887,7978,7935,7692,7706,7822,7494,7289,7472,7522,7873,7569,8010,7663,7857,7979,8064,8044,7916,8016,7908,7749,8014,7859,7758,7873,7335,7596,7664,7959,7893,8008,7598,7932,8096,7949,7886,8015,8004,7698,8080,8211,8269,8315,8329|
03/04/2026 10:42:44|8322,9076,8886,8868,8668,8609,8681,8713,8585,8140,7919,8072,8332,8000,7935,7925,8039,7979,7756,7769,7863,7503,7307,7501,7580,7895,7606,8033,7661,7868,7993,8064,8035,7899,8012,7885,7721,8009,7867,7778,7882,7247,7573,7653,7956,7916,8035,7633,7963,8090,7930,7898,8010,7965,7705,8095,8243,8299,8347,8357|
03/04/2026 10:42:45|8379,9115,8905,8928,8737,8685,8748,8776,8644,8218,7986,8121,8375,8065,7986,7967,8099,8023,7818,7834,7907,7521,7337,7535,7638,7912,7643,8058,7669,7881,8006,8065,8027,7890,8013,7864,7697,7996,7870,7796,7890,7175,7556,7649,7957,7940,8061,7671,7997,8089,7914,7906,8007,7930,7712,8113,8269,8329,8375,8381|
03/04/2026 10:42:46|8432,9152,8926,8980,8802,8757,8811,8835,8698,8291,8050,8164,8412,8122,8029,7999,8151,8062,7873,7896,7948,7541,7374,7572,7693,7927,7673,8075,7676,7893,8017,8063,8020,7888,8014,7845,7675,7974,7866,7814,7898,7123,7544,7650,7960,7959,8086,7707,8031,8088,7898,7913,8003,7900,7722,8132,8285,8355,8397,8404|
03/04/2026 10:42:47|8480,9186,8948,9027,8859,8828,8867,8889,8743,8356,8104,8203,8441,8174,8065,8025,8196,8096,7927,7955,7985,7561,7412,7607,7742,7933,7697,8085,7678,7901,8023,8050,8011,7887,8009,7830,7659,7954,7866,7835,7907,7089,7539,7659,7969,7980,8113,7747,8062,8085,7884,7923,8006,7878,7735,8150,8299,8379,8416,8424|
03/04/2026 10:42:48|8530,9220,8973,9076,8912,8899,8919,8943,8785,8423,8160,8247,8473,8228,8105,8055,8241,8128,7981,8011,8020,7584,7452,7639,7783,7937,7720,8095,7681,7908,8028,8035,8000,7884,8002,7813,7644,7939,7865,7851,7915,7071,7542,7669,7978,8005,8142,7787,8090,8080,7872,7932,8011,7865,7753,8169,8314,8402,8432,8441|
03/04/2026 10:42:49|8576,9256,9000,9123,8962,8967,8968,8994,8825,8490,8219,8293,8507,8282,8146,8088,8284,8160,8034,8063,8054,7610,7496,7665,7818,7942,7741,8107,7687,7907,8029,8020,7988,7880,7989,7794,7634,7929,7867,7866,7919,7067,7551,7685,7988,8032,8169,7824,8115,8075,7865,7941,8019,7858,7773,8187,8329,8419,8441,8455|
03/04/2026 10:42:50|8620,9288,9020,9161,9000,9021,9004,9032,8855,8549,8273,8323,8531,8325,8180,8115,8317,8189,8079,8100,8081,7635,7538,7686,7847,7947,7760,8115,7692,7903,8023,7999,7974,7872,7971,7775,7627,7919,7869,7881,7923,7075,7567,7705,8001,8059,8189,7860,8136,8068,7859,7952,8028,7854,7791,8201,8336,8423,8444,8464|
03/04/2026 10:42:51|8655,9312,9033,9191,9030,9057,9030,9062,8878,8593,8319,8344,8543,8355,8207,8135,8339,8211,8112,8123,8098,7656,7578,7705,7874,7951,7779,8119,7692,7895,8010,7970,7964,7870,7956,7761,7625,7911,7869,7892,7926,7087,7582,7729,8012,8077,8201,7891,8152,8057,7854,7966,8038,7853,7808,8214,8340,8422,8439,8473|
03/04/2026 10:42:52|8680,9327,9040,9214,9052,9075,9048,9085,8896,8623,8357,8356,8544,8376,8227,8150,8353,8226,8135,8140,8107,7671,7614,7725,7899,7954,7798,8117,7687,7885,7993,7938,7957,7876,7949,7754,7629,7907,7867,7896,7929,7102,7594,7754,8022,8088,8206,7916,8162,8043,7850,7984,8052,7855,7826,8227,8344,8417,8426,8480|
03/04/2026 10:42:53|8696,9335,9043,9232,9068,9078,9058,9102,8909,8639,8387,8360,8535,8387,8241,8160,8361,8234,8147,8149,8110,7680,7646,7745,7923,7956,7815,8111,7679,7872,7971,7905,7954,7887,7948,7753,7639,7906,7862,7896,7930,7118,7604,7780,8031,8091,8204,7933,8165,8024,7847,8005,8068,7861,7844,8238,8347,8409,8406,8486|
03/04/2026 10:42:54|8704,9337,9042,9244,9079,9068,9061,9113,8919,8644,8410,8358,8517,8389,8251,8165,8362,8236,8151,8153,8105,7684,7675,7764,7946,7958,7832,8101,7668,7857,7945,7870,7953,7904,7954,7758,7654,7907,7855,7892,7931,7137,7611,7806,8038,8088,8195,7945,8163,8003,7846,8029,8086,7870,7863,8249,8350,8399,8381,8491|
03/04/2026 10:42:55|8706,9332,9037,9252,9085,9047,9059,9121,8924,8639,8428,8351,8491,8385,8256,8167,8358,8233,8147,8152,8096,7684,7702,7783,7968,7958,7847,8087,7653,7841,7917,7835,7956,7926,7964,7768,7672,7911,7846,7884,7932,7157,7615,7833,8044,8079,8181,7952,8157,7979,7845,8054,8105,7881,7882,8259,8353,8388,8352,8495|
03/04/2026 10:42:56|8701,9324,9029,9256,9086,9015,9052,9124,8927,8626,8439,8339,8460,8375,8257,8165,8349,8226,8136,8147,8082,7680,7725,7802,7988,7958,7862,8071,7637,7823,7887,7799,7960,7951,7979,7782,7695,7917,7836,7873,7931,7178,7618,7859,8050,8066,8163,7954,8147,7953,7845,8080,8126,7894,7901,8269,8355,8375,8319,8498|
03/04/2026 10:42:57|8691,9311,9019,9256,9083,8976,9041,9123,8926,8605,8446,8323,8424,8360,8255,8161,8337,8215,8120,8138,8064,7673,7745,7819,8007,7958,7875,8052,7618,7805,7855,7763,7967,7979,7997,7799,7719,7924,7826,7860,7931,7199,7619,7885,8054,8049,8141,7952,8134,7927,7846,8108,8148,7909,7920,8278,8357,8361,8283,8500|
03/04/2026 10:42:58|8679,9294,9005,9252,9078,8933,9027,9119,8922,8580,8449,8305,8386,8340,8249,8155,8322,8203,8102,8127,8045,7667,7765,7835,8024,7959,7889,8034,7602,7788,7822,7730,7975,8009,8018,7818,7748,7937,7818,7847,7933,7225,7622,7911,8054,8031,8118,7949,8122,7904,7851,8133,8169,7925,7939,8286,8358,8348,8246,8502|
03/04/2026 10:42:59|8666,9273,8989,9245,9073,8893,9009,9110,8913,8553,8447,8284,8350,8320,8244,8153,8310,8195,8085,8113,8028,7668,7788,7849,8029,7958,7904,8017,7594,7777,7795,7707,7987,8043,8039,7839,7784,7959,7819,7839,7943,7260,7626,7931,8049,8014,8095,7946,8112,7890,7861,8159,8188,7943,7956,8291,8352,8336,8214,8503|
03/04/2026 10:43:00|8654,9251,8979,9242,9069,8864,8997,9103,8906,8533,8448,8273,8327,8310,8248,8157,8303,8192,8069,8103,8015,7677,7817,7865,8031,7959,7919,8005,7595,7773,7778,7694,8001,8079,8067,7863,7820,7984,7827,7837,7957,7302,7635,7944,8039,7989,8072,7948,8108,7883,7878,8187,8200,7957,7965,8291,8344,8325,8183,8494|
03/04/2026 10:43:01|8651,9237,8976,9241,9073,8848,8995,9101,8904,8525,8457,8274,8319,8308,8259,8168,8302,8191,8061,8097,8008,7691,7850,7887,8032,7960,7926,7994,7600,7768,7772,7691,8010,8110,8096,7889,7856,8006,7841,7846,7975,7350,7653,7957,8030,7971,8059,7956,8103,7877,7898,8216,8210,7966,7975,8292,8335,8310,8155,8486|
03/04/2026 10:43:02|8656,9231,8978,9241,9083,8840,9000,9105,8905,8524,8473,8283,8322,8311,8275,8180,8302,8187,8060,8095,8005,7704,7886,7913,8033,7960,7921,7983,7607,7758,7777,7697,8012,8137,8126,7915,7894,8023,7861,7865,7996,7401,7679,7973,8023,7960,8058,7968,8096,7869,7921,8247,8218,7970,7987,8293,8327,8289,8131,8482|
03/04/2026 10:43:03|8668,9230,8983,9240,9098,8840,9010,9112,8907,8531,8493,8301,8335,8318,8294,8195,8304,8182,8065,8096,8005,7718,7924,7943,8034,7959,7906,7973,7615,7743,7791,7710,8007,8159,8155,7942,7931,8036,7886,7893,8018,7456,7713,7992,8018,7957,8065,7985,8086,7860,7946,8278,8225,7971,7999,8296,8319,8263,8111,8482|
03/04/2026 10:43:04|8685,9235,8992,9239,9117,8846,9025,9122,8911,8543,8516,8324,8355,8328,8316,8212,8307,8175,8075,8098,8007,7732,7963,7976,8033,7956,7883,7963,7624,7724,7812,7731,7998,8176,8184,7969,7969,8044,7915,7927,8042,7512,7752,8014,8016,7960,8081,8006,8075,7851,7971,8310,8232,7967,8013,8300,8313,8234,8093,8485|
03/04/2026 10:43:05|8707,9245,9003,9237,9139,8858,9044,9134,8916,8560,8544,8353,8382,8342,8341,8229,8311,8168,8090,8103,8012,7746,8002,8011,8032,7952,7852,7953,7633,7702,7840,7756,7984,8189,8213,7996,8005,8049,7948,7968,8067,7569,7796,8037,8016,7968,8103,8029,8062,7841,7997,8341,8237,7961,8027,8304,8307,8201,8079,8491|
03/04/2026 10:43:06|8730,9252,9015,9236,9162,8873,9063,9142,8919,8579,8570,8381,8410,8356,8364,8247,8315,8156,8103,8108,8016,7759,8042,8046,8032,7949,7819,7944,7642,7682,7873,7787,7971,8202,8241,8022,8041,8051,7982,8010,8090,7625,7842,8062,8017,7981,8129,8050,8050,7833,8023,8372,8242,7956,8045,8311,8304,8169,8067,8499|
03/04/2026 10:43:07|8750,9255,9027,9229,9175,8884,9072,9135,8918,8593,8588,8396,8429,8369,8384,8264,8318,8141,8112,8110,8016,7768,8081,8084,8038,7951,7793,7937,7654,7674,7912,7822,7970,8222,8270,8052,8079,8057,8013,8046,8109,7679,7890,8087,8020,7998,8156,8070,8042,7825,8037,8397,8246,7958,8069,8324,8309,8145,8061,8510|
03/04/2026 10:43:08|8768,9257,9040,9217,9174,8891,9075,9117,8911,8605,8598,8397,8441,8381,8403,8280,8319,8125,8118,8110,8011,7769,8120,8126,8052,7958,7778,7936,7669,7677,7958,7862,7980,8247,8298,8084,8119,8068,8039,8075,8122,7731,7937,8113,8026,8019,8182,8090,8037,7817,8034,8417,8248,7967,8096,8342,8323,8133,8065,8524|
03/04/2026 10:43:09|8784,9259,9055,9201,9162,8893,9070,9090,8900,8614,8602,8386,8446,8393,8419,8296,8318,8107,8121,8108,8003,7764,8159,8171,8072,7969,7770,7939,7688,7691,8008,7905,7999,8276,8327,8119,8163,8083,8060,8099,8132,7781,7984,8140,8034,8042,8209,8110,8036,7809,8018,8430,8248,7980,8126,8363,8344,8130,8076,8542|
03/04/2026 10:43:10|8798,9261,9070,9181,9139,8892,9060,9055,8887,8622,8599,8364,8445,8404,8434,8311,8316,8089,8122,8105,7991,7754,8198,8219,8099,7985,7770,7946,7709,7713,8061,7951,8026,8309,8355,8156,8208,8101,8077,8117,8138,7830,8030,8167,8045,8068,8235,8130,8036,7800,7989,8439,8245,7998,8158,8388,8371,8137,8093,8563|
03/04/2026 10:43:11|8810,9263,9087,9157,9109,8887,9045,9014,8870,8627,8591,8334,8439,8414,8448,8325,8313,8070,8121,8101,7977,7740,8235,8269,8130,8003,7777,7956,7731,7743,8117,7998,8059,8344,8382,8193,8254,8122,8090,8130,8142,7877,8075,8195,8058,8095,8260,8150,8039,7791,7951,8444,8241,8020,8193,8414,8402,8150,8116,8585|
03/04/2026 10:43:12|8821,9265,9103,9131,9071,8879,9025,8967,8850,8630,8578,8296,8428,8423,8459,8339,8309,8050,8119,8095,7961,7722,8271,8320,8165,8022,7789,7968,7755,7778,8174,8046,8097,8380,8408,8231,8300,8144,8100,8139,8142,7921,8119,8221,8073,8123,8284,8169,8044,7781,7905,8445,8237,8044,8228,8442,8437,8169,8144,8609|
03/04/2026 10:43:13|8829,9264,9116,9100,9024,8866,8999,8911,8822,8620,8553,8249,8412,8428,8465,8347,8302,8024,8112,8085,7944,7702,8302,8364,8192,8036,7797,7976,7775,7810,8219,8087,8134,8411,8425,8261,8339,8161,8107,8145,8141,7965,8160,8247,8089,8149,8306,8188,8047,7776,7861,8447,8237,8073,8261,8465,8465,8187,8170,8627|
03/04/2026 10:43:14|8827,9252,9118,9064,8965,8848,8967,8850,8787,8602,8517,8196,8386,8426,8459,8347,8291,7993,8104,8075,7925,7680,8314,8394,8208,8040,7802,7978,7794,7840,8249,8114,8165,8432,8431,8277,8363,8168,8113,8148,8138,8009,8201,8268,8106,8170,8322,8205,8053,7776,7822,8446,8232,8099,8289,8481,8484,8199,8192,8640|
03/04/2026 10:43:15|8817,9233,9108,9027,8905,8825,8935,8791,8751,8580,8475,8139,8358,8419,8443,8340,8275,7961,8092,8065,7902,7656,8310,8406,8210,8039,7806,7976,7811,7866,8265,8134,8191,8442,8418,8278,8372,8169,8119,8151,8131,8046,8232,8282,8119,8182,8335,8222,8062,7783,7792,8443,8226,8119,8313,8496,8499,8210,8211,8645|
03/04/2026 10:43:16|8793,9203,9086,8986,8840,8794,8898,8731,8713,8554,8428,8073,8321,8406,8423,8322,8252,7926,8075,8049,7877,7634,8299,8406,8203,8035,7807,7966,7828,7889,8270,8147,8207,8441,8392,8268,8373,8168,8125,8150,8121,8074,8251,8290,8128,8187,8347,8239,8064,7791,7769,8437,8213,8134,8336,8511,8509,8220,8229,8646|
03/04/2026 10:43:17|8760,9162,9049,8938,8771,8756,8856,8675,8676,8523,8375,8004,8282,8391,8391,8298,8223,7879,8049,8026,7851,7614,8285,8397,8184,8028,7804,7953,7843,7906,8269,8150,8210,8428,8361,8249,8359,8149,8122,8141,8107,8093,8262,8296,8135,8180,8352,8245,8063,7795,7749,8425,8193,8150,8358,8520,8507,8229,8249,8646|
03/04/2026 10:43:18|8721,9114,8997,8884,8700,8715,8810,8623,8640,8487,8315,7938,8245,8372,8345,8266,8188,7818,8014,7998,7824,7597,8268,8378,8151,8013,7797,7940,7857,7916,8261,8143,8204,8404,8327,8224,8330,8109,8106,8122,8091,8103,8266,8302,8143,8158,8348,8239,8058,7793,7733,8406,8171,8165,8379,8525,8488,8237,8271,8647|
03/04/2026 10:43:19|8678,9059,8933,8826,8629,8670,8761,8575,8605,8447,8252,7873,8208,8351,8288,8229,8148,7746,7973,7966,7796,7581,8250,8350,8105,7993,7786,7928,7869,7920,8249,8129,8190,8370,8291,8193,8290,8050,8081,8095,8073,8106,8264,8308,8152,8122,8335,8220,8049,7786,7721,8383,8148,8181,8399,8527,8457,8243,8296,8648|
03/04/2026 10:43:20|8632,8999,8860,8764,8559,8622,8710,8530,8571,8403,8184,7811,8172,8329,8223,8188,8104,7664,7926,7931,7769,7568,8229,8315,8049,7969,7773,7915,7881,7919,8231,8107,8168,8329,8254,8158,8240,7977,8047,8062,8054,8103,8258,8314,8161,8074,8315,8192,8037,7774,7713,8355,8124,8197,8419,8525,8414,8248,8322,8649|
03/04/2026 10:43:21|8584,8935,8779,8700,8488,8574,8658,8490,8539,8357,8115,7752,8138,8305,8150,8143,8058,7575,7874,7893,7742,7556,8207,8275,7984,7942,7757,7904,7891,7913,8210,8079,8141,8280,8216,8120,8181,7890,8006,8022,8033,8094,8247,8321,8169,8018,8289,8156,8022,7760,7709,8324,8099,8213,8437,8520,8362,8252,8349,8652|
03/04/2026 10:43:22|8535,8868,8691,8634,8420,8524,8605,8454,8508,8309,8044,7696,8106,8281,8072,8095,8010,7480,7820,7853,7716,7546,8184,8230,7912,7911,7740,7892,7900,7903,8186,8047,8109,8227,8178,8079,8116,7794,7959,7978,8011,8081,8232,8327,8178,7954,8259,8113,8005,7742,7707,8291,8074,8228,8454,8513,8302,8255,8377,8654|
03/04/2026 10:43:23|8485,8799,8599,8568,8353,8474,8552,8421,8478,8261,7973,7643,8075,8256,7990,8046,7960,7381,7763,7813,7690,7538,8161,8181,7836,7878,7721,7882,7909,7889,8160,8010,8073,8170,8139,8037,8046,7689,7908,7931,7989,8064,8215,8333,8187,7884,8224,8065,7986,7723,7708,8256,8049,8243,8470,8504,8237,8257,8405,8657|
03/04/2026 10:43:24|8434,8730,8505,8502,8288,8424,8500,8392,8451,8212,7902,7593,8046,8231,7905,7996,7910,7281,7705,7772,7666,7531,8137,8130,7756,7844,7701,7872,7916,7873,8131,7971,8034,8109,8101,7993,7973,7580,7854,7882,7966,8044,8195,8338,8196,7809,8187,8012,7966,7701,7712,8219,8025,8257,8485,8493,8167,8259,8433,8660|
03/04/2026 10:43:25|8384,8661,8409,8436,8226,8375,8448,8366,8425,8163,7832,7547,8019,8206,7819,7946,7860,7179,7646,7731,7642,7526,8113,8077,7673,7808,7681,7862,7923,7855,8102,7929,7993,8047,8064,7949,7897,7466,7797,7830,7944,8021,8174,8344,8205,7732,8147,7956,7945,7678,7717,8182,8001,8271,8499,8481,8094,8259,8461,8663|
03/04/2026 10:43:26|8335,8592,8312,8372,8167,8326,8399,8343,8401,8115,7764,7504,7994,8182,7732,7896,7811,7077,7588,7690,7620,7521,8090,8023,7589,7772,7660,7853,7929,7834,8071,7886,7951,7984,8028,7905,7819,7350,7738,7778,7922,7997,8151,8349,8213,7653,8106,7899,7924,7654,7723,8145,7977,8284,8512,8468,8019,8259,8488,8666|
03/04/2026 10:43:27|8287,8525,8217,8310,8111,8280,8350,8323,8378,8067,7697,7464,7970,8158,7646,7846,7762,6976,7530,7650,7598,7518,8067,7968,7505,7736,7639,7845,7933,7813,8040,7843,7908,7921,7993,7861,7741,7233,7679,7725,7900,7970,8127,8355,8221,7572,8064,7839,7902,7630,7731,8107,7955,8296,8524,8454,7942,8259,8514,8669|
03/04/2026 10:43:28|8241,8463,8129,8254,8062,8239,8307,8307,8359,8024,7637,7428,7949,8136,7564,7800,7717,6881,7475,7613,7581,7517,8044,7913,7426,7704,7620,7838,7938,7791,8010,7800,7866,7860,7960,7820,7668,7127,7626,7677,7880,7946,8104,8360,8228,7498,8024,7782,7881,7608,7742,8073,7937,8309,8533,8436,7867,8257,8539,8673|
03/04/2026 10:43:29|8199,8410,8062,8213,8025,8204,8272,8295,8337,7989,7592,7399,7927,8117,7498,7760,7677,6804,7428,7585,7571,7517,8026,7865,7365,7683,7609,7834,7943,7775,7983,7761,7830,7813,7939,7790,7609,7049,7590,7641,7864,7929,8088,8363,8234,7440,7992,7732,7863,7595,7757,8043,7926,8319,8533,8416,7803,8254,8555,8674|
03/04/2026 10:43:30|8167,8367,8007,8182,7996,8163,8235,8281,8314,7959,7550,7376,7904,8092,7444,7724,7649,6749,7393,7568,7568,7522,8010,7824,7318,7667,7607,7831,7946,7764,7963,7732,7800,7777,7931,7774,7565,6995,7568,7616,7852,7916,8076,8363,8237,7395,7960,7690,7849,7591,7775,8011,7921,8326,8528,8400,7756,8253,8561,8675|
03/04/2026 10:43:31|8141,8333,7962,8156,7971,8119,8189,8261,8291,7931,7500,7351,7874,8055,7393,7691,7627,6715,7363,7554,7561,7525,7989,7781,7278,7645,7602,7820,7938,7751,7944,7712,7774,7744,7926,7762,7530,6960,7550,7598,7843,7901,8054,8351,8236,7361,7933,7658,7828,7592,7799,7987,7918,8327,8519,8386,7725,8251,8562,8672|
03/04/2026 10:43:32|8122,8305,7921,8135,7952,8079,8140,8240,8266,7903,7452,7330,7839,8011,7347,7660,7606,6687,7325,7537,7549,7524,7960,7734,7239,7616,7590,7801,7921,7732,7924,7692,7752,7710,7913,7739,7501,6940,7534,7584,7838,7887,8022,8333,8229,7335,7909,7633,7804,7593,7822,7967,7908,8315,8503,8366,7703,8249,8557,8661|
03/04/2026 10:43:33|8110,8283,7878,8114,7938,8046,8095,8220,8240,7872,7410,7318,7807,7962,7307,7634,7585,6656,7288,7518,7535,7519,7925,7689,7202,7579,7570,7778,7896,7710,7903,7669,7732,7681,7892,7702,7476,6933,7522,7573,7837,7875,7988,8312,8216,7310,7884,7611,7785,7595,7837,7948,7892,8294,8478,8336,7685,8247,8548,8645|
03/04/2026 10:43:34|8106,8265,7830,8096,7928,8021,8054,8201,8211,7839,7373,7312,7779,7910,7271,7613,7564,6621,7255,7499,7519,7510,7885,7644,7167,7534,7543,7751,7865,7686,7884,7643,7714,7656,7867,7655,7454,6938,7511,7563,7841,7864,7954,8290,8199,7285,7860,7594,7771,7598,7845,7932,7870,8264,8446,8298,7669,8246,8538,8626|
03/04/2026 10:43:35|8107,8251,7781,8079,7922,8002,8019,8184,8181,7805,7341,7313,7755,7856,7239,7597,7542,6584,7224,7480,7502,7499,7841,7601,7132,7482,7511,7722,7827,7660,7864,7613,7698,7636,7838,7598,7436,6952,7503,7555,7848,7855,7920,8266,8178,7261,7836,7580,7763,7601,7847,7917,7844,8227,8407,8252,7656,8245,8526,8604|
03/04/2026 10:43:36|8113,8242,7730,8063,7920,7988,7988,8168,8150,7770,7313,7319,7735,7801,7212,7585,7521,6545,7196,7461,7484,7486,7793,7559,7100,7425,7473,7690,7786,7633,7846,7581,7683,7619,7805,7533,7420,6975,7497,7549,7859,7847,7885,8242,8155,7236,7812,7570,7760,7605,7845,7904,7813,8184,8364,8200,7646,8245,8512,8580|
03/04/2026 10:43:37|8124,8235,7678,8049,7922,7980,7961,8154,8119,7735,7289,7330,7717,7745,7188,7576,7499,6504,7171,7442,7465,7470,7744,7519,7069,7365,7432,7656,7741,7605,7828,7547,7670,7606,7770,7463,7407,7004,7492,7543,7871,7840,7851,8217,8129,7213,7789,7563,7760,7610,7838,7893,7780,8136,8316,8145,7637,8245,8498,8554|
03/04/2026 10:43:38|8139,8232,7626,8036,7925,7977,7938,8141,8087,7699,7269,7344,7703,7689,7168,7570,7478,6463,7149,7424,7446,7454,7692,7481,7041,7302,7389,7621,7694,7577,7812,7513,7658,7597,7732,7389,7396,7040,7489,7539,7886,7834,7817,8193,8101,7190,7767,7558,7764,7614,7827,7884,7744,8085,8266,8085,7631,8246,8483,8527|
03/04/2026 10:43:39|8156,8231,7574,8025,7931,7977,7918,8129,8056,7664,7252,7362,7692,7635,7151,7567,7458,6422,7129,7406,7427,7436,7640,7446,7014,7238,7343,7586,7645,7549,7796,7478,7648,7590,7694,7311,7388,7080,7488,7536,7903,7829,7785,8168,8072,7168,7745,7555,7771,7619,7813,7875,7707,8031,8214,8024,7626,8246,8467,8499|
03/04/2026 10:43:40|8177,8234,7526,8016,7941,7981,7903,8120,8027,7632,7240,7383,7684,7582,7138,7568,7440,6383,7112,7390,7410,7418,7589,7413,6990,7173,7297,7551,7595,7521,7781,7443,7638,7586,7656,7233,7382,7123,7488,7534,7920,7824,7752,8143,8042,7148,7725,7555,7781,7623,7796,7868,7669,7976,8161,7962,7622,8246,8451,8470|
03/04/2026 10:43:41|8204,8249,7501,8026,7967,8000,7906,8129,8015,7615,7249,7423,7692,7546,7145,7585,7438,6366,7112,7390,7404,7407,7548,7393,6976,7113,7258,7520,7550,7503,7774,7417,7626,7583,7624,7169,7379,7166,7490,7533,7932,7815,7717,8110,8012,7137,7707,7560,7793,7624,7777,7859,7636,7920,8111,7906,7620,8236,8431,8439|
03/04/2026 10:43:42|8239,8280,7507,8060,8013,8036,7932,8161,8026,7620,7283,7484,7719,7530,7175,7622,7457,6378,7133,7409,7414,7406,7522,7390,6975,7061,7231,7494,7511,7496,7775,7402,7611,7582,7602,7124,7380,7208,7496,7534,7937,7801,7677,8066,7984,7136,7692,7571,7807,7619,7757,7846,7611,7863,8064,7860,7617,8213,8407,8407|
03/04/2026 10:43:43|8278,8318,7535,8109,8071,8081,7972,8206,8050,7638,7333,7557,7758,7530,7219,7669,7487,6413,7169,7441,7432,7410,7506,7397,6983,7013,7211,7472,7479,7497,7783,7398,7595,7583,7587,7093,7386,7250,7507,7536,7937,7782,7635,8016,7956,7145,7680,7584,7823,7613,7737,7832,7593,7810,8020,7822,7617,8183,8382,8375|
03/04/2026 10:43:44|8318,8360,7579,8166,8133,8130,8013,8252,8078,7663,7393,7634,7800,7536,7266,7716,7523,6467,7217,7475,7452,7418,7498,7410,6996,6977,7196,7451,7456,7501,7794,7403,7582,7583,7575,7073,7400,7294,7523,7542,7932,7759,7592,7963,7930,7159,7673,7598,7838,7609,7717,7818,7577,7763,7978,7790,7620,8157,8359,8343|
03/04/2026 10:43:45|8354,8405,7634,8227,8197,8179,8052,8300,8112,7696,7461,7711,7838,7544,7313,7763,7566,6536,7268,7513,7475,7427,7492,7431,7021,6950,7188,7431,7439,7507,7802,7416,7577,7586,7572,7071,7421,7333,7538,7548,7928,7736,7557,7919,7909,7174,7671,7613,7853,7605,7699,7801,7557,7722,7943,7765,7625,8121,8334,8313|
03/04/2026 10:43:46|8386,8451,7694,8287,8260,8225,8089,8347,8146,7733,7536,7785,7869,7555,7357,7808,7615,6614,7317,7553,7499,7439,7486,7458,7056,6930,7186,7412,7428,7514,7804,7435,7581,7593,7578,7085,7451,7365,7553,7553,7926,7714,7531,7886,7894,7193,7673,7631,7867,7603,7683,7781,7531,7688,7916,7748,7629,8070,8307,8284|
03/04/2026 10:43:47|8412,8495,7757,8346,8321,8269,8124,8395,8182,7772,7615,7854,7894,7567,7397,7850,7669,6698,7365,7594,7526,7451,7479,7490,7100,6916,7188,7393,7420,7522,7802,7459,7593,7604,7590,7112,7486,7390,7565,7559,7927,7695,7511,7862,7885,7214,7679,7651,7881,7604,7670,7758,7500,7660,7897,7739,7634,8006,8278,8256|
03/04/2026 10:43:48|8435,8539,7823,8403,8380,8310,8157,8441,8218,7813,7697,7920,7913,7582,7435,7889,7725,6788,7410,7635,7553,7464,7471,7527,7151,6907,7195,7375,7417,7531,7795,7487,7612,7617,7609,7152,7527,7409,7577,7564,7929,7677,7499,7847,7882,7237,7688,7673,7894,7607,7660,7734,7466,7638,7885,7737,7637,7932,8247,8231|
03/04/2026 10:43:49|8454,8582,7891,8458,8437,8348,8187,8487,8255,7855,7781,7982,7928,7597,7470,7926,7784,6882,7453,7676,7582,7478,7463,7567,7207,6902,7205,7358,7417,7540,7784,7519,7636,7632,7633,7202,7571,7422,7586,7568,7933,7662,7492,7839,7883,7263,7700,7695,7907,7612,7652,7709,7430,7622,7879,7740,7641,7850,8216,8208|
03/04/2026 10:43:50|8473,8626,7963,8514,8495,8387,8217,8530,8294,7902,7868,8043,7939,7616,7506,7964,7846,6979,7493,7718,7613,7497,7460,7610,7268,6905,7219,7346,7423,7552,7773,7555,7664,7647,7657,7257,7616,7431,7594,7572,7938,7648,7493,7839,7889,7290,7714,7720,7921,7620,7650,7686,7393,7609,7876,7744,7645,7768,8185,8181|
03/04/2026 10:43:51|8495,8674,8041,8576,8556,8432,8249,8568,8336,7958,7960,8104,7951,7639,7548,8010,7913,7078,7537,7762,7649,7522,7469,7655,7333,6917,7238,7341,7437,7571,7770,7597,7697,7660,7676,7308,7654,7440,7600,7573,7941,7634,7498,7844,7898,7316,7730,7747,7937,7636,7653,7667,7364,7599,7874,7746,7653,7696,8155,8152|
03/04/2026 10:43:52|8520,8723,8124,8636,8610,8475,8282,8594,8375,8017,8049,8163,7965,7663,7585,8058,7983,7181,7587,7808,7683,7549,7487,7704,7400,6934,7257,7340,7455,7595,7775,7645,7736,7679,7698,7356,7683,7449,7604,7572,7945,7623,7501,7849,7909,7345,7746,7778,7958,7653,7662,7657,7349,7593,7870,7746,7663,7640,8131,8127|
03/04/2026 10:43:53|8547,8773,8210,8695,8657,8515,8314,8608,8410,8076,8134,8217,7980,7687,7615,8106,8053,7286,7642,7857,7716,7577,7512,7754,7469,6954,7277,7342,7475,7622,7787,7696,7779,7702,7721,7399,7703,7460,7607,7569,7949,7618,7501,7851,7923,7378,7763,7813,7983,7670,7674,7654,7344,7592,7865,7743,7675,7598,8112,8108|
03/04/2026 10:43:54|8575,8822,8298,8753,8696,8554,8345,8613,8441,8134,8214,8268,7996,7710,7640,8155,8124,7392,7700,7906,7748,7606,7543,7807,7540,6976,7298,7346,7497,7654,7806,7751,7825,7730,7745,7439,7716,7472,7609,7565,7952,7615,7499,7852,7937,7414,7780,7851,8011,7688,7690,7658,7350,7593,7859,7738,7688,7570,8099,8094|
03/04/2026 10:43:55|8604,8870,8388,8808,8729,8590,8376,8609,8469,8192,8291,8315,8013,7732,7659,8204,8195,7497,7761,7957,7778,7636,7578,7860,7610,7000,7319,7352,7520,7687,7831,7808,7873,7761,7771,7475,7721,7484,7611,7559,7956,7616,7494,7851,7953,7452,7797,7890,8041,7705,7708,7668,7365,7598,7853,7730,7703,7554,8090,8083|
03/04/2026 10:43:56|8633,8917,8477,8860,8756,8623,8405,8597,8493,8249,8363,8358,8031,7754,7674,8252,8264,7601,7823,8007,7806,7666,7618,7914,7680,7026,7339,7360,7545,7723,7860,7866,7922,7794,7797,7507,7721,7497,7611,7553,7959,7620,7488,7850,7970,7491,7815,7931,8073,7722,7728,7683,7387,7605,7845,7722,7718,7548,8085,8077|
03/04/2026 10:43:57|8661,8960,8558,8907,8779,8653,8431,8578,8512,8302,8428,8397,8050,7775,7687,8296,8329,7700,7883,8054,7832,7693,7655,7961,7744,7053,7361,7371,7571,7758,7890,7919,7970,7828,7821,7532,7712,7511,7613,7548,7957,7626,7482,7847,7984,7531,7830,7971,8105,7741,7744,7699,7414,7615,7837,7712,7735,7551,8082,8071|
03/04/2026 10:43:58|8685,8993,8613,8940,8799,8679,8449,8549,8521,8346,8485,8431,8068,7795,7702,8331,8380,7788,7932,8094,7854,7715,7683,7991,7794,7085,7388,7391,7603,7788,7916,7958,8009,7857,7839,7544,7686,7528,7620,7546,7940,7633,7477,7845,7993,7572,7836,8009,8136,7762,7745,7712,7444,7629,7830,7701,7753,7559,8081,8060|
03/04/2026 10:43:59|8705,9017,8647,8963,8817,8701,8462,8515,8522,8384,8533,8463,8088,7815,7719,8359,8421,7865,7971,8127,7873,7733,7701,8006,7831,7121,7419,7419,7638,7815,7937,7983,8040,7884,7851,7546,7646,7547,7633,7548,7909,7641,7474,7843,7997,7615,7837,8045,8166,7785,7733,7721,7475,7646,7824,7690,7772,7572,8080,8045|
03/04/2026 10:44:00|8723,9038,8676,8987,8843,8733,8484,8492,8528,8419,8581,8498,8117,7846,7746,8386,8458,7939,8012,8162,7896,7755,7724,8017,7862,7162,7455,7454,7679,7843,7959,8003,8067,7910,7866,7552,7610,7570,7648,7553,7875,7647,7472,7843,8003,7659,7840,8082,8195,7809,7717,7725,7505,7662,7819,7679,7789,7583,8075,8030|
03/04/2026 10:44:01|8741,9059,8708,9015,8872,8768,8512,8477,8538,8448,8626,8533,8147,7883,7774,8407,8486,8007,8051,8192,7916,7783,7755,8028,7892,7211,7492,7490,7718,7873,7983,8022,8079,7933,7886,7570,7584,7594,7666,7562,7843,7651,7469,7844,8006,7702,7846,8119,8218,7831,7700,7724,7536,7683,7820,7674,7809,7599,8068,8017|
03/04/2026 10:44:02|8762,9081,8743,9043,8899,8799,8538,8468,8546,8477,8666,8564,8177,7919,7804,8424,8508,8069,8085,8214,7933,7813,7787,8035,7921,7264,7526,7515,7749,7904,8009,8038,8079,7951,7901,7592,7569,7616,7687,7577,7815,7656,7465,7845,8008,7741,7853,8152,8234,7847,7684,7726,7566,7709,7829,7677,7833,7620,8068,8010|
03/04/2026 10:44:03|8787,9104,8770,9064,8919,8818,8552,8457,8542,8494,8694,8587,8199,7947,7830,8436,8523,8128,8116,8224,7945,7838,7817,8035,7938,7315,7559,7534,7774,7931,8033,8049,8074,7965,7899,7615,7562,7639,7705,7591,7778,7658,7465,7844,8008,7777,7857,8180,8249,7867,7672,7732,7595,7739,7846,7689,7860,7643,8073,8009|
03/04/2026 10:44:04|8814,9128,8789,9076,8931,8828,8556,8443,8530,8500,8711,8601,8213,7965,7849,8443,8533,8184,8144,8225,7952,7858,7844,8031,7939,7361,7592,7553,7796,7955,8054,8059,8064,7975,7878,7637,7562,7660,7717,7603,7729,7655,7467,7838,8007,7806,7856,8203,8266,7891,7661,7741,7624,7772,7872,7712,7891,7669,8083,8014|
03/04/2026 10:44:05|8845,9152,8799,9081,8937,8830,8551,8428,8509,8496,8718,8608,8219,7973,7860,8445,8538,8236,8170,8216,7954,7874,7868,8022,7928,7404,7623,7570,7815,7974,8073,8067,8049,7982,7840,7659,7566,7681,7724,7612,7670,7648,7470,7827,8004,7829,7851,8222,8285,7919,7651,7752,7652,7809,7905,7744,7924,7696,8096,8025|
03/04/2026 10:44:06|8877,9175,8802,9079,8938,8825,8539,8412,8482,8483,8716,8609,8219,7974,7866,8443,8539,8285,8192,8201,7952,7885,7890,8010,7905,7441,7653,7586,7830,7989,8091,8072,8031,7986,7790,7681,7575,7700,7726,7620,7603,7637,7475,7814,8001,7847,7841,8236,8305,7949,7642,7765,7679,7848,7944,7784,7960,7725,8113,8040|
03/04/2026 10:44:07|8911,9198,8799,9073,8934,8815,8520,8395,8449,8463,8707,8604,8213,7968,7867,8437,8536,8330,8213,8179,7947,7893,7908,7994,7874,7475,7682,7602,7843,8002,8106,8077,8011,7988,7728,7702,7588,7718,7724,7625,7531,7623,7482,7798,7996,7861,7828,8247,8326,7982,7634,7780,7705,7889,7988,7830,7997,7755,8133,8059|
03/04/2026 10:44:08|8946,9221,8791,9061,8927,8799,8496,8377,8413,8437,8691,8595,8202,7956,7863,8429,8530,8371,8231,8151,7938,7898,7925,7976,7834,7505,7709,7616,7854,8011,8120,8080,7988,7987,7657,7722,7604,7734,7719,7629,7453,7607,7489,7780,7991,7870,7812,8254,8348,8016,7626,7797,7729,7931,8035,7882,8034,7785,8155,8081|
03/04/2026 10:44:09|8981,9242,8778,9046,8916,8779,8467,8359,8372,8405,8670,8582,8187,7940,7855,8418,8521,8409,8247,8120,7927,7900,7939,7957,7788,7532,7736,7629,7863,8018,8132,8081,7963,7984,7579,7742,7623,7750,7711,7632,7373,7589,7497,7759,7985,7876,7794,8258,8370,8052,7619,7814,7752,7973,8085,7937,8072,7815,8179,8105|
03/04/2026 10:44:10|9017,9263,8761,9028,8902,8755,8435,8340,8330,8370,8645,8565,8169,7919,7844,8405,8510,8444,8261,8085,7914,7900,7952,7935,7738,7555,7760,7641,7869,8022,8143,8082,7937,7980,7496,7760,7644,7764,7700,7633,7290,7569,7506,7738,7979,7879,7775,8260,8392,8088,7613,7832,7774,8015,8137,7995,8111,7845,8203,8131|
03/04/2026 10:44:11|9052,9284,8741,9007,8886,8729,8401,8322,8285,8331,8616,8546,8147,7895,7830,8390,8497,8476,8273,8047,7900,7897,7962,7913,7683,7575,7783,7652,7874,8024,8152,8081,7911,7975,7408,7778,7667,7778,7687,7633,7206,7548,7516,7716,7972,7879,7753,8259,8414,8124,7608,7850,7795,8056,8189,8055,8148,7874,8229,8159|
03/04/2026 10:44:12|9087,9306,8726,8985,8873,8705,8369,8308,8246,8297,8591,8529,8131,7875,7818,8378,8485,8503,8283,8011,7887,7896,7973,7890,7632,7596,7807,7666,7881,8026,8158,8081,7886,7968,7321,7796,7693,7793,7676,7635,7130,7528,7528,7695,7965,7877,7734,8257,8435,8160,7605,7870,7817,8099,8242,8111,8182,7905,8252,8187|
03/04/2026 10:44:13|9126,9336,8726,8972,8871,8691,8352,8309,8227,8282,8582,8526,8130,7873,7822,8376,8476,8531,8297,7985,7881,7904,7989,7874,7599,7626,7834,7689,7897,8033,8161,8082,7869,7961,7248,7818,7722,7814,7673,7641,7077,7517,7543,7677,7960,7874,7721,8255,8455,8198,7609,7890,7842,8143,8293,8160,8215,7939,8273,8213|
03/04/2026 10:44:14|9169,9371,8739,8972,8881,8690,8348,8320,8229,8284,8584,8536,8143,7884,7842,8385,8466,8557,8316,7971,7881,7914,8006,7864,7581,7663,7854,7709,7914,8037,8167,8087,7856,7958,7197,7845,7753,7839,7677,7654,7042,7516,7561,7666,7957,7870,7713,8251,8471,8231,7619,7910,7868,8186,8341,8206,8251,7976,8292,8240|
03/04/2026 10:44:15|9214,9406,8762,8977,8897,8697,8355,8334,8246,8294,8595,8550,8164,7902,7873,8400,8459,8581,8337,7969,7883,7927,8025,7861,7573,7708,7878,7729,7934,8042,8175,8098,7846,7956,7163,7872,7781,7868,7694,7677,7025,7514,7577,7661,7961,7874,7708,8243,8486,8264,7639,7935,7902,8227,8385,8252,8288,8017,8314,8269|
03/04/2026 10:44:16|9263,9439,8791,8984,8917,8708,8373,8349,8275,8308,8614,8568,8193,7926,7913,8421,8453,8603,8356,7978,7885,7943,8047,7864,7571,7759,7908,7753,7956,8047,8185,8113,7839,7954,7142,7896,7802,7901,7723,7711,7023,7509,7588,7665,7973,7888,7703,8229,8500,8296,7667,7969,7944,8270,8428,8298,8324,8058,8339,8300|
03/04/2026 10:44:17|9310,9470,8825,8996,8941,8725,8400,8366,8314,8327,8638,8588,8227,7953,7957,8445,8450,8624,8376,7995,7887,7956,8068,7871,7574,7812,7942,7781,7982,8053,8195,8131,7835,7956,7135,7915,7819,7936,7761,7751,7034,7508,7599,7676,7993,7910,7705,8216,8514,8329,7700,8010,7992,8313,8470,8344,8357,8100,8367,8332|
03/04/2026 10:44:18|9347,9496,8852,9011,8968,8743,8428,8388,8351,8345,8654,8604,8261,7979,7997,8467,8448,8634,8393,8014,7887,7965,8084,7880,7579,7860,7974,7812,8006,8058,8203,8145,7838,7968,7146,7933,7839,7971,7797,7793,7060,7517,7618,7697,8016,7934,7717,8210,8531,8357,7735,8056,8037,8354,8508,8386,8387,8147,8399,8368|
03/04/2026 10:44:19|9369,9509,8868,9016,8986,8756,8450,8405,8372,8354,8659,8610,8287,8002,8031,8481,8440,8628,8401,8030,7886,7975,8098,7891,7587,7903,8001,7833,8016,8055,8209,8157,7845,7983,7171,7952,7858,8002,7831,7836,7098,7536,7647,7725,8041,7960,7735,8207,8544,8374,7769,8101,8079,8390,8540,8419,8412,8196,8432,8402|
03/04/2026 10:44:20|9378,9507,8868,9009,8994,8763,8469,8418,8379,8349,8644,8597,8299,8017,8054,8479,8424,8610,8401,8044,7888,7985,8105,7904,7600,7940,8021,7836,8006,8047,8213,8168,7847,7998,7205,7970,7871,8027,7865,7879,7138,7562,7681,7755,8063,7986,7757,8200,8548,8386,7799,8144,8122,8422,8566,8444,8428,8243,8465,8434|
03/04/2026 10:44:21|9376,9489,8851,8992,8995,8766,8485,8428,8378,8332,8608,8563,8297,8026,8067,8458,8399,8583,8395,8057,7895,7997,8107,7917,7616,7973,8034,7821,7974,8038,8217,8176,7842,8012,7246,7987,7877,8047,7899,7918,7177,7595,7722,7786,8081,8013,7782,8187,8540,8393,7829,8182,8165,8452,8588,8461,8437,8285,8498,8464|
03/04/2026 10:44:22|9365,9460,8819,8968,8990,8765,8498,8435,8370,8305,8553,8512,8283,8028,8071,8422,8366,8546,8383,8070,7905,8010,8107,7930,7636,8001,8041,7789,7922,8026,8221,8182,7830,8024,7293,8004,7877,8062,7932,7954,7215,7634,7768,7817,8096,8039,7808,8167,8523,8397,7857,8215,8207,8481,8605,8473,8440,8323,8531,8491|
03/04/2026 10:44:23|9347,9421,8775,8938,8980,8761,8509,8440,8357,8268,8482,8445,8259,8025,8067,8372,8326,8502,8365,8082,7918,8024,8103,7944,7658,8025,8043,7744,7854,8014,8224,8187,7813,8036,7345,8021,7871,8075,7964,7986,7253,7678,7818,7849,8108,8065,7835,8144,8497,8397,7884,8244,8249,8507,8619,8479,8438,8357,8562,8515|
03/04/2026 10:44:24|9322,9373,8721,8903,8965,8755,8518,8442,8340,8225,8400,8367,8226,8017,8056,8312,8281,8452,8344,8093,7934,8038,8098,7957,7682,8045,8041,7688,7772,8000,8227,8189,7791,8045,7401,8037,7861,8083,7996,8016,7289,7725,7871,7880,8117,8090,7864,8116,8465,8395,7910,8268,8291,8532,8629,8481,8432,8388,8593,8538|
03/04/2026 10:44:25|9292,9318,8658,8863,8946,8746,8525,8443,8318,8175,8307,8279,8186,8006,8040,8242,8231,8398,8320,8103,7951,8052,8090,7971,7707,8062,8035,7622,7679,7986,8229,8190,7765,8054,7459,8052,7847,8089,8026,8042,7323,7775,7925,7911,8124,8114,7892,8085,8427,8390,7934,8290,8331,8555,8636,8479,8423,8415,8622,8559|
03/04/2026 10:44:26|9258,9258,8588,8820,8924,8736,8531,8442,8294,8121,8206,8183,8140,7991,8019,8166,8179,8340,8293,8113,7971,8067,8081,7984,7733,8076,8026,7549,7579,7971,8231,8189,7736,8062,7519,8067,7830,8092,8055,8066,7356,7826,7981,7942,8128,8137,7921,8052,8385,8384,7956,8307,8369,8576,8641,8472,8410,8439,8650,8577|
03/04/2026 10:44:27|9219,9194,8515,8776,8900,8724,8535,8440,8266,8064,8100,8083,8090,7973,7995,8086,8125,8280,8263,8121,7990,8081,8070,7997,7759,8086,8013,7471,7472,7956,8233,8187,7705,8068,7580,8080,7811,8092,8082,8086,7386,7879,8037,7971,8130,8158,7949,8017,8338,8375,7976,8321,8405,8594,8643,8463,8395,8460,8676,8593|
03/04/2026 10:44:28|9175,9128,8448,8734,8876,8712,8536,8433,8236,8004,8001,7989,8042,7951,7969,8010,8073,8219,8231,8123,8003,8092,8056,8003,7776,8085,7995,7397,7369,7940,8231,8177,7673,8070,7632,8087,7790,8090,8100,8096,7415,7926,8085,7994,8124,8170,7970,7980,8287,8357,7984,8322,8434,8608,8642,8452,8375,8474,8694,8596|
03/04/2026 10:44:29|9126,9064,8390,8694,8850,8697,8534,8422,8207,7944,7909,7902,7994,7927,7939,7934,8014,8157,8195,8115,8003,8089,8037,7999,7780,8075,7973,7327,7268,7920,8219,8158,7645,8068,7676,8080,7765,8083,8108,8098,7442,7965,8120,8006,8108,8174,7985,7946,8233,8329,7978,8310,8452,8610,8633,8433,8347,8478,8701,8588|
03/04/2026 10:44:30|9079,9003,8341,8655,8824,8682,8529,8406,8176,7882,7823,7821,7945,7902,7906,7858,7951,8091,8151,8100,7993,8063,8007,7979,7771,8057,7949,7260,7174,7895,8196,8134,7622,8066,7714,8059,7737,8070,8104,8093,7466,7993,8146,8007,8087,8174,7994,7916,8183,8297,7965,8286,8458,8603,8614,8403,8309,8466,8694,8569|
03/04/2026 10:44:31|9032,8946,8299,8618,8798,8668,8522,8388,8145,7818,7744,7743,7894,7875,7869,7783,7888,8021,8099,8077,7973,8015,7968,7947,7749,8034,7924,7194,7089,7867,8165,8106,7605,8062,7746,8024,7705,8052,8091,8082,7486,8011,8163,7999,8063,8169,7998,7891,8138,8262,7946,8253,8453,8587,8586,8365,8263,8441,8677,8542|
03/04/2026 10:44:32|8987,8893,8265,8583,8774,8655,8514,8368,8114,7753,7671,7671,7843,7847,7831,7710,7824,7948,8042,8049,7947,7950,7922,7903,7718,8005,7899,7131,7013,7835,8127,8076,7592,8057,7774,7979,7670,8029,8068,8067,7502,8019,8172,7983,8036,8160,7998,7868,8097,8225,7923,8213,8440,8564,8552,8320,8211,8405,8650,8508|
03/04/2026 10:44:33|8944,8843,8237,8550,8750,8642,8504,8345,8084,7688,7604,7603,7791,7819,7791,7638,7760,7874,7980,8017,7914,7870,7870,7850,7677,7973,7873,7071,6944,7802,8083,8042,7583,8052,7797,7925,7632,8003,8039,8047,7516,8020,8175,7960,8008,8149,7995,7850,8060,8187,7895,8167,8420,8536,8511,8269,8154,8360,8615,8468|
03/04/2026 10:44:34|8902,8798,8215,8519,8728,8631,8493,8321,8053,7623,7543,7541,7740,7791,7750,7569,7696,7799,7915,7981,7877,7777,7814,7789,7630,7937,7848,7014,6884,7766,8035,8008,7578,8046,7815,7863,7594,7974,8003,8024,7526,8014,8172,7932,7979,8134,7988,7834,8027,8147,7865,8115,8394,8504,8466,8214,8092,8306,8574,8424|
03/04/2026 10:44:35|8863,8756,8199,8490,8707,8620,8481,8295,8024,7559,7487,7483,7690,7764,7710,7503,7634,7724,7848,7942,7835,7675,7754,7723,7578,7898,7822,6959,6830,7730,7983,7972,7577,8040,7831,7796,7554,7943,7963,7999,7534,8002,8164,7900,7948,8118,7978,7822,7998,8108,7832,8060,8362,8468,8417,8155,8028,8247,8527,8376|
03/04/2026 10:44:36|8826,8719,8188,8464,8688,8610,8469,8270,7996,7498,7438,7430,7642,7736,7669,7439,7574,7650,7780,7901,7791,7567,7693,7653,7521,7857,7797,6909,6783,7693,7929,7935,7577,8033,7843,7726,7515,7911,7919,7972,7541,7985,8152,7865,7918,8101,7967,7812,7972,8069,7797,8002,8326,8429,8366,8094,7963,8184,8478,8327|
03/04/2026 10:44:37|8793,8690,8184,8446,8672,8599,8459,8246,7968,7448,7399,7388,7598,7709,7626,7380,7518,7574,7712,7860,7749,7468,7636,7585,7462,7815,7769,6870,6750,7660,7879,7902,7580,8025,7856,7662,7479,7879,7875,7944,7548,7969,8138,7834,7894,8081,7954,7807,7951,8035,7766,7949,8287,8389,8317,8033,7906,8128,8430,8283|
03/04/2026 10:44:38|8761,8667,8185,8428,8656,8578,8443,8214,7934,7404,7367,7354,7558,7682,7579,7329,7471,7504,7647,7818,7712,7383,7584,7522,7407,7775,7744,6848,6732,7633,7831,7878,7590,8016,7867,7608,7446,7844,7827,7912,7554,7948,8118,7809,7872,8059,7943,7810,7935,8009,7739,7904,8245,8347,8273,7986,7864,8078,8382,8247|
03/04/2026 10:44:39|8726,8645,8188,8409,8636,8555,8424,8180,7900,7369,7342,7324,7524,7656,7526,7288,7436,7446,7579,7774,7680,7309,7533,7463,7356,7734,7725,6840,6726,7608,7774,7860,7605,8005,7872,7560,7418,7804,7773,7875,7559,7925,8091,7783,7845,8033,7925,7818,7923,7986,7718,7866,8200,8300,8238,7956,7837,8027,8336,8219|
03/04/2026 10:44:40|8688,8624,8193,8389,8615,8532,8403,8143,7868,7343,7324,7298,7494,7629,7470,7254,7413,7400,7510,7730,7653,7246,7481,7408,7309,7693,7709,6844,6731,7586,7706,7847,7625,7992,7870,7517,7395,7760,7713,7834,7563,7901,8056,7758,7812,8003,7899,7831,7914,7967,7702,7833,8152,8249,8213,7940,7822,7977,8294,8197|
03/04/2026 10:44:41|8648,8604,8200,8369,8593,8509,8380,8105,7838,7323,7312,7276,7469,7603,7412,7228,7399,7366,7439,7685,7630,7193,7430,7358,7266,7653,7698,6859,6744,7566,7630,7838,7648,7976,7862,7479,7377,7712,7649,7789,7567,7876,8015,7733,7775,7970,7868,7848,7908,7952,7689,7806,8101,8196,8195,7938,7818,7928,8254,8182|
03/04/2026 10:44:42|8607,8584,8208,8349,8569,8486,8356,8066,7809,7311,7306,7258,7448,7578,7352,7209,7393,7340,7369,7641,7612,7149,7380,7312,7227,7613,7690,6882,6765,7549,7548,7833,7674,7959,7849,7445,7362,7662,7582,7742,7570,7851,7970,7709,7736,7934,7831,7867,7905,7939,7681,7784,8049,8140,8185,7947,7824,7879,8217,8173|
03/04/2026 10:44:43|8565,8565,8217,8328,8545,8464,8331,8027,7783,7304,7304,7243,7431,7554,7291,7196,7395,7324,7299,7597,7597,7113,7332,7270,7191,7574,7686,6913,6792,7534,7462,7832,7702,7940,7832,7416,7351,7610,7512,7694,7573,7827,7921,7685,7693,7898,7791,7890,7904,7929,7675,7766,7996,8082,8182,7966,7838,7832,8182,8168|
03/04/2026 10:44:44|8522,8548,8228,8308,8520,8443,8306,7989,7758,7302,7306,7231,7417,7531,7230,7188,7403,7315,7231,7555,7585,7085,7285,7232,7159,7536,7684,6950,6825,7521,7373,7834,7731,7921,7811,7391,7343,7557,7441,7644,7575,7802,7870,7662,7649,7860,7748,7914,7905,7922,7672,7752,7943,8025,8184,7993,7860,7786,8151,8168|
03/04/2026 10:44:45|8480,8531,8238,8288,8496,8422,8280,7951,7735,7305,7312,7222,7407,7509,7170,7185,7416,7313,7164,7514,7576,7063,7240,7197,7130,7499,7684,6992,6861,7510,7281,7838,7762,7901,7787,7369,7338,7504,7371,7594,7577,7779,7817,7641,7604,7822,7703,7939,7908,7917,7672,7742,7890,7967,8190,8027,7887,7742,8122,8171|
03/04/2026 10:44:46|8438,8515,8249,8269,8472,8403,8254,7914,7713,7311,7322,7215,7400,7488,7110,7186,7435,7316,7099,7474,7570,7048,7197,7167,7104,7464,7687,7038,6901,7500,7190,7845,7793,7881,7762,7351,7336,7451,7300,7545,7578,7756,7763,7620,7559,7783,7656,7965,7912,7914,7674,7735,7838,7910,8201,8067,7919,7701,8096,8177|
03/04/2026 10:44:47|8397,8501,8261,8250,8448,8384,8229,7877,7694,7321,7333,7210,7394,7468,7053,7190,7456,7325,7037,7436,7567,7038,7156,7139,7081,7431,7691,7087,6944,7492,7098,7853,7824,7861,7734,7336,7336,7399,7231,7496,7579,7733,7708,7601,7513,7745,7609,7992,7917,7912,7678,7731,7787,7854,8215,8111,7954,7661,8072,8187|
03/04/2026 10:44:48|8357,8487,8273,8232,8425,8367,8204,7843,7676,7333,7347,7208,7392,7449,6996,7198,7481,7337,6978,7400,7565,7032,7118,7115,7061,7399,7697,7138,6988,7486,7008,7863,7856,7841,7706,7324,7337,7348,7163,7448,7580,7712,7654,7583,7468,7708,7561,8019,7923,7912,7683,7729,7738,7800,8232,8159,7993,7624,8051,8198|
03/04/2026 10:44:49|8319,8475,8284,8215,8402,8350,8180,7809,7660,7348,7362,7206,7391,7432,6943,7208,7509,7354,6921,7366,7565,7031,7082,7094,7044,7369,7705,7190,7033,7481,6919,7874,7887,7821,7676,7315,7341,7298,7097,7401,7580,7692,7601,7566,7424,7672,7514,8046,7930,7913,7690,7730,7691,7747,8251,8209,8034,7589,8032,8211|
03/04/2026 10:44:50|8282,8464,8296,8199,8381,8334,8157,7778,7645,7364,7379,7207,7392,7416,6891,7220,7538,7373,6868,7334,7567,7033,7049,7075,7029,7341,7713,7243,7079,7477,6833,7886,7917,7802,7647,7307,7346,7250,7034,7356,7580,7672,7549,7550,7381,7636,7468,8073,7938,7916,7697,7732,7646,7697,8272,8260,8077,7556,8015,8226|
03/04/2026 10:44:51|8247,8453,8307,8183,8360,8320,8134,7747,7632,7382,7397,7208,7394,7401,6842,7233,7568,7395,6818,7304,7570,7038,7018,7060,7016,7315,7722,7295,7124,7474,6750,7899,7946,7783,7617,7302,7351,7204,6973,7313,7580,7654,7498,7535,7340,7603,7422,8099,7946,7919,7706,7736,7603,7649,8294,8313,8120,7526,8001,8242|
03/04/2026 10:44:52|8214,8444,8318,8169,8340,8307,8113,7719,7620,7401,7415,7211,7397,7388,6796,7248,7600,7418,6771,7277,7574,7047,6989,7046,7006,7291,7731,7348,7169,7473,6671,7912,7975,7765,7588,7299,7358,7160,6915,7273,7580,7637,7449,7522,7300,7570,7378,8125,7954,7923,7715,7742,7562,7603,8318,8366,8164,7498,7988,8259|
03/04/2026 10:44:53|8183,8436,8329,8156,8322,8295,8093,7693,7610,7421,7434,7216,7402,7376,6753,7265,7631,7442,6729,7251,7579,7057,6964,7036,6998,7270,7741,7399,7213,7472,6597,7926,8002,7748,7559,7298,7366,7120,6862,7234,7579,7621,7403,7510,7262,7540,7336,8149,7963,7928,7725,7749,7525,7560,8341,8418,8206,7473,7977,8276|
03/04/2026 10:44:54|8160,8434,8344,8150,8301,8285,8078,7676,7609,7450,7458,7229,7414,7366,6718,7283,7662,7463,6699,7234,7585,7072,6950,7036,7000,7257,7754,7449,7259,7479,6544,7941,8032,7735,7535,7303,7378,7093,6825,7206,7581,7609,7364,7501,7230,7515,7302,8168,7972,7935,7739,7760,7498,7522,8364,8464,8245,7453,7970,8293|
03/04/2026 10:44:55|8149,8441,8365,8148,8271,8274,8068,7672,7621,7488,7486,7256,7435,7357,6693,7307,7694,7482,6683,7228,7593,7095,6948,7045,7010,7259,7774,7501,7308,7497,6519,7949,8062,7722,7516,7317,7399,7081,6808,7196,7591,7604,7334,7497,7209,7498,7278,8186,7982,7944,7760,7775,7480,7494,8386,8507,8282,7446,7960,8308|
03/04/2026 10:44:56|8150,8456,8390,8149,8231,8261,8061,7680,7646,7534,7517,7294,7464,7347,6676,7335,7726,7497,6678,7232,7605,7125,6956,7059,7028,7274,7800,7554,7360,7525,6517,7950,8093,7710,7501,7339,7428,7082,6806,7201,7610,7608,7310,7497,7201,7487,7263,8205,7992,7953,7787,7795,7472,7474,8409,8547,8318,7449,7948,8319|
03/04/2026 10:44:57|8159,8477,8419,8154,8184,8248,8058,7698,7681,7587,7549,7341,7499,7336,6667,7365,7759,7511,6684,7243,7619,7160,6971,7079,7052,7299,7830,7607,7413,7560,6537,7946,8123,7697,7491,7368,7465,7094,6819,7220,7636,7618,7293,7500,7202,7482,7256,8223,8003,7963,7818,7817,7471,7461,8431,8584,8353,7462,7935,8329|
03/04/2026 10:44:58|8177,8504,8451,8161,8131,8235,8058,7725,7725,7645,7583,7396,7540,7326,6665,7399,7792,7521,6698,7262,7636,7200,6994,7103,7080,7334,7865,7661,7469,7602,6575,7938,8153,7685,7485,7403,7508,7117,6844,7251,7667,7634,7281,7507,7211,7483,7256,8242,8014,7973,7852,7842,7476,7455,8453,8618,8387,7483,7921,8336|
03/04/2026 10:44:59|8202,8536,8484,8171,8073,8220,8060,7759,7776,7706,7618,7457,7584,7316,6668,7434,7825,7530,6719,7286,7654,7243,7022,7131,7113,7376,7902,7713,7524,7649,6627,7925,8183,7673,7483,7442,7555,7147,6879,7291,7704,7654,7275,7516,7229,7488,7262,8260,8026,7984,7890,7869,7487,7455,8475,8649,8420,7511,7905,8341|
03/04/2026 10:45:00|8232,8570,8519,8183,8013,8207,8066,7799,7834,7771,7654,7522,7633,7306,6678,7470,7857,7537,6747,7315,7674,7289,7054,7162,7148,7423,7941,7765,7580,7700,6692,7909,8211,7661,7484,7485,7606,7185,6924,7340,7743,7679,7273,7527,7252,7498,7274,8277,8036,7995,7930,7897,7503,7460,8495,8678,8451,7544,7890,8344|
03/04/2026 10:45:01|8268,8602,8556,8206,7973,8201,8084,7843,7900,7835,7700,7587,7689,7304,6706,7506,7889,7543,6785,7348,7697,7340,7087,7195,7180,7474,7979,7815,7636,7747,6765,7900,8239,7652,7493,7535,7661,7233,6978,7393,7786,7710,7284,7547,7285,7515,7292,8291,8038,8011,7975,7930,7526,7474,8510,8701,8478,7583,7878,8348|
03/04/2026 10:45:02|8310,8629,8593,8244,7958,8206,8119,7890,7976,7898,7760,7651,7754,7311,6754,7539,7922,7548,6833,7386,7724,7396,7118,7231,7205,7524,8015,7863,7693,7788,6842,7900,8265,7644,7514,7594,7721,7291,7042,7450,7829,7748,7308,7576,7328,7540,7319,8303,8029,8035,8027,7968,7555,7496,8518,8717,8500,7625,7871,8354|
03/04/2026 10:45:03|8357,8655,8633,8291,7963,8220,8163,7940,8058,7959,7827,7712,7822,7327,6816,7572,7951,7556,6888,7426,7750,7452,7147,7266,7226,7573,8048,7909,7748,7820,6918,7903,8287,7639,7536,7652,7777,7352,7112,7507,7870,7789,7339,7611,7375,7570,7350,8310,8013,8060,8080,8008,7590,7526,8521,8724,8514,7671,7870,8360|
03/04/2026 10:45:04|8414,8692,8684,8347,7980,8246,8215,7999,8145,8022,7897,7776,7892,7356,6885,7609,7984,7576,6955,7471,7774,7503,7179,7298,7249,7616,8077,7952,7795,7834,6984,7901,8299,7631,7553,7699,7820,7406,7182,7561,7906,7825,7374,7646,7416,7592,7378,8315,7999,8077,8125,8050,7629,7555,8518,8711,8512,7718,7874,8354|
03/04/2026 10:45:05|8486,8742,8745,8415,8005,8281,8279,8068,8236,8087,7969,7843,7967,7398,6961,7654,8027,7611,7034,7518,7789,7551,7217,7334,7279,7659,8103,7993,7834,7835,7043,7897,8295,7615,7569,7736,7854,7460,7255,7613,7940,7859,7414,7684,7459,7614,7403,8319,7991,8090,8166,8094,7674,7580,8508,8693,8508,7768,7885,8342|
03/04/2026 10:45:06|8570,8802,8815,8492,8039,8323,8353,8146,8330,8153,8041,7909,8044,7450,7043,7704,8076,7660,7122,7565,7796,7595,7259,7375,7316,7702,8126,8032,7867,7826,7098,7892,8278,7592,7583,7761,7882,7513,7328,7663,7974,7890,7457,7725,7504,7635,7425,8323,7988,8100,8203,8139,7725,7601,8493,8673,8505,7821,7900,8326|
03/04/2026 10:45:07|8659,8868,8891,8577,8082,8376,8435,8226,8424,8221,8115,7980,8125,7513,7131,7758,8129,7718,7219,7616,7803,7637,7305,7418,7360,7746,8147,8068,7895,7813,7148,7887,8250,7563,7596,7777,7907,7566,7400,7712,8006,7920,7504,7769,7550,7658,7446,8327,7992,8112,8236,8185,7777,7620,8474,8651,8501,7876,7920,8304|
03/04/2026 10:45:08|8748,8937,8970,8669,8143,8442,8525,8308,8518,8298,8196,8059,8212,7584,7227,7816,8180,7783,7320,7672,7819,7681,7355,7467,7409,7789,8167,8098,7923,7804,7197,7880,8220,7540,7612,7793,7933,7617,7469,7761,8038,7950,7553,7810,7596,7686,7468,8330,8002,8129,8272,8234,7832,7637,8453,8621,8494,7933,7945,8280|
03/04/2026 10:45:09|8839,9013,9054,8767,8219,8520,8622,8395,8615,8384,8282,8144,8303,7667,7334,7880,8236,7855,7425,7734,7845,7728,7412,7524,7463,7823,8181,8126,7949,7797,7240,7867,8189,7525,7631,7811,7960,7668,7535,7813,8074,7983,7606,7853,7646,7714,7494,8333,8010,8149,8310,8286,7893,7662,8433,8567,8486,7990,7974,8261|
03/04/2026 10:45:10|8932,9096,9142,8867,8306,8609,8725,8487,8715,8476,8371,8233,8398,7760,7449,7950,8295,7933,7531,7800,7879,7778,7474,7587,7518,7850,8190,8152,7972,7788,7280,7850,8159,7518,7653,7832,7988,7717,7599,7865,8113,8019,7663,7898,7698,7745,7523,8335,8018,8171,8349,8339,7956,7695,8414,8494,8479,8046,8007,8248|
03/04/2026 10:45:11|9019,9182,9234,8968,8399,8701,8827,8581,8811,8567,8462,8323,8488,7851,7567,8024,8356,8011,7630,7863,7917,7828,7534,7649,7575,7874,8197,8174,7989,7778,7325,7843,8135,7518,7678,7855,8017,7762,7664,7919,8151,8058,7721,7942,7753,7778,7551,8331,8026,8192,8386,8386,8009,7727,8395,8422,8475,8096,8041,8240|
03/04/2026 10:45:12|9101,9266,9321,9067,8493,8786,8918,8673,8900,8654,8550,8407,8566,7937,7682,8094,8410,8083,7724,7921,7953,7878,7592,7705,7630,7900,8206,8194,8002,7772,7374,7846,8119,7522,7704,7877,8043,7808,7727,7975,8184,8101,7781,7986,7809,7816,7580,8321,8034,8202,8416,8427,8053,7757,8377,8359,8474,8145,8078,8241|
03/04/2026 10:45:13|9176,9344,9403,9166,8591,8869,9003,8762,8985,8738,8636,8488,8636,8023,7800,8166,8459,8150,7815,7979,7989,7930,7649,7759,7689,7930,8210,8212,8003,7766,7416,7855,8110,7534,7731,7896,8062,7853,7786,8028,8214,8143,7841,8027,7860,7853,7613,8314,8047,8211,8444,8464,8095,7792,8364,8306,8473,8195,8119,8250|
03/04/2026 10:45:14|9246,9421,9483,9264,8695,8956,9087,8851,9068,8822,8723,8569,8704,8112,7921,8241,8507,8213,7903,8038,8029,7984,7704,7811,7751,7963,8205,8228,7986,7760,7446,7867,8108,7556,7762,7910,8075,7899,7845,8078,8242,8186,7901,8064,7903,7886,7650,8312,8064,8222,8471,8498,8135,7831,8355,8260,8469,8247,8164,8267|
03/04/2026 10:45:15|9313,9496,9562,9363,8802,9044,9170,8940,9151,8908,8811,8649,8770,8203,8041,8318,8555,8273,7990,8097,8071,8039,7761,7864,7816,7997,8196,8242,7961,7755,7470,7885,8113,7585,7795,7922,8083,7945,7905,8124,8267,8225,7957,8098,7944,7920,7689,8314,8083,8234,8496,8529,8173,7872,8349,8222,8467,8300,8213,8288|
03/04/2026 10:45:16|9382,9573,9636,9457,8901,9131,9249,9025,9230,8988,8896,8725,8833,8292,8155,8392,8597,8332,8074,8152,8105,8088,7817,7917,7881,8032,8194,8256,7943,7755,7497,7905,8125,7624,7832,7930,8091,7990,7962,8168,8289,8257,8003,8123,7986,7958,7732,8318,8100,8242,8518,8558,8212,7915,8345,8194,8467,8354,8260,8306|
03/04/2026 10:45:17|9444,9639,9691,9531,8983,9205,9314,9098,9296,9052,8959,8787,8886,8368,8250,8456,8631,8375,8144,8199,8131,8126,7866,7964,7943,8065,8194,8268,7929,7756,7526,7924,8133,7664,7866,7938,8095,8029,8011,8212,8312,8287,8041,8143,8024,7997,7780,8324,8114,8248,8539,8588,8251,7955,8343,8167,8461,8397,8300,8320|
03/04/2026 10:45:18|9493,9697,9733,9593,9054,9267,9367,9160,9351,9104,9008,8839,8931,8434,8329,8507,8657,8413,8207,8241,8156,8162,7907,8004,8001,8094,8190,8272,7917,7758,7554,7942,8137,7699,7899,7949,8100,8063,8055,8251,8330,8314,8075,8162,8054,8034,7828,8332,8124,8251,8560,8616,8282,7988,8337,8144,8448,8425,8332,8326|
03/04/2026 10:45:19|9528,9741,9762,9641,9110,9313,9403,9204,9387,9136,9042,8878,8961,8485,8397,8547,8673,8444,8260,8270,8172,8193,7942,8036,8051,8115,8185,8271,7905,7758,7573,7952,8138,7729,7925,7956,8099,8090,8093,8283,8338,8334,8106,8173,8074,8063,7871,8337,8136,8254,8580,8638,8306,8017,8328,8125,8434,8445,8356,8327|
03/04/2026 10:45:20|9541,9766,9773,9669,9143,9333,9415,9228,9395,9145,9059,8899,8971,8512,8448,8569,8675,8463,8293,8279,8171,8212,7968,8060,8087,8130,8174,8261,7885,7754,7588,7956,8133,7752,7944,7959,8093,8109,8124,8305,8339,8347,8131,8180,8085,8080,7905,8338,8148,8257,8589,8647,8321,8044,8315,8110,8423,8462,8374,8326|
03/04/2026 10:45:21|9534,9774,9771,9679,9157,9327,9403,9229,9373,9136,9058,8901,8957,8527,8486,8578,8663,8470,8312,8271,8155,8218,7980,8069,8110,8140,8159,8242,7858,7748,7601,7954,8129,7775,7958,7959,8084,8122,8147,8317,8333,8350,8150,8181,8089,8090,7933,8337,8163,8263,8587,8645,8328,8067,8303,8096,8410,8476,8384,8320|
03/04/2026 10:45:22|9512,9768,9756,9670,9156,9303,9368,9212,9336,9113,9039,8882,8918,8530,8508,8573,8639,8469,8321,8245,8127,8212,7982,8065,8119,8146,8144,8216,7826,7739,7611,7944,8124,7799,7969,7955,8073,8126,8160,8323,8317,8341,8164,8183,8093,8104,7964,8338,8181,8271,8582,8638,8328,8088,8294,8083,8389,8483,8386,8306|
03/04/2026 10:45:23|9477,9749,9729,9643,9143,9264,9313,9179,9287,9077,9004,8846,8856,8523,8517,8556,8605,8463,8324,8207,8090,8196,7974,8048,8113,8147,8130,8186,7792,7727,7618,7925,8118,7823,7976,7948,8063,8125,8163,8324,8294,8321,8175,8184,8098,8120,7998,8342,8200,8282,8575,8626,8322,8106,8287,8072,8363,8486,8381,8283|
03/04/2026 10:45:24|9434,9720,9688,9594,9114,9211,9249,9139,9231,9026,8956,8799,8779,8506,8515,8527,8554,8449,8321,8166,8049,8170,7956,8026,8097,8131,8111,8155,7759,7717,7623,7897,8101,7840,7979,7942,8053,8120,8157,8320,8271,8300,8182,8183,8102,8138,8034,8347,8214,8292,8568,8609,8311,8126,8289,8073,8345,8492,8378,8257|
03/04/2026 10:45:25|9383,9684,9633,9524,9069,9146,9182,9096,9168,8958,8898,8744,8692,8482,8507,8486,8486,8428,8314,8128,8008,8133,7927,8002,8072,8094,8085,8125,7731,7709,7629,7862,8069,7847,7979,7940,8046,8112,8141,8311,8251,8283,8187,8176,8105,8156,8071,8350,8221,8302,8561,8590,8294,8150,8301,8087,8340,8506,8382,8228|
03/04/2026 10:45:26|9326,9642,9567,9435,9011,9071,9114,9051,9100,8878,8830,8682,8598,8451,8493,8436,8402,8401,8303,8092,7967,8088,7890,7978,8040,8040,8055,8095,7705,7703,7634,7819,8024,7845,7976,7940,8041,8101,8117,8300,8234,8270,8189,8166,8106,8174,8109,8353,8222,8311,8554,8567,8272,8177,8321,8113,8347,8526,8390,8199|
03/04/2026 10:45:27|9265,9595,9492,9332,8942,8987,9044,9005,9028,8787,8756,8616,8497,8416,8474,8379,8307,8369,8289,8059,7926,8035,7846,7952,8002,7970,8021,8067,7683,7699,7639,7772,7968,7836,7970,7943,8038,8089,8086,8285,8219,8259,8190,8152,8106,8191,8147,8356,8217,8319,8548,8542,8247,8206,8348,8148,8363,8551,8404,8168|
03/04/2026 10:45:28|9201,9544,9409,9218,8865,8898,8974,8958,8955,8688,8676,8545,8393,8376,8450,8315,8202,8333,8273,8029,7886,7977,7796,7927,7958,7889,7984,8039,7664,7696,7644,7720,7904,7820,7962,7949,8036,8075,8050,8268,8207,8251,8188,8136,8105,8209,8185,8359,8207,8326,8542,8516,8218,8237,8382,8193,8388,8581,8420,8137|
03/04/2026 10:45:29|9135,9490,9321,9094,8780,8805,8904,8912,8879,8582,8593,8473,8287,8333,8423,8247,8090,8293,8255,8002,7846,7915,7741,7901,7911,7798,7944,8013,7649,7695,7648,7665,7833,7799,7953,7956,8036,8059,8010,8250,8196,8246,8185,8118,8104,8226,8223,8361,8194,8332,8537,8488,8188,8268,8420,8244,8419,8614,8440,8106|
03/04/2026 10:45:30|9068,9434,9230,8964,8691,8709,8835,8865,8804,8473,8508,8399,8179,8287,8394,8175,7973,8251,8235,7977,7808,7849,7684,7876,7861,7699,7903,7989,7635,7695,7653,7607,7757,7773,7942,7964,8037,8043,7966,8230,8188,8243,8180,8097,8102,8243,8259,8362,8177,8338,8532,8460,8155,8301,8462,8300,8456,8649,8462,8076|
03/04/2026 10:45:31|9000,9378,9135,8830,8598,8611,8768,8820,8729,8360,8421,8325,8071,8240,8362,8101,7852,8208,8214,7954,7771,7782,7624,7850,7810,7595,7861,7966,7624,7697,7657,7549,7677,7744,7930,7974,8039,8026,7919,8208,8182,8242,8175,8076,8099,8259,8295,8364,8157,8343,8527,8432,8122,8333,8507,8360,8498,8686,8486,8045|
03/04/2026 10:45:32|8933,9321,9040,8693,8503,8513,8703,8776,8655,8247,8333,8251,7965,8192,8330,8026,7730,8163,8192,7934,7736,7713,7562,7826,7757,7487,7818,7944,7616,7699,7660,7490,7595,7712,7917,7985,8042,8009,7871,8186,8177,8242,8169,8054,8095,8274,8329,8365,8135,8347,8523,8403,8088,8366,8554,8423,8543,8725,8512,8016|
03/04/2026 10:45:33|8866,9264,8945,8555,8407,8415,8641,8733,8582,8133,8247,8177,7861,8144,8296,7950,7608,8118,8170,7916,7703,7644,7500,7802,7703,7377,7775,7924,7609,7702,7664,7430,7511,7678,7903,7996,8046,7992,7822,8164,8173,8244,8162,8031,8092,8289,8362,8366,8112,8351,8519,8374,8053,8398,8603,8489,8590,8764,8538,7987|
03/04/2026 10:45:34|8801,9208,8850,8418,8312,8320,8581,8692,8512,8021,8161,8106,7759,8096,8262,7875,7487,8074,8147,7900,7671,7576,7438,7779,7650,7266,7733,7905,7604,7706,7667,7372,7427,7642,7889,8008,8050,7974,7772,8142,8171,8247,8154,8008,8087,8303,8394,8366,8087,8354,8516,8346,8019,8429,8652,8555,8640,8804,8565,7959|
03/04/2026 10:45:35|8738,9153,8757,8283,8217,8226,8524,8652,8444,7910,8078,8037,7661,8048,8227,7802,7367,8029,8124,7886,7641,7508,7376,7757,7597,7155,7691,7888,7600,7710,7670,7315,7344,7605,7874,8020,8054,7957,7722,8119,8170,8251,8146,7985,8083,8316,8424,8367,8062,8357,8513,8319,7985,8460,8701,8621,8691,8844,8593,7933|
03/04/2026 10:45:36|8677,9100,8666,8151,8124,8135,8470,8615,8379,7803,7998,7970,7567,8002,8193,7730,7251,7986,8102,7874,7614,7442,7316,7736,7545,7046,7651,7872,7598,7715,7672,7259,7262,7568,7860,8032,8059,7941,7673,8097,8170,8256,8138,7962,8079,8328,8452,8367,8036,8359,8510,8293,7952,8490,8750,8687,8742,8882,8620,7908|
03/04/2026 10:45:37|8619,9049,8579,8023,8034,8048,8419,8580,8317,7699,7920,7905,7477,7957,8160,7660,7139,7944,8080,7864,7588,7378,7258,7717,7495,6939,7612,7858,7598,7720,7674,7205,7181,7531,7846,8045,8065,7924,7625,8076,8171,8261,8129,7940,8074,8339,8478,8367,8010,8361,8507,8267,7920,8518,8798,8752,8793,8921,8647,7884|
03/04/2026 10:45:38|8564,9000,8495,7899,7947,7964,8372,8547,8259,7599,7846,7844,7391,7913,8127,7592,7030,7903,8059,7855,7564,7317,7201,7698,7446,6835,7574,7845,7598,7725,7677,7153,7104,7494,7832,8057,8070,7908,7579,8055,8173,8268,8121,7918,8070,8350,8503,8367,7984,8362,8505,8243,7889,8545,8844,8816,8843,8958,8673,7862|
03/04/2026 10:45:39|8511,8953,8414,7780,7863,7884,8328,8516,8204,7504,7775,7786,7311,7872,8095,7528,6927,7863,8039,7847,7541,7258,7147,7681,7399,6735,7538,7833,7599,7730,7678,7104,7029,7458,7818,8069,8076,7893,7534,8035,8175,8274,8112,7897,8065,8360,8525,8367,7958,8363,8503,8220,7859,8571,8890,8878,8892,8993,8699,7841|
03/04/2026 10:45:40|8462,8908,8338,7667,7784,7809,8287,8487,8152,7414,7708,7732,7235,7832,8065,7467,6828,7826,8019,7841,7521,7202,7095,7665,7355,6638,7504,7822,7601,7735,7680,7057,6957,7423,7805,8081,8081,7879,7490,8015,8177,8281,8104,7877,8061,8369,8546,8367,7933,8364,8501,8198,7831,8595,8933,8937,8940,9028,8723,7822|
03/04/2026 10:45:41|8415,8867,8265,7560,7708,7738,8249,8460,8104,7329,7646,7681,7165,7794,8036,7409,6735,7791,8000,7836,7503,7149,7045,7650,7312,6547,7472,7813,7604,7741,7682,7013,6889,7388,7792,8092,8087,7865,7449,7997,8181,8288,8096,7858,8056,8377,8566,8366,7909,8364,8500,8178,7804,8617,8975,8994,8986,9060,8747,7804|
03/04/2026 10:45:42|8372,8827,8197,7459,7636,7672,8215,8436,8059,7248,7587,7633,7099,7759,8008,7354,6648,7757,7983,7832,7486,7099,6999,7636,7273,6460,7441,7805,7607,7746,7683,6971,6824,7355,7780,8103,8092,7852,7410,7979,8184,8295,8088,7839,8052,8384,8583,8366,7886,8364,8498,8159,7779,8638,9015,9048,9031,9091,8770,7787|
03/04/2026 10:45:43|8332,8791,8134,7365,7569,7610,8183,8413,8018,7174,7532,7589,7038,7725,7982,7303,6566,7726,7966,7830,7471,7052,6955,7623,7235,6378,7413,7798,7611,7751,7684,6932,6763,7324,7768,8114,8098,7840,7373,7963,8188,8302,8081,7822,8048,8391,8599,8365,7863,8364,8497,8141,7755,8658,9052,9099,9073,9120,8791,7772|
03/04/2026 10:45:44|8295,8757,8075,7277,7507,7553,8155,8393,7980,7104,7482,7548,6983,7694,7958,7256,6490,7696,7950,7828,7457,7008,6915,7612,7200,6301,7387,7791,7615,7757,7685,6896,6707,7294,7757,8124,8103,7829,7339,7948,8191,8309,8073,7806,8044,8397,8614,8365,7842,8364,8496,8125,7733,8676,9087,9147,9113,9147,8811,7758|
03/04/2026 10:45:45|8261,8726,8020,7195,7449,7500,8129,8374,7946,7040,7435,7511,6932,7666,7935,7212,6419,7669,7935,7827,7445,6968,6877,7601,7168,6229,7363,7786,7620,7762,7686,6863,6654,7266,7747,8133,8108,7818,7306,7933,8195,8316,8067,7791,8041,8402,8627,8364,7822,8364,8496,8109,7713,8693,9120,9192,9151,9173,8830,7746|
03/04/2026 10:45:46|8231,8697,7970,7120,7395,7452,8106,8358,7915,6981,7392,7477,6886,7639,7913,7171,6355,7644,7922,7826,7435,6931,6842,7592,7138,6163,7340,7782,7624,7766,7686,6833,6605,7239,7737,8142,8113,7808,7276,7920,8200,8323,8060,7777,8037,8407,8638,8364,7803,8363,8495,8096,7694,8708,9151,9233,9187,9196,8848,7734|
03/04/2026 10:45:47|8203,8671,7924,7051,7346,7408,8086,8343,7887,6927,7353,7446,6844,7615,7894,7134,6295,7621,7909,7826,7426,6897,6810,7584,7110,6101,7320,7778,7629,7771,7687,6805,6559,7215,7728,8150,8117,7800,7249,7908,8204,8329,8054,7763,8034,8411,8648,8363,7785,8363,8495,8083,7676,8722,9179,9272,9220,9218,8865,7724|
03/04/2026 10:45:48|8177,8647,7883,6988,7301,7368,8068,8330,7861,6878,7318,7418,6806,7593,7875,7100,6241,7600,7898,7827,7418,6866,6780,7576,7085,6045,7301,7775,7633,7775,7687,6779,6518,7192,7720,8158,8121,7791,7223,7897,8208,8336,8048,7751,8031,8414,8657,8362,7768,8362,8494,8071,7661,8734,9206,9308,9251,9238,8880,7715|
03/04/2026 10:45:49|8155,8626,7845,6931,7260,7332,8052,8318,7839,6833,7287,7393,6773,7572,7859,7069,6192,7581,7887,7828,7411,6838,6754,7570,7062,5994,7285,7772,7638,7779,7687,6757,6480,7170,7712,8165,8126,7784,7200,7886,8212,8342,8043,7741,8028,8417,8665,8362,7753,8361,8494,8061,7646,8745,9229,9341,9279,9256,8894,7708|
03/04/2026 10:45:50|8135,8607,7811,6879,7223,7300,8038,8308,7819,6793,7258,7371,6743,7554,7844,7042,6148,7563,7878,7829,7405,6812,6729,7564,7041,5947,7270,7771,7643,7783,7688,6736,6446,7151,7705,8172,8129,7777,7179,7877,8215,8347,8038,7731,8025,8420,8671,8361,7739,8361,8494,8052,7633,8755,9251,9371,9305,9273,8907,7701|
03/04/2026 10:45:51|8117,8590,7780,6833,7190,7272,8027,8299,7802,6758,7233,7351,6717,7538,7830,7017,6109,7548,7869,7831,7400,6790,6708,7559,7023,5905,7256,7769,7647,7787,7688,6718,6415,7133,7698,8178,8133,7771,7160,7869,8219,8353,8033,7722,8023,8422,8677,8361,7726,8360,8494,8044,7622,8764,9271,9398,9329,9288,8918,7695|
03/04/2026 10:45:52|8101,8574,7754,6792,7160,7247,8017,8292,7787,6726,7211,7334,6695,7523,7817,6995,6074,7534,7861,7833,7397,6770,6689,7555,7006,5867,7244,7768,7652,7790,7688,6701,6388,7116,7693,8183,8136,7766,7143,7861,8223,8358,8029,7713,8020,8424,8682,8360,7714,8359,8494,8037,7611,8772,9289,9422,9350,9301,8929,7690|
03/04/2026 10:45:53|8088,8561,7730,6756,7134,7225,8009,8286,7774,6699,7192,7319,6675,7511,7806,6976,6044,7522,7854,7835,7393,6752,6671,7551,6992,5834,7234,7768,7656,7793,7688,6687,6363,7102,7687,8188,8139,7761,7128,7855,8226,8363,8025,7706,8018,8425,8686,8360,7703,8358,8494,8031,7602,8778,9304,9444,9370,9313,8938,7685|
03/04/2026 10:45:54|8076,8550,7709,6724,7111,7206,8002,8280,7763,6675,7175,7306,6659,7499,7797,6959,6017,7511,7848,7838,7391,6736,6656,7548,6979,5804,7225,7768,7660,7796,7688,6675,6342,7088,7683,8193,8142,7757,7115,7849,8230,8367,8022,7700,8016,8426,8689,8359,7694,8357,8495,8025,7594,8784,9318,9463,9387,9323,8946,7682|
03/04/2026 10:45:55|8067,8540,7692,6697,7091,7190,7997,8276,7754,6654,7161,7295,6645,7490,7788,6944,5994,7501,7843,7840,7389,6723,6643,7546,6968,5778,7217,7768,7664,7799,7688,6664,6323,7076,7678,8197,8145,7753,7103,7844,8233,8371,8018,7694,8015,8427,8691,8359,7685,8356,8495,8021,7587,8789,9331,9480,9403,9333,8954,7679|
03/04/2026 10:45:56|8059,8532,7676,6673,7074,7176,7993,8273,7747,6636,7149,7286,6633,7481,7781,6932,5974,7493,7838,7842,7388,6711,6632,7544,6958,5755,7210,7768,7668,7801,7688,6655,6307,7066,7675,8200,8147,7750,7093,7839,8236,8375,8016,7689,8013,8427,8693,8358,7678,8355,8495,8017,7581,8793,9342,9495,9417,9341,8960,7677|
03/04/2026 10:45:57|8052,8525,7664,6653,7059,7164,7990,8271,7741,6622,7139,7279,6624,7474,7774,6921,5957,7487,7834,7845,7388,6702,6623,7542,6950,5736,7205,7769,7671,7803,7687,6647,6293,7057,7672,8203,8149,7748,7084,7835,8238,8378,8013,7685,8012,8428,8694,8358,7671,8355,8495,8014,7576,8796,9351,9508,9429,9347,8966,7675|
03/04/2026 10:45:58|8047,8519,7653,6637,7047,7155,7988,8269,7736,6609,7130,7273,6617,7468,7769,6912,5944,7481,7831,7848,7388,6694,6615,7541,6943,5719,7200,7770,7675,7805,7687,6641,6281,7048,7669,8206,8151,7746,7076,7832,8241,8381,8011,7682,8011,8428,8695,8357,7665,8354,8496,8011,7572,8799,9359,9519,9440,9353,8971,7674|
03/04/2026 10:45:59|8043,8515,7645,6623,7037,7148,7987,8268,7733,6600,7124,7269,6612,7463,7764,6905,5933,7476,7828,7850,7388,6687,6608,7541,6937,5706,7196,7771,7678,7807,7687,6636,6271,7042,7666,8208,8153,7744,7070,7829,8243,8384,8009,7679,8010,8428,8695,8357,7660,8353,8496,8009,7569,8801,9366,9528,9449,9358,8975,7673|
03/04/2026 10:46:00|8040,8511,7638,6612,7029,7142,7987,8267,7731,6592,7119,7265,6608,7460,7760,6899,5924,7472,7826,7853,7388,6682,6603,7540,6933,5694,7193,7772,7681,7808,7687,6632,6263,7036,7664,8210,8154,7742,7065,7827,8246,8387,8007,7676,8009,8427,8695,8356,7655,8352,8496,8007,7566,8802,9371,9536,9456,9362,8978,7673|
03/04/2026 10:46:01|8038,8508,7633,6604,7022,7138,7987,8267,7730,6586,7116,7263,6606,7457,7757,6895,5917,7469,7824,7855,7389,6678,6599,7540,6929,5685,7191,7773,7683,7810,7687,6629,6257,7031,7663,8212,8155,7741,7061,7825,8248,8389,8006,7674,8008,8427,8694,8356,7652,8352,8497,8006,7564,8804,9376,9542,9463,9365,8981,7673|
03/04/2026 10:46:02|8037,8507,7629,6598,7018,7136,7988,8268,7729,6582,7113,7262,6605,7454,7754,6892,5912,7467,7822,7857,7390,6675,6595,7540,6927,5678,7190,7774,7686,7811,7686,6627,6252,7026,7661,8213,8156,7740,7058,7824,8249,8391,8005,7672,8007,8427,8694,8356,7648,8351,8497,8006,7562,8804,9379,9547,9468,9368,8983,7673|
03/04/2026 10:46:03|8036,8506,7627,6594,7015,7134,7990,8268,7730,6580,7112,7261,6605,7453,7753,6890,5909,7466,7821,7860,7392,6673,6593,7541,6925,5673,7189,7776,7688,7812,7686,6626,6249,7023,7660,8214,8157,7740,7055,7823,8251,8393,8004,7671,8007,8426,8693,8355,7646,8350,8497,8005,7561,8804,9382,9551,9472,9369,8985,7673|
03/04/2026 10:46:04|8037,8505,7626,6592,7013,7134,7992,8269,7731,6578,7112,7262,6606,7452,7751,6889,5908,7465,7820,7862,7393,6672,6592,7541,6924,5670,7188,7777,7690,7813,7686,6625,6246,7020,7660,8215,8158,7739,7054,7822,8253,8394,8003,7670,8006,8425,8691,8355,7644,8350,8498,8005,7560,8804,9384,9553,9475,9371,8986,7674|
03/04/2026 10:46:05|8037,8506,7626,6591,7012,7135,7994,8271,7732,6578,7112,7262,6608,7452,7750,6889,5908,7464,7820,7864,7395,6672,6591,7542,6923,5668,7188,7779,7692,7814,7686,6626,6245,7018,7659,8216,8159,7739,7053,7822,8254,8396,8002,7670,8006,8425,8690,8355,7642,8349,8498,8005,7560,8804,9385,9555,9478,9371,8987,7675|
03/04/2026 10:46:06|8039,8506,7627,6591,7012,7136,7996,8272,7734,6580,7114,7264,6610,7452,7750,6889,5909,7464,7820,7866,7396,6672,6591,7543,6923,5667,7189,7780,7693,7814,7685,6626,6245,7017,7659,8216,8159,7739,7052,7822,8255,8397,8002,7670,8006,8424,8689,8355,7641,8349,8498,8006,7560,8803,9386,9556,9480,9371,8988,7676|
03/04/2026 10:46:07|8041,8507,7628,6593,7013,7138,7999,8274,7736,6582,7116,7266,6614,7453,7750,6890,5910,7465,7820,7867,7398,6673,6592,7544,6924,5667,7189,7781,7695,7815,7685,6627,6245,7016,7658,8217,8160,7739,7052,7822,8256,8398,8001,7670,8005,8423,8687,8355,7641,8348,8499,8006,7561,8803,9386,9556,9481,9371,8988,7677|
03/04/2026 10:46:08|8043,8509,7630,6596,7015,7141,8002,8276,7739,6584,7118,7268,6617,7454,7750,6892,5913,7466,7820,7869,7400,6675,6593,7545,6925,5668,7190,7783,7696,7815,7685,6629,6246,7016,7658,8217,8160,7740,7053,7822,8257,8398,8001,7670,8005,8422,8686,8354,7640,8348,8499,8007,7561,8802,9385,9556,9481,9371,8988,7678|
03/04/2026 10:46:09|8045,8511,7633,6599,7017,7144,8005,8278,7742,6587,7121,7271,6621,7455,7751,6894,5917,7467,7820,7871,7402,6676,6595,7546,6926,5671,7191,7784,7697,7815,7685,6630,6248,7016,7658,8217,8160,7740,7054,7823,8258,8399,8001,7670,8005,8422,8684,8354,7640,8347,8499,8008,7562,8800,9385,9555,9481,9370,8988,7679|
03/04/2026 10:46:10|8048,8513,7636,6604,7020,7147,8008,8280,7745,6591,7124,7273,6625,7456,7751,6896,5920,7468,7821,7872,7403,6679,6596,7547,6928,5673,7193,7785,7698,7816,7684,6632,6250,7016,7659,8217,8161,7741,7055,7823,8259,8400,8001,7671,8005,8421,8682,8354,7640,8347,8500,8009,7563,8799,9384,9554,9480,9369,8987,7681|
03/04/2026 10:46:11|8050,8515,7640,6608,7023,7151,8011,8282,7748,6595,7127,7276,6630,7458,7752,6899,5925,7470,7822,7874,7405,6681,6599,7548,6930,5677,7194,7786,7699,7816,7684,6634,6253,7017,7659,8217,8161,7741,7057,7824,8259,8400,8001,7672,8005,8420,8681,8354,7640,8347,8500,8010,7564,8798,9382,9552,9479,9368,8986,7682|
03/04/2026 10:46:12|8053,8517,7643,6614,7026,7155,8014,8284,7751,6600,7131,7280,6634,7460,7753,6902,5930,7471,7822,7875,7407,6684,6601,7549,6932,5680,7196,7788,7700,7816,7684,6637,6256,7017,7659,8216,8161,7742,7058,7825,8260,8400,8001,7672,8005,8419,8679,8354,7641,8346,8500,8012,7566,8797,9381,9550,9478,9366,8986,7683|
03/04/2026 10:46:13|8056,8519,7647,6619,7030,7159,8017,8286,7755,6605,7135,7283,6639,7462,7755,6905,5935,7473,7823,7876,7409,6686,6603,7550,6934,5685,7198,7789,7701,7816,7684,6639,6259,7018,7660,8216,8161,7743,7060,7826,8260,8400,8001,7673,8005,8419,8677,8354,7642,8346,8500,8013,7567,8795,9379,9547,9477,9365,8985,7685|
03/04/2026 10:46:14|8059,8522,7651,6625,7034,7163,8020,8288,7758,6609,7138,7286,6644,7464,7756,6908,5940,7475,7824,7877,7410,6689,6606,7551,6936,5689,7200,7790,7701,7816,7684,6642,6263,7020,7660,8216,8161,7743,7062,7827,8260,8400,8002,7674,8005,8418,8676,8354,7642,8346,8500,8014,7569,8794,9377,9545,9475,9363,8984,7686|
03/04/2026 10:46:15|8062,8524,7655,6631,7038,7168,8023,8289,7761,6614,7142,7289,6648,7466,7757,6911,5945,7477,7825,7878,7412,6692,6608,7552,6938,5694,7202,7791,7701,7816,7683,6644,6266,7021,7661,8215,8160,7744,7064,7828,8261,8400,8002,7675,8006,8417,8674,8354,7643,8346,8501,8015,7570,8792,9375,9542,9473,9362,8983,7687|
03/04/2026 10:46:16|8065,8527,7660,6637,7042,7172,8025,8291,7764,6619,7146,7292,6653,7468,7759,6914,5950,7479,7826,7879,7413,6695,6611,7554,6940,5698,7203,7791,7702,7816,7683,6647,6270,7022,7661,8215,8160,7745,7066,7829,8261,8400,8002,7676,8006,8417,8673,8354,7644,8345,8501,8016,7572,8791,9373,9539,9471,9360,8981,7688|
03/04/2026 10:46:17|8068,8529,7664,6643,7047,7176,8028,8293,7767,6624,7149,7295,6657,7470,7760,6918,5956,7481,7827,7879,7415,6698,6614,7555,6943,5703,7205,7792,7702,7815,7683,6649,6274,7024,7662,8214,8160,7746,7068,7830,8261,8400,8002,7677,8006,8416,8672,8354,7645,8345,8501,8018,7573,8790,9371,9537,9469,9358,8980,7690|
03/04/2026 10:46:18|8070,8532,7668,6649,7051,7180,8031,8295,7770,6629,7153,7299,6662,7472,7762,6921,5961,7483,7828,7880,7416,6701,6617,7555,6945,5708,7207,7793,7702,7815,7683,6652,6277,7026,7663,8214,8160,7746,7071,7831,8261,8400,8003,7678,8006,8415,8670,8354,7647,8345,8501,8019,7574,8788,9369,9534,9467,9357,8979,7691|
03/04/2026 10:46:19|8073,8534,7672,6654,7055,7184,8033,8297,7773,6634,7157,7301,6666,7474,7763,6924,5966,7484,7829,7881,7417,6704,6619,7556,6947,5713,7209,7794,7702,7815,7683,6654,6281,7027,7663,8213,8160,7747,7073,7831,8261,8400,8003,7679,8006,8415,8669,8354,7648,8345,8501,8020,7576,8787,9366,9531,9464,9355,8978,7692|
03/04/2026 10:46:20|8076,8536,7676,6661,7060,7189,8035,8298,7775,6639,7160,7304,6670,7476,7764,6928,5972,7487,7830,7881,7419,6708,6623,7558,6950,5718,7210,7794,7703,7815,7682,6657,6285,7029,7664,8212,8159,7748,7075,7832,8260,8399,8002,7680,8007,8414,8667,8353,7649,8345,8501,8021,7577,8785,9363,9526,9461,9352,8976,7693|
03/04/2026 10:46:21|8081,8541,7688,6683,7082,7204,8042,8303,7777,6655,7165,7312,6679,7482,7765,6942,5994,7491,7834,7883,7423,6721,6639,7564,6960,5734,7206,7793,7706,7818,7679,6668,6298,7035,7664,8205,8152,7745,7080,7831,8251,8395,7997,7683,8010,8413,8657,8350,7652,8343,8499,8026,7583,8780,9353,9509,9442,9338,8966,7687|
03/04/2026 10:46:22|8098,8557,7715,6736,7132,7241,8058,8319,7793,6693,7190,7338,6706,7498,7773,6970,6036,7501,7841,7888,7437,6748,6673,7575,6980,5770,7206,7791,7716,7830,7685,6691,6325,7047,7667,8194,8143,7744,7085,7827,8241,8390,7996,7692,8018,8409,8636,8341,7656,8339,8495,8036,7594,8772,9336,9482,9409,9314,8948,7678|
03/04/2026 10:46:23|8128,8584,7762,6817,7205,7300,8081,8345,7821,6749,7234,7379,6752,7521,7790,7010,6093,7518,7852,7888,7459,6790,6719,7586,7007,5828,7221,7795,7731,7845,7694,6721,6357,7062,7668,8181,8137,7748,7095,7821,8229,8386,8002,7709,8029,8394,8608,8331,7663,8326,8490,8047,7601,8752,9309,9441,9363,9281,8928,7676|
03/04/2026 10:46:24|8170,8616,7822,6920,7294,7376,8107,8378,7859,6814,7292,7431,6812,7550,7812,7060,6164,7543,7867,7881,7487,6846,6775,7593,7040,5906,7250,7806,7750,7864,7704,6756,6386,7077,7667,8167,8133,7755,7106,7811,8216,8384,8016,7733,8042,8369,8576,8321,7673,8305,8484,8058,7602,8716,9271,9387,9306,9241,8907,7685|
03/04/2026 10:46:25|8221,8654,7894,7040,7396,7465,8135,8417,7904,6888,7361,7494,6884,7583,7840,7118,6248,7574,7883,7866,7520,6913,6838,7595,7078,6002,7292,7821,7772,7885,7716,6794,6415,7092,7664,8153,8131,7767,7120,7798,8202,8385,8035,7764,8056,8333,8539,8310,7685,8277,8476,8068,7597,8669,9223,9320,9240,9195,8884,7703|
03/04/2026 10:46:26|8276,8689,7971,7170,7506,7562,8162,8455,7950,6964,7437,7560,6963,7621,7871,7180,6340,7608,7901,7850,7557,6988,6909,7597,7120,6108,7339,7841,7797,7906,7728,6837,6446,7110,7661,8139,8130,7782,7138,7782,8184,8381,8056,7797,8070,8290,8498,8299,7701,8244,8467,8079,7591,8615,9168,9247,9170,9147,8860,7723|
03/04/2026 10:46:27|8325,8717,8043,7298,7617,7660,8186,8485,7994,7046,7515,7623,7043,7663,7905,7243,6436,7638,7917,7839,7593,7064,6986,7609,7171,6219,7386,7864,7826,7929,7742,6882,6485,7135,7663,8124,8129,7800,7163,7765,8163,8375,8075,7830,8084,8251,8455,8288,7720,8212,8458,8089,7591,8561,9109,9176,9100,9098,8837,7743|
03/04/2026 10:46:28|8367,8739,8110,7422,7725,7759,8214,8512,8040,7132,7589,7679,7114,7705,7937,7303,6529,7662,7926,7832,7626,7132,7060,7622,7224,6331,7435,7890,7855,7951,7758,6930,6530,7162,7660,8107,8126,7820,7197,7752,8144,8370,8090,7862,8100,8215,8412,8275,7740,8177,8447,8099,7597,8510,9051,9105,9030,9042,8814,7767|
03/04/2026 10:46:29|8401,8758,8172,7538,7827,7857,8248,8540,8084,7216,7656,7723,7164,7745,7963,7358,6610,7679,7923,7830,7659,7190,7127,7632,7270,6441,7486,7918,7886,7974,7780,6987,6584,7190,7653,8089,8118,7839,7237,7743,8126,8362,8098,7885,8112,8180,8367,8264,7760,8140,8431,8108,7610,8466,8993,9033,8960,8973,8787,7792|
03/04/2026 10:46:30|8429,8775,8230,7646,7920,7953,8287,8569,8126,7297,7718,7755,7196,7783,7986,7407,6680,7690,7909,7831,7690,7238,7185,7640,7310,6549,7537,7946,7916,7997,7806,7051,6648,7219,7641,8071,8108,7856,7281,7737,8108,8352,8098,7900,8120,8146,8322,8256,7782,8101,8412,8117,7629,8429,8936,8960,8891,8892,8755,7816|
03/04/2026 10:46:31|8451,8786,8282,7750,8005,8043,8325,8596,8165,7371,7775,7785,7225,7819,8003,7454,6749,7700,7893,7827,7715,7284,7241,7653,7352,6655,7577,7967,7941,8016,7832,7117,6716,7251,7630,8055,8096,7869,7324,7731,8094,8338,8092,7907,8123,8115,8281,8251,7805,8063,8392,8124,7650,8394,8876,8886,8821,8810,8718,7841|
03/04/2026 10:46:32|8468,8792,8332,7851,8086,8130,8364,8620,8197,7443,7831,7816,7261,7856,8020,7503,6823,7712,7877,7814,7736,7332,7299,7671,7401,6761,7599,7980,7961,8032,7858,7183,6786,7286,7612,8041,8086,7882,7371,7733,8083,8317,8081,7910,8127,8092,8243,8249,7833,8035,8377,8132,7669,8359,8817,8812,8754,8732,8678,7868|
03/04/2026 10:46:33|8480,8794,8381,7949,8164,8214,8404,8642,8222,7514,7884,7847,7303,7892,8037,7551,6901,7727,7862,7793,7754,7381,7358,7694,7454,6864,7603,7984,7977,8044,7884,7249,6856,7322,7588,8027,8077,7895,7421,7744,8076,8290,8065,7912,8133,8075,8208,8249,7864,8017,8367,8141,7684,8326,8758,8740,8690,8659,8636,7896|
03/04/2026 10:46:34|8488,8792,8428,8044,8237,8294,8445,8662,8242,7583,7934,7878,7350,7929,8053,7599,6981,7744,7847,7764,7768,7431,7417,7720,7511,6966,7592,7982,7988,8055,7910,7313,6925,7359,7559,8014,8069,7908,7474,7760,8073,8258,8046,7912,8140,8065,8177,8250,7897,8007,8361,8150,7696,8294,8702,8670,8628,8591,8593,7926|
03/04/2026 10:46:35|8491,8787,8473,8134,8307,8369,8485,8678,8258,7650,7981,7909,7401,7964,8068,7646,7063,7763,7832,7730,7780,7482,7476,7750,7571,7065,7569,7975,7996,8063,7934,7376,6992,7396,7526,8002,8062,7920,7528,7782,8073,8222,8025,7910,8148,8059,8147,8252,7932,8005,8359,8159,7707,8263,8647,8603,8569,8528,8550,7956|
03/04/2026 10:46:36|8488,8778,8510,8210,8365,8436,8521,8686,8267,7716,8027,7939,7451,7989,8072,7686,7136,7781,7823,7702,7792,7533,7534,7779,7628,7161,7551,7972,8008,8070,7951,7431,7054,7432,7502,7995,8056,7922,7572,7801,8075,8193,8008,7905,8149,8054,8118,8252,7966,8009,8357,8167,7718,8232,8589,8540,8515,8468,8510,7986|
03/04/2026 10:46:37|8475,8764,8536,8263,8404,8490,8552,8689,8261,7778,8070,7967,7500,8003,8063,7714,7190,7793,7820,7685,7810,7586,7589,7802,7673,7249,7539,7977,8025,8078,7959,7476,7109,7464,7488,7992,8048,7911,7595,7812,8080,8173,7998,7890,8143,8048,8093,8255,8001,8017,8352,8171,7728,8196,8517,8484,8469,8417,8477,8014|
03/04/2026 10:46:38|8455,8746,8552,8295,8425,8530,8579,8688,8243,7834,8110,7993,7546,8008,8043,7732,7226,7800,7823,7680,7832,7639,7641,7819,7708,7330,7533,7989,8049,8088,7960,7512,7158,7491,7484,7992,8039,7891,7599,7816,8086,8161,7993,7865,8133,8042,8072,8260,8039,8030,8344,8171,7737,8156,8431,8433,8431,8377,8449,8040|
03/04/2026 10:46:39|8431,8725,8562,8314,8431,8561,8601,8681,8214,7886,8147,8017,7587,8006,8016,7744,7251,7802,7829,7682,7856,7690,7690,7832,7736,7403,7532,8005,8075,8098,7956,7542,7200,7512,7486,7994,8027,7865,7594,7818,8095,8154,7991,7836,8119,8036,8055,8265,8078,8047,8335,8168,7746,8116,8343,8388,8400,8341,8426,8065|
03/04/2026 10:46:40|8411,8706,8577,8336,8432,8591,8620,8672,8190,7940,8185,8039,7625,8002,7994,7755,7274,7797,7832,7684,7878,7740,7740,7848,7765,7469,7533,8022,8100,8108,7954,7573,7241,7531,7493,7987,8009,7836,7592,7823,8106,8150,7993,7813,8099,8030,8040,8256,8112,8067,8329,8164,7758,8086,8268,8339,8373,8309,8407,8092|
03/04/2026 10:46:41|8392,8689,8600,8363,8433,8622,8636,8664,8174,7999,8225,8061,7664,7998,7980,7764,7297,7785,7832,7685,7896,7787,7793,7870,7796,7534,7537,8041,8128,8119,7954,7608,7284,7550,7504,7970,7982,7804,7592,7829,8121,8149,7998,7795,8075,8024,8028,8231,8140,8089,8327,8157,7773,8067,8207,8283,8350,8281,8392,8120|
03/04/2026 10:46:42|8375,8674,8629,8392,8434,8655,8651,8656,8165,8061,8267,8082,7701,7995,7973,7773,7319,7767,7829,7684,7911,7831,7847,7898,7830,7596,7544,8061,8157,8132,7957,7645,7328,7569,7518,7946,7948,7770,7594,7835,8138,8151,8006,7784,8047,8019,8018,8192,8163,8115,8329,8148,7791,8058,8158,8222,8330,8257,8381,8148|
03/04/2026 10:46:43|8360,8660,8663,8424,8435,8687,8664,8649,8163,8125,8309,8103,7739,7992,7972,7779,7341,7743,7824,7683,7924,7873,7903,7930,7865,7656,7553,8083,8187,8145,7963,7684,7372,7588,7536,7914,7908,7733,7598,7843,8157,8156,8017,7778,8016,8015,8011,8142,8182,8141,8335,8138,7812,8058,8120,8156,8313,8237,8373,8175|
03/04/2026 10:46:44|8347,8648,8701,8458,8435,8720,8675,8642,8167,8191,8352,8123,7775,7990,7975,7785,7361,7716,7818,7680,7935,7912,7959,7966,7901,7712,7564,8105,8218,8158,7970,7724,7417,7607,7556,7876,7864,7696,7603,7852,8178,8163,8030,7776,7983,8011,8005,8081,8196,8170,8344,8126,7834,8066,8092,8087,8300,8220,8368,8203|
03/04/2026 10:46:45|8336,8638,8743,8493,8435,8753,8685,8636,8176,8257,8394,8143,7810,7987,7983,7790,7380,7685,7809,7676,7943,7949,8015,8005,7938,7766,7576,8128,8249,8172,7980,7765,7461,7626,7579,7834,7817,7658,7610,7861,8200,8172,8044,7778,7948,8007,8001,8013,8206,8198,8355,8113,7857,8080,8072,8017,8289,8207,8366,8230|
03/04/2026 10:46:46|8325,8629,8787,8528,8435,8784,8694,8630,8189,8324,8436,8162,7844,7985,7994,7793,7398,7652,7800,7672,7949,7983,8070,8045,7974,7816,7589,8150,8280,8186,7990,7805,7504,7644,7602,7788,7766,7619,7617,7870,8222,8182,8060,7784,7912,8004,7998,7939,8213,8228,8368,8099,7881,8100,8061,7945,8280,8196,8366,8257|
03/04/2026 10:46:47|8317,8622,8832,8564,8435,8815,8701,8624,8205,8389,8477,8180,7877,7984,8008,7796,7415,7618,7790,7667,7954,8015,8124,8086,8010,7863,7604,8173,8310,8199,8002,7845,7546,7662,7627,7740,7716,7582,7625,7880,8246,8194,8077,7792,7876,8001,7997,7862,8218,8257,8383,8085,7906,8124,8056,7874,8273,8189,8368,8283|
03/04/2026 10:46:48|8315,8618,8877,8601,8440,8841,8705,8619,8221,8449,8518,8200,7914,7986,8024,7799,7435,7593,7786,7666,7959,8045,8173,8124,8040,7906,7617,8193,8335,8211,8015,7881,7588,7683,7656,7698,7675,7554,7635,7893,8269,8205,8090,7800,7847,8000,7998,7789,8216,8287,8398,8075,7930,8146,8054,7809,8266,8183,8372,8310|
03/04/2026 10:46:49|8321,8626,8928,8648,8462,8876,8720,8626,8241,8507,8563,8230,7964,8003,8052,7816,7465,7580,7795,7675,7973,8079,8222,8159,8063,7944,7630,8209,8353,8225,8035,7918,7637,7713,7692,7667,7649,7535,7640,7904,8286,8209,8101,7815,7827,8002,8000,7726,8207,8313,8410,8068,7950,8163,8054,7757,8256,8182,8377,8339|
03/04/2026 10:46:50|8336,8648,8987,8706,8501,8921,8749,8644,8267,8564,8612,8272,8028,8035,8092,7846,7505,7578,7814,7699,7998,8121,8271,8193,8078,7976,7647,8221,8367,8241,8062,7962,7694,7753,7735,7645,7635,7526,7640,7913,8295,8204,8110,7835,7816,8007,8003,7668,8196,8337,8420,8063,7966,8173,8056,7716,8248,8186,8385,8370|
03/04/2026 10:46:51|8362,8683,9051,8770,8549,8971,8787,8673,8296,8621,8663,8322,8099,8079,8141,7887,7552,7586,7841,7733,8031,8162,8317,8218,8087,8006,7667,8233,8375,8255,8094,8011,7755,7800,7781,7627,7629,7526,7640,7923,8298,8194,8120,7857,7813,8012,8007,7620,8188,8360,8424,8059,7980,8179,8059,7686,8240,8192,8389,8399|
03/04/2026 10:46:52|8404,8730,9114,8834,8594,9017,8830,8708,8328,8679,8710,8375,8169,8128,8193,7931,7594,7599,7872,7771,8064,8193,8352,8221,8092,8038,7694,8245,8378,8257,8128,8062,7817,7848,7827,7601,7628,7532,7647,7937,8301,8188,8132,7874,7810,8015,8013,7585,8185,8382,8419,8056,7991,8183,8063,7665,8235,8196,8376,8427|
03/04/2026 10:46:53|8460,8787,9176,8895,8636,9060,8876,8747,8362,8737,8754,8430,8239,8180,8246,7978,7633,7619,7906,7810,8098,8214,8379,8206,8096,8071,7724,8259,8375,8248,8163,8114,7878,7897,7873,7570,7630,7544,7662,7957,8302,8186,8146,7885,7808,8016,8021,7561,8189,8404,8406,8055,8000,8183,8067,7652,8231,8197,8348,8451|
03/04/2026 10:46:54|8525,8851,9236,8953,8680,9103,8923,8789,8399,8795,8794,8486,8308,8231,8295,8027,7677,7646,7943,7849,8129,8231,8404,8190,8100,8103,7755,8269,8368,8233,8195,8165,7935,7944,7914,7541,7634,7559,7680,7979,8303,8183,8159,7894,7806,8017,8028,7545,8193,8422,8388,8054,8008,8184,8071,7636,8219,8194,8316,8470|
03/04/2026 10:46:55|8599,8921,9299,9011,8729,9146,8971,8837,8444,8851,8834,8545,8373,8280,8339,8074,7728,7685,7985,7885,8157,8246,8427,8180,8104,8132,7790,8281,8362,8220,8224,8213,7989,7988,7951,7522,7633,7572,7696,8004,8306,8179,8165,7896,7804,8018,8034,7537,8196,8434,8369,8054,8011,8184,8076,7622,8203,8185,8288,8485|
03/04/2026 10:46:56|8679,9002,9368,9076,8788,9191,9023,8891,8496,8902,8878,8607,8441,8329,8375,8110,7784,7734,8031,7920,8187,8264,8449,8173,8107,8163,7834,8298,8354,8212,8252,8259,8041,8029,7982,7515,7637,7584,7711,8031,8312,8173,8157,7878,7798,8013,8038,7536,8199,8446,8354,8055,8012,8182,8084,7613,8185,8176,8267,8501|
03/04/2026 10:46:57|8763,9090,9440,9144,8853,9234,9076,8951,8554,8946,8923,8673,8510,8377,8403,8136,7845,7791,8081,7953,8218,8285,8469,8167,8109,8196,7884,8318,8346,8207,8280,8301,8091,8067,8010,7518,7646,7596,7727,8060,8320,8166,8138,7845,7786,8003,8039,7542,8202,8456,8340,8057,8012,8178,8093,7608,8165,8168,8252,8516|
03/04/2026 10:46:58|8840,9170,9497,9207,8919,9272,9126,9006,8609,8984,8964,8732,8570,8408,8421,8152,7898,7844,8129,7987,8242,8305,8484,8159,8110,8227,7930,8333,8330,8200,8300,8330,8132,8100,8037,7527,7655,7606,7741,8090,8328,8150,8118,7812,7777,7996,8038,7547,8205,8464,8319,8056,8005,8173,8103,7605,8135,8151,8233,8517|
03/04/2026 10:46:59|8904,9236,9532,9260,8980,9304,9169,9054,8655,9015,8996,8782,8618,8417,8427,8159,7940,7886,8176,8020,8256,8322,8492,8145,8110,8253,7969,8340,8306,8187,8311,8343,8160,8131,8064,7541,7663,7614,7753,8117,8335,8122,8098,7788,7774,7993,8034,7552,8209,8468,8288,8050,7990,8165,8112,7605,8093,8122,8207,8499|
03/04/2026 10:47:00|8957,9291,9548,9302,9036,9328,9206,9094,8694,9038,9020,8822,8656,8405,8422,8158,7972,7920,8218,8053,8261,8336,8494,8127,8108,8275,8001,8339,8274,8171,8314,8344,8178,8158,8093,7558,7671,7621,7765,8144,8342,8086,8081,7770,7776,7994,8028,7554,8212,8468,8249,8041,7970,8156,8121,7607,8042,8083,8176,8466|
03/04/2026 10:47:01|8997,9334,9551,9318,9079,9342,9234,9122,8723,9048,9033,8851,8680,8382,8409,8147,7997,7948,8248,8079,8261,8346,8490,8111,8104,8295,8032,8335,8243,8153,8313,8341,8192,8178,8118,7581,7684,7633,7777,8169,8343,8050,8066,7759,7780,7996,8025,7553,8210,8463,8209,8034,7952,8147,8128,7610,7991,8043,8145,8428|
03/04/2026 10:47:02|9024,9363,9544,9315,9101,9335,9249,9138,8742,9038,9032,8869,8694,8358,8396,8136,8019,7974,8272,8099,8263,8353,8481,8095,8094,8312,8065,8334,8216,8137,8312,8339,8202,8192,8138,7609,7699,7650,7790,8188,8332,8019,8055,7753,7786,8001,8027,7556,8209,8454,8174,8028,7941,8143,8136,7616,7947,8008,8121,8395|
03/04/2026 10:47:03|9042,9385,9533,9302,9110,9315,9255,9146,8756,9018,9022,8873,8698,8335,8383,8129,8040,7993,8289,8113,8262,8357,8467,8078,8081,8321,8091,8331,8192,8117,8308,8337,8205,8197,8153,7635,7717,7670,7803,8201,8314,7994,8046,7750,7795,8005,8031,7557,8206,8441,8143,8022,7930,8145,8150,7625,7914,7980,8100,8368|
03/04/2026 10:47:04|9054,9401,9522,9282,9117,9293,9255,9145,8768,9003,9012,8871,8700,8321,8374,8126,8062,8014,8301,8124,8260,8360,8454,8065,8065,8320,8110,8328,8175,8099,8301,8334,8204,8192,8161,7661,7730,7689,7818,8212,8297,7977,8040,7751,7807,8008,8036,7562,8200,8424,8116,8016,7919,8149,8161,7636,7883,7950,8083,8346|
03/04/2026 10:47:05|9061,9416,9512,9266,9126,9275,9253,9140,8784,8995,9006,8868,8703,8316,8368,8127,8088,8041,8318,8140,8264,8368,8445,8059,8055,8319,8129,8328,8167,8090,8296,8333,8202,8186,8168,7685,7738,7704,7834,8225,8283,7967,8040,7758,7825,8016,8046,7571,8189,8396,8089,8015,7914,8153,8160,7643,7852,7923,8071,8326|
03/04/2026 10:47:06|9064,9429,9505,9255,9139,9261,9250,9133,8802,8992,9003,8864,8710,8320,8364,8131,8117,8073,8339,8163,8274,8379,8440,8058,8050,8319,8150,8331,8165,8089,8295,8333,8198,8180,8173,7707,7740,7716,7854,8239,8273,7964,8044,7769,7846,8029,8060,7583,8173,8358,8062,8017,7912,8156,8150,7648,7820,7900,8062,8308|
03/04/2026 10:47:07|9063,9441,9500,9248,9153,9250,9245,9123,8821,8995,9003,8860,8718,8331,8364,8139,8148,8110,8364,8190,8289,8393,8439,8062,8049,8320,8170,8336,8170,8094,8297,8334,8194,8174,8178,7728,7738,7726,7875,8254,8266,7965,8053,7785,7871,8046,8078,7598,8153,8312,8035,8021,7915,8159,8131,7650,7789,7882,8058,8292|
03/04/2026 10:47:08|9059,9452,9496,9245,9170,9242,9239,9112,8843,9003,9005,8856,8727,8348,8365,8150,8181,8151,8392,8222,8307,8409,8441,8071,8053,8323,8191,8344,8180,8105,8302,8335,8188,8167,8183,7747,7732,7733,7897,8269,8261,7971,8064,7804,7898,8066,8098,7615,8129,8259,8008,8029,7921,8163,8104,7649,7758,7868,8056,8277|
03/04/2026 10:47:09|9052,9462,9494,9245,9188,9237,9233,9100,8865,9014,9009,8851,8738,8369,8369,8162,8216,8194,8422,8257,8329,8427,8446,8083,8060,8326,8212,8353,8195,8120,8309,8337,8181,8161,8186,7765,7723,7739,7921,8285,8259,7981,8079,7826,7927,8090,8121,7633,8103,8200,7982,8038,7930,8165,8071,7647,7727,7856,8057,8264|
03/04/2026 10:47:10|9043,9470,9494,9248,9208,9234,9225,9086,8888,9029,9015,8847,8750,8396,8374,8176,8251,8240,8455,8294,8354,8447,8454,8099,8070,8330,8233,8364,8213,8140,8318,8340,8174,8154,8189,7781,7711,7743,7945,8301,8259,7994,8096,7850,7958,8115,8145,7654,8074,8137,7957,8049,7942,8168,8033,7644,7697,7848,8061,8252|
03/04/2026 10:47:11|9032,9478,9494,9254,9228,9234,9217,9072,8911,9047,9022,8842,8763,8425,8381,8192,8287,8286,8488,8333,8380,8467,8463,8117,8082,8335,8253,8376,8234,8163,8328,8343,8167,8148,8192,7796,7697,7745,7970,8317,8261,8010,8115,7875,7989,8142,8171,7675,8044,8072,7933,8062,7955,8170,7991,7638,7668,7843,8067,8242|
03/04/2026 10:47:12|9019,9485,9496,9261,9249,9235,9209,9057,8934,9066,9030,8837,8776,8457,8388,8208,8323,8333,8523,8373,8408,8489,8474,8137,8096,8340,8273,8389,8258,8188,8340,8346,8159,8142,8194,7809,7682,7746,7995,8332,8264,8028,8135,7902,8021,8171,8197,7696,8013,8004,7910,8075,7970,8172,7946,7632,7641,7840,8074,8233|
03/04/2026 10:47:13|9005,9491,9499,9271,9270,9238,9201,9042,8957,9088,9039,8833,8789,8491,8397,8226,8358,8380,8557,8414,8437,8511,8486,8158,8112,8345,8293,8403,8284,8215,8352,8350,8151,8136,8195,7821,7664,7745,8019,8347,8269,8048,8156,7930,8053,8200,8224,7718,7982,7936,7887,8089,7986,8174,7898,7625,7614,7839,8083,8225|
03/04/2026 10:47:14|8990,9496,9502,9281,9290,9242,9192,9027,8980,9110,9049,8828,8803,8527,8406,8243,8392,8427,8592,8454,8467,8533,8500,8181,8130,8351,8311,8417,8311,8244,8365,8354,8143,8130,8196,7832,7646,7744,8043,8362,8274,8068,8178,7958,8085,8229,8251,7741,7950,7867,7866,8104,8003,8176,7850,7617,7589,7840,8093,8218|
03/04/2026 10:47:15|8974,9500,9506,9293,9311,9247,9184,9012,9002,9134,9059,8824,8816,8563,8416,8261,8426,8473,8626,8495,8497,8555,8514,8204,8148,8356,8329,8431,8339,8274,8379,8358,8135,8125,8197,7841,7627,7741,8067,8377,8281,8090,8200,7986,8116,8258,8278,7763,7918,7799,7847,8119,8021,8177,7800,7608,7565,7843,8104,8213|
03/04/2026 10:47:16|8958,9503,9510,9306,9331,9253,9175,8997,9024,9158,9070,8820,8830,8600,8426,8279,8458,8518,8659,8535,8527,8576,8528,8228,8166,8362,8345,8446,8368,8305,8393,8362,8126,8120,8197,7850,7608,7738,8089,8390,8288,8113,8222,8014,8147,8287,8305,7784,7887,7732,7828,8135,8039,8178,7751,7599,7543,7847,8115,8208|
03/04/2026 10:47:17|8941,9506,9515,9319,9351,9259,9167,8982,9045,9181,9080,8816,8843,8636,8436,8297,8489,8561,8691,8573,8555,8597,8542,8251,8185,8367,8361,8460,8396,8335,8406,8366,8118,8114,8197,7857,7589,7735,8111,8404,8296,8135,8244,8041,8176,8315,8330,7805,7857,7667,7811,8150,8057,8180,7702,7590,7523,7852,8127,8205|
03/04/2026 10:47:18|8915,9501,9508,9324,9366,9263,9157,8966,9063,9198,9084,8812,8850,8666,8446,8315,8513,8598,8716,8601,8571,8610,8546,8263,8198,8365,8374,8471,8421,8362,8414,8367,8108,8109,8195,7864,7578,7738,8135,8417,8303,8152,8262,8063,8195,8333,8348,7827,7828,7604,7798,8163,8068,8178,7661,7584,7508,7861,8139,8205|
03/04/2026 10:47:19|8882,9483,9472,9309,9367,9257,9142,8939,9074,9200,9075,8804,8842,8680,8451,8329,8531,8624,8724,8613,8575,8612,8531,8269,8210,8363,8382,8475,8438,8384,8422,8367,8100,8107,8193,7869,7580,7753,8163,8431,8308,8159,8272,8076,8194,8339,8354,7847,7800,7546,7788,8172,8061,8168,7625,7581,7500,7871,8146,8208|
03/04/2026 10:47:20|8843,9456,9410,9274,9355,9243,9121,8901,9078,9191,9056,8793,8819,8680,8450,8340,8544,8639,8718,8609,8569,8603,8498,8272,8221,8360,8385,8472,8446,8399,8429,8368,8094,8107,8191,7875,7594,7778,8194,8444,8311,8157,8276,8081,8175,8333,8349,7866,7772,7491,7783,8178,8039,8149,7594,7579,7496,7882,8147,8215|
03/04/2026 10:47:21|8803,9422,9336,9229,9336,9225,9097,8861,9073,9174,9033,8777,8786,8666,8437,8346,8549,8644,8704,8597,8554,8578,8456,8271,8224,8352,8378,8458,8442,8403,8426,8364,8084,8106,8188,7883,7612,7803,8222,8453,8308,8150,8277,8080,8148,8321,8338,7880,7746,7445,7780,8185,8018,8129,7572,7583,7497,7896,8148,8221|
03/04/2026 10:47:22|8764,9382,9259,9180,9313,9202,9065,8817,9058,9146,9002,8755,8748,8645,8417,8347,8546,8633,8678,8579,8533,8541,8411,8267,8223,8336,8363,8436,8425,8397,8415,8353,8069,8098,8178,7887,7626,7824,8241,8449,8298,8139,8274,8076,8114,8303,8321,7882,7718,7408,7776,8189,8005,8113,7555,7595,7508,7912,8149,8224|
03/04/2026 10:47:23|8726,9338,9182,9130,9284,9167,9024,8766,9032,9102,8950,8719,8706,8621,8395,8342,8531,8607,8635,8554,8507,8498,8364,8260,8213,8303,8335,8397,8398,8384,8395,8327,8044,8079,8154,7883,7633,7839,8249,8434,8281,8129,8262,8067,8081,8282,8300,7880,7692,7379,7775,8190,7993,8100,7537,7608,7527,7929,8146,8226|
03/04/2026 10:47:24|8689,9293,9109,9080,9250,9120,8977,8711,8999,9048,8877,8668,8659,8593,8370,8331,8505,8570,8577,8523,8480,8451,8316,8250,8197,8255,8294,8340,8364,8368,8368,8283,8006,8047,8115,7872,7637,7849,8248,8410,8254,8117,8239,8053,8054,8261,8278,7877,7670,7359,7776,8190,7979,8086,7517,7620,7551,7948,8142,8228|
03/04/2026 10:47:25|8657,9248,9040,9032,9209,9066,8926,8656,8958,8989,8794,8609,8611,8565,8345,8316,8474,8528,8512,8488,8453,8403,8267,8241,8180,8202,8247,8275,8327,8348,8338,8233,7964,8008,8068,7859,7642,7859,8243,8380,8223,8106,8211,8037,8027,8225,8247,7870,7652,7347,7782,8191,7967,8076,7499,7632,7579,7968,8139,8227|
03/04/2026 10:47:26|8633,9208,8976,8987,9161,9013,8876,8600,8908,8927,8715,8553,8569,8540,8324,8302,8443,8488,8446,8453,8427,8358,8217,8236,8172,8161,8210,8219,8294,8330,8313,8190,7927,7974,8030,7850,7651,7875,8239,8348,8191,8097,8184,8019,7999,8149,8196,7853,7639,7347,7794,8197,7964,8071,7487,7647,7609,7991,8140,8220|
03/04/2026 10:47:27|8616,9173,8915,8944,9107,8963,8828,8544,8851,8864,8643,8503,8534,8520,8307,8289,8414,8451,8383,8418,8403,8317,8166,8236,8173,8135,8183,8174,8266,8312,8292,8157,7897,7944,8001,7846,7664,7896,8238,8314,8159,8089,8158,8001,7967,8035,8126,7825,7631,7357,7812,8208,7970,8072,7481,7662,7641,8015,8145,8207|
03/04/2026 10:47:28|8607,9143,8859,8905,9048,8915,8781,8490,8788,8801,8576,8458,8505,8503,8294,8277,8386,8416,8322,8384,8381,8280,8115,8240,8182,8120,8165,8137,8242,8296,8275,8131,7872,7919,7981,7846,7680,7921,8239,8280,8127,8083,8133,7982,7933,7891,8041,7790,7627,7375,7834,8222,7984,8077,7480,7679,7673,8040,8153,8188|
03/04/2026 10:47:29|8603,9116,8808,8869,8986,8870,8736,8437,8721,8739,8514,8418,8481,8489,8283,8265,8360,8385,8263,8350,8361,8245,8063,8247,8197,8115,8155,8109,8222,8281,8262,8113,7853,7898,7967,7850,7698,7950,8242,8245,8097,8079,8110,7963,7899,7720,7944,7748,7627,7401,7861,8241,8004,8087,7484,7696,7706,8066,8164,8166|
03/04/2026 10:47:30|8605,9094,8761,8835,8921,8827,8693,8386,8651,8677,8459,8381,8462,8479,8276,8254,8335,8356,8207,8318,8343,8214,8013,8257,8217,8120,8152,8087,8206,8267,8253,8101,7839,7881,7960,7857,7719,7981,8247,8211,8067,8076,8088,7944,7863,7529,7836,7701,7630,7433,7891,8261,8030,8100,7491,7714,7739,8092,8177,8140|
03/04/2026 10:47:31|8612,9076,8718,8805,8854,8788,8653,8337,8580,8617,8408,8350,8447,8471,8271,8244,8311,8329,8153,8286,8326,8187,7963,8269,8242,8132,8154,8073,8192,8254,8247,8095,7829,7867,7959,7866,7741,8015,8253,8177,8039,8073,8068,7925,7827,7322,7721,7649,7636,7469,7924,8284,8060,8115,7501,7732,7772,8118,8193,8111|
03/04/2026 10:47:32|8622,9060,8679,8777,8787,8751,8615,8290,8507,8558,8363,8322,8437,8466,8268,8235,8290,8306,8103,8256,8312,8162,7915,8283,8270,8151,8162,8064,8182,8242,8243,8094,7822,7856,7962,7878,7765,8050,8259,8144,8012,8072,8049,7906,7791,7103,7601,7594,7644,7510,7958,8309,8094,8133,7515,7751,7804,8144,8209,8080|
03/04/2026 10:47:33|8636,9048,8644,8752,8720,8717,8580,8245,8434,8502,8323,8297,8430,8463,8268,8227,8270,8285,8056,8227,8299,8140,7868,8299,8302,8175,8174,8060,8175,8232,8242,8097,7820,7847,7970,7891,7789,8086,8267,8111,7986,8072,8032,7888,7755,6877,7478,7537,7654,7553,7994,8335,8130,8153,7530,7769,7836,8170,8227,8048|
03/04/2026 10:47:34|8650,9035,8612,8728,8654,8683,8545,8204,8363,8448,8287,8275,8421,8459,8267,8218,8247,8265,8012,8197,8284,8119,7825,8313,8331,8200,8187,8058,8167,8220,8243,8103,7821,7842,7977,7902,7812,8118,8273,8080,7962,8071,8016,7872,7722,6660,7359,7483,7663,7594,8025,8357,8163,8169,7543,7785,7866,8194,8243,8015|
03/04/2026 10:47:35|8664,9022,8586,8703,8589,8648,8510,8170,8300,8400,8258,8255,8407,8448,8260,8200,8220,8249,7974,8164,8264,8101,7790,8320,8351,8220,8195,8049,8151,8206,8243,8107,7827,7840,7979,7904,7821,8132,8272,8049,7939,8067,8001,7860,7696,6480,7255,7437,7666,7621,8044,8367,8187,8175,7551,7795,7894,8214,8247,7980|
03/04/2026 10:47:36|8677,9011,8567,8679,8526,8612,8474,8142,8246,8360,8236,8238,8390,8433,8243,8171,8194,8235,7944,8131,8241,8085,7765,8318,8362,8236,8195,8032,8127,8190,8241,8105,7837,7840,7974,7895,7815,8126,8264,8016,7914,8058,7987,7852,7677,6334,7163,7398,7663,7638,8053,8367,8202,8175,7555,7799,7920,8230,8237,7939|
03/04/2026 10:47:37|8690,9003,8553,8654,8466,8576,8439,8119,8201,8326,8220,8223,8372,8414,8219,8134,8168,8224,7920,8098,8214,8071,7748,8309,8364,8248,8189,8008,8096,8172,8237,8097,7850,7844,7964,7877,7796,8101,8249,7982,7890,8046,7972,7848,7662,6220,7083,7366,7655,7644,8052,8358,8210,8169,7556,7796,7943,8243,8214,7894|
03/04/2026 10:47:38|8703,8997,8545,8630,8410,8539,8404,8101,8163,8298,8211,8211,8352,8391,8189,8088,8143,8216,7903,8066,8186,8060,7737,8293,8360,8256,8179,7977,8059,8152,8231,8085,7866,7850,7950,7850,7765,8061,8229,7948,7866,8030,7958,7848,7652,6133,7013,7340,7643,7642,8043,8341,8211,8158,7555,7789,7964,8253,8181,7846|
03/04/2026 10:47:39|8715,8993,8542,8606,8357,8503,8369,8088,8133,8277,8206,8201,8331,8365,8154,8037,8119,8210,7890,8034,8155,8050,7734,8271,8349,8262,8164,7942,8018,8131,8224,8070,7883,7857,7932,7817,7724,8009,8204,7914,7841,8012,7945,7850,7647,6072,6954,7320,7628,7632,8027,8317,8207,8142,7551,7777,7983,8261,8140,7796|
03/04/2026 10:47:40|8727,8991,8542,8582,8307,8467,8336,8079,8109,8260,8205,8194,8310,8337,8115,7981,8095,8206,7882,8004,8123,8043,7736,8245,8334,8265,8145,7903,7974,8110,8215,8051,7903,7867,7911,7779,7675,7945,8176,7880,7817,7992,7932,7854,7645,6033,6903,7305,7610,7616,8005,8288,8198,8124,7546,7762,8000,8267,8092,7744|
03/04/2026 10:47:41|8738,8991,8547,8560,8260,8433,8304,8074,8091,8248,8209,8188,8287,8308,8073,7922,8073,8204,7879,7975,8091,8037,7742,8217,8315,8265,8124,7862,7927,8088,8205,8030,7923,7877,7887,7737,7621,7874,8145,7847,7793,7970,7920,7861,7646,6014,6861,7294,7590,7596,7979,8255,8184,8103,7539,7745,8015,8270,8039,7693|
03/04/2026 10:47:42|8753,8994,8554,8544,8224,8402,8277,8074,8078,8238,8216,8184,8266,8281,8027,7870,8052,8206,7881,7949,8061,8035,7752,8192,8300,8265,8105,7825,7883,8069,8191,8013,7943,7890,7864,7702,7575,7806,8116,7820,7769,7951,7912,7868,7655,6018,6827,7289,7575,7581,7953,8225,8168,8087,7541,7732,8031,8276,7995,7649|
03/04/2026 10:47:43|8773,8999,8557,8536,8198,8368,8249,8073,8062,8233,8226,8178,8250,8259,7972,7825,8036,8215,7892,7934,8041,8037,7766,8177,8292,8267,8094,7801,7852,8058,8183,8008,7970,7908,7848,7677,7543,7752,8096,7804,7754,7939,7914,7885,7676,6049,6811,7291,7566,7573,7932,8200,8160,8081,7555,7728,8046,8284,7964,7617|
03/04/2026 10:47:44|8798,9006,8558,8535,8183,8332,8221,8073,8045,8231,8240,8170,8241,8241,7911,7786,8027,8228,7910,7926,8029,8045,7782,8168,8289,8271,8090,7788,7831,8054,8182,8012,8002,7932,7838,7662,7524,7711,8082,7798,7747,7934,7923,7908,7706,6103,6814,7299,7562,7572,7916,8180,8158,8085,7579,7730,8060,8293,7944,7593|
03/04/2026 10:47:45|8827,9018,8561,8541,8180,8303,8201,8074,8028,8232,8253,8164,8233,8226,7854,7753,8019,8240,7920,7915,8019,8051,7796,8157,8281,8272,8085,7775,7813,8051,8180,8014,8031,7949,7830,7647,7509,7675,8066,7790,7742,7928,7927,7930,7736,6166,6828,7316,7568,7578,7901,8163,8156,8088,7608,7736,8076,8300,7929,7574|
03/04/2026 10:47:46|8855,9031,8561,8546,8182,8274,8183,8064,7998,8225,8256,8158,8211,8206,7796,7717,8007,8246,7921,7885,8006,8051,7801,8144,8272,8271,8079,7762,7791,8045,8174,8013,8050,7948,7819,7630,7495,7640,8042,7781,7738,7916,7911,7947,7765,6230,6850,7341,7586,7592,7888,8148,8152,8089,7641,7750,8096,8310,7917,7557|
03/04/2026 10:47:47|8881,9045,8556,8549,8189,8244,8166,8045,7954,8211,8249,8150,8177,8180,7736,7676,7990,8247,7915,7840,7989,8045,7799,8131,8262,8269,8072,7749,7766,8036,8166,8011,8059,7931,7805,7612,7481,7605,8013,7772,7733,7900,7877,7960,7793,6293,6877,7374,7613,7612,7878,8137,8147,8088,7677,7773,8122,8321,7908,7542|
03/04/2026 10:47:48|8906,9059,8548,8551,8199,8214,8151,8017,7900,8190,8233,8141,8132,8149,7676,7632,7969,8243,7903,7781,7970,8034,7791,8117,8251,8265,8065,7737,7737,8023,8154,8006,8061,7901,7788,7593,7467,7570,7978,7762,7728,7880,7828,7969,7819,6355,6910,7413,7647,7638,7869,8128,8141,8085,7715,7802,8151,8334,7903,7529|
03/04/2026 10:47:49|8928,9073,8537,8551,8212,8184,8137,7981,7837,8164,8211,8130,8078,8114,7616,7586,7945,8235,7885,7710,7948,8018,7777,8103,8240,8260,8057,7725,7706,8007,8141,8000,8056,7858,7769,7573,7453,7537,7940,7752,7723,7858,7767,7974,7843,6415,6946,7457,7689,7668,7862,8122,8133,8081,7755,7837,8184,8348,7900,7518|
03/04/2026 10:47:50|8949,9086,8523,8550,8227,8153,8125,7940,7768,8134,8182,8119,8017,8077,7556,7539,7918,8224,7864,7631,7924,7998,7758,8089,8229,8254,8048,7714,7673,7990,8126,7993,8045,7806,7749,7553,7440,7504,7898,7743,7718,7833,7696,7976,7867,6473,6986,7504,7735,7701,7856,8117,8125,8076,7796,7876,8219,8363,7899,7509|
03/04/2026 10:47:51|8969,9100,8507,8548,8244,8124,8113,7894,7692,8100,8148,8107,7950,8038,7498,7490,7889,8210,7838,7544,7898,7975,7735,8075,8217,8247,8040,7704,7639,7971,8110,7985,8028,7745,7728,7533,7428,7473,7855,7733,7713,7806,7616,7976,7888,6528,7027,7554,7786,7737,7852,8115,8116,8071,7838,7919,8256,8378,7900,7502|
03/04/2026 10:47:52|8987,9113,8489,8545,8263,8095,8103,7845,7613,8064,8110,8094,7880,7997,7441,7442,7858,8193,7810,7453,7872,7950,7709,8061,8206,8240,8032,7694,7604,7951,8092,7976,8008,7679,7706,7513,7416,7443,7809,7724,7708,7778,7530,7973,7909,6581,7070,7607,7839,7775,7850,8114,8107,8064,7880,7965,8295,8394,7903,7496|
03/04/2026 10:47:53|9003,9125,8470,8541,8283,8067,8094,7793,7532,8026,8070,8082,7806,7955,7386,7394,7827,8175,7779,7357,7845,7923,7681,8048,8195,8232,8023,7685,7569,7930,8074,7966,7984,7607,7683,7493,7405,7414,7763,7715,7703,7749,7439,7968,7927,6631,7114,7660,7895,7814,7848,8114,8098,8058,7921,8012,8334,8411,7907,7491|
03/04/2026 10:47:54|9017,9137,8450,8536,8303,8040,8086,7739,7449,7987,8027,8069,7731,7913,7333,7346,7795,8155,7747,7260,7818,7895,7651,8035,8183,8224,8015,7677,7534,7908,8056,7956,7958,7533,7661,7474,7394,7387,7717,7706,7699,7719,7345,7962,7945,6679,7159,7714,7952,7854,7848,8116,8088,8050,7961,8060,8373,8427,7913,7488|
03/04/2026 10:47:55|9030,9149,8429,8531,8324,8014,8079,7684,7365,7947,7982,8056,7655,7871,7283,7300,7763,8135,7713,7161,7792,7865,7620,8023,8173,8216,8006,7669,7499,7886,8037,7946,7930,7456,7638,7455,7384,7362,7671,7698,7694,7689,7250,7954,7961,6723,7203,7767,8010,7895,7848,8118,8078,8043,8001,8109,8412,8444,7920,7485|
03/04/2026 10:47:56|9042,9160,8408,8525,8346,7989,8073,7629,7282,7906,7937,8044,7579,7830,7235,7255,7731,8113,7680,7063,7765,7836,7587,8011,8162,8207,7998,7662,7465,7865,8018,7936,7900,7378,7616,7437,7375,7338,7625,7690,7690,7660,7153,7945,7975,6764,7247,7821,8067,7935,7849,8122,8069,8035,8039,8158,8450,8460,7927,7484|
03/04/2026 10:47:57|9052,9170,8387,8520,8367,7966,8067,7574,7200,7866,7891,8031,7504,7790,7189,7211,7700,8092,7645,6965,7739,7806,7555,8000,8152,8199,7991,7656,7432,7843,8000,7925,7869,7299,7594,7420,7367,7316,7581,7682,7686,7631,7058,7936,7988,6803,7289,7873,8124,7975,7851,8126,8059,8027,8076,8206,8488,8475,7935,7483|
03/04/2026 10:47:58|9061,9179,8367,8514,8388,7944,8063,7520,7120,7827,7845,8020,7431,7750,7147,7170,7669,8070,7612,6870,7714,7776,7522,7989,8143,8191,7983,7650,7401,7822,7982,7915,7837,7221,7573,7403,7359,7295,7537,7675,7682,7603,6963,7925,8000,6838,7331,7923,8180,8013,7853,8131,8050,8019,8111,8254,8524,8490,7943,7483|
03/04/2026 10:47:59|9069,9188,8346,8507,8408,7924,8059,7467,7042,7788,7800,8008,7359,7712,7107,7130,7640,8048,7578,6777,7689,7747,7490,7979,8134,8183,7976,7645,7370,7801,7964,7904,7805,7145,7553,7388,7352,7276,7496,7668,7679,7575,6871,7914,8010,6870,7371,7972,8234,8051,7856,8136,8041,8012,8145,8300,8559,8505,7952,7484|
03/04/2026 10:48:00|9076,9197,8326,8501,8428,7905,8056,7415,6967,7750,7756,7997,7289,7676,7070,7093,7611,8027,7545,6687,7666,7718,7458,7970,8125,8175,7969,7640,7341,7781,7947,7895,7773,7070,7533,7373,7345,7259,7456,7662,7675,7549,6781,7903,8020,6900,7410,8019,8286,8088,7859,8142,8032,8004,8176,8344,8593,8519,7961,7485|
03/04/2026 10:48:01|9082,9204,8307,8495,8447,7887,8053,7366,6895,7714,7714,7987,7223,7641,7036,7057,7584,8006,7514,6601,7643,7691,7427,7961,8118,8168,7963,7636,7314,7762,7931,7885,7742,6997,7515,7359,7339,7243,7418,7656,7672,7524,6694,7892,8028,6927,7447,8064,8336,8122,7863,8147,8024,7997,8206,8387,8625,8532,7970,7487|
03/04/2026 10:48:02|9087,9212,8288,8489,8466,7871,8051,7318,6826,7679,7672,7977,7159,7608,7005,7024,7557,7985,7483,6519,7622,7664,7397,7953,8110,8160,7957,7632,7288,7744,7915,7876,7712,6927,7497,7347,7334,7229,7382,7650,7669,7500,6611,7881,8035,6951,7481,8106,8384,8156,7866,8153,8016,7990,8233,8428,8655,8545,7979,7489|
03/04/2026 10:48:03|9091,9218,8270,8483,8483,7856,8050,7273,6762,7646,7633,7967,7099,7577,6976,6994,7533,7966,7454,6441,7602,7639,7368,7946,8103,8154,7951,7629,7264,7726,7901,7867,7682,6860,7480,7335,7329,7216,7348,7645,7667,7477,6532,7870,8041,6973,7514,8146,8430,8187,7870,8159,8008,7983,8259,8466,8683,8556,7988,7491|
03/04/2026 10:48:04|9094,9224,8253,8478,8500,7842,8049,7230,6701,7615,7595,7959,7042,7548,6950,6965,7510,7947,7426,6367,7584,7614,7341,7939,8097,8147,7946,7626,7241,7710,7887,7858,7653,6797,7465,7324,7325,7205,7316,7641,7664,7455,6458,7859,8047,6992,7545,8184,8473,8217,7874,8165,8001,7977,8283,8503,8710,8567,7997,7494|
03/04/2026 10:48:05|9096,9229,8237,8472,8516,7830,8048,7190,6643,7586,7559,7950,6988,7521,6927,6939,7488,7929,7399,6298,7566,7592,7315,7933,8091,8141,7942,7623,7220,7695,7874,7851,7626,6737,7450,7314,7322,7194,7286,7637,7662,7435,6387,7848,8051,7009,7574,8219,8513,8245,7878,8171,7995,7971,8305,8537,8735,8578,8005,7496|
03/04/2026 10:48:06|9098,9234,8222,8467,8530,7819,8048,7152,6590,7558,7526,7943,6938,7496,6906,6915,7468,7912,7374,6233,7550,7570,7290,7928,8086,8135,7937,7621,7201,7680,7861,7843,7600,6680,7437,7305,7318,7185,7259,7633,7660,7417,6321,7838,8055,7024,7601,8251,8551,8271,7881,8177,7989,7965,8325,8569,8758,8587,8013,7499|
03/04/2026 10:48:07|9100,9238,8208,8462,8544,7809,8048,7117,6541,7532,7494,7936,6892,7473,6887,6893,7449,7896,7351,6173,7535,7550,7267,7923,8081,8130,7933,7620,7183,7667,7850,7836,7575,6627,7424,7296,7316,7178,7233,7630,7658,7400,6259,7828,8058,7037,7625,8281,8585,8295,7885,8183,7983,7960,8343,8599,8779,8596,8021,7502|
03/04/2026 10:48:08|9100,9242,8195,8457,8557,7800,8049,7084,6495,7508,7465,7929,6849,7452,6870,6873,7432,7881,7329,6118,7521,7531,7245,7918,8077,8125,7930,7618,7166,7655,7840,7830,7552,6578,7413,7289,7313,7171,7210,7627,7657,7384,6202,7818,8060,7049,7648,8309,8618,8317,7889,8189,7978,7955,8360,8626,8799,8604,8029,7505|
03/04/2026 10:48:09|9101,9245,8183,8453,8569,7793,8049,7054,6454,7486,7437,7923,6809,7432,6856,6855,7416,7867,7309,6067,7509,7513,7225,7914,8073,8120,7926,7617,7152,7643,7830,7824,7530,6532,7403,7282,7311,7165,7189,7624,7655,7369,6149,7809,8062,7058,7668,8334,8647,8337,7893,8194,7973,7950,8375,8652,8816,8611,8036,7509|
03/04/2026 10:48:10|9099,9248,8175,8449,8581,7790,8054,7034,6425,7470,7416,7919,6777,7414,6843,6843,7405,7856,7292,6026,7499,7499,7207,7912,8069,8115,7923,7616,7140,7629,7821,7815,7511,6493,7393,7275,7309,7162,7173,7621,7656,7360,6108,7799,8062,7068,7686,8355,8670,8354,7898,8199,7966,7941,8388,8675,8833,8618,8044,7513|
03/04/2026 10:48:11|9094,9252,8177,8447,8594,7801,8069,7037,6424,7465,7406,7918,6759,7396,6831,6846,7407,7849,7282,6006,7496,7491,7195,7912,8065,8108,7918,7612,7132,7605,7810,7799,7497,6467,7386,7267,7304,7163,7168,7616,7661,7364,6090,7784,8058,7084,7698,8370,8676,8364,7907,8203,7953,7921,8398,8696,8848,8627,8058,7522|
03/04/2026 10:48:12|9085,9255,8189,8447,8609,7824,8094,7061,6450,7471,7408,7920,6755,7378,6823,6862,7419,7847,7278,6005,7498,7488,7187,7916,8060,8098,7912,7608,7130,7573,7799,7778,7488,6454,7381,7258,7297,7170,7173,7610,7670,7380,6093,7765,8051,7104,7706,8378,8669,8369,7919,8207,7935,7892,8405,8716,8860,8636,8075,7536|
03/04/2026 10:48:13|9072,9256,8207,8449,8624,7848,8122,7097,6491,7487,7418,7928,6766,7366,6824,6886,7428,7838,7278,6024,7507,7490,7180,7917,8053,8080,7899,7605,7135,7547,7795,7761,7484,6450,7381,7252,7298,7183,7186,7606,7678,7404,6116,7748,8041,7133,7718,8375,8654,8369,7931,8211,7920,7862,8407,8729,8861,8636,8092,7555|
03/04/2026 10:48:14|9054,9249,8232,8457,8642,7878,8148,7136,6541,7508,7427,7941,6793,7357,6838,6916,7432,7822,7278,6059,7522,7495,7170,7913,8044,8053,7876,7602,7144,7529,7794,7751,7486,6455,7387,7250,7309,7206,7205,7607,7688,7433,6158,7737,8027,7172,7735,8345,8632,8367,7948,8218,7910,7837,8406,8738,8855,8631,8110,7582|
03/04/2026 10:48:15|9032,9234,8263,8472,8663,7914,8172,7176,6596,7534,7435,7959,6832,7349,6861,6949,7431,7802,7280,6107,7540,7503,7159,7904,8031,8016,7846,7598,7155,7518,7795,7745,7491,6467,7400,7251,7331,7237,7232,7613,7702,7467,6215,7731,8008,7220,7758,8292,8605,8363,7969,8230,7905,7816,8404,8742,8844,8623,8129,7613|
03/04/2026 10:48:16|9006,9215,8299,8492,8687,7955,8194,7219,6657,7564,7441,7981,6882,7344,6893,6988,7429,7778,7284,6168,7563,7513,7147,7888,8016,7973,7810,7594,7169,7512,7800,7744,7501,6485,7418,7255,7360,7276,7264,7623,7718,7505,6285,7730,7987,7274,7786,8219,8572,8357,7992,8244,7904,7799,8399,8742,8830,8613,8149,7647|
03/04/2026 10:48:17|8986,9202,8348,8527,8722,8012,8229,7278,6734,7599,7453,8009,6947,7355,6944,7041,7439,7766,7297,6240,7588,7525,7138,7848,8003,7937,7783,7598,7192,7517,7811,7750,7516,6506,7440,7270,7401,7323,7302,7637,7734,7542,6363,7732,7966,7329,7813,8145,8535,8347,8010,8247,7904,7785,8385,8733,8811,8599,8163,7682|
03/04/2026 10:48:18|8974,9202,8411,8576,8772,8086,8281,7357,6827,7639,7472,8044,7028,7387,7015,7114,7469,7770,7322,6323,7617,7540,7134,7778,7994,7914,7769,7612,7226,7533,7831,7765,7537,6530,7465,7297,7452,7380,7346,7654,7750,7579,6449,7738,7948,7380,7839,8078,8493,8333,8019,8234,7903,7773,8360,8714,8789,8584,8170,7716|
03/04/2026 10:48:19|8969,9210,8485,8639,8832,8173,8346,7451,6935,7682,7498,8084,7121,7436,7102,7201,7514,7786,7357,6414,7648,7555,7134,7684,7986,7901,7766,7634,7270,7558,7855,7785,7563,6557,7492,7334,7510,7443,7395,7673,7766,7613,6538,7746,7933,7428,7864,8017,8448,8315,8020,8210,7902,7765,8327,8688,8764,8566,8172,7748|
03/04/2026 10:48:20|8969,9223,8560,8705,8892,8253,8408,7549,7048,7729,7528,8118,7210,7493,7190,7288,7559,7805,7394,6511,7678,7572,7129,7587,7972,7885,7763,7648,7316,7585,7872,7794,7589,6594,7520,7371,7556,7498,7439,7689,7784,7649,6629,7747,7919,7476,7892,7970,8402,8290,8016,8180,7904,7765,8297,8655,8740,8549,8174,7781|
03/04/2026 10:48:21|8971,9235,8634,8771,8946,8316,8461,7646,7163,7780,7563,8140,7289,7552,7273,7369,7596,7820,7430,6612,7706,7588,7118,7496,7947,7861,7754,7651,7363,7611,7876,7786,7611,6642,7549,7403,7584,7540,7476,7701,7802,7686,6718,7735,7903,7525,7925,7936,8356,8258,8009,8147,7911,7777,8275,8620,8719,8535,8178,7816|
03/04/2026 10:48:22|8975,9249,8705,8835,8995,8365,8506,7739,7278,7832,7599,8154,7359,7613,7351,7444,7628,7831,7465,6713,7732,7603,7102,7412,7914,7830,7741,7643,7410,7636,7870,7766,7632,6699,7578,7432,7596,7571,7507,7709,7822,7723,6807,7714,7886,7573,7962,7915,8311,8219,7999,8113,7922,7798,8261,8581,8700,8524,8185,7853|
03/04/2026 10:48:23|8981,9262,8772,8890,9030,8405,8542,7825,7386,7881,7635,8162,7420,7667,7422,7516,7660,7839,7498,6811,7753,7618,7092,7344,7879,7801,7732,7634,7454,7661,7861,7747,7652,6761,7610,7466,7611,7602,7540,7720,7845,7762,6896,7691,7868,7622,8003,7906,8268,8185,7996,8086,7935,7823,8252,8545,8681,8515,8197,7894|
03/04/2026 10:48:24|8987,9274,8833,8937,9054,8436,8566,7898,7485,7924,7673,8172,7476,7713,7479,7573,7688,7846,7531,6905,7767,7631,7090,7291,7846,7777,7731,7631,7498,7685,7844,7730,7671,6822,7640,7500,7632,7635,7569,7732,7865,7798,6979,7666,7847,7670,8044,7900,8224,8151,7993,8058,7948,7849,8235,8507,8661,8506,8208,7934|
03/04/2026 10:48:25|8988,9279,8882,8977,9072,8455,8581,7963,7576,7947,7711,8182,7531,7754,7526,7622,7710,7847,7557,6998,7779,7639,7092,7248,7819,7760,7734,7629,7535,7704,7826,7712,7688,6881,7663,7528,7654,7667,7594,7740,7882,7831,7055,7638,7827,7713,8079,7892,8178,8113,7977,8017,7956,7872,8207,8464,8639,8496,8218,7972|
03/04/2026 10:48:26|8982,9278,8918,9010,9085,8463,8586,8020,7659,7948,7749,8195,7586,7789,7561,7664,7728,7841,7577,7088,7792,7646,7101,7217,7798,7750,7740,7629,7566,7717,7806,7694,7704,6938,7680,7549,7674,7700,7615,7747,7897,7862,7126,7607,7809,7752,8107,7884,8134,8072,7947,7960,7957,7893,8169,8417,8613,8487,8229,8011|
03/04/2026 10:48:27|8970,9270,8942,9037,9093,8463,8584,8071,7734,7932,7784,8209,7642,7819,7586,7701,7743,7828,7594,7177,7805,7650,7116,7195,7784,7749,7749,7629,7591,7726,7787,7675,7718,6994,7692,7563,7693,7731,7633,7753,7909,7892,7192,7574,7793,7787,8129,7877,8091,8029,7903,7890,7954,7911,8122,8367,8586,8479,8241,8050|
03/04/2026 10:48:28|8954,9256,8956,9058,9098,8454,8574,8115,7802,7899,7819,8225,7698,7843,7603,7732,7756,7810,7605,7263,7819,7653,7135,7183,7776,7753,7760,7630,7610,7730,7767,7657,7731,7048,7700,7571,7710,7762,7648,7757,7920,7920,7252,7540,7778,7817,8146,7869,8049,7983,7849,7810,7945,7926,8067,8314,8556,8471,8255,8089|
03/04/2026 10:48:29|8934,9238,8961,9075,9100,8439,8558,8152,7862,7853,7852,8241,7753,7862,7611,7758,7765,7788,7614,7346,7833,7654,7159,7178,7772,7763,7772,7631,7624,7730,7747,7638,7743,7100,7703,7574,7725,7791,7660,7760,7928,7946,7308,7504,7764,7843,8159,7862,8010,7936,7786,7721,7933,7939,8007,8260,8526,8464,8269,8126|
03/04/2026 10:48:30|8911,9217,8957,9086,9098,8417,8537,8184,7916,7796,7883,8259,7807,7878,7614,7779,7772,7762,7618,7425,7847,7654,7185,7180,7773,7778,7786,7633,7634,7727,7727,7620,7754,7150,7703,7572,7739,7820,7670,7761,7935,7970,7358,7468,7752,7866,8167,7854,7972,7889,7716,7626,7918,7950,7942,8205,8494,8458,8283,8163|
03/04/2026 10:48:31|8885,9192,8947,9094,9095,8391,8512,8211,7963,7730,7913,8276,7859,7889,7610,7797,7777,7733,7620,7501,7861,7653,7214,7188,7778,7796,7801,7635,7639,7721,7708,7602,7763,7196,7699,7567,7752,7847,7678,7762,7940,7992,7404,7432,7741,7886,8171,7848,7937,7842,7642,7526,7900,7958,7873,8149,8463,8452,8298,8198|
03/04/2026 10:48:32|8858,9165,8931,9099,9089,8362,8484,8234,8005,7657,7940,8294,7910,7897,7601,7810,7780,7702,7619,7572,7875,7651,7245,7202,7785,7817,7817,7638,7642,7713,7689,7585,7772,7241,7693,7558,7763,7873,7683,7762,7944,8013,7445,7396,7731,7902,8172,7841,7904,7795,7563,7424,7880,7965,7803,8094,8431,8446,8312,8232|
03/04/2026 10:48:33|8832,9141,8916,9102,9084,8336,8457,8254,8044,7587,7970,8312,7960,7907,7593,7823,7785,7673,7619,7640,7887,7651,7278,7219,7795,7838,7830,7639,7640,7703,7673,7570,7777,7282,7685,7548,7773,7896,7686,7760,7948,8031,7481,7363,7723,7916,8169,7835,7872,7751,7487,7325,7859,7969,7734,8041,8397,8439,8326,8264|
03/04/2026 10:48:34|8815,9128,8916,9111,9088,8328,8445,8282,8090,7541,8011,8337,8014,7929,7598,7843,7798,7654,7627,7705,7901,7659,7317,7241,7808,7856,7839,7639,7638,7692,7660,7555,7777,7318,7677,7542,7783,7918,7688,7753,7950,8045,7517,7336,7716,7926,8160,7830,7843,7714,7424,7236,7836,7962,7671,7989,8357,8429,8339,8292|
03/04/2026 10:48:35|8806,9123,8930,9129,9103,8338,8449,8315,8146,7522,8065,8370,8071,7961,7618,7871,7815,7643,7646,7771,7922,7674,7359,7274,7829,7881,7851,7639,7641,7689,7654,7545,7777,7355,7672,7542,7796,7937,7696,7753,7952,8057,7555,7319,7708,7931,8146,7828,7816,7682,7374,7164,7811,7949,7616,7941,8313,8415,8349,8315|
03/04/2026 10:48:36|8801,9120,8948,9149,9121,8357,8461,8353,8208,7524,8123,8407,8123,7997,7645,7896,7831,7639,7671,7832,7940,7689,7400,7311,7850,7907,7865,7641,7645,7689,7647,7540,7781,7395,7672,7547,7808,7954,7710,7758,7952,8067,7586,7309,7699,7933,8130,7825,7792,7656,7335,7106,7787,7937,7572,7903,8273,8397,8348,8330|
03/04/2026 10:48:37|8805,9126,8977,9178,9144,8383,8481,8398,8276,7544,8187,8447,8172,8040,7683,7930,7854,7643,7702,7885,7953,7704,7445,7351,7872,7929,7882,7651,7656,7694,7643,7537,7789,7439,7679,7559,7821,7968,7728,7767,7955,8077,7616,7307,7691,7933,8116,7824,7775,7634,7303,7061,7768,7928,7539,7873,8237,8380,8342,8341|
03/04/2026 10:48:38|8810,9131,9013,9215,9168,8417,8509,8449,8348,7583,8256,8488,8224,8087,7730,7971,7890,7658,7737,7936,7967,7718,7492,7398,7894,7953,7904,7670,7670,7703,7646,7540,7805,7492,7693,7580,7836,7982,7750,7779,7964,8095,7655,7314,7686,7937,8106,7825,7768,7620,7281,7031,7756,7923,7517,7847,8198,8366,8338,8353|
03/04/2026 10:48:39|8825,9149,9061,9262,9202,8468,8553,8514,8429,7642,8333,8532,8282,8142,7787,8018,7935,7688,7779,7991,7990,7743,7548,7454,7921,7980,7928,7693,7687,7704,7655,7553,7827,7550,7709,7598,7853,8001,7777,7795,7973,8117,7699,7327,7688,7948,8105,7831,7770,7614,7270,7019,7750,7914,7499,7829,8165,8355,8333,8371|
03/04/2026 10:48:40|8853,9181,9122,9319,9247,8535,8614,8591,8519,7720,8416,8583,8346,8205,7852,8072,7988,7729,7831,8051,8023,7780,7613,7518,7950,8008,7952,7721,7705,7692,7668,7573,7853,7610,7725,7610,7871,8023,7809,7813,7980,8142,7746,7343,7699,7967,8111,7844,7780,7618,7272,7023,7749,7899,7487,7820,8140,8347,8327,8393|
03/04/2026 10:48:41|8892,9225,9192,9384,9302,8616,8688,8678,8616,7812,8503,8638,8415,8273,7924,8132,8048,7781,7890,8116,8064,7826,7685,7587,7982,8037,7977,7751,7724,7669,7684,7600,7883,7673,7741,7616,7889,8048,7844,7832,7986,8169,7794,7362,7719,7993,8124,7864,7798,7631,7286,7042,7752,7879,7478,7818,8121,8343,8320,8420|
03/04/2026 10:48:42|8940,9279,9270,9455,9365,8708,8773,8773,8719,7917,8593,8697,8487,8345,8002,8195,8112,7841,7955,8184,8113,7880,7761,7661,8016,8067,8002,7784,7743,7637,7703,7633,7914,7737,7756,7618,7908,8075,7881,7854,7991,8198,7843,7382,7746,8025,8143,7889,7822,7651,7311,7072,7758,7855,7474,7822,8109,8342,8313,8450|
03/04/2026 10:48:43|8996,9341,9353,9532,9434,8808,8866,8875,8825,8030,8686,8759,8562,8421,8084,8261,8180,7907,8024,8253,8166,7941,7842,7739,8050,8098,8027,7819,7763,7597,7724,7669,7948,7801,7771,7616,7926,8104,7920,7876,7994,8227,7893,7404,7778,8062,8166,7919,7851,7677,7343,7112,7767,7827,7472,7832,8101,8344,8305,8483|
03/04/2026 10:48:44|9057,9410,9441,9611,9508,8914,8966,8980,8933,8151,8779,8822,8638,8498,8169,8329,8250,7979,8096,8324,8224,8006,7925,7818,8086,8128,8051,7855,7784,7551,7747,7709,7983,7865,7786,7610,7944,8133,7961,7898,7996,8258,7943,7427,7815,8103,8194,7952,7885,7709,7383,7160,7779,7797,7474,7846,8099,8347,8296,8517|
03/04/2026 10:48:45|9123,9483,9532,9693,9586,9025,9071,9088,9043,8277,8871,8886,8714,8576,8255,8398,8322,8054,8170,8395,8285,8074,8009,7898,8122,8158,8076,7892,7804,7501,7771,7752,8019,7928,7800,7602,7962,8164,8001,7921,7998,8288,7992,7450,7856,8146,8224,7989,7921,7745,7428,7215,7792,7764,7478,7864,8100,8352,8288,8553|
03/04/2026 10:48:46|9193,9560,9625,9776,9665,9139,9179,9198,9151,8405,8963,8949,8790,8654,8341,8467,8394,8132,8246,8465,8348,8145,8093,7978,8157,8187,8099,7929,7824,7446,7796,7796,8055,7989,7813,7590,7979,8195,8042,7944,7998,8319,8041,7474,7900,8192,8257,8027,7960,7784,7478,7275,7808,7731,7484,7885,8105,8359,8279,8590|
03/04/2026 10:48:47|9264,9639,9718,9859,9745,9254,9288,9307,9259,8535,9052,9013,8864,8731,8427,8536,8466,8211,8321,8534,8413,8218,8177,8058,8192,8216,8122,7966,7843,7389,7821,7841,8091,8049,7825,7577,7996,8225,8083,7967,7998,8349,8088,7498,7946,8239,8291,8067,8001,7825,7531,7339,7824,7696,7492,7909,8113,8367,8270,8626|
03/04/2026 10:48:48|9333,9716,9805,9936,9821,9363,9390,9409,9359,8659,9132,9067,8927,8801,8508,8600,8535,8289,8394,8598,8469,8285,8254,8133,8226,8244,8143,8001,7859,7335,7846,7886,8126,8104,7840,7567,8015,8257,8123,7989,7998,8375,8134,7525,7994,8286,8327,8108,8044,7869,7588,7408,7845,7666,7504,7935,8122,8375,8262,8660|
03/04/2026 10:48:49|9388,9780,9875,9998,9881,9451,9466,9485,9434,8762,9188,9100,8964,8852,8577,8655,8594,8359,8457,8647,8511,8337,8312,8195,8254,8270,8164,8033,7873,7297,7872,7929,8160,8153,7862,7570,8039,8292,8162,8008,8002,8396,8181,7563,8045,8329,8364,8149,8085,7914,7651,7482,7873,7648,7523,7960,8131,8382,8257,8684|
03/04/2026 10:48:50|9429,9829,9920,10045,9925,9517,9520,9537,9488,8847,9228,9119,8988,8884,8629,8695,8642,8418,8505,8681,8544,8381,8359,8242,8272,8291,8186,8063,7891,7274,7897,7966,8186,8195,7886,7579,8065,8325,8198,8029,8011,8417,8228,7605,8100,8372,8399,8184,8120,7957,7714,7560,7908,7643,7548,7982,8142,8389,8251,8700|
03/04/2026 10:48:51|9455,9867,9953,10079,9952,9568,9558,9567,9522,8918,9254,9130,9000,8905,8668,8720,8682,8468,8544,8706,8570,8417,8397,8283,8287,8307,8203,8089,7909,7260,7922,7999,8200,8227,7910,7586,8090,8353,8230,8051,8022,8433,8269,7649,8151,8412,8431,8217,8149,7999,7770,7639,7948,7652,7579,8009,8157,8392,8241,8705|
03/04/2026 10:48:52|9470,9896,9975,10096,9968,9608,9584,9574,9536,8974,9269,9132,9002,8915,8699,8728,8712,8512,8577,8725,8592,8446,8427,8319,8303,8323,8217,8109,7927,7257,7946,8029,8206,8251,7931,7595,8111,8373,8262,8080,8037,8437,8304,7694,8194,8443,8451,8248,8164,8037,7813,7717,7993,7669,7615,8041,8170,8387,8225,8702|
03/04/2026 10:48:53|9474,9916,9987,10097,9974,9639,9600,9558,9534,9017,9275,9127,8994,8916,8724,8719,8735,8549,8605,8740,8608,8469,8448,8349,8320,8339,8226,8124,7943,7261,7969,8056,8206,8266,7950,7607,8130,8385,8295,8113,8056,8431,8333,7737,8229,8463,8459,8276,8166,8070,7844,7794,8041,7694,7656,8076,8180,8375,8205,8694|
03/04/2026 10:48:54|9473,9930,9990,10086,9971,9660,9606,9528,9517,9050,9274,9118,8979,8908,8740,8699,8751,8581,8627,8750,8618,8484,8464,8373,8332,8351,8230,8133,7955,7272,7990,8079,8199,8272,7964,7621,8143,8389,8324,8147,8075,8416,8356,7777,8255,8475,8459,8302,8160,8098,7867,7865,8086,7721,7697,8114,8190,8358,8182,8680|
03/04/2026 10:48:55|9472,9941,9988,10069,9964,9676,9607,9492,9494,9078,9272,9110,8965,8898,8747,8666,8763,8611,8646,8752,8620,8493,8476,8392,8335,8357,8231,8140,7964,7290,8006,8094,8182,8271,7973,7635,8151,8387,8344,8176,8087,8399,8373,7811,8275,8475,8454,8322,8150,8122,7891,7927,8117,7743,7733,8151,8203,8341,8162,8667|
03/04/2026 10:48:56|9470,9949,9980,10052,9955,9686,9602,9453,9468,9101,9267,9097,8953,8888,8750,8630,8770,8640,8662,8737,8619,8498,8482,8405,8322,8360,8235,8146,7968,7313,8020,8107,8163,8266,7979,7646,8156,8379,8355,8200,8096,8383,8390,7845,8291,8467,8444,8339,8143,8145,7916,7981,8136,7762,7768,8187,8218,8326,8150,8659|
03/04/2026 10:48:57|9467,9954,9965,10033,9943,9692,9593,9411,9439,9121,9259,9081,8941,8878,8747,8592,8774,8667,8675,8707,8614,8500,8484,8413,8296,8361,8240,8151,7970,7340,8032,8116,8142,8258,7982,7655,8161,8368,8358,8218,8104,8370,8407,7880,8304,8451,8431,8353,8139,8166,7943,8027,8147,7778,7803,8223,8235,8312,8144,8656|
03/04/2026 10:48:58|9463,9956,9946,10013,9929,9694,9581,9368,9409,9138,9249,9062,8930,8870,8741,8553,8775,8693,8686,8665,8607,8498,8481,8416,8258,8359,8247,8156,7969,7372,8042,8123,8120,8247,7983,7662,8163,8352,8355,8233,8110,8359,8424,7914,8314,8430,8415,8366,8136,8186,7971,8067,8149,7792,7838,8257,8254,8300,8142,8658|
03/04/2026 10:48:59|9459,9955,9923,9992,9914,9693,9564,9324,9377,9151,9238,9040,8920,8861,8731,8513,8774,8717,8695,8612,8597,8495,8476,8415,8211,8355,8255,8159,7965,7406,8051,8127,8098,8235,7982,7668,8164,8334,8347,8245,8115,8350,8440,7949,8321,8403,8396,8376,8135,8204,7999,8101,8143,7803,7872,8291,8273,8289,8146,8663|
03/04/2026 10:49:00|9454,9953,9896,9971,9897,9688,9546,9279,9344,9161,9224,9017,8911,8854,8718,8472,8770,8739,8702,8551,8586,8489,8468,8410,8155,8349,8264,8162,7959,7442,8059,8130,8076,8220,7979,7673,8164,8314,8334,8252,8118,8342,8456,7982,8326,8372,8376,8385,8136,8222,8028,8129,8132,7812,7905,8322,8294,8280,8153,8671|
03/04/2026 10:49:01|9449,9948,9867,9950,9879,9680,9525,9235,9311,9170,9211,8993,8903,8847,8703,8433,8764,8759,8708,8484,8573,8481,8457,8403,8094,8342,8274,8164,7952,7480,8065,8131,8054,8205,7976,7676,8163,8292,8317,8258,8121,8337,8472,8015,8330,8339,8354,8392,8139,8238,8057,8153,8116,7820,7937,8352,8314,8272,8163,8682|
03/04/2026 10:49:02|9441,9942,9841,9932,9860,9666,9500,9195,9282,9180,9202,8975,8897,8839,8692,8403,8757,8774,8712,8423,8558,8468,8448,8398,8040,8333,8283,8169,7946,7521,8073,8133,8038,8196,7977,7685,8162,8269,8298,8261,8125,8335,8488,8049,8334,8306,8329,8397,8147,8257,8087,8176,8100,7830,7970,8379,8330,8262,8174,8689|
03/04/2026 10:49:03|9426,9929,9812,9911,9837,9645,9468,9154,9250,9181,9189,8954,8886,8824,8679,8377,8741,8779,8712,8367,8538,8447,8438,8390,7981,8313,8283,8172,7942,7563,8082,8132,8026,8189,7983,7699,8161,8245,8273,8261,8126,8331,8503,8083,8335,8275,8299,8394,8158,8272,8116,8198,8087,7838,8003,8400,8339,8244,8179,8690|
03/04/2026 10:49:04|9400,9899,9777,9881,9807,9618,9428,9110,9213,9172,9166,8924,8864,8803,8659,8348,8715,8773,8705,8314,8515,8420,8426,8380,7924,8282,8272,8171,7936,7604,8092,8128,8018,8184,7985,7707,8156,8220,8249,8259,8126,8325,8513,8117,8335,8240,8265,8389,8169,8281,8144,8217,8077,7845,8030,8419,8344,8223,8186,8688|
03/04/2026 10:49:05|9364,9859,9742,9845,9770,9587,9387,9063,9172,9154,9137,8887,8835,8777,8635,8318,8678,8755,8676,8260,8491,8394,8407,8362,7874,8247,8257,8166,7928,7645,8106,8129,8013,8176,7984,7714,8150,8197,8226,8257,8125,8312,8512,8149,8331,8198,8234,8384,8182,8290,8169,8232,8066,7845,8043,8429,8341,8198,8193,8685|
03/04/2026 10:49:06|9322,9818,9708,9806,9728,9556,9347,9014,9126,9127,9102,8846,8802,8749,8608,8289,8628,8723,8619,8204,8465,8366,8378,8336,7830,8208,8238,8160,7921,7686,8123,8135,8009,8163,7981,7722,8146,8178,8206,8253,8120,8292,8499,8178,8322,8155,8207,8382,8196,8298,8190,8245,8054,7836,8039,8431,8328,8168,8200,8681|
03/04/2026 10:49:07|9274,9775,9676,9763,9681,9524,9307,8966,9077,9094,9061,8800,8765,8719,8579,8260,8568,8680,8538,8145,8437,8339,8341,8303,7791,8167,8216,8153,7916,7729,8143,8145,8007,8148,7976,7731,8144,8164,8188,8246,8113,8265,8475,8203,8310,8109,8185,8382,8212,8307,8208,8256,8040,7819,8022,8424,8305,8133,8206,8676|
03/04/2026 10:49:08|9222,9731,9647,9719,9631,9493,9268,8917,9026,9056,9017,8751,8727,8687,8549,8231,8499,8627,8437,8084,8409,8312,8297,8265,7757,8124,8191,8145,7911,7771,8166,8158,8005,8130,7971,7740,8144,8153,8171,8239,8104,8233,8442,8226,8295,8062,8166,8383,8229,8315,8222,8264,8025,7796,7993,8410,8274,8095,8212,8669|
03/04/2026 10:49:09|9167,9687,9619,9673,9579,9463,9230,8869,8973,9013,8971,8700,8687,8655,8519,8204,8423,8567,8320,8023,8380,8285,8249,8223,7727,8080,8164,8136,7907,7814,8190,8174,8005,8110,7964,7749,8145,8146,8156,8230,8093,8195,8401,8245,8277,8015,8151,8385,8247,8323,8233,8271,8009,7767,7955,8390,8237,8054,8216,8661|
03/04/2026 10:49:10|9110,9643,9593,9626,9525,9433,9194,8822,8918,8967,8922,8647,8646,8622,8487,8177,8342,8501,8191,7962,8352,8259,8196,8177,7702,8036,8135,8127,7904,7855,8216,8193,8005,8088,7956,7759,8147,8141,8143,8221,8081,8154,8354,8262,8257,7968,8139,8388,8265,8331,8242,8276,7993,7733,7908,8365,8195,8011,8220,8653|
03/04/2026 10:49:11|9052,9599,9569,9580,9470,9404,9159,8777,8864,8918,8872,8594,8604,8590,8456,8152,8258,8430,8051,7902,8323,8234,8140,8129,7681,7992,8106,8117,7901,7896,8243,8213,8006,8065,7948,7769,8151,8139,8132,8211,8067,8111,8303,8276,8235,7922,8130,8393,8284,8339,8248,8279,7977,7696,7855,8336,8149,7966,8223,8644|
03/04/2026 10:49:12|8996,9556,9546,9532,9414,9376,9128,8735,8807,8865,8823,8544,8566,8559,8426,8128,8175,8359,7912,7845,8295,8210,8085,8083,7665,7949,8076,8107,7901,7935,8270,8235,8007,8041,7939,7780,8154,8139,8124,8202,8056,8069,8250,8287,8214,7879,8124,8396,8300,8347,8254,8282,7963,7661,7800,8307,8104,7924,8227,8636|
03/04/2026 10:49:13|8952,9517,9520,9482,9354,9348,9105,8700,8753,8815,8774,8500,8532,8532,8393,8103,8102,8295,7790,7797,8265,8187,8037,8043,7651,7913,8048,8094,7900,7971,8296,8255,8003,8011,7927,7793,8154,8142,8124,8198,8053,8037,8201,8295,8199,7850,8123,8396,8315,8352,8255,8275,7956,7636,7750,8280,8068,7894,8233,8627|
03/04/2026 10:49:14|8922,9483,9492,9429,9289,9319,9090,8673,8706,8773,8723,8461,8503,8505,8355,8076,8041,8239,7685,7757,8233,8166,7997,8010,7637,7882,8023,8077,7898,8006,8321,8274,7992,7973,7910,7808,8149,8148,8130,8199,8057,8014,8156,8302,8192,7833,8126,8393,8329,8355,8249,8256,7955,7622,7707,8256,8038,7875,8243,8614|
03/04/2026 10:49:15|8903,9454,9463,9373,9221,9292,9081,8651,8668,8739,8673,8425,8476,8479,8313,8046,7990,8192,7597,7723,8199,8146,7964,7983,7622,7856,7999,8058,7895,8038,8345,8292,7975,7929,7890,7825,8141,8156,8142,8205,8067,7999,8114,8308,8190,7827,8133,8389,8342,8356,8237,8226,7958,7617,7671,8233,8014,7868,8254,8598|
03/04/2026 10:49:16|8891,9425,9432,9321,9160,9267,9075,8637,8642,8716,8630,8391,8450,8450,8273,8017,7944,8149,7525,7699,8168,8127,7939,7963,7615,7840,7984,8043,7890,8066,8366,8305,7962,7895,7873,7841,8133,8164,8159,8217,8084,7993,8081,8317,8195,7830,8145,8385,8353,8352,8227,8192,7968,7622,7643,8210,7997,7868,8263,8579|
03/04/2026 10:49:17|8883,9395,9400,9274,9107,9245,9068,8630,8627,8702,8596,8357,8423,8418,8238,7988,7900,8108,7470,7685,8142,8108,7920,7950,7618,7835,7980,8034,7884,8088,8382,8315,7956,7873,7863,7858,8127,8170,8179,8234,8107,7994,8057,8331,8205,7842,8161,8384,8362,8345,8220,8156,7983,7635,7623,8185,7987,7872,8267,8557|
03/04/2026 10:49:18|8878,9365,9368,9231,9064,9227,9061,8630,8624,8699,8570,8323,8395,8383,8209,7961,7859,8070,7431,7680,8121,8090,7907,7944,7630,7839,7985,8030,7877,8105,8395,8320,7957,7863,7858,7875,8123,8175,8203,8255,8135,8002,8040,8348,8219,7862,8181,8385,8368,8335,8216,8118,8003,7654,7610,8159,7983,7881,8268,8532|
03/04/2026 10:49:19|8877,9337,9333,9191,9026,9209,9054,8631,8625,8700,8552,8293,8370,8350,8184,7939,7825,8036,7405,7682,8103,8072,7899,7941,7648,7851,7994,8029,7871,8119,8405,8322,7963,7863,7859,7892,8119,8179,8227,8279,8167,8015,8029,8366,8234,7886,8203,8387,8373,8324,8213,8081,8027,7680,7603,8133,7980,7892,8265,8507|
03/04/2026 10:49:20|8882,9317,9299,9157,8996,9195,9048,8637,8631,8707,8543,8274,8353,8327,8168,7926,7802,8007,7395,7691,8086,8056,7892,7938,7669,7867,8003,8023,7864,8134,8411,8315,7968,7868,7864,7909,8114,8181,8250,8301,8197,8027,8017,8376,8243,7910,8223,8387,8374,8308,8206,8046,8045,7705,7596,8102,7974,7897,8259,8484|
03/04/2026 10:49:21|8895,9307,9270,9133,8977,9185,9044,8645,8644,8720,8544,8267,8346,8315,8164,7920,7786,7981,7393,7705,8074,8045,7888,7940,7695,7885,8014,8013,7858,8145,8406,8304,7973,7873,7869,7928,8110,8180,8270,8320,8222,8039,8006,8371,8244,7930,8231,8374,8360,8285,8192,8012,8052,7724,7590,8066,7963,7899,8250,8462|
03/04/2026 10:49:22|8911,9303,9241,9119,8964,9180,9040,8656,8661,8736,8554,8267,8345,8307,8166,7914,7778,7963,7396,7725,8064,8032,7875,7943,7725,7905,8025,8002,7852,8158,8401,8294,7976,7870,7861,7944,8104,8167,8284,8333,8242,8052,8000,8359,8242,7945,8232,8354,8341,8261,8177,7979,8049,7733,7584,8029,7944,7900,8236,8442|
03/04/2026 10:49:23|8928,9302,9208,9114,8953,9176,9032,8671,8682,8752,8571,8272,8350,8301,8171,7905,7779,7955,7400,7748,8054,8015,7852,7945,7759,7928,8039,7993,7847,8173,8399,8287,7976,7858,7841,7958,8097,8144,8291,8341,8257,8067,8001,8349,8239,7953,8230,8330,8319,8239,8163,7948,8033,7732,7576,7990,7919,7901,8216,8422|
03/04/2026 10:49:24|8945,9305,9172,9117,8945,9175,9021,8689,8706,8769,8593,8281,8360,8294,8178,7893,7787,7955,7406,7773,8044,7994,7820,7947,7794,7954,8055,7986,7843,8189,8401,8283,7973,7839,7809,7969,8087,8112,8291,8344,8268,8082,8006,8341,8237,7957,8224,8302,8294,8219,8151,7918,8007,7723,7569,7952,7889,7903,8191,8403|
03/04/2026 10:49:25|8963,9310,9133,9126,8940,9175,9008,8709,8732,8786,8620,8294,8374,8289,8188,7879,7801,7962,7412,7801,8034,7971,7781,7949,7832,7982,8073,7981,7840,8208,8405,8281,7969,7814,7768,7977,8077,8073,8286,8343,8275,8098,8017,8335,8236,7956,8216,8272,8267,8200,8139,7890,7972,7706,7561,7914,7856,7904,8162,8385|
03/04/2026 10:49:26|8980,9318,9094,9141,8936,9177,8993,8730,8760,8802,8650,8309,8391,8284,8200,7864,7821,7975,7419,7830,8024,7946,7735,7950,7871,8012,8092,7977,7838,8227,8411,8281,7962,7783,7720,7983,8065,8028,8277,8338,8279,8115,8031,8330,8234,7951,8205,8240,8238,8182,8129,7862,7930,7682,7552,7877,7820,7906,8129,8367|
03/04/2026 10:49:27|8998,9327,9053,9161,8934,9181,8977,8753,8789,8818,8684,8328,8411,8280,8213,7847,7844,7994,7427,7861,8015,7919,7685,7951,7910,8043,8112,7975,7837,8248,8420,8283,7955,7749,7665,7988,8053,7979,8264,8330,8280,8131,8049,8327,8232,7943,8192,8206,8209,8166,8119,7837,7883,7653,7544,7841,7782,7908,8094,8350|
03/04/2026 10:49:28|9015,9338,9012,9184,8933,9185,8959,8777,8819,8834,8720,8348,8434,8276,8227,7828,7871,8017,7435,7892,8006,7891,7631,7952,7950,8075,8132,7974,7836,8268,8429,8286,7946,7712,7605,7990,8040,7926,8248,8319,8278,8147,8069,8326,8231,7932,8177,8172,8179,8152,8111,7812,7830,7620,7535,7806,7742,7911,8056,8334|
03/04/2026 10:49:29|9031,9350,8971,9211,8934,9190,8940,8801,8848,8849,8757,8369,8458,8273,8242,7810,7901,8043,7444,7923,7998,7863,7575,7952,7990,8107,8153,7974,7836,8289,8441,8291,7936,7672,7542,7991,8027,7870,8229,8307,8274,8163,8091,8325,8229,7919,8161,8136,8149,8139,8103,7790,7774,7584,7527,7772,7702,7913,8018,8319|
03/04/2026 10:49:30|9047,9363,8931,9240,8936,9197,8921,8825,8878,8863,8795,8392,8484,8270,8258,7790,7933,8072,7453,7954,7989,7834,7517,7952,8028,8139,8174,7975,7836,8310,8453,8296,7925,7630,7476,7991,8013,7813,8208,8292,8268,8179,8115,8326,8228,7904,8145,8101,8119,8127,8096,7769,7716,7545,7519,7740,7661,7915,7978,8305|
03/04/2026 10:49:31|9062,9377,8891,9272,8939,9203,8902,8849,8908,8877,8834,8415,8510,8268,8274,7771,7966,8104,7461,7985,7982,7805,7458,7952,8066,8171,8195,7976,7837,8331,8465,8303,7914,7587,7409,7989,8000,7755,8186,8276,8261,8195,8141,8327,8227,7887,8128,8067,8089,8117,8091,7749,7656,7504,7511,7710,7620,7918,7939,8291|
03/04/2026 10:49:32|9077,9392,8853,9304,8942,9210,8883,8873,8937,8890,8872,8438,8537,8266,8290,7751,8000,8137,7470,8015,7975,7776,7398,7952,8103,8202,8216,7979,7838,8352,8479,8310,7902,7544,7341,7987,7986,7696,8162,8259,8252,8209,8166,8329,8226,7869,8110,8032,8061,8108,8086,7732,7596,7462,7503,7681,7579,7920,7900,8279|
03/04/2026 10:49:33|9091,9406,8816,9337,8947,9218,8863,8896,8965,8903,8911,8462,8564,8264,8307,7732,8035,8170,7479,8044,7968,7748,7340,7952,8139,8232,8236,7982,7840,8371,8492,8317,7890,7501,7274,7983,7973,7639,8138,8242,8242,8224,8193,8331,8225,7851,8092,7999,8032,8100,8081,7715,7535,7420,7495,7654,7539,7922,7861,8268|
03/04/2026 10:49:34|9104,9421,8780,9371,8952,9226,8844,8919,8993,8914,8948,8485,8590,8263,8323,7713,8070,8205,7488,8073,7962,7721,7282,7952,8173,8262,8255,7985,7842,8390,8506,8325,7879,7458,7207,7979,7960,7582,8113,8224,8231,8237,8219,8334,8224,7832,8075,7967,8005,8093,8078,7701,7475,7377,7488,7628,7501,7924,7823,8257|
03/04/2026 10:49:35|9116,9436,8746,9404,8957,9233,8826,8941,9019,8925,8985,8509,8617,8262,8338,7694,8105,8239,7496,8100,7956,7695,7225,7951,8205,8290,8274,7989,7844,8409,8520,8333,7867,7416,7141,7975,7948,7526,8088,8205,8220,8250,8245,8338,8224,7813,8057,7936,7979,8087,8074,7687,7416,7335,7481,7605,7463,7927,7786,8248|
03/04/2026 10:49:36|9127,9448,8712,9434,8960,9238,8808,8960,9041,8933,9016,8527,8637,8260,8352,7675,8134,8267,7503,8125,7951,7671,7175,7953,8235,8315,8292,7993,7845,8424,8530,8340,7859,7382,7084,7973,7939,7475,8064,8189,8212,8264,8272,8343,8226,7797,8041,7910,7958,8084,8074,7679,7364,7296,7477,7587,7432,7931,7756,8242|
03/04/2026 10:49:37|9130,9452,8683,9451,8954,9234,8790,8969,9052,8930,9032,8535,8647,8254,8360,7658,8150,8280,7508,8143,7944,7652,7143,7957,8259,8334,8305,7997,7844,8432,8528,8338,7851,7365,7045,7980,7931,7437,8043,8175,8205,8278,8298,8354,8233,7788,8028,7896,7945,8079,8077,7680,7327,7269,7479,7580,7414,7938,7737,8243|
03/04/2026 10:49:38|9132,9456,8666,9461,8943,9228,8776,8977,9053,8923,9045,8545,8652,8249,8370,7653,8163,8288,7520,8159,7937,7634,7126,7962,8282,8349,8311,7999,7844,8436,8521,8332,7839,7362,7026,7987,7920,7410,8023,8159,8193,8282,8319,8367,8241,7784,8023,7891,7935,8072,8081,7690,7303,7248,7483,7581,7403,7943,7724,8248|
03/04/2026 10:49:39|9135,9462,8656,9461,8930,9219,8766,8984,9044,8916,9049,8550,8648,8243,8378,7656,8175,8293,7535,8175,7933,7615,7117,7966,8297,8358,8306,7999,7846,8433,8506,8316,7827,7365,7021,7991,7907,7391,8006,8144,8180,8280,8334,8374,8233,7777,8015,7886,7926,8060,8077,7696,7281,7230,7493,7588,7400,7947,7711,8245|
03/04/2026 10:49:40|9134,9464,8650,9451,8915,9208,8753,8982,9028,8902,9041,8542,8633,8232,8378,7661,8185,8294,7548,8184,7930,7601,7111,7964,8300,8360,8292,7995,7847,8423,8482,8290,7813,7371,7024,7990,7894,7377,7992,8130,8161,8272,8345,8377,8216,7767,8006,7884,7921,8049,8068,7698,7259,7218,7507,7597,7401,7949,7704,8239|
03/04/2026 10:49:41|9125,9455,8648,9436,8898,9195,8739,8972,9005,8880,9023,8528,8610,8217,8372,7669,8195,8288,7559,8186,7923,7589,7110,7960,8287,8352,8270,7984,7844,8397,8451,8256,7795,7379,7029,7982,7875,7362,7973,8111,8139,8257,8344,8373,8198,7758,7998,7884,7914,8040,8057,7699,7245,7212,7519,7602,7397,7944,7701,8235|
03/04/2026 10:49:42|9110,9422,8648,9414,8878,9179,8726,8952,8976,8849,8994,8513,8579,8195,8359,7677,8202,8275,7567,8183,7909,7578,7104,7950,8258,8334,8245,7971,7836,8349,8415,8218,7774,7388,7033,7969,7849,7348,7945,8081,8113,8229,8322,8360,8179,7749,7985,7885,7906,8031,8041,7699,7232,7212,7532,7601,7391,7937,7703,8228|
03/04/2026 10:49:43|9090,9365,8650,9386,8855,9161,8716,8926,8941,8811,8956,8497,8539,8167,8339,7685,8208,8254,7572,8177,7888,7567,7091,7935,8212,8305,8218,7956,7824,8280,8372,8176,7749,7396,7038,7953,7818,7336,7908,8041,8084,8190,8280,8339,8160,7740,7969,7888,7898,8021,8021,7696,7222,7215,7548,7597,7383,7930,7710,8219|
03/04/2026 10:49:44|9065,9290,8652,9353,8831,9141,8707,8893,8901,8767,8912,8481,8492,8135,8314,7693,8212,8226,7574,8167,7862,7557,7074,7917,8153,8269,8189,7940,7810,8195,8326,8131,7722,7404,7042,7933,7783,7325,7864,7994,8052,8142,8221,8312,8140,7731,7950,7891,7888,8011,7998,7691,7213,7221,7565,7589,7373,7923,7721,8209|
03/04/2026 10:49:45|9037,9199,8656,9316,8804,9120,8700,8856,8858,8718,8861,8464,8439,8099,8284,7702,8214,8194,7573,8154,7831,7548,7053,7894,8083,8226,8159,7923,7793,8096,8277,8085,7692,7412,7045,7910,7745,7317,7815,7940,8019,8085,8149,8279,8120,7723,7928,7896,7879,8000,7973,7686,7205,7231,7583,7578,7362,7915,7734,8197|
03/04/2026 10:49:46|9006,9095,8660,9276,8776,9098,8694,8815,8812,8666,8806,8447,8383,8061,8250,7709,8214,8158,7571,8138,7797,7539,7029,7869,8005,8178,8129,7905,7775,7986,8225,8038,7661,7420,7048,7886,7704,7310,7762,7882,7984,8023,8066,8242,8100,7715,7905,7900,7869,7990,7946,7678,7198,7243,7601,7564,7351,7908,7750,8184|
03/04/2026 10:49:47|8973,8981,8665,9233,8748,9075,8689,8770,8764,8612,8748,8429,8324,8020,8214,7717,8214,8119,7567,8121,7760,7531,7002,7842,7920,8125,8098,7887,7755,7868,8171,7990,7629,7428,7051,7860,7661,7304,7705,7820,7948,7956,7973,8202,8081,7707,7880,7906,7858,7979,7917,7670,7193,7257,7621,7548,7338,7901,7768,8171|
03/04/2026 10:49:48|8938,8860,8671,9189,8719,9052,8686,8724,8715,8556,8687,8412,8262,7977,8175,7724,8212,8077,7561,8103,7721,7524,6974,7813,7830,8069,8067,7868,7733,7744,8117,7942,7597,7435,7053,7832,7618,7300,7646,7755,7912,7885,7874,8158,8062,7700,7854,7911,7848,7969,7888,7661,7189,7272,7640,7531,7326,7895,7788,8157|
03/04/2026 10:49:49|8903,8734,8677,9144,8690,9029,8683,8676,8665,8499,8625,8395,8200,7934,8135,7731,8209,8033,7554,8084,7681,7517,6944,7783,7736,8011,8036,7849,7712,7615,8063,7895,7564,7443,7055,7804,7573,7296,7586,7688,7876,7812,7770,8113,8043,7693,7827,7917,7838,7959,7858,7652,7186,7289,7660,7512,7313,7888,7809,8142|
03/04/2026 10:49:50|8867,8604,8683,9098,8661,9006,8682,8628,8616,8442,8562,8379,8136,7891,8095,7738,8206,7989,7546,8064,7641,7511,6912,7753,7640,7952,8006,7831,7689,7485,8009,7848,7532,7449,7057,7776,7529,7294,7525,7621,7841,7738,7663,8067,8026,7686,7801,7923,7828,7949,7828,7642,7183,7306,7679,7493,7300,7882,7830,8128|
03/04/2026 10:49:51|8831,8474,8690,9054,8633,8984,8682,8580,8567,8386,8499,8363,8074,7848,8054,7744,8202,7945,7538,8043,7600,7505,6881,7721,7545,7892,7977,7813,7667,7355,7957,7804,7500,7456,7058,7748,7486,7293,7465,7554,7806,7664,7556,8020,8009,7680,7774,7929,7819,7940,7799,7632,7182,7325,7698,7474,7287,7876,7852,8114|
03/04/2026 10:49:52|8793,8364,8706,9018,8612,8966,8688,8544,8528,8341,8448,8353,8025,7815,8021,7756,8204,7908,7537,8026,7571,7505,6859,7690,7461,7836,7954,7802,7648,7239,7911,7763,7469,7463,7065,7725,7449,7297,7415,7494,7776,7600,7462,7976,7994,7676,7753,7938,7816,7932,7774,7628,7191,7347,7715,7460,7283,7872,7875,8104|
03/04/2026 10:49:53|8756,8279,8732,8993,8600,8953,8698,8522,8500,8309,8413,8351,7988,7797,7999,7775,8212,7881,7546,8017,7553,7513,6854,7672,7399,7794,7938,7797,7635,7143,7873,7730,7444,7474,7079,7706,7423,7307,7374,7445,7754,7553,7387,7942,7982,7674,7738,7951,7821,7927,7754,7626,7205,7373,7728,7453,7290,7874,7902,8103|
03/04/2026 10:49:54|8725,8215,8761,8972,8577,8933,8697,8499,8473,8284,8382,8341,7958,7786,7979,7790,8217,7860,7562,8004,7543,7522,6862,7666,7353,7767,7932,7792,7623,7065,7845,7707,7430,7486,7101,7695,7410,7321,7344,7406,7735,7514,7325,7917,7974,7673,7719,7963,7828,7920,7739,7626,7223,7403,7738,7452,7306,7885,7931,8104|
03/04/2026 10:49:55|8701,8170,8793,8953,8537,8901,8681,8473,8448,8263,8353,8320,7931,7780,7961,7801,8219,7846,7582,7981,7538,7533,6881,7671,7318,7751,7934,7785,7610,7008,7827,7697,7427,7495,7131,7694,7411,7340,7326,7376,7718,7480,7275,7900,7970,7670,7696,7974,7835,7909,7730,7631,7244,7433,7741,7458,7333,7903,7961,8107|
03/04/2026 10:49:56|8682,8142,8826,8936,8484,8860,8653,8446,8425,8247,8326,8289,7909,7780,7945,7808,8217,7840,7607,7952,7539,7545,6910,7684,7293,7747,7944,7776,7598,6968,7818,7698,7435,7502,7167,7702,7423,7364,7317,7354,7701,7451,7235,7891,7969,7667,7671,7982,7841,7896,7727,7640,7266,7464,7739,7470,7367,7928,7991,8111|
03/04/2026 10:49:57|8668,8129,8861,8922,8419,8812,8615,8418,8403,8235,8301,8250,7890,7784,7930,7810,8213,7840,7635,7918,7545,7557,6947,7706,7277,7751,7960,7765,7586,6944,7816,7707,7451,7508,7209,7718,7446,7390,7317,7338,7686,7427,7203,7889,7971,7662,7645,7990,7847,7879,7729,7651,7290,7496,7732,7487,7408,7959,8021,8116|
03/04/2026 10:49:58|8659,8130,8896,8909,8345,8758,8569,8390,8383,8226,8278,8205,7875,7791,7917,7810,8206,7845,7666,7879,7554,7571,6991,7733,7269,7763,7981,7752,7573,6934,7821,7725,7474,7512,7256,7740,7477,7419,7325,7329,7672,7408,7180,7892,7975,7658,7616,7995,7853,7861,7735,7666,7315,7528,7722,7508,7454,7995,8051,8122|
03/04/2026 10:49:59|8654,8141,8932,8898,8264,8699,8516,8361,8365,8221,8257,8154,7862,7802,7906,7806,8197,7855,7699,7836,7567,7585,7040,7766,7267,7782,8007,7739,7561,6936,7831,7750,7503,7515,7305,7768,7515,7451,7339,7325,7659,7392,7164,7900,7982,7653,7587,8000,7858,7841,7744,7683,7340,7560,7709,7532,7505,8035,8079,8128|
03/04/2026 10:50:00|8653,8163,8968,8889,8177,8637,8457,8332,8348,8219,8238,8099,7852,7816,7896,7801,8187,7869,7733,7790,7583,7599,7093,7803,7271,7807,8036,7724,7550,6949,7847,7780,7537,7516,7357,7800,7559,7483,7358,7326,7648,7379,7154,7912,7991,7648,7557,8003,7862,7820,7757,7702,7366,7591,7692,7559,7559,8077,8107,8135|
03/04/2026 10:50:01|8655,8193,9004,8882,8087,8572,8394,8303,8332,8220,8221,8042,7845,7831,7887,7793,8175,7885,7769,7743,7601,7614,7149,7843,7280,7837,8068,7710,7539,6970,7866,7815,7575,7516,7410,7835,7607,7517,7382,7331,7637,7370,7150,7927,8001,7643,7527,8006,7866,7798,7771,7722,7392,7622,7674,7587,7615,8121,8134,8141|
03/04/2026 10:50:02|8659,8229,9039,8876,7994,8506,8329,8275,8318,8223,8206,7982,7840,7849,7880,7783,8163,7905,7804,7694,7620,7628,7208,7885,7294,7870,8102,7695,7528,6998,7888,7853,7616,7515,7463,7874,7659,7551,7410,7339,7627,7363,7151,7945,8012,7637,7497,8008,7870,7775,7788,7743,7418,7651,7654,7618,7673,8167,8160,8148|
03/04/2026 10:50:03|8665,8271,9073,8871,7900,8440,8261,8248,8306,8227,8192,7921,7836,7867,7874,7773,8149,7926,7840,7645,7641,7642,7268,7930,7311,7906,8138,7679,7518,7033,7913,7894,7659,7514,7517,7914,7713,7585,7440,7350,7619,7359,7156,7966,8024,7632,7468,8008,7874,7752,7806,7765,7443,7679,7633,7649,7731,8213,8184,8155|
03/04/2026 10:50:04|8672,8316,9103,8867,7811,8375,8199,8225,8295,8234,8181,7864,7834,7884,7868,7762,8136,7948,7875,7600,7664,7656,7329,7973,7331,7941,8170,7665,7511,7074,7939,7937,7704,7515,7573,7955,7768,7620,7473,7365,7612,7357,7165,7989,8039,7631,7443,8010,7880,7731,7825,7790,7472,7710,7616,7681,7784,8256,8209,8164|
03/04/2026 10:50:05|8680,8360,9123,8861,7743,8324,8153,8214,8289,8243,8176,7817,7830,7894,7862,7754,8122,7967,7908,7565,7689,7674,7389,8013,7356,7968,8194,7657,7513,7123,7963,7978,7750,7525,7630,7997,7821,7655,7507,7384,7612,7357,7183,8013,8056,7640,7432,8019,7894,7714,7846,7817,7509,7744,7614,7719,7836,8294,8234,8177|
03/04/2026 10:50:06|8697,8414,9147,8862,7707,8297,8130,8221,8296,8261,8182,7790,7839,7912,7865,7752,8105,7982,7940,7547,7718,7696,7450,8053,7392,7997,8219,7661,7523,7178,7989,8018,7790,7539,7687,8038,7866,7690,7547,7409,7616,7366,7213,8041,8077,7659,7434,8034,7916,7708,7869,7841,7550,7776,7620,7757,7890,8332,8254,8195|
03/04/2026 10:50:07|8721,8479,9178,8875,7701,8294,8130,8244,8317,8290,8198,7783,7862,7940,7879,7756,8086,7993,7973,7543,7752,7723,7514,8095,7438,8030,8247,7677,7543,7239,8018,8055,7821,7553,7743,8077,7903,7725,7594,7443,7625,7383,7256,8075,8105,7689,7449,8052,7944,7715,7897,7866,7595,7802,7630,7791,7945,8371,8263,8217|
03/04/2026 10:50:08|8753,8551,9216,8900,7721,8311,8149,8282,8351,8329,8224,7793,7897,7978,7903,7765,8066,8003,8007,7552,7790,7754,7580,8139,7492,8066,8278,7703,7569,7305,8049,8089,7843,7568,7798,8114,7933,7760,7647,7484,7637,7407,7308,8114,8137,7728,7475,8074,7977,7734,7927,7891,7642,7824,7644,7821,8000,8410,8264,8242|
03/04/2026 10:50:09|8789,8630,9258,8934,7763,8345,8186,8330,8396,8375,8258,7819,7942,8024,7934,7779,8045,8010,8042,7573,7831,7789,7646,8183,7554,8106,8311,7737,7602,7375,8082,8121,7859,7582,7852,8149,7957,7794,7704,7531,7653,7436,7369,8156,8174,7774,7510,8098,8015,7763,7959,7916,7692,7840,7661,7848,8054,8448,8257,8271|
03/04/2026 10:50:10|8831,8713,9303,8976,7824,8394,8236,8389,8449,8427,8298,7856,7995,8075,7972,7797,8025,8015,8077,7603,7875,7827,7713,8228,7621,8147,8346,7778,7639,7447,8116,8150,7868,7596,7903,8182,7974,7827,7764,7582,7671,7469,7437,8201,8214,7825,7553,8125,8056,7799,7993,7941,7742,7853,7681,7872,8108,8486,8243,8301|
03/04/2026 10:50:11|8875,8800,9352,9024,7901,8455,8299,8455,8509,8484,8343,7905,8055,8131,8015,7818,8004,8018,8111,7641,7920,7866,7779,8273,7693,8189,8382,7824,7681,7520,8151,8177,7871,7611,7952,8212,7986,7859,7827,7637,7690,7506,7510,8249,8257,7881,7602,8153,8099,7843,8028,7965,7792,7862,7703,7892,8161,8523,8223,8333|
03/04/2026 10:50:12|8923,8889,9402,9078,7991,8526,8372,8527,8575,8544,8392,7962,8120,8190,8062,7841,7983,8020,8145,7686,7966,7906,7844,8317,7767,8232,8419,7875,7725,7594,8185,8201,7870,7625,7999,8241,7994,7890,7890,7695,7711,7546,7586,8297,8301,7939,7655,8182,8144,7891,8063,7989,7843,7867,7725,7910,8212,8559,8199,8366|
03/04/2026 10:50:13|8972,8978,9454,9135,8092,8604,8452,8604,8644,8607,8443,8026,8188,8253,8112,7866,7962,8020,8177,7736,8013,7947,7907,8360,7843,8275,8455,7928,7772,7667,8220,8223,7864,7638,8044,8268,7997,7920,7954,7754,7734,7588,7665,8346,8346,8001,7713,8212,8190,7944,8099,8011,7893,7870,7749,7925,8261,8593,8172,8399|
03/04/2026 10:50:14|9021,9068,9506,9194,8199,8689,8537,8683,8716,8671,8497,8094,8259,8316,8165,7893,7943,8019,8209,7789,8058,7988,7967,8402,7919,8317,8490,7983,7819,7739,8253,8243,7854,7650,8085,8292,7996,7947,8017,7814,7756,7631,7745,8395,8391,8062,7772,8241,8236,7998,8134,8033,7940,7869,7774,7939,8308,8625,8142,8433|
03/04/2026 10:50:15|9069,9154,9555,9251,8308,8773,8623,8760,8784,8732,8550,8164,8328,8377,8216,7921,7928,8021,8238,7841,8096,8022,8016,8436,7988,8354,8515,8028,7860,7800,8279,8256,7842,7655,8116,8309,7992,7968,8071,7870,7780,7673,7820,8436,8428,8119,7829,8262,8265,8041,8164,8049,7975,7863,7795,7954,8351,8651,8116,8463|
03/04/2026 10:50:16|9114,9240,9603,9309,8419,8855,8708,8834,8852,8790,8604,8234,8397,8436,8269,7957,7924,8030,8268,7894,8131,8056,8062,8465,8047,8380,8527,8061,7893,7849,8294,8257,7827,7658,8136,8321,7986,7981,8116,7921,7804,7712,7884,8469,8456,8167,7882,8275,8276,8078,8193,8061,8000,7856,7817,7973,8390,8671,8097,8487|
03/04/2026 10:50:17|9154,9323,9650,9362,8531,8933,8794,8905,8919,8846,8657,8303,8465,8495,8323,7998,7930,8039,8296,7946,8164,8090,8106,8487,8095,8395,8531,8086,7918,7886,8296,8248,7817,7666,8154,8330,7979,7993,8157,7968,7826,7746,7935,8490,8478,8210,7935,8285,8280,8109,8219,8078,8025,7853,7837,7988,8425,8690,8086,8506|
03/04/2026 10:50:18|9190,9399,9690,9407,8637,9003,8870,8965,8975,8896,8700,8364,8521,8549,8371,8038,7938,8043,8318,7992,8192,8123,8149,8502,8139,8407,8534,8108,7935,7906,8286,8235,7813,7679,8167,8332,7967,7998,8191,8008,7838,7777,7975,8498,8496,8247,7987,8292,8282,8137,8241,8092,8050,7856,7859,8005,8453,8704,8079,8523|
03/04/2026 10:50:19|9225,9470,9725,9446,8738,9065,8935,9016,9021,8938,8732,8414,8568,8595,8415,8076,7949,8049,8336,8030,8215,8158,8191,8511,8173,8412,8534,8124,7944,7913,8271,8221,7812,7696,8173,8330,7952,8000,8211,8039,7845,7805,8007,8498,8512,8280,8033,8297,8286,8162,8258,8103,8075,7864,7881,8026,8475,8712,8075,8535|
03/04/2026 10:50:20|9258,9534,9753,9482,8832,9122,8996,9062,9067,8979,8761,8463,8610,8636,8454,8112,7966,8058,8351,8069,8236,8195,8234,8517,8199,8409,8529,8140,7953,7913,8253,8208,7813,7714,8171,8327,7933,8000,8222,8055,7845,7831,8039,8497,8523,8311,8074,8298,8287,8183,8266,8111,8098,7875,7904,8050,8497,8716,8072,8534|
03/04/2026 10:50:21|9289,9592,9775,9514,8919,9174,9053,9103,9108,9016,8788,8512,8650,8671,8485,8149,7990,8071,8360,8107,8253,8225,8273,8523,8223,8402,8520,8153,7967,7917,8229,8191,7812,7727,8163,8320,7906,7997,8226,8065,7842,7858,8071,8488,8522,8335,8109,8285,8278,8197,8265,8116,8120,7888,7930,8078,8515,8717,8071,8520|
03/04/2026 10:50:22|9320,9644,9792,9543,8998,9221,9107,9141,9144,9050,8814,8560,8689,8698,8509,8187,8019,8088,8362,8144,8266,8251,8307,8529,8245,8392,8508,8165,7985,7924,8199,8169,7809,7734,8147,8310,7871,7991,8226,8069,7837,7885,8104,8472,8509,8352,8137,8261,8259,8204,8255,8118,8139,7904,7960,8109,8528,8715,8072,8494|
03/04/2026 10:50:23|9349,9691,9805,9568,9071,9265,9157,9174,9175,9081,8838,8608,8727,8719,8525,8224,8052,8108,8358,8181,8275,8271,8337,8533,8265,8380,8492,8175,8007,7936,8165,8144,7803,7738,8125,8296,7829,7983,8222,8068,7831,7912,8136,8451,8486,8364,8158,8226,8233,8205,8237,8117,8157,7923,7993,8141,8538,8710,8075,8459|
03/04/2026 10:50:24|9376,9732,9813,9589,9135,9302,9202,9202,9200,9106,8859,8653,8762,8735,8535,8260,8088,8130,8349,8216,8281,8287,8362,8536,8282,8365,8473,8184,8031,7949,8127,8117,7796,7737,8099,8280,7783,7973,8214,8064,7822,7938,8167,8425,8454,8371,8175,8183,8202,8201,8213,8114,8172,7942,8027,8175,8545,8702,8079,8417|
03/04/2026 10:50:25|9394,9754,9805,9595,9176,9325,9229,9214,9205,9110,8865,8683,8786,8741,8537,8289,8117,8145,8333,8243,8282,8297,8377,8529,8285,8338,8446,8187,8050,7959,8088,8088,7789,7737,8074,8265,7742,7961,8201,8051,7800,7954,8190,8394,8417,8372,8187,8142,8169,8193,8186,8103,8185,7965,8059,8207,8551,8694,8082,8373|
03/04/2026 10:50:26|9398,9756,9777,9581,9187,9327,9233,9204,9185,9087,8853,8694,8795,8738,8530,8307,8136,8151,8310,8258,8277,8300,8382,8510,8270,8296,8410,8183,8062,7963,8050,8059,7784,7739,8053,8251,7709,7948,8183,8029,7759,7958,8202,8360,8378,8368,8198,8106,8137,8180,8156,8081,8193,7990,8087,8236,8558,8685,8085,8329|
03/04/2026 10:50:27|9391,9738,9734,9550,9174,9314,9219,9175,9144,9040,8826,8689,8792,8727,8517,8316,8146,8148,8280,8264,8269,8297,8377,8480,8239,8242,8367,8174,8067,7962,8011,8031,7781,7742,8035,8238,7683,7933,8160,7999,7704,7951,8206,8322,8337,8360,8206,8076,8107,8164,8125,8052,8199,8017,8111,8262,8565,8677,8086,8287|
03/04/2026 10:50:28|9375,9705,9676,9506,9139,9285,9187,9132,9085,8974,8785,8670,8778,8709,8498,8316,8147,8138,8245,8261,8256,8289,8364,8442,8196,8177,8318,8160,8067,7956,7973,8003,7779,7746,8020,8227,7664,7917,8134,7964,7638,7934,8201,8282,8293,8348,8212,8050,8079,8147,8093,8017,8202,8045,8131,8285,8572,8668,8087,8246|
03/04/2026 10:50:29|9346,9656,9608,9453,9087,9237,9141,9076,9011,8900,8738,8639,8752,8680,8469,8298,8134,8120,8203,8248,8237,8273,8344,8399,8148,8110,8264,8135,8058,7942,7932,7973,7776,7752,8007,8212,7649,7900,8106,7926,7571,7910,8182,8232,8246,8331,8213,8025,8055,8130,8062,7984,8203,8067,8146,8300,8570,8654,8085,8210|
03/04/2026 10:50:30|9309,9594,9537,9397,9025,9168,9077,9005,8928,8824,8682,8596,8715,8640,8431,8268,8116,8098,8157,8223,8203,8249,8317,8355,8103,8045,8203,8097,8040,7921,7886,7944,7774,7757,7992,8194,7632,7880,8070,7885,7514,7888,8158,8178,8198,8311,8211,7999,8033,8110,8030,7954,8200,8083,8156,8308,8558,8635,8082,8177|
03/04/2026 10:50:31|9266,9524,9467,9342,8958,9079,8995,8919,8840,8747,8617,8544,8667,8590,8387,8237,8096,8076,8110,8188,8154,8218,8286,8311,8062,7985,8139,8050,8015,7893,7839,7918,7774,7760,7978,8172,7610,7857,8027,7840,7469,7871,8133,8122,8152,8293,8208,7973,8011,8085,7996,7927,8194,8095,8166,8311,8536,8612,8080,8146|
03/04/2026 10:50:32|9218,9446,9397,9286,8888,8972,8898,8822,8749,8671,8544,8484,8611,8532,8338,8203,8076,8052,8062,8146,8093,8181,8249,8268,8027,7930,8073,7997,7984,7860,7791,7893,7776,7761,7964,8149,7584,7832,7976,7792,7434,7858,8107,8064,8109,8275,8203,7947,7991,8056,7960,7901,8185,8104,8174,8310,8505,8586,8077,8117|
03/04/2026 10:50:33|9167,9363,9328,9231,8816,8852,8789,8715,8657,8596,8466,8417,8549,8468,8286,8168,8056,8029,8015,8096,8021,8139,8208,8226,7996,7879,8006,7937,7949,7824,7743,7870,7779,7761,7950,8123,7555,7806,7921,7741,7407,7848,8082,8005,8068,8258,8197,7921,7972,8023,7924,7878,8174,8111,8180,8305,8468,8557,8074,8089|
03/04/2026 10:50:34|9113,9277,9262,9177,8742,8720,8670,8600,8563,8522,8385,8346,8482,8399,8232,8133,8036,8005,7967,8041,7941,8094,8165,8185,7969,7833,7940,7874,7910,7784,7694,7849,7783,7759,7937,8096,7523,7780,7862,7688,7389,7842,8056,7947,8030,8242,8191,7895,7954,7987,7886,7856,8161,8114,8186,8296,8425,8527,8072,8064|
03/04/2026 10:50:35|9058,9188,9197,9125,8669,8581,8545,8481,8470,8451,8300,8272,8411,8326,8175,8097,8016,7981,7920,7982,7854,8046,8120,8146,7946,7791,7873,7808,7867,7742,7647,7829,7788,7757,7924,8068,7490,7752,7799,7635,7378,7839,8030,7889,7995,8227,8184,7870,7937,7950,7849,7836,8146,8116,8190,8285,8378,8495,8070,8040|
03/04/2026 10:50:36|9002,9097,9135,9075,8596,8437,8414,8359,8378,8382,8214,8195,8337,8251,8118,8061,7996,7958,7875,7920,7763,7996,8073,8108,7926,7753,7808,7739,7823,7698,7601,7812,7793,7753,7912,8040,7456,7725,7735,7582,7373,7838,8005,7832,7962,8213,8176,7846,7922,7911,7812,7819,8131,8115,8194,8271,8327,8462,8068,8019|
03/04/2026 10:50:37|8945,9007,9076,9026,8524,8289,8281,8235,8287,8315,8127,8117,8262,8174,8061,8026,7977,7935,7831,7856,7668,7945,8025,8072,7910,7719,7744,7670,7778,7653,7556,7796,7799,7749,7901,8011,7420,7698,7670,7528,7374,7840,7981,7776,7932,8200,8169,7823,7907,7871,7775,7802,8114,8113,8196,8255,8274,8428,8066,7999|
03/04/2026 10:50:38|8889,8917,9020,8980,8454,8139,8147,8111,8200,8252,8041,8039,8186,8097,8004,7992,7958,7913,7788,7792,7572,7894,7978,8038,7897,7689,7682,7600,7731,7608,7512,7782,7806,7744,7890,7983,7385,7671,7605,7476,7379,7843,7957,7723,7905,8188,8161,7801,7894,7832,7739,7788,8097,8110,8198,8238,8220,8395,8064,7981|
03/04/2026 10:50:39|8834,8828,8967,8937,8386,7990,8013,7988,8115,8192,7957,7961,8111,8021,7948,7958,7940,7892,7748,7726,7475,7843,7931,8006,7886,7663,7622,7531,7685,7563,7471,7770,7813,7738,7880,7955,7349,7645,7541,7425,7389,7848,7934,7671,7880,8176,8152,7780,7882,7792,7705,7775,8080,8105,8199,8220,8165,8361,8063,7964|
03/04/2026 10:50:40|8780,8742,8918,8896,8320,7842,7881,7867,8034,8136,7874,7885,8037,7946,7893,7926,7923,7872,7709,7662,7379,7792,7884,7976,7878,7639,7565,7463,7639,7518,7431,7759,7820,7732,7870,7928,7314,7619,7477,7375,7402,7855,7912,7622,7858,8166,8144,7761,7871,7753,7672,7764,8063,8099,8200,8201,8109,8329,8061,7950|
03/04/2026 10:50:41|8727,8659,8871,8857,8257,7698,7752,7750,7957,8083,7793,7810,7964,7872,7840,7895,7907,7853,7673,7598,7284,7742,7839,7948,7872,7619,7511,7397,7594,7475,7394,7749,7827,7726,7861,7901,7280,7594,7415,7327,7418,7862,7892,7575,7838,8156,8136,7742,7861,7714,7640,7754,8046,8093,8200,8181,8054,8297,8060,7936|
03/04/2026 10:50:42|8677,8578,8828,8821,8198,7557,7625,7636,7883,8034,7716,7738,7894,7801,7789,7865,7891,7834,7638,7536,7191,7694,7795,7923,7868,7602,7460,7333,7549,7432,7359,7741,7835,7720,7853,7876,7247,7571,7355,7281,7436,7871,7872,7531,7820,8148,8128,7725,7852,7677,7610,7745,8029,8086,8199,8162,8000,8266,8059,7925|
03/04/2026 10:50:43|8628,8501,8788,8788,8141,7420,7504,7526,7814,7988,7641,7668,7826,7732,7740,7837,7877,7817,7606,7475,7101,7648,7753,7899,7866,7588,7412,7271,7506,7391,7325,7734,7842,7714,7845,7851,7214,7548,7297,7238,7456,7880,7854,7489,7804,8140,8121,7709,7844,7641,7581,7738,8012,8078,8198,8142,7947,8236,8058,7914|
03/04/2026 10:50:44|8582,8428,8752,8757,8088,7289,7387,7421,7749,7946,7570,7602,7760,7666,7693,7811,7863,7801,7577,7417,7013,7603,7712,7877,7865,7576,7366,7211,7465,7352,7295,7728,7849,7707,7838,7828,7184,7527,7241,7197,7477,7889,7837,7450,7790,8133,8113,7694,7836,7606,7554,7732,7996,8070,8197,8122,7896,8208,8057,7906|
03/04/2026 10:50:45|8540,8361,8719,8729,8040,7167,7277,7324,7691,7909,7505,7540,7699,7604,7650,7787,7852,7787,7549,7362,6932,7561,7674,7858,7867,7566,7325,7156,7426,7315,7267,7724,7857,7701,7832,7806,7155,7508,7189,7159,7499,7900,7822,7415,7778,8127,8106,7680,7830,7574,7530,7727,7981,8061,8196,8103,7847,8182,8057,7898|
03/04/2026 10:50:46|8515,8316,8695,8713,8012,7073,7197,7256,7655,7890,7462,7501,7656,7561,7620,7771,7847,7780,7532,7319,6870,7530,7646,7847,7873,7562,7296,7118,7398,7290,7251,7726,7868,7695,7826,7790,7137,7499,7153,7133,7525,7911,7809,7390,7774,8127,8101,7671,7825,7551,7514,7729,7974,8054,8196,8082,7804,8163,8063,7897|
03/04/2026 10:50:47|8511,8298,8690,8713,8010,7022,7158,7226,7648,7897,7452,7488,7638,7546,7611,7763,7853,7786,7531,7298,6836,7514,7624,7839,7885,7569,7285,7101,7385,7280,7249,7736,7881,7689,7821,7781,7133,7504,7134,7126,7557,7922,7794,7371,7774,8125,8098,7660,7822,7537,7507,7736,7974,8051,8199,8063,7767,8149,8075,7903|
03/04/2026 10:50:48|8524,8304,8702,8726,8032,7010,7153,7226,7663,7921,7463,7496,7641,7551,7619,7757,7869,7803,7546,7293,6823,7509,7611,7832,7905,7588,7285,7104,7387,7283,7253,7754,7898,7686,7817,7775,7143,7515,7132,7137,7595,7930,7781,7362,7776,8122,8092,7642,7818,7534,7508,7749,7978,8048,8205,8054,7743,8140,8089,7914|
03/04/2026 10:50:49|8550,8332,8729,8752,8076,7029,7169,7253,7701,7955,7486,7522,7664,7572,7641,7760,7888,7819,7573,7294,6831,7513,7605,7825,7934,7617,7297,7125,7403,7290,7262,7780,7921,7687,7809,7765,7157,7520,7144,7163,7633,7932,7774,7367,7783,8116,8080,7628,7806,7540,7520,7771,7989,8049,8215,8048,7728,8138,8106,7930|
03/04/2026 10:50:50|8587,8379,8769,8789,8137,7076,7203,7302,7758,7997,7517,7563,7704,7606,7676,7771,7909,7835,7609,7301,6857,7526,7605,7820,7967,7654,7318,7162,7428,7302,7278,7810,7947,7693,7797,7753,7176,7520,7169,7201,7671,7930,7773,7384,7797,8108,8064,7619,7786,7555,7541,7801,8008,8054,8228,8047,7722,8144,8126,7949|
03/04/2026 10:50:51|8625,8432,8813,8829,8202,7137,7249,7360,7827,8045,7554,7611,7754,7648,7715,7787,7932,7853,7651,7316,6892,7545,7608,7819,7998,7690,7348,7208,7455,7312,7297,7842,7975,7706,7789,7743,7202,7521,7193,7242,7699,7923,7779,7409,7814,8104,8051,7618,7770,7576,7574,7840,8035,8064,8243,8050,7722,8154,8148,7972|
03/04/2026 10:50:52|8662,8485,8859,8871,8265,7212,7310,7426,7904,8104,7596,7669,7811,7696,7761,7812,7960,7878,7696,7340,6936,7569,7612,7823,8026,7721,7379,7254,7488,7330,7324,7877,8002,7728,7789,7740,7239,7531,7221,7290,7727,7920,7795,7444,7835,8101,8047,7630,7764,7603,7615,7879,8068,8077,8261,8057,7725,8165,8172,7997|
03/04/2026 10:50:53|8703,8535,8905,8915,8331,7301,7386,7495,7988,8169,7642,7734,7875,7744,7814,7846,7985,7902,7737,7370,6987,7593,7614,7824,8050,7747,7410,7282,7524,7361,7366,7920,8034,7760,7796,7744,7287,7544,7259,7349,7764,7930,7820,7484,7863,8102,8054,7656,7769,7632,7657,7921,8105,8098,8284,8071,7736,8179,8200,8023|
03/04/2026 10:50:54|8746,8581,8950,8961,8397,7403,7472,7566,8078,8239,7690,7803,7942,7791,7872,7888,8009,7925,7773,7402,7042,7618,7612,7823,8069,7768,7438,7295,7562,7403,7420,7969,8071,7799,7809,7756,7344,7559,7306,7418,7809,7951,7851,7529,7894,8106,8071,7693,7784,7662,7699,7967,8146,8126,8312,8091,7755,8197,8231,8048|
03/04/2026 10:50:55|8790,8624,8995,9008,8464,7513,7566,7637,8170,8312,7739,7877,8013,7837,7935,7936,8030,7947,7805,7438,7101,7643,7607,7819,8084,7785,7465,7293,7601,7453,7485,8023,8113,7845,7826,7773,7408,7575,7359,7493,7859,7979,7888,7576,7929,8114,8097,7740,7808,7691,7741,8015,8190,8161,8343,8115,7779,8218,8265,8073|
03/04/2026 10:50:56|8835,8664,9039,9056,8530,7631,7668,7708,8265,8389,7789,7953,8085,7881,8000,7989,8048,7968,7832,7475,7163,7667,7600,7812,8096,7797,7491,7279,7642,7512,7557,8081,8159,7895,7848,7795,7477,7593,7418,7573,7915,8016,7929,7625,7967,8125,8129,7795,7839,7720,7783,8065,8235,8200,8377,8144,7808,8240,8300,8097|
03/04/2026 10:50:57|8880,8700,9081,9103,8595,7754,7773,7778,8361,8466,7840,8030,8158,7924,8068,8046,8065,7988,7856,7514,7226,7692,7591,7805,8103,7806,7515,7255,7683,7575,7636,8142,8207,7949,7873,7821,7550,7612,7480,7658,7974,8058,7973,7676,8007,8138,8168,7857,7876,7749,7823,8116,8282,8243,8412,8175,7842,8265,8337,8120|
03/04/2026 10:50:58|8926,8732,9122,9150,8659,7880,7882,7846,8456,8545,7890,8108,8231,7965,8136,8106,8079,8007,7876,7554,7291,7715,7580,7796,8108,7812,7537,7222,7724,7644,7720,8204,8256,8006,7900,7850,7626,7631,7546,7744,8036,8105,8021,7727,8049,8153,8211,7923,7917,7777,7863,8167,8330,8289,8449,8208,7879,8291,8375,8142|
03/04/2026 10:50:59|8971,8762,9161,9196,8721,8008,7993,7913,8550,8622,7939,8186,8304,8004,8205,8167,8091,8024,7893,7594,7355,7738,7568,7785,8111,7815,7557,7181,7764,7715,7806,8268,8306,8065,7930,7882,7704,7651,7613,7833,8099,8155,8070,7778,8091,8169,8257,7993,7962,7805,7901,8218,8377,8337,8487,8244,7918,8318,8413,8163|
03/04/2026 10:51:00|9014,8790,9200,9240,8782,8136,8100,7980,8642,8696,7989,8261,8374,8043,8270,8229,8104,8041,7909,7633,7420,7763,7559,7776,8112,7818,7577,7139,7801,7783,7888,8328,8355,8123,7958,7914,7781,7670,7680,7919,8161,8202,8118,7830,8132,8187,8304,8062,8010,7833,7939,8268,8421,8383,8522,8278,7959,8345,8450,8181|
03/04/2026 10:51:01|9054,8823,9243,9283,8844,8264,8201,8051,8728,8761,8042,8332,8438,8087,8330,8285,8118,8059,7929,7671,7486,7793,7559,7771,8114,7826,7597,7105,7830,7840,7953,8379,8398,8177,7981,7942,7851,7689,7745,8001,8216,8239,8163,7881,8168,8200,8349,8128,8061,7864,7981,8313,8456,8425,8551,8310,8002,8375,8485,8197|
03/04/2026 10:51:02|9094,8861,9288,9327,8905,8391,8304,8128,8809,8824,8098,8402,8498,8135,8388,8335,8136,8083,7954,7715,7555,7827,7567,7775,8121,7835,7615,7077,7858,7887,8006,8424,8433,8225,8004,7973,7915,7705,7806,8075,8259,8270,8197,7923,8200,8213,8390,8185,8109,7899,8023,8355,8487,8461,8576,8343,8049,8405,8513,8211|
03/04/2026 10:51:03|9128,8900,9331,9368,8954,8510,8404,8207,8885,8883,8157,8469,8558,8184,8440,8389,8163,8110,7980,7764,7626,7855,7584,7787,8136,7851,7633,7044,7880,7933,8060,8466,8458,8262,8031,8010,7979,7725,7867,8145,8300,8302,8225,7962,8235,8233,8430,8233,8151,7934,8064,8391,8509,8487,8597,8379,8101,8431,8532,8224|
03/04/2026 10:51:04|9156,8940,9371,9405,8986,8617,8501,8287,8956,8936,8215,8530,8612,8230,8481,8443,8195,8137,8004,7819,7699,7874,7605,7803,8157,7876,7651,7005,7896,7980,8115,8504,8474,8285,8060,8051,8045,7753,7929,8211,8341,8333,8253,8000,8272,8259,8469,8277,8189,7970,8104,8418,8519,8504,8618,8418,8155,8453,8542,8239|
03/04/2026 10:51:05|9178,8978,9404,9431,8997,8708,8588,8357,9013,8977,8268,8581,8654,8268,8511,8493,8228,8161,8026,7873,7769,7886,7627,7818,8179,7904,7669,6965,7908,8025,8166,8537,8481,8297,8089,8093,8107,7783,7986,8271,8377,8361,8277,8034,8301,8285,8506,8313,8221,8003,8140,8436,8516,8511,8633,8454,8207,8468,8544,8251|
03/04/2026 10:51:06|9194,9011,9422,9438,8987,8780,8659,8403,9048,9004,8310,8618,8679,8296,8531,8532,8255,8179,8048,7925,7835,7901,7650,7831,8199,7932,7688,6942,7922,8065,8210,8563,8483,8301,8119,8132,8159,7813,8038,8322,8398,8383,8297,8057,8316,8301,8535,8342,8246,8029,8171,8448,8499,8504,8637,8478,8250,8473,8543,8260|
03/04/2026 10:51:07|9205,9035,9423,9427,8964,8836,8717,8429,9064,9019,8345,8644,8697,8318,8544,8562,8280,8191,8070,7974,7897,7920,7676,7848,8221,7963,7713,6938,7939,8099,8249,8586,8482,8303,8150,8170,8202,7844,8086,8364,8403,8403,8315,8069,8320,8306,8557,8368,8269,8051,8197,8453,8470,8486,8632,8490,8285,8467,8540,8269|
03/04/2026 10:51:08|9210,9055,9414,9405,8935,8880,8765,8443,9064,9026,8373,8658,8708,8333,8553,8582,8299,8197,8091,8017,7955,7943,7705,7868,8241,7993,7739,6943,7955,8125,8280,8602,8477,8302,8182,8206,8238,7874,8129,8398,8400,8419,8331,8071,8318,8306,8574,8389,8286,8065,8214,8455,8435,8462,8619,8493,8311,8449,8533,8278|
03/04/2026 10:51:09|9211,9074,9402,9381,8912,8915,8808,8461,9050,9029,8399,8652,8711,8339,8560,8589,8307,8194,8107,8050,8006,7963,7729,7888,8254,8014,7756,6948,7960,8138,8299,8601,8466,8298,8214,8238,8265,7902,8161,8419,8397,8436,8344,8062,8314,8306,8585,8401,8294,8068,8213,8453,8407,8440,8599,8487,8326,8421,8522,8285|
03/04/2026 10:51:10|9210,9093,9387,9356,8896,8944,8847,8483,9025,9030,8424,8629,8709,8337,8565,8585,8304,8182,8119,8073,8050,7981,7751,7909,8261,8027,7765,6950,7956,8140,8308,8585,8450,8293,8245,8267,8286,7927,8184,8431,8394,8452,8356,8046,8309,8310,8592,8404,8294,8059,8196,8450,8386,8420,8572,8474,8329,8382,8507,8292|
03/04/2026 10:51:11|9205,9111,9370,9330,8886,8966,8882,8509,8990,9029,8448,8591,8701,8329,8569,8570,8292,8164,8127,8087,8088,7996,7769,7931,8263,8032,7768,6950,7944,8132,8307,8556,8430,8286,8274,8291,8300,7949,8197,8433,8392,8467,8366,8022,8303,8315,8593,8399,8287,8041,8165,8445,8371,8403,8540,8456,8324,8336,8487,8298|
03/04/2026 10:51:12|9198,9129,9353,9304,8881,8982,8913,8537,8948,9026,8470,8540,8689,8314,8572,8546,8273,8140,8131,8092,8120,8009,7784,7952,8260,8031,7764,6949,7924,8115,8298,8516,8406,8278,8303,8313,8309,7969,8202,8428,8391,8482,8374,7991,8295,8321,8591,8388,8273,8015,8123,8438,8361,8389,8504,8432,8310,8283,8465,8303|
03/04/2026 10:51:13|9189,9146,9334,9278,8881,8994,8940,8568,8899,9021,8491,8479,8673,8295,8573,8516,8246,8111,8133,8091,8147,8021,7796,7974,8252,8024,7755,6946,7899,8090,8282,8467,8380,8269,8330,8331,8313,7987,8201,8416,8390,8496,8380,7956,8287,8329,8586,8372,8253,7982,8071,8431,8356,8377,8465,8404,8290,8224,8441,8308|
03/04/2026 10:51:14|9179,9163,9314,9252,8885,9001,8964,8600,8845,9015,8511,8410,8654,8271,8573,8480,8215,8078,8132,8084,8169,8031,7806,7995,8242,8012,7741,6942,7869,8060,8261,8411,8352,8259,8355,8346,8313,8003,8194,8398,8390,8510,8385,7917,8279,8338,8578,8351,8230,7943,8011,8422,8356,8367,8424,8373,8264,8162,8415,8312|
03/04/2026 10:51:15|9167,9178,9294,9227,8893,9004,8984,8633,8787,9008,8529,8334,8632,8244,8572,8439,8179,8043,8129,8072,8186,8039,7813,8015,8228,7996,7724,6937,7834,8025,8235,8349,8322,8249,8380,8359,8309,8016,8181,8375,8390,8522,8389,7875,8270,8348,8567,8326,8202,7901,7945,8413,8359,8358,8380,8339,8233,8097,8387,8316|
03/04/2026 10:51:16|9155,9194,9276,9205,8905,9007,9004,8669,8733,9001,8548,8260,8613,8220,8574,8400,8146,8010,8127,8060,8201,8047,7821,8035,8214,7979,7707,6936,7801,7988,8205,8286,8293,8239,8401,8369,8304,8030,8168,8349,8388,8532,8392,7835,8262,8357,8555,8302,8176,7859,7879,8401,8363,8351,8337,8304,8202,8036,8360,8320|
03/04/2026 10:51:17|9144,9211,9267,9191,8922,9019,9025,8710,8692,8992,8573,8199,8601,8207,8581,8376,8122,7990,8131,8053,8211,8056,7835,8054,8205,7967,7698,6948,7776,7956,8173,8224,8263,8228,8411,8373,8300,8045,8157,8320,8371,8531,8390,7806,8255,8365,8539,8283,8156,7825,7822,8384,8367,8346,8298,8273,8178,7984,8338,8323|
03/04/2026 10:51:18|9139,9233,9263,9183,8944,9035,9049,8752,8668,8992,8605,8156,8596,8204,8593,8364,8110,7982,8142,8052,8222,8067,7855,8079,8197,7961,7698,6972,7760,7933,8146,8168,8236,8219,8410,8374,8299,8065,8152,8294,8349,8522,8387,7787,8250,8373,8524,8267,8140,7794,7771,8365,8368,8338,8266,8246,8160,7944,8321,8325|
03/04/2026 10:51:19|9142,9262,9262,9185,8977,9057,9079,8796,8659,9004,8647,8135,8599,8211,8611,8365,8115,7990,8161,8058,8237,8089,7887,8110,8190,7962,7708,7014,7758,7921,8125,8122,8215,8209,8408,8377,8300,8087,8149,8273,8329,8509,8384,7778,8247,8380,8509,8257,8130,7769,7733,8348,8364,8332,8242,8223,8144,7915,8305,8327|
03/04/2026 10:51:20|9154,9300,9270,9189,9014,9084,9113,8838,8663,9023,8696,8130,8609,8225,8633,8377,8130,8009,8179,8067,8256,8119,7928,8144,8183,7967,7722,7065,7765,7910,8109,8086,8196,8201,8409,8382,8306,8109,8146,8256,8309,8493,8384,7765,8251,8388,8494,8251,8127,7754,7701,8328,8361,8330,8227,8206,8136,7894,8290,8331|
03/04/2026 10:51:21|9171,9345,9287,9192,9053,9115,9150,8876,8677,9043,8746,8134,8623,8247,8658,8395,8150,8034,8193,8077,8278,8156,7973,8179,8173,7973,7736,7122,7775,7897,8096,8057,8176,8201,8416,8389,8316,8132,8139,8242,8290,8478,8386,7740,8259,8398,8480,8248,8134,7750,7675,8300,8358,8329,8220,8197,8134,7883,8280,8337|
03/04/2026 10:51:22|9193,9394,9310,9198,9094,9150,9188,8912,8699,9065,8798,8148,8642,8276,8683,8419,8176,8066,8206,8089,8302,8198,8023,8213,8165,7982,7750,7182,7787,7884,8087,8034,8156,8203,8423,8395,8329,8153,8129,8230,8275,8465,8389,7712,8271,8408,8465,8248,8148,7756,7656,8271,8356,8329,8219,8194,8138,7879,8273,8342|
03/04/2026 10:51:23|9215,9441,9335,9210,9139,9187,9227,8947,8724,9087,8842,8167,8665,8308,8708,8446,8204,8098,8221,8102,8327,8238,8072,8248,8161,7989,7762,7241,7796,7873,8082,8016,8134,8201,8426,8391,8340,8173,8117,8217,8262,8452,8393,7692,8284,8419,8451,8250,8166,7772,7649,8245,8355,8334,8220,8193,8140,7876,8258,8346|
03/04/2026 10:51:24|9236,9481,9354,9215,9178,9224,9261,8974,8750,9102,8874,8189,8688,8335,8728,8470,8227,8123,8226,8109,8349,8276,8122,8279,8158,7994,7769,7292,7806,7870,8084,8003,8111,8198,8427,8382,8348,8196,8111,8203,8249,8442,8399,7677,8295,8431,8440,8252,8185,7796,7648,8223,8354,8334,8223,8192,8143,7879,8244,8353|
03/04/2026 10:51:25|9254,9514,9365,9208,9210,9259,9290,8988,8777,9112,8893,8214,8709,8357,8745,8489,8242,8142,8219,8109,8366,8315,8174,8306,8156,7999,7767,7333,7818,7876,8092,7996,8085,8197,8428,8371,8352,8221,8111,8186,8238,8437,8406,7665,8303,8445,8434,8254,8207,7826,7653,8207,8354,8329,8229,8189,8148,7891,8240,8366|
03/04/2026 10:51:26|9271,9541,9369,9192,9235,9292,9312,8992,8804,9118,8901,8243,8729,8374,8759,8503,8251,8155,8201,8103,8381,8355,8226,8328,8153,8003,7759,7365,7832,7891,8105,7992,8059,8197,8429,8357,8354,8249,8117,8168,8229,8437,8414,7657,8310,8461,8431,8256,8230,7862,7664,8195,8354,8319,8236,8186,8155,7910,8243,8384|
03/04/2026 10:51:27|9286,9562,9367,9166,9253,9323,9330,8986,8832,9120,8899,8275,8747,8385,8770,8513,8254,8163,8175,8091,8393,8394,8278,8346,8151,8008,7746,7388,7848,7912,8123,7992,8032,8199,8431,8342,8354,8279,8128,8149,8220,8439,8423,7650,8315,8479,8430,8259,8255,7902,7680,8186,8354,8305,8246,8182,8163,7936,8252,8405|
03/04/2026 10:51:28|9300,9578,9359,9134,9266,9352,9343,8973,8860,9119,8889,8308,8765,8392,8779,8520,8252,8167,8142,8074,8401,8434,8330,8360,8149,8014,7727,7404,7864,7939,8144,7996,8004,8202,8432,8326,8352,8310,8144,8129,8214,8445,8433,7647,8319,8497,8432,8261,8281,7946,7699,8182,8355,8287,8256,8178,8172,7967,8267,8429|
03/04/2026 10:51:29|9312,9589,9346,9096,9274,9378,9353,8953,8887,9114,8872,8343,8781,8396,8786,8524,8246,8167,8102,8054,8408,8473,8380,8372,8147,8019,7704,7413,7881,7970,8168,8002,7976,8206,8434,8309,8349,8341,8163,8108,8208,8453,8443,7645,8322,8517,8437,8264,8307,7992,7721,8180,8356,8267,8268,8173,8183,8001,8287,8456|
03/04/2026 10:51:30|9322,9595,9330,9054,9278,9403,9358,8927,8912,9107,8849,8378,8796,8396,8790,8525,8236,8164,8059,8031,8412,8509,8429,8380,8144,8023,7679,7417,7899,8004,8195,8011,7949,8211,8435,8291,8343,8373,8186,8088,8203,8462,8451,7645,8324,8537,8443,8266,8333,8039,7745,8182,8358,8245,8280,8169,8194,8039,8310,8484|
03/04/2026 10:51:31|9325,9592,9308,9012,9279,9422,9359,8901,8928,9092,8821,8410,8805,8391,8787,8519,8223,8162,8018,8009,8410,8528,8469,8384,8141,8023,7657,7424,7917,8034,8219,8019,7928,8218,8435,8274,8333,8400,8202,8071,8199,8464,8446,7649,8327,8557,8451,8267,8355,8084,7764,8183,8365,8230,8291,8165,8207,8078,8332,8508|
03/04/2026 10:51:32|9324,9584,9280,8971,9278,9437,9356,8875,8937,9070,8788,8431,8804,8381,8772,8506,8204,8159,7985,7992,8402,8517,8496,8381,8134,8023,7643,7436,7932,8060,8237,8019,7908,8225,8433,8261,8323,8421,8202,8057,8194,8459,8438,7659,8329,8577,8460,8262,8367,8127,7785,8176,8375,8221,8300,8165,8224,8114,8344,8519|
03/04/2026 10:51:33|9321,9573,9246,8931,9274,9449,9349,8848,8940,9041,8749,8443,8796,8365,8745,8485,8178,8154,7960,7979,8390,8480,8511,8373,8125,8023,7634,7450,7946,8081,8249,8011,7889,8232,8430,8251,8314,8437,8187,8046,8190,8450,8427,7675,8331,8596,8469,8250,8370,8167,7808,8161,8389,8220,8305,8168,8245,8148,8346,8517|
03/04/2026 10:51:34|9316,9558,9208,8892,9269,9458,9340,8821,8939,9008,8707,8448,8781,8345,8709,8458,8147,8149,7942,7970,8373,8421,8517,8361,8114,8023,7630,7466,7958,8098,8257,7996,7872,8240,8427,8245,8306,8447,8158,8036,8185,8437,8414,7696,8332,8614,8478,8232,8364,8205,7834,8138,8404,8224,8307,8174,8270,8179,8340,8504|
03/04/2026 10:51:35|9309,9541,9166,8854,9262,9464,9329,8795,8934,8971,8662,8445,8760,8322,8665,8427,8112,8143,7929,7965,8353,8344,8514,8344,8102,8023,7631,7485,7968,8113,8260,7975,7856,8247,8422,8240,8299,8453,8117,8029,8181,8421,8401,7721,8332,8630,8488,8210,8352,8241,7861,8111,8422,8233,8307,8181,8298,8207,8326,8481|
03/04/2026 10:51:36|9300,9523,9121,8818,9254,9468,9316,8768,8926,8931,8614,8435,8734,8296,8615,8391,8074,8137,7922,7963,8330,8252,8503,8325,8088,8023,7636,7505,7977,8124,8259,7950,7841,8254,8417,8239,8293,8456,8067,8023,8177,8403,8387,7749,8331,8646,8498,8185,8334,8274,7889,8078,8442,8246,8305,8191,8327,8233,8306,8451|
03/04/2026 10:51:37|9290,9502,9074,8784,9244,9469,9301,8742,8915,8888,8566,8421,8704,8267,8559,8352,8033,8131,7920,7963,8306,8147,8487,8302,8073,8024,7645,7526,7985,8132,8255,7921,7828,8260,8411,8239,8288,8455,8009,8019,8172,8383,8372,7780,8331,8660,8507,8156,8310,8304,7917,8042,8462,8262,8301,8201,8358,8256,8281,8413|
03/04/2026 10:51:38|9275,9480,9026,8747,9228,9465,9283,8715,8898,8846,8519,8403,8672,8240,8502,8312,7993,8121,7918,7963,8276,8040,8467,8277,8058,8025,7657,7548,7989,8138,8248,7892,7817,8267,8405,8240,8281,8446,7951,8015,8166,8362,8356,7812,8329,8672,8514,8127,8286,8330,7945,8006,8482,8277,8297,8214,8388,8276,8250,8372|
03/04/2026 10:51:39|9254,9454,8981,8708,9203,9450,9257,8686,8873,8805,8475,8382,8639,8220,8451,8275,7961,8109,7912,7961,8242,7947,8450,8254,8046,8027,7675,7571,7992,8145,8245,7875,7816,8275,8398,8241,8275,8432,7903,8015,8162,8347,8340,7847,8332,8682,8518,8097,8263,8349,7967,7974,8494,8288,8296,8229,8414,8293,8219,8330|
03/04/2026 10:51:40|9230,9426,8942,8674,9178,9426,9218,8655,8839,8761,8427,8359,8603,8200,8404,8234,7931,8095,7905,7956,8204,7862,8429,8231,8036,8026,7693,7591,7993,8152,8243,7863,7822,8284,8386,8240,8272,8419,7863,8019,8164,8335,8324,7881,8338,8687,8520,8069,8242,8353,7980,7947,8503,8298,8291,8247,8437,8303,8193,8295|
03/04/2026 10:51:41|9202,9397,8907,8639,9147,9396,9160,8620,8788,8715,8381,8337,8561,8174,8356,8192,7897,8077,7900,7948,8163,7779,8395,8204,8024,8013,7711,7611,7990,8154,8240,7857,7832,8288,8371,8239,8274,8410,7829,8025,8166,8321,8308,7916,8347,8689,8521,8048,8223,8352,7993,7929,8513,8308,8269,8265,8459,8313,8175,8267|
03/04/2026 10:51:42|9172,9366,8877,8603,9111,9360,9088,8580,8722,8667,8341,8315,8514,8142,8308,8149,7860,8057,7895,7939,8120,7699,8349,8174,8008,7990,7727,7632,7984,8149,8237,7858,7848,8287,8354,8238,8281,8405,7800,8031,8166,8305,8294,7952,8359,8692,8521,8032,8207,8347,8005,7921,8524,8317,8232,8282,8480,8324,8166,8247|
03/04/2026 10:51:43|9140,9335,8850,8567,9072,9320,9003,8537,8644,8619,8304,8295,8463,8105,8259,8104,7820,8035,7891,7929,8075,7622,8294,8142,7990,7957,7742,7654,7974,8140,8233,7864,7866,8284,8337,8238,8291,8405,7778,8038,8166,8289,8282,7988,8373,8693,8520,8021,8193,8338,8018,7921,8537,8327,8183,8299,8500,8335,8164,8234|
03/04/2026 10:51:44|9109,9306,8828,8533,9031,9277,8912,8494,8561,8570,8272,8276,8412,8066,8211,8060,7781,8012,7889,7918,8030,7552,8235,8109,7971,7919,7755,7675,7962,8128,8230,7874,7884,8277,8316,8234,8299,8404,7757,8042,8163,8270,8270,8021,8384,8692,8517,8015,8179,8322,8022,7924,8546,8335,8129,8312,8516,8346,8164,8223|
03/04/2026 10:51:45|9082,9280,8805,8505,8985,9232,8825,8453,8481,8516,8244,8262,8366,8029,8152,8014,7747,7992,7888,7909,7987,7496,8178,8072,7947,7878,7763,7692,7947,8110,8225,7883,7899,8270,8294,8222,8294,8395,7738,8043,8156,8249,8248,8035,8380,8675,8507,8007,8155,8284,8005,7921,8541,8332,8080,8319,8523,8350,8157,8207|
03/04/2026 10:51:46|9060,9255,8777,8479,8931,9184,8744,8412,8403,8454,8219,8251,8324,7993,8079,7965,7717,7971,7889,7901,7949,7453,8123,8031,7920,7834,7767,7704,7928,8084,8218,7889,7914,8262,8272,8203,8278,8380,7722,8041,8148,8226,8216,8029,8357,8642,8488,7997,8118,8221,7971,7911,8517,8315,8037,8319,8521,8349,8146,8189|
03/04/2026 10:51:47|9041,9232,8746,8456,8870,9135,8668,8371,8327,8388,8196,8244,8288,7959,7994,7913,7691,7951,7891,7893,7913,7423,8071,7987,7889,7788,7767,7711,7906,8050,8209,7892,7927,8256,8249,8179,8253,8359,7709,8038,8139,8201,8175,8006,8319,8594,8461,7983,8069,8137,7921,7894,8479,8287,7999,8313,8513,8344,8129,8168|
03/04/2026 10:51:48|9026,9211,8711,8436,8803,9085,8598,8331,8254,8317,8176,8240,8256,7926,7900,7860,7669,7932,7893,7887,7881,7404,8022,7940,7855,7740,7763,7715,7881,8012,8198,7894,7940,8249,8226,8150,8219,8333,7698,8033,8130,8175,8126,7967,8268,8534,8428,7967,8011,8036,7860,7872,8428,8249,7966,8303,8498,8334,8109,8145|
03/04/2026 10:51:49|9015,9192,8673,8418,8732,9035,8534,8293,8184,8244,8159,8238,8228,7894,7800,7806,7649,7913,7897,7881,7852,7395,7976,7893,7820,7691,7757,7714,7854,7968,8186,7893,7952,8243,8204,8119,8179,8304,7690,8026,8120,8149,8072,7915,8207,8464,8389,7950,7945,7921,7788,7846,8366,8203,7938,8288,8478,8320,8085,8121|
03/04/2026 10:51:50|9005,9174,8634,8402,8660,8985,8474,8255,8118,8169,8143,8238,8203,7864,7695,7752,7633,7895,7900,7875,7826,7393,7933,7845,7783,7642,7747,7711,7825,7922,8173,7892,7963,8236,8183,8084,8133,8272,7684,8019,8110,8122,8013,7854,8137,8388,8347,7932,7875,7797,7710,7817,8297,8151,7915,8270,8454,8304,8059,8096|
03/04/2026 10:51:51|8996,9155,8597,8390,8594,8936,8415,8217,8060,8096,8125,8238,8178,7831,7595,7702,7622,7878,7902,7866,7802,7393,7897,7801,7749,7595,7738,7707,7795,7873,8153,7891,7973,8227,8158,8048,8087,8240,7684,8015,8101,8099,7959,7790,8063,8311,8307,7919,7812,7684,7632,7787,8229,8104,7897,8252,8428,8286,8033,8072|
03/04/2026 10:51:52|8984,9137,8569,8386,8541,8889,8358,8184,8011,8029,8097,8236,8157,7800,7502,7651,7615,7861,7903,7857,7781,7401,7871,7767,7720,7553,7732,7702,7763,7817,8130,7896,7986,8218,8126,8007,8041,8212,7694,8015,8091,8078,7910,7724,7983,8236,8271,7915,7763,7592,7549,7759,8167,8066,7888,8236,8398,8266,8009,8050|
03/04/2026 10:51:53|8969,9119,8550,8390,8497,8844,8303,8155,7971,7967,8060,8235,8139,7773,7416,7599,7612,7845,7905,7851,7762,7417,7855,7744,7697,7517,7727,7694,7731,7755,8106,7905,8003,8211,8088,7961,7997,8187,7711,8021,8081,8060,7867,7657,7898,8163,8240,7919,7728,7519,7460,7732,8112,8036,7885,8224,8365,8244,7985,8030|
03/04/2026 10:51:54|8953,9102,8537,8400,8464,8801,8250,8132,7940,7911,8016,8233,8124,7749,7336,7546,7612,7830,7907,7847,7744,7438,7847,7729,7678,7485,7724,7685,7698,7689,8080,7919,8022,8204,8045,7912,7953,8166,7735,8030,8072,8045,7828,7589,7810,8094,8213,7930,7705,7464,7369,7706,8062,8015,7890,8214,8329,8221,7963,8011|
03/04/2026 10:51:55|8936,9086,8532,8416,8438,8761,8200,8113,7916,7860,7966,8231,8112,7728,7262,7493,7615,7815,7910,7845,7728,7465,7847,7723,7665,7457,7723,7674,7665,7620,8054,7935,8044,8199,7998,7861,7911,8148,7764,8043,8063,8032,7793,7522,7720,8028,8190,7947,7692,7424,7275,7682,8017,8000,7899,8206,8292,8197,7942,7993|
03/04/2026 10:51:56|8918,9071,8532,8437,8421,8723,8153,8097,7898,7814,7911,8229,8102,7709,7194,7441,7620,7802,7912,7844,7713,7496,7854,7723,7656,7434,7723,7662,7632,7549,8028,7954,8068,8194,7949,7807,7871,8133,7798,8059,8054,8021,7763,7456,7630,7965,8170,7968,7689,7398,7180,7660,7978,7992,7913,8200,8253,8172,7922,7977|
03/04/2026 10:51:57|8899,9057,8537,8462,8410,8688,8108,8085,7887,7773,7854,8227,8096,7693,7132,7390,7627,7789,7914,7844,7700,7530,7866,7729,7650,7415,7725,7649,7600,7477,8001,7975,8093,8191,7898,7753,7833,8121,7835,8077,8046,8012,7736,7391,7540,7905,8153,7994,7694,7385,7085,7638,7944,7989,7931,8197,8213,8146,7903,7962|
03/04/2026 10:51:58|8879,9042,8545,8489,8405,8656,8066,8077,7880,7737,7794,8225,8091,7679,7077,7342,7635,7777,7916,7846,7689,7566,7882,7741,7647,7399,7727,7636,7569,7406,7975,7997,8119,8187,7845,7699,7796,8111,7875,8097,8038,8003,7713,7330,7452,7850,8139,8022,7704,7381,6993,7619,7914,7991,7952,8194,8174,8121,7885,7948|
03/04/2026 10:51:59|8857,9020,8552,8516,8406,8625,8032,8074,7875,7703,7741,8221,8089,7668,7039,7305,7649,7768,7917,7850,7684,7606,7901,7755,7646,7391,7734,7624,7547,7346,7948,8018,8141,8178,7791,7650,7764,8103,7915,8118,8033,7992,7693,7282,7379,7803,8129,8047,7716,7384,6918,7606,7890,7998,7974,8189,8133,8094,7869,7939|
03/04/2026 10:52:00|8837,9001,8558,8536,8412,8590,8008,8081,7879,7661,7699,8218,8091,7666,7024,7289,7670,7765,7922,7860,7688,7651,7924,7774,7654,7397,7749,7622,7537,7303,7927,8038,8160,8159,7732,7607,7742,8099,7957,8143,8033,7982,7676,7251,7328,7770,8124,8073,7729,7389,6867,7602,7874,8009,7994,8172,8086,8067,7857,7936|
03/04/2026 10:52:01|8819,8984,8563,8549,8420,8553,7996,8098,7892,7612,7668,8214,8096,7673,7030,7293,7699,7770,7931,7873,7698,7701,7952,7799,7670,7416,7771,7628,7537,7276,7911,8059,8177,8131,7669,7568,7727,8099,8000,8171,8039,7973,7664,7234,7297,7750,8126,8100,7744,7398,6837,7607,7865,8025,8012,8144,8034,8040,7850,7937|
03/04/2026 10:52:02|8804,8971,8566,8556,8432,8513,7994,8123,7912,7557,7647,8210,8103,7689,7054,7313,7733,7779,7944,7891,7714,7755,7984,7827,7694,7446,7800,7642,7546,7261,7901,8081,8191,8095,7604,7535,7719,8101,8045,8201,8049,7966,7654,7231,7283,7742,8132,8128,7761,7408,6825,7620,7862,8045,8028,8107,7978,8014,7847,7943|
03/04/2026 10:52:03|8790,8961,8570,8558,8446,8472,7999,8155,7939,7498,7633,8205,8113,7711,7093,7347,7773,7794,7959,7911,7735,7812,8019,7858,7723,7486,7834,7662,7562,7259,7896,8102,8202,8054,7538,7506,7718,8106,8090,8233,8062,7960,7648,7239,7285,7745,8143,8156,7780,7421,6829,7639,7866,8068,8042,8063,7918,7989,7848,7953|
03/04/2026 10:52:04|8779,8953,8572,8555,8461,8430,8012,8193,7971,7436,7628,8201,8124,7739,7144,7392,7817,7813,7977,7934,7761,7871,8056,7892,7758,7532,7872,7687,7585,7266,7895,8123,8212,8007,7471,7482,7722,8114,8136,8267,8078,7955,7644,7257,7300,7756,8157,8183,7799,7435,6847,7663,7874,8093,8054,8014,7857,7965,7853,7966|
03/04/2026 10:52:05|8769,8947,8574,8549,8478,8387,8030,8234,8007,7371,7628,8197,8136,7771,7206,7448,7863,7835,7996,7958,7789,7931,8094,7927,7796,7585,7913,7717,7613,7282,7897,8144,8219,7957,7404,7462,7731,8123,8181,8301,8096,7952,7643,7283,7326,7774,8174,8211,7819,7450,6877,7691,7886,8119,8065,7959,7794,7942,7860,7981|
03/04/2026 10:52:06|8761,8944,8576,8539,8497,8345,8054,8280,8046,7305,7635,8193,8150,7807,7277,7511,7912,7860,8017,7984,7821,7991,8133,7964,7837,7643,7957,7750,7645,7306,7902,8164,8225,7903,7338,7445,7744,8134,8225,8336,8117,7949,7643,7316,7362,7799,8194,8237,7840,7465,6917,7723,7902,8147,8074,7902,7731,7919,7869,7999|
03/04/2026 10:52:07|8754,8942,8576,8526,8515,8303,8081,8327,8088,7238,7646,8189,8164,7846,7354,7581,7962,7887,8039,8011,7854,8050,8173,8001,7881,7705,8003,7786,7681,7336,7910,8184,8230,7848,7273,7432,7760,8146,8268,8370,8139,7948,7646,7355,7405,7829,8216,8263,7860,7482,6964,7758,7921,8176,8082,7841,7668,7898,7881,8018|
03/04/2026 10:52:08|8749,8942,8577,8511,8535,8262,8112,8377,8131,7172,7661,8185,8179,7887,7436,7655,8012,7915,8062,8039,7889,8109,8213,8039,7926,7769,8049,7824,7719,7370,7920,8202,8233,7792,7209,7421,7778,8159,8309,8405,8162,7947,7650,7398,7455,7864,8239,8288,7881,7499,7019,7794,7941,8205,8088,7780,7605,7879,7894,8039|
03/04/2026 10:52:09|8745,8943,8577,8495,8554,8222,8146,8427,8176,7107,7679,8182,8195,7930,7521,7733,8063,7944,8085,8066,7924,8167,8252,8076,7972,7834,8096,7864,7759,7409,7932,8220,8234,7736,7148,7413,7799,8172,8349,8438,8185,7947,7655,7444,7510,7901,8263,8312,7901,7515,7078,7832,7964,8234,8093,7717,7545,7860,7908,8060|
03/04/2026 10:52:10|8743,8945,8577,8477,8574,8183,8181,8478,8221,7043,7700,8178,8210,7973,7609,7813,8113,7974,8108,8094,7960,8223,8291,8113,8018,7900,8143,7904,7800,7451,7946,8238,8235,7679,7089,7408,7822,8187,8387,8471,8209,7948,7662,7493,7569,7942,8287,8335,7921,7532,7142,7871,7988,8263,8097,7655,7486,7843,7923,8082|
03/04/2026 10:52:11|8741,8949,8577,8459,8594,8147,8218,8528,8266,6982,7724,8175,8226,8017,7697,7893,8162,8004,8131,8120,7996,8276,8327,8148,8063,7965,8187,7944,7842,7495,7960,8254,8235,7625,7034,7405,7846,8201,8423,8502,8233,7949,7669,7544,7630,7983,8312,8356,7940,7549,7208,7910,8013,8292,8099,7594,7429,7827,7939,8104|
03/04/2026 10:52:12|8744,8953,8577,8442,8612,8118,8251,8572,8305,6935,7750,8172,8241,8058,7779,7966,8204,8030,8149,8140,8027,8321,8355,8176,8104,8023,8220,7981,7881,7536,7972,8267,8234,7580,6993,7411,7872,8213,8450,8529,8258,7955,7683,7596,7690,8022,8332,8372,7962,7572,7277,7951,8040,8317,8099,7545,7387,7819,7959,8125|
03/04/2026 10:52:13|8742,8950,8569,8419,8624,8091,8264,8593,8324,6890,7767,8158,8248,8086,7850,8026,8233,8051,8162,8150,8039,8353,8373,8196,8134,8063,8242,8010,7912,7565,7974,8274,8231,7548,6968,7429,7898,8223,8464,8546,8279,7963,7697,7648,7748,8056,8335,8377,7985,7601,7346,7990,8066,8341,8100,7512,7361,7819,7982,8139|
03/04/2026 10:52:14|8732,8938,8555,8387,8632,8067,8258,8593,8323,6841,7772,8129,8246,8097,7910,8075,8253,8071,8172,8152,8029,8375,8384,8207,8153,8083,8254,8030,7936,7583,7968,8274,8228,7527,6956,7457,7919,8229,8466,8554,8295,7969,7707,7699,7805,8084,8319,8371,8010,7634,7413,8027,8091,8364,8104,7495,7351,7826,8004,8145|
03/04/2026 10:52:15|8717,8920,8536,8349,8634,8045,8233,8574,8303,6789,7767,8088,8237,8095,7960,8113,8264,8088,8180,8147,8001,8386,8387,8211,8161,8084,8258,8043,7954,7592,7957,8270,8223,7516,6957,7494,7937,8232,8458,8552,8307,7975,7714,7750,7861,8106,8286,8356,8035,7670,7479,8061,8114,8386,8110,7491,7354,7838,8025,8142|
03/04/2026 10:52:16|8697,8896,8513,8305,8633,8025,8194,8538,8269,6736,7754,8038,8220,8080,8001,8143,8268,8103,8186,8137,7956,8390,8386,8209,8161,8070,8254,8048,7966,7592,7940,8261,8217,7513,6968,7537,7952,8232,8441,8543,8316,7979,7718,7799,7914,8123,8239,8334,8060,7710,7542,8092,8137,8407,8118,7500,7368,7855,8046,8132|
03/04/2026 10:52:17|8674,8867,8486,8258,8629,8007,8142,8489,8221,6680,7733,7979,8198,8055,8033,8164,8265,8117,8191,8123,7898,8386,8379,8202,8153,8042,8244,8047,7974,7586,7918,8248,8210,7518,6988,7587,7964,8230,8417,8528,8322,7983,7719,7847,7964,8136,8180,8305,8085,7751,7603,8121,8158,8427,8129,7518,7392,7876,8066,8116|
03/04/2026 10:52:18|8646,8834,8457,8207,8622,7991,8079,8429,8162,6625,7706,7915,8171,8021,8058,8179,8256,8129,8193,8104,7830,8375,8368,8190,8139,8004,8228,8041,7977,7573,7893,8233,8203,7528,7016,7641,7973,8226,8386,8507,8325,7986,7718,7894,8013,8145,8112,8271,8109,7793,7660,8147,8178,8445,8140,7544,7424,7900,8085,8095|
03/04/2026 10:52:19|8617,8798,8426,8154,8612,7977,8008,8359,8095,6569,7673,7845,8140,7981,8076,8187,8242,8140,8195,8082,7752,8360,8354,8174,8119,7956,8208,8030,7977,7556,7865,8214,8195,7544,7050,7699,7980,8220,8351,8482,8325,7989,7716,7938,8058,8150,8037,8233,8134,7837,7715,8171,8196,8462,8153,7578,7463,7926,8104,8070|
03/04/2026 10:52:20|8585,8760,8394,8100,8601,7964,7931,8282,8021,6514,7637,7772,8107,7934,8089,8189,8225,8149,8195,8057,7667,8340,8336,8155,8095,7900,8184,8015,7974,7534,7835,8194,8187,7565,7089,7758,7985,8212,8312,8453,8323,7990,7712,7980,8101,8151,7956,8191,8157,7880,7766,8192,8213,8478,8167,7618,7507,7954,8121,8042|
03/04/2026 10:52:21|8552,8721,8360,8045,8588,7953,7848,8199,7941,6460,7598,7696,8071,7882,8096,8186,8204,8157,8194,8031,7578,8316,8316,8133,8066,7838,8156,7998,7968,7509,7803,8172,8179,7589,7132,7820,7988,8204,8269,8421,8319,7992,7706,8020,8141,8151,7870,8147,8180,7923,7815,8212,8229,8493,8181,7662,7555,7984,8138,8011|
03/04/2026 10:52:22|8519,8680,8326,7990,8573,7943,7762,8112,7858,6408,7556,7619,8033,7828,8098,8179,8180,8164,8192,8003,7484,8289,8295,8110,8035,7772,8127,7977,7959,7481,7770,8149,8170,7616,7178,7882,7989,8195,8225,8387,8314,7992,7700,8058,8178,8147,7782,8102,8201,7965,7860,8229,8244,8506,8196,7710,7607,8015,8153,7978|
03/04/2026 10:52:23|8485,8640,8292,7936,8558,7935,7674,8023,7772,6357,7512,7542,7995,7770,8096,8169,8155,8170,8189,7974,7389,8260,8272,8084,8002,7702,8096,7955,7949,7450,7736,8125,8162,7646,7226,7943,7989,8185,8179,8351,8307,7993,7692,8093,8212,8142,7692,8055,8222,8007,7902,8244,8257,8518,8211,7760,7661,8046,8167,7944|
03/04/2026 10:52:24|8451,8599,8259,7882,8542,7928,7585,7932,7686,6308,7468,7465,7956,7711,8091,8155,8128,8174,8186,7944,7293,8229,8248,8058,7967,7630,8063,7931,7937,7419,7702,8100,8154,7677,7276,8005,7987,8174,8132,8315,8299,7993,7684,8126,8244,8135,7601,8009,8241,8047,7940,8257,8269,8530,8226,7813,7717,8077,8181,7909|
03/04/2026 10:52:25|8417,8558,8226,7830,8526,7922,7496,7841,7598,6261,7423,7389,7917,7652,8083,8139,8099,8178,8182,7915,7196,8197,8223,8031,7931,7556,8030,7906,7924,7386,7669,8076,8146,7709,7326,8065,7985,8164,8085,8277,8291,7993,7675,8156,8272,8127,7511,7962,8260,8086,7975,8269,8280,8540,8240,7866,7773,8108,8193,7873|
03/04/2026 10:52:26|8385,8520,8195,7782,8511,7919,7411,7754,7514,6220,7380,7317,7879,7594,8073,8122,8071,8181,8178,7885,7102,8165,8199,8005,7896,7484,7997,7881,7910,7353,7636,8052,8138,7742,7376,8122,7981,8153,8038,8241,8282,7993,7667,8184,8298,8117,7423,7916,8277,8123,8008,8279,8291,8549,8255,7920,7828,8138,8204,7839|
03/04/2026 10:52:27|8368,8500,8182,7754,8509,7932,7353,7689,7455,6207,7355,7269,7857,7553,8071,8113,8049,8186,8176,7856,7024,8134,8180,7985,7867,7424,7969,7858,7899,7327,7608,8033,8133,7775,7424,8167,7974,8137,7991,8202,8276,7997,7665,8208,8319,8106,7346,7877,8291,8154,8039,8292,8304,8557,8270,7973,7880,8166,8211,7812|
03/04/2026 10:52:28|8363,8499,8190,7749,8516,7961,7325,7648,7421,6224,7348,7245,7850,7533,8077,8108,8030,8194,8178,7838,6972,8114,8167,7964,7842,7378,7945,7839,7894,7309,7589,8021,8129,7806,7468,8199,7960,8116,7946,8163,8270,8002,7666,8227,8334,8098,7287,7848,8303,8180,8069,8303,8318,8564,8280,8021,7934,8195,8218,7794|
03/04/2026 10:52:29|8371,8511,8215,7765,8526,8003,7325,7634,7416,6273,7359,7245,7860,7532,8094,8114,8022,8209,8188,7829,6945,8105,8162,7953,7824,7345,7927,7828,7890,7304,7583,8016,8131,7841,7514,8218,7949,8101,7909,8126,8265,8008,7672,8237,8348,8095,7248,7829,8311,8199,8097,8317,8337,8572,8288,8066,7989,8222,8223,7784|
03/04/2026 10:52:30|8392,8534,8256,7797,8534,8058,7351,7647,7439,6351,7389,7268,7885,7545,8122,8132,8030,8234,8204,7826,6940,8108,8167,7955,7819,7328,7916,7822,7886,7314,7592,8020,8138,7882,7565,8223,7944,8094,7881,8089,8261,8017,7682,8238,8362,8100,7229,7821,8314,8214,8127,8335,8359,8583,8300,8113,8046,8243,8225,7782|
03/04/2026 10:52:31|8426,8568,8311,7847,8547,8122,7397,7682,7485,6453,7436,7308,7921,7574,8160,8161,8051,8264,8225,7831,6954,8118,8178,7964,7821,7324,7912,7822,7885,7336,7611,8028,8146,7927,7621,8220,7944,8093,7856,8054,8255,8029,7697,8236,8378,8110,7224,7821,8315,8222,8159,8356,8385,8594,8314,8159,8103,8262,8224,7787|
03/04/2026 10:52:32|8468,8614,8380,7915,8572,8191,7453,7734,7551,6577,7500,7360,7964,7616,8207,8200,8081,8295,8247,7849,6987,8134,8192,7967,7823,7334,7919,7831,7892,7368,7634,8033,8151,7972,7681,8221,7948,8096,7827,8023,8244,8042,7720,8239,8398,8123,7229,7824,8320,8224,8194,8383,8414,8603,8323,8199,8159,8281,8217,7803|
03/04/2026 10:52:33|8518,8671,8461,7999,8610,8263,7516,7799,7633,6719,7578,7422,8012,7671,8261,8246,8120,8325,8268,7877,7037,8155,8208,7966,7823,7355,7934,7848,7906,7408,7662,8036,8152,8016,7744,8225,7957,8103,7793,7997,8228,8054,7748,8249,8422,8140,7242,7832,8328,8220,8230,8415,8445,8609,8328,8233,8212,8301,8207,7828|
03/04/2026 10:52:34|8573,8733,8546,8092,8655,8334,7589,7875,7725,6873,7667,7492,8064,7735,8318,8298,8165,8351,8291,7912,7098,8176,8226,7964,7821,7385,7955,7872,7928,7452,7692,8039,8151,8058,7806,8228,7969,8112,7757,7977,8209,8065,7778,8259,8444,8157,7260,7840,8332,8210,8267,8450,8477,8611,8330,8261,8261,8321,8194,7859|
03/04/2026 10:52:35|8630,8796,8630,8187,8706,8409,7675,7958,7823,7035,7761,7571,8124,7806,8376,8355,8215,8376,8317,7950,7167,8200,8248,7968,7822,7419,7975,7901,7954,7498,7726,8048,8149,8093,7861,8226,7986,8123,7724,7962,8195,8074,7804,8264,8462,8175,7285,7845,8328,8194,8301,8480,8502,8606,8326,8287,8308,8339,8183,7891|
03/04/2026 10:52:36|8687,8856,8711,8281,8761,8491,7772,8046,7920,7197,7857,7655,8191,7880,8431,8412,8267,8399,8342,7993,7243,8225,8268,7978,7833,7455,7994,7934,7980,7543,7765,8061,8143,8120,7908,8223,8003,8135,7699,7953,8183,8081,7832,8267,8476,8193,7314,7847,8325,8185,8334,8501,8521,8594,8322,8314,8347,8353,8178,7925|
03/04/2026 10:52:37|8744,8914,8792,8381,8820,8574,7872,8138,8021,7361,7957,7745,8257,7957,8486,8469,8321,8426,8368,8039,7325,8250,8288,7994,7849,7493,8012,7965,8007,7589,7804,8077,8140,8144,7953,8222,8018,8146,7681,7944,8168,8086,7861,8261,8482,8203,7349,7851,8321,8177,8368,8521,8535,8579,8315,8342,8383,8367,8181,7962|
03/04/2026 10:52:38|8801,8973,8877,8485,8877,8654,7973,8227,8124,7524,8055,7835,8316,8029,8538,8522,8370,8453,8394,8085,7410,8270,8303,8012,7870,7535,8031,7994,8033,7636,7846,8099,8143,8161,7995,8223,8033,8157,7672,7936,8151,8091,7892,8257,8486,8209,7391,7863,8317,8169,8399,8534,8538,8558,8303,8370,8418,8383,8186,7995|
03/04/2026 10:52:39|8863,9038,8962,8592,8939,8735,8077,8316,8227,7685,8151,7927,8373,8100,8585,8569,8414,8482,8420,8129,7498,8290,8316,8037,7896,7580,8052,8014,8051,7682,7883,8125,8151,8173,8035,8226,8046,8167,7673,7932,8133,8096,7921,8256,8487,8216,7440,7878,8311,8163,8422,8544,8539,8532,8288,8392,8447,8398,8191,8028|
03/04/2026 10:52:40|8927,9102,9045,8700,9008,8818,8187,8407,8330,7845,8248,8022,8418,8173,8631,8616,8453,8512,8443,8165,7581,8305,8327,8062,7926,7625,8071,8026,8063,7729,7918,8148,8160,8186,8073,8228,8057,8176,7683,7933,8119,8100,7945,8256,8488,8225,7494,7900,8309,8160,8440,8550,8542,8511,8271,8410,8472,8407,8199,8062|
03/04/2026 10:52:41|8994,9167,9126,8805,9080,8902,8298,8498,8431,7995,8344,8116,8452,8247,8678,8662,8490,8539,8456,8188,7657,8316,8338,8082,7957,7667,8088,8036,8073,7775,7951,8165,8163,8198,8105,8225,8071,8185,7699,7937,8108,8104,7968,8259,8491,8232,7554,7927,8310,8160,8450,8546,8543,8496,8257,8428,8496,8410,8207,8091|
03/04/2026 10:52:42|9062,9234,9199,8906,9150,8978,8413,8593,8527,8133,8437,8206,8488,8321,8725,8704,8527,8559,8466,8206,7732,8324,8351,8103,7987,7708,8107,8043,8081,7818,7982,8179,8163,8211,8131,8220,8083,8191,7718,7943,8100,8109,7995,8258,8491,8240,7618,7956,8307,8159,8456,8536,8542,8483,8243,8443,8518,8407,8213,8118|
03/04/2026 10:52:43|9132,9304,9271,9006,9220,9050,8529,8692,8621,8261,8530,8295,8527,8392,8773,8743,8561,8577,8479,8225,7808,8334,8367,8122,8017,7750,8125,8049,8085,7854,8013,8191,8164,8224,8157,8217,8091,8195,7734,7949,8092,8111,8021,8260,8493,8248,7687,7990,8299,8158,8463,8527,8534,8468,8234,8456,8537,8405,8220,8141|
03/04/2026 10:52:44|9204,9376,9341,9102,9291,9123,8642,8791,8715,8386,8623,8386,8572,8465,8821,8780,8595,8598,8494,8248,7882,8348,8384,8140,8041,7789,8136,8051,8085,7884,8044,8205,8167,8237,8181,8219,8107,8206,7755,7956,8077,8112,8043,8259,8500,8265,7759,8031,8296,8162,8470,8519,8522,8455,8233,8467,8556,8404,8223,8158|
03/04/2026 10:52:45|9276,9449,9409,9192,9359,9195,8752,8889,8807,8507,8712,8476,8618,8538,8867,8815,8627,8618,8509,8276,7951,8364,8403,8158,8055,7826,8138,8047,8081,7910,8074,8219,8170,8250,8204,8227,8132,8225,7783,7965,8053,8111,8063,8252,8512,8288,7834,8078,8300,8170,8477,8510,8504,8446,8237,8473,8575,8405,8223,8170|
03/04/2026 10:52:46|9346,9521,9474,9274,9425,9264,8857,8984,8896,8623,8799,8563,8667,8609,8911,8848,8657,8638,8524,8307,8014,8379,8424,8176,8061,7860,8134,8039,8075,7933,8103,8233,8174,8263,8225,8240,8164,8249,7818,7976,8023,8109,8081,8242,8527,8316,7909,8130,8310,8182,8483,8500,8482,8442,8246,8476,8593,8406,8219,8178|
03/04/2026 10:52:47|9400,9582,9529,9347,9482,9329,8956,9072,8980,8731,8878,8642,8712,8674,8949,8875,8679,8657,8540,8336,8072,8394,8442,8194,8065,7889,8123,8035,8072,7958,8134,8247,8176,8274,8246,8255,8198,8271,7854,7988,7995,8104,8094,8229,8542,8342,7981,8175,8318,8194,8488,8490,8459,8438,8258,8477,8605,8407,8216,8187|
03/04/2026 10:52:48|9445,9637,9579,9413,9533,9388,9046,9154,9060,8827,8950,8713,8751,8728,8978,8894,8693,8675,8555,8358,8125,8411,8456,8211,8069,7913,8110,8033,8073,7982,8164,8262,8174,8283,8266,8270,8230,8294,7893,8001,7972,8098,8104,8221,8558,8366,8042,8208,8318,8204,8494,8481,8438,8434,8270,8478,8613,8409,8216,8200|
03/04/2026 10:52:49|9492,9690,9630,9477,9580,9445,9135,9236,9140,8919,9019,8776,8780,8772,9004,8914,8706,8690,8568,8378,8176,8430,8466,8231,8080,7939,8104,8037,8082,8011,8196,8277,8174,8292,8287,8287,8261,8319,7932,8016,7956,8093,8114,8221,8575,8389,8100,8239,8319,8209,8492,8474,8418,8432,8280,8475,8617,8412,8220,8217|
03/04/2026 10:52:50|9539,9739,9681,9536,9627,9501,9223,9314,9217,9007,9084,8837,8809,8810,9025,8929,8717,8704,8577,8399,8224,8450,8476,8247,8090,7961,8100,8046,8095,8039,8225,8291,8173,8297,8307,8301,8285,8339,7968,8031,7946,8090,8119,8224,8587,8414,8161,8276,8324,8212,8488,8470,8403,8429,8287,8466,8612,8414,8225,8235|
03/04/2026 10:52:51|9581,9786,9731,9592,9670,9552,9305,9385,9289,9089,9142,8894,8841,8846,9044,8937,8726,8715,8585,8417,8264,8466,8483,8261,8100,7983,8099,8057,8108,8064,8242,8299,8171,8298,8320,8308,8297,8354,7999,8043,7931,8083,8127,8234,8598,8437,8220,8312,8329,8210,8477,8464,8386,8423,8291,8459,8606,8412,8224,8251|
03/04/2026 10:52:52|9616,9826,9776,9643,9705,9592,9374,9446,9347,9158,9191,8941,8869,8877,9058,8938,8730,8722,8591,8431,8297,8481,8485,8275,8114,8004,8099,8067,8119,8085,8254,8304,8164,8289,8326,8312,8303,8364,8026,8050,7917,8080,8137,8247,8605,8456,8275,8342,8332,8208,8459,8453,8363,8412,8289,8451,8598,8404,8220,8265|
03/04/2026 10:52:53|9639,9859,9812,9684,9725,9616,9424,9490,9385,9204,9221,8971,8886,8888,9060,8930,8728,8722,8590,8436,8320,8492,8483,8283,8131,8026,8099,8073,8129,8101,8262,8307,8160,8284,8330,8311,8304,8370,8051,8052,7906,8083,8150,8258,8608,8472,8319,8366,8335,8206,8438,8440,8339,8400,8284,8439,8589,8396,8213,8273|
03/04/2026 10:52:54|9648,9879,9834,9707,9726,9624,9457,9521,9411,9230,9235,8987,8887,8877,9046,8906,8712,8713,8581,8433,8334,8494,8477,8278,8141,8038,8090,8069,8135,8115,8265,8300,8151,8279,8329,8302,8299,8366,8068,8051,7898,8085,8161,8263,8603,8483,8353,8380,8333,8200,8412,8424,8312,8390,8281,8424,8575,8389,8208,8277|
03/04/2026 10:52:55|9640,9883,9836,9712,9708,9611,9469,9535,9421,9236,9233,8988,8869,8855,9018,8869,8686,8694,8564,8420,8332,8481,8460,8256,8144,8046,8075,8049,8134,8122,8261,8282,8135,8266,8311,8279,8285,8359,8084,8049,7890,8083,8164,8263,8585,8487,8381,8390,8326,8187,8383,8408,8283,8377,8275,8410,8559,8384,8196,8277|
03/04/2026 10:52:56|9623,9877,9811,9706,9682,9588,9465,9532,9413,9218,9218,8977,8836,8828,8984,8829,8651,8671,8544,8403,8320,8451,8432,8211,8142,8053,8059,8022,8126,8123,8254,8262,8116,8246,8281,8237,8261,8347,8097,8045,7878,8075,8151,8259,8551,8479,8401,8395,8310,8164,8349,8391,8254,8364,8270,8399,8545,8378,8169,8274|
03/04/2026 10:52:57|9599,9860,9762,9690,9650,9555,9447,9512,9389,9177,9193,8956,8791,8798,8947,8787,8609,8644,8521,8383,8301,8409,8393,8145,8136,8061,8042,7989,8113,8118,8243,8240,8095,8220,8242,8178,8227,8331,8107,8040,7862,8062,8125,8250,8504,8461,8413,8395,8287,8134,8311,8373,8225,8352,8267,8392,8535,8371,8126,8268|
03/04/2026 10:52:58|9570,9836,9693,9666,9614,9515,9418,9479,9351,9118,9159,8926,8737,8767,8906,8745,8561,8615,8497,8360,8274,8354,8345,8062,8128,8069,8025,7951,8096,8109,8229,8217,8073,8189,8197,8106,8185,8312,8115,8033,7843,8044,8086,8238,8444,8434,8419,8392,8257,8096,8269,8355,8196,8339,8266,8388,8527,8365,8072,8260|
03/04/2026 10:52:59|9536,9805,9608,9636,9574,9468,9380,9435,9302,9044,9118,8889,8675,8733,8864,8701,8509,8583,8471,8335,8242,8291,8291,7965,8117,8076,8008,7910,8075,8096,8213,8194,8050,8154,8146,8022,8137,8290,8121,8024,7822,8023,8037,8223,8374,8400,8420,8385,8222,8052,8225,8337,8168,8326,8265,8386,8522,8358,8007,8250|
03/04/2026 10:53:00|9498,9768,9509,9601,9532,9418,9333,9381,9243,8957,9071,8846,8607,8699,8820,8658,8453,8550,8444,8308,8205,8220,8231,7857,8103,8084,7990,7867,8052,8080,8196,8170,8026,8115,8091,7930,8085,8266,8124,8015,7798,7998,7981,8206,8297,8360,8416,8374,8183,8005,8179,8320,8140,8314,8267,8388,8520,8350,7933,8238|
03/04/2026 10:53:01|9457,9727,9399,9561,9488,9363,9280,9320,9177,8859,9018,8798,8534,8664,8775,8615,8395,8517,8417,8281,8164,8144,8167,7741,8088,8091,7973,7822,8026,8061,8177,8146,8002,8074,8032,7831,8028,8241,8126,8004,7773,7971,7917,8186,8214,8315,8407,8362,8141,7953,8132,8302,8113,8302,8269,8391,8519,8343,7854,8225|
03/04/2026 10:53:02|9412,9683,9289,9521,9441,9306,9222,9254,9106,8755,8963,8746,8456,8625,8727,8570,8333,8482,8389,8252,8119,8065,8101,7623,8071,8096,7955,7774,7998,8039,8156,8122,7979,8033,7972,7731,7974,8217,8128,7994,7748,7942,7851,8165,8130,8269,8394,8344,8098,7903,8087,8286,8089,8291,8270,8392,8515,8337,7778,8212|
03/04/2026 10:53:03|9361,9639,9196,9484,9392,9242,9154,9185,9037,8655,8906,8690,8369,8571,8661,8522,8266,8443,8357,8218,8071,7993,8042,7520,8053,8093,7936,7729,7969,8011,8133,8095,7951,7990,7911,7641,7929,8196,8128,7984,7726,7909,7786,8142,8054,8226,8374,8316,8059,7863,8046,8268,8066,8281,8267,8384,8504,8333,7720,8200|
03/04/2026 10:53:04|9306,9597,9122,9452,9339,9170,9075,9113,8970,8565,8851,8630,8278,8502,8574,8469,8196,8401,8319,8180,8023,7929,7991,7436,8035,8082,7916,7693,7939,7975,8109,8063,7918,7943,7851,7560,7895,8178,8125,7975,7708,7872,7719,8115,7986,8186,8348,8278,8028,7831,8007,8248,8043,8270,8258,8367,8490,8333,7680,8187|
03/04/2026 10:53:05|9248,9558,9064,9425,9285,9095,8989,9039,8905,8485,8796,8567,8183,8420,8470,8413,8123,8355,8277,8137,7975,7872,7949,7371,8017,8066,7896,7663,7910,7936,8086,8028,7881,7894,7792,7489,7869,8161,8120,7968,7693,7834,7654,8087,7925,8149,8319,8233,8004,7809,7971,8226,8021,8260,8244,8344,8473,8335,7655,8173|
03/04/2026 10:53:06|9185,9510,9014,9400,9236,9024,8903,8963,8835,8413,8742,8505,8093,8337,8364,8359,8056,8308,8234,8093,7932,7825,7914,7321,8003,8051,7881,7643,7888,7904,8067,7997,7850,7851,7735,7429,7851,8146,8114,7964,7687,7803,7599,8060,7869,8115,8285,8187,7986,7796,7944,8208,8005,8251,8232,8321,8456,8341,7635,8159|
03/04/2026 10:53:07|9118,9451,8967,9378,9195,8963,8824,8887,8757,8347,8689,8445,8012,8256,8264,8309,7996,8260,8192,8049,7896,7787,7885,7284,7993,8040,7871,7632,7876,7884,8055,7974,7829,7819,7682,7379,7840,8134,8109,7966,7691,7784,7559,8035,7818,8082,8247,8144,7974,7793,7928,8198,7996,8244,8225,8303,8443,8349,7617,8144|
03/04/2026 10:53:08|9048,9383,8923,9357,9162,8911,8749,8810,8673,8288,8637,8387,7939,8180,8169,8263,7943,8212,8151,8005,7866,7756,7861,7260,7987,8032,7867,7629,7873,7875,8050,7957,7817,7796,7631,7338,7835,8122,8104,7973,7703,7774,7532,8012,7771,8051,8208,8104,7968,7798,7923,8193,7993,8240,8220,8289,8432,8359,7601,8129|
03/04/2026 10:53:09|8977,9309,8883,9339,9136,8866,8680,8734,8586,8235,8587,8331,7873,8106,8080,8220,7896,8164,8111,7960,7840,7733,7843,7247,7983,8027,7867,7633,7876,7875,8049,7945,7812,7781,7584,7306,7835,8112,8100,7983,7722,7772,7515,7992,7729,8022,8166,8066,7966,7811,7925,8193,7995,8237,8219,8277,8423,8371,7585,8113|
03/04/2026 10:53:10|8910,9237,8842,9317,9113,8825,8613,8662,8503,8186,8534,8277,7813,8034,7999,8177,7854,8113,8066,7914,7816,7714,7828,7239,7977,8020,7867,7638,7882,7877,8047,7931,7810,7770,7540,7279,7835,8100,8093,7991,7739,7774,7506,7977,7699,7997,8125,8033,7963,7826,7929,8182,7992,8226,8213,8260,8409,8374,7570,8097|
03/04/2026 10:53:11|8849,9173,8798,9284,9086,8785,8544,8587,8423,8131,8468,8222,7752,7970,7929,8134,7818,8065,8013,7866,7794,7697,7815,7225,7967,8012,7866,7642,7889,7879,8043,7916,7807,7763,7505,7259,7833,8087,8087,7997,7746,7778,7500,7968,7683,7978,8086,8009,7967,7846,7934,8166,7982,8198,8201,8228,8386,8362,7558,8080|
03/04/2026 10:53:12|8792,9114,8753,9240,9057,8747,8475,8512,8345,8072,8392,8165,7693,7914,7870,8092,7788,8020,7956,7817,7773,7681,7802,7206,7952,8004,7866,7645,7898,7881,8039,7901,7804,7761,7477,7245,7831,8073,8083,8003,7743,7784,7498,7963,7679,7964,8049,7993,7977,7869,7939,8147,7967,8154,8183,8184,8354,8337,7550,8065|
03/04/2026 10:53:13|8740,9061,8705,9188,9026,8711,8407,8436,8270,8010,8307,8108,7634,7865,7819,8053,7763,7978,7895,7767,7753,7666,7789,7184,7935,7995,7865,7647,7907,7883,8033,7888,7801,7761,7456,7236,7829,8059,8080,8008,7733,7792,7498,7962,7686,7955,8016,7985,7993,7896,7946,8125,7947,8100,8162,8131,8316,8303,7545,8050|
03/04/2026 10:53:14|8693,9011,8653,9132,8993,8681,8349,8368,8199,7939,8216,8047,7570,7819,7777,8016,7740,7941,7839,7723,7736,7654,7777,7167,7920,7986,7865,7656,7921,7888,8020,7879,7804,7764,7441,7237,7826,8043,8078,8015,7729,7806,7503,7964,7698,7952,7992,7988,8015,7927,7956,8106,7929,8051,8146,8085,8282,8270,7545,8035|
03/04/2026 10:53:15|8649,8965,8595,9074,8958,8657,8305,8309,8132,7859,8119,7982,7501,7776,7741,7982,7718,7907,7794,7687,7723,7645,7764,7157,7907,7978,7866,7673,7940,7893,7997,7877,7814,7770,7431,7248,7822,8024,8075,8023,7735,7827,7511,7967,7713,7955,7981,8001,8045,7963,7973,8093,7915,8016,8139,8051,8255,8245,7550,8020|
03/04/2026 10:53:16|8609,8922,8534,9014,8923,8639,8273,8259,8069,7772,8019,7914,7427,7734,7711,7952,7697,7878,7757,7658,7712,7638,7752,7153,7896,7970,7867,7699,7963,7901,7965,7879,7829,7778,7425,7269,7818,8002,8071,8032,7750,7854,7523,7972,7731,7962,7981,8023,8079,8002,7993,8085,7905,7993,8141,8029,8234,8226,7560,8006|
03/04/2026 10:53:17|8573,8881,8469,8955,8887,8626,8252,8217,8011,7680,7918,7845,7350,7695,7686,7924,7677,7852,7728,7635,7704,7633,7739,7155,7889,7962,7869,7730,7989,7909,7927,7887,7850,7787,7422,7298,7814,7979,8067,8043,7772,7886,7538,7978,7750,7974,7990,8053,8118,8044,8018,8082,7897,7980,8149,8016,8219,8212,7573,7992|
03/04/2026 10:53:18|8540,8844,8403,8895,8850,8618,8242,8183,7956,7584,7815,7774,7271,7658,7667,7899,7659,7829,7706,7618,7699,7630,7727,7163,7883,7954,7872,7766,8018,7918,7883,7898,7874,7798,7423,7333,7809,7955,8063,8054,7801,7921,7556,7986,7770,7989,8006,8089,8161,8088,8045,8082,7893,7976,8163,8012,8210,8204,7590,7979|
03/04/2026 10:53:19|8510,8809,8336,8836,8815,8615,8240,8156,7906,7486,7713,7703,7191,7624,7652,7876,7641,7810,7690,7606,7695,7629,7715,7174,7879,7947,7874,7807,8049,7928,7835,7912,7902,7810,7426,7373,7804,7930,8059,8066,7835,7959,7575,7994,7791,8006,8030,8130,8206,8133,8075,8086,7891,7981,8182,8016,8205,8200,7609,7966|
03/04/2026 10:53:20|8484,8777,8268,8779,8779,8614,8245,8134,7859,7386,7612,7633,7111,7592,7641,7856,7625,7794,7680,7598,7694,7629,7703,7189,7877,7941,7877,7851,8082,7939,7784,7929,7933,7823,7431,7418,7799,7905,8055,8078,7873,8000,7596,8003,7813,8027,8059,8176,8253,8179,8106,8093,7891,7992,8205,8026,8204,8200,7631,7954|
03/04/2026 10:53:21|8460,8749,8201,8723,8745,8617,8257,8118,7817,7287,7514,7564,7032,7562,7634,7838,7610,7780,7675,7595,7694,7631,7692,7207,7877,7934,7881,7897,8115,7950,7730,7948,7965,7836,7438,7466,7794,7879,8050,8091,7914,8042,7618,8012,7835,8049,8093,8224,8301,8225,8139,8102,7893,8008,8232,8042,8206,8203,7654,7943|
03/04/2026 10:53:22|8440,8722,8135,8670,8712,8623,8274,8108,7778,7188,7418,7497,6954,7534,7630,7823,7596,7769,7675,7595,7695,7634,7681,7228,7877,7929,7884,7944,8149,7961,7675,7969,7999,7850,7447,7516,7790,7854,8046,8104,7957,8085,7640,8022,7858,8072,8130,8274,8349,8271,8172,8113,7896,8030,8261,8063,8212,8209,7678,7932|
03/04/2026 10:53:23|8422,8699,8071,8618,8680,8631,8295,8101,7743,7092,7326,7432,6878,7509,7629,7810,7583,7760,7678,7598,7698,7638,7671,7250,7879,7923,7887,7993,8183,7972,7619,7991,8034,7864,7458,7567,7785,7829,8041,8116,8003,8128,7663,8032,7880,8096,8170,8326,8397,8315,8206,8125,7901,8056,8292,8087,8220,8217,7703,7922|
03/04/2026 10:53:24|8407,8678,8008,8569,8649,8641,8321,8099,7712,6998,7237,7370,6805,7487,7630,7798,7572,7753,7684,7604,7702,7642,7661,7273,7882,7918,7891,8041,8217,7983,7563,8014,8069,7878,7469,7619,7780,7804,8037,8129,8049,8171,7686,8042,7901,8121,8213,8379,8445,8359,8240,8139,7907,8085,8325,8115,8230,8228,7729,7913|
03/04/2026 10:53:25|8393,8659,7948,8523,8620,8652,8349,8099,7684,6907,7153,7310,6734,7466,7634,7788,7561,7748,7694,7611,7706,7647,7652,7298,7885,7914,7894,8090,8250,7994,7507,8037,8104,7892,7481,7672,7775,7781,8033,8141,8095,8214,7709,8051,7923,8146,8256,8431,8492,8402,8273,8154,7914,8116,8358,8145,8242,8240,7754,7905|
03/04/2026 10:53:26|8389,8649,7900,8486,8598,8669,8384,8110,7669,6834,7085,7264,6678,7452,7643,7786,7557,7749,7710,7626,7716,7657,7647,7326,7892,7911,7900,8139,8282,8006,7456,8061,8139,7908,7496,7725,7771,7759,8031,8155,8141,8254,7734,8060,7945,8173,8300,8482,8536,8441,8305,8170,7925,8150,8390,8171,8254,8252,7779,7896|
03/04/2026 10:53:27|8405,8662,7876,8473,8597,8699,8430,8142,7680,6799,7054,7243,6658,7458,7665,7802,7572,7764,7741,7654,7732,7680,7654,7365,7906,7915,7916,8191,8315,8021,7420,8081,8172,7929,7520,7779,7772,7741,8034,8172,8184,8293,7761,8068,7973,8201,8336,8528,8574,8479,8338,8187,7940,8186,8418,8191,8263,8267,7807,7886|
03/04/2026 10:53:28|8437,8690,7881,8481,8617,8740,8489,8191,7713,6798,7055,7241,6668,7478,7696,7831,7600,7788,7777,7690,7753,7708,7672,7413,7926,7924,7933,8244,8348,8041,7399,8095,8199,7953,7548,7832,7777,7727,8041,8192,8223,8327,7791,8077,8002,8229,8367,8566,8607,8507,8360,8205,7958,8218,8442,8209,8274,8284,7838,7873|
03/04/2026 10:53:29|8477,8726,7910,8503,8648,8786,8553,8248,7760,6823,7077,7259,6697,7503,7729,7861,7632,7817,7809,7726,7772,7736,7691,7464,7948,7935,7951,8292,8380,8062,7393,8112,8219,7977,7579,7880,7780,7715,8050,8208,8253,8353,7820,8081,8031,8253,8391,8592,8630,8526,8374,8223,7978,8245,8461,8223,8283,8291,7869,7860|
03/04/2026 10:53:30|8514,8759,7947,8529,8676,8826,8609,8300,7809,6857,7107,7282,6733,7529,7759,7883,7661,7842,7835,7757,7788,7763,7710,7518,7968,7942,7967,8334,8405,8080,7396,8125,8227,7993,7604,7919,7785,7709,8060,8223,8275,8371,7850,8083,8060,8271,8402,8612,8649,8543,8383,8239,7996,8268,8475,8236,8291,8298,7900,7851|
03/04/2026 10:53:31|8548,8788,7991,8554,8699,8854,8654,8347,7855,6890,7134,7302,6772,7554,7787,7902,7689,7858,7858,7784,7805,7787,7728,7568,7985,7945,7981,8364,8424,8098,7405,8134,8233,8007,7622,7949,7793,7709,8067,8230,8286,8380,7878,8087,8089,8285,8410,8625,8664,8559,8388,8249,8012,8286,8477,8244,8296,8306,7930,7842|
03/04/2026 10:53:32|8579,8816,8039,8578,8719,8873,8690,8392,7899,6928,7165,7323,6808,7568,7810,7917,7713,7868,7882,7808,7822,7809,7746,7611,7996,7940,7991,8382,8429,8102,7412,8134,8233,8014,7635,7975,7801,7708,8066,8228,8293,8382,7905,8089,8103,8284,8412,8629,8668,8562,8383,8247,8024,8298,8471,8244,8284,8307,7950,7826|
03/04/2026 10:53:33|8607,8842,8089,8602,8736,8886,8721,8433,7942,6973,7198,7343,6840,7569,7829,7929,7733,7880,7907,7829,7837,7830,7763,7650,8000,7922,7997,8389,8419,8091,7414,8126,8228,8013,7647,7994,7806,7706,8059,8219,8296,8384,7930,8086,8102,8268,8407,8625,8659,8549,8371,8236,8030,8305,8459,8235,8249,8297,7958,7803|
03/04/2026 10:53:34|8632,8866,8141,8625,8750,8892,8747,8470,7983,7023,7235,7361,6870,7560,7844,7938,7749,7894,7932,7845,7852,7852,7778,7685,7999,7894,7998,8387,8396,8067,7411,8111,8217,8006,7656,8009,7810,7705,8045,8203,8296,8384,7954,8079,8087,8238,8396,8613,8640,8524,8352,8217,8030,8306,8441,8217,8195,8279,7957,7775|
03/04/2026 10:53:35|8654,8889,8195,8648,8762,8894,8768,8504,8023,7078,7274,7379,6896,7541,7854,7943,7762,7908,7958,7858,7865,7873,7792,7717,7992,7857,7995,8375,8363,8031,7405,8090,8203,7992,7665,8020,7811,7703,8027,8182,8294,8383,7976,8069,8061,8198,8381,8594,8612,8488,8327,8191,8026,8303,8420,8194,8125,8253,7948,7743|
03/04/2026 10:53:36|8673,8910,8248,8671,8772,8890,8784,8534,8060,7135,7314,7396,6919,7514,7861,7946,7773,7923,7984,7867,7878,7894,7804,7745,7982,7812,7988,8357,8320,7985,7395,8064,8185,7974,7672,8027,7811,7701,8005,8156,8290,8381,7997,8056,8025,8148,8362,8571,8576,8443,8297,8160,8019,8296,8394,8164,8041,8222,7931,7707|
03/04/2026 10:53:37|8689,8929,8302,8692,8779,8883,8796,8561,8095,7193,7354,7412,6939,7481,7866,7947,7780,7939,8010,7873,7890,7914,7816,7770,7967,7763,7979,8332,8271,7932,7383,8035,8164,7952,7677,8030,7810,7699,7980,8127,8284,8378,8016,8040,7981,8090,8340,8543,8534,8390,8263,8124,8008,8286,8366,8130,7947,8185,7908,7668|
03/04/2026 10:53:38|8703,8947,8355,8713,8784,8873,8805,8586,8128,7254,7395,7426,6957,7442,7867,7946,7785,7955,8035,7877,7900,7934,7826,7792,7950,7708,7967,8302,8215,7873,7368,8002,8141,7927,7682,8031,7807,7697,7952,8095,8276,8375,8034,8023,7930,8027,8315,8512,8488,8332,8226,8085,7994,8273,8336,8093,7845,8144,7880,7627|
03/04/2026 10:53:39|8715,8964,8407,8733,8788,8860,8810,8607,8159,7314,7436,7440,6972,7398,7867,7943,7788,7970,8060,7879,7910,7952,7835,7811,7930,7650,7953,8268,8155,7808,7352,7967,8117,7899,7685,8029,7804,7695,7922,8061,8267,8371,8050,8004,7874,7960,8288,8478,8438,8269,8187,8044,7978,8258,8305,8053,7736,8100,7848,7584|
03/04/2026 10:53:40|8725,8979,8457,8752,8791,8844,8812,8626,8188,7374,7477,7452,6985,7352,7864,7938,7789,7986,8084,7878,7919,7970,7843,7827,7909,7590,7938,8231,8091,7740,7334,7930,8091,7869,7688,8025,7799,7692,7890,8025,8257,8366,8064,7985,7815,7889,8260,8442,8385,8202,8147,8000,7961,8242,8272,8011,7623,8055,7812,7541|
03/04/2026 10:53:41|8733,8992,8506,8769,8791,8827,8813,8642,8214,7433,7516,7464,6996,7303,7859,7933,7788,8002,8107,7876,7927,7987,7850,7841,7886,7529,7922,8191,8025,7670,7315,7891,8064,7838,7690,8019,7794,7690,7858,7989,8246,8362,8077,7964,7752,7816,8231,8404,8330,8134,8106,7956,7942,8224,8239,7968,7508,8007,7774,7498|
03/04/2026 10:53:42|8739,9002,8551,8785,8791,8806,8808,8653,8230,7485,7551,7473,7004,7256,7853,7924,7787,8016,8126,7872,7933,8000,7855,7851,7863,7470,7901,8151,7961,7603,7298,7855,8039,7807,7688,8008,7787,7686,7825,7953,8232,8354,8089,7945,7690,7745,8201,8366,8276,8066,8065,7913,7924,8205,8206,7923,7397,7962,7737,7457|
03/04/2026 10:53:43|8741,9007,8591,8795,8785,8779,8791,8655,8236,7528,7579,7482,7016,7219,7845,7915,7787,8026,8132,7865,7938,8008,7861,7862,7845,7420,7874,8111,7901,7542,7286,7821,8013,7783,7685,7990,7781,7684,7797,7923,8216,8340,8101,7930,7634,7683,8173,8323,8224,8005,8029,7875,7909,8183,8170,7875,7305,7922,7706,7426|
03/04/2026 10:53:44|8738,9005,8624,8794,8772,8745,8755,8649,8242,7572,7606,7492,7036,7189,7830,7905,7786,8028,8122,7851,7937,8008,7867,7878,7835,7376,7842,8071,7839,7488,7281,7786,7981,7765,7688,7966,7779,7689,7779,7905,8204,8325,8115,7921,7591,7638,8151,8285,8180,7954,8002,7840,7895,8163,8136,7827,7232,7891,7685,7409|
03/04/2026 10:53:45|8731,8997,8650,8785,8751,8705,8702,8637,8249,7618,7632,7503,7061,7163,7808,7896,7784,8025,8098,7832,7931,8001,7875,7899,7832,7339,7808,8030,7776,7440,7282,7749,7942,7753,7694,7936,7782,7701,7770,7897,8195,8310,8131,7919,7561,7608,8135,8251,8142,7914,7983,7807,7882,8146,8104,7778,7177,7868,7674,7405|
03/04/2026 10:53:46|8722,8984,8671,8769,8725,8661,8636,8619,8256,7664,7657,7516,7092,7143,7783,7886,7781,8016,8064,7810,7922,7988,7884,7924,7835,7306,7771,7989,7713,7399,7288,7713,7900,7745,7705,7903,7786,7720,7770,7896,8190,8295,8149,7923,7543,7590,8126,8222,8110,7882,7970,7777,7872,8130,8073,7729,7139,7852,7673,7412|
03/04/2026 10:53:47|8715,8973,8688,8750,8700,8619,8570,8596,8256,7707,7682,7534,7132,7137,7765,7883,7781,8007,8033,7794,7917,7979,7898,7954,7845,7279,7734,7955,7664,7373,7302,7686,7864,7744,7723,7876,7789,7745,7776,7899,8189,8283,8169,7933,7535,7577,8119,8197,8085,7860,7965,7758,7870,8118,8047,7690,7117,7846,7681,7432|
03/04/2026 10:53:48|8709,8959,8702,8735,8678,8578,8504,8570,8256,7747,7704,7555,7180,7146,7756,7887,7782,7997,8009,7790,7918,7971,7908,7980,7857,7262,7703,7927,7626,7349,7323,7666,7835,7742,7743,7855,7796,7774,7787,7899,8190,8273,8191,7952,7539,7567,8109,8175,8071,7854,7975,7752,7876,8110,8029,7667,7115,7846,7689,7461|
03/04/2026 10:53:49|8703,8941,8714,8725,8659,8535,8436,8541,8257,7785,7720,7581,7235,7166,7754,7896,7782,7984,7991,7796,7924,7960,7910,7998,7871,7256,7681,7904,7595,7320,7345,7650,7810,7735,7763,7838,7805,7807,7799,7893,8192,8262,8213,7979,7555,7561,8095,8156,8069,7865,7997,7759,7888,8106,8021,7660,7130,7850,7692,7495|
03/04/2026 10:53:50|8697,8920,8723,8718,8643,8490,8367,8509,8260,7821,7731,7611,7296,7197,7758,7908,7780,7970,7976,7811,7935,7948,7905,8011,7885,7258,7666,7886,7571,7288,7370,7636,7789,7724,7782,7825,7817,7843,7812,7884,8193,8251,8234,8012,7581,7557,8075,8138,8077,7890,8031,7777,7905,8106,8020,7668,7160,7857,7692,7533|
03/04/2026 10:53:51|8691,8896,8730,8715,8629,8445,8298,8477,8265,7856,7738,7643,7361,7236,7767,7924,7778,7954,7966,7832,7949,7934,7894,8018,7901,7269,7657,7872,7552,7251,7395,7625,7770,7710,7800,7815,7831,7880,7826,7870,8194,8240,8254,8050,7616,7555,8053,8123,8093,7928,8074,7804,7927,8109,8027,7689,7203,7866,7688,7574|
03/04/2026 10:53:52|8686,8870,8736,8715,8618,8399,8229,8444,8270,7888,7740,7677,7429,7282,7780,7943,7775,7936,7959,7860,7965,7919,7878,8020,7916,7286,7654,7862,7538,7213,7422,7617,7755,7693,7818,7808,7848,7918,7841,7854,8195,8228,8274,8093,7658,7556,8027,8109,8116,7975,8124,7839,7953,8115,8039,7720,7257,7878,7681,7618|
03/04/2026 10:53:53|8681,8842,8739,8718,8608,8353,8162,8410,8277,7918,7739,7713,7499,7334,7798,7963,7771,7918,7955,7892,7984,7903,7858,8018,7932,7309,7656,7855,7529,7173,7449,7611,7742,7674,7834,7804,7865,7957,7856,7835,8196,8217,8293,8138,7706,7558,8000,8098,8146,8031,8181,7881,7981,8124,8057,7760,7319,7892,7671,7663|
03/04/2026 10:53:54|8677,8814,8742,8723,8601,8309,8096,8376,8284,7945,7735,7749,7569,7389,7818,7986,7766,7899,7954,7929,8005,7886,7835,8013,7948,7337,7662,7851,7524,7132,7477,7607,7731,7653,7849,7802,7884,7996,7872,7814,8196,8205,8312,8186,7759,7562,7970,8088,8180,8094,8242,7927,8012,8134,8078,7808,7389,7907,7659,7710|
03/04/2026 10:53:55|8672,8784,8743,8729,8595,8265,8032,8343,8292,7971,7729,7786,7640,7448,7841,8009,7761,7880,7956,7968,8027,7869,7808,8004,7963,7368,7672,7850,7522,7090,7504,7604,7723,7630,7863,7802,7903,8035,7888,7791,8197,8194,8329,8236,7815,7567,7940,8080,8218,8161,8307,7978,8045,8146,8104,7861,7463,7924,7646,7756|
03/04/2026 10:53:56|8668,8755,8742,8737,8590,8222,7970,8310,8300,7994,7720,7823,7710,7509,7866,8034,7756,7860,7959,8010,8050,7852,7780,7993,7978,7403,7685,7851,7523,7048,7531,7603,7717,7607,7877,7803,7923,8073,7903,7767,8198,8183,8345,8286,7873,7573,7909,8073,8260,8233,8374,8031,8079,8159,8131,7919,7542,7941,7632,7803|
03/04/2026 10:53:57|8665,8725,8741,8747,8587,8181,7911,8277,8309,8016,7709,7859,7779,7572,7892,8059,7750,7841,7964,8053,8074,7836,7750,7980,7993,7439,7701,7854,7527,7006,7557,7604,7713,7583,7889,7806,7943,8110,7919,7743,8199,8173,8361,8337,7933,7579,7877,8068,8303,8307,8443,8086,8113,8173,8161,7980,7623,7958,7616,7849|
03/04/2026 10:53:58|8661,8696,8739,8757,8585,8142,7855,8246,8318,8035,7697,7895,7847,7635,7919,8084,7744,7822,7971,8097,8098,7819,7719,7965,8008,7478,7718,7859,7534,6966,7583,7606,7710,7559,7900,7811,7963,8146,7934,7718,8200,8163,8375,8387,7993,7587,7846,8064,8349,8382,8512,8143,8147,8188,8193,8043,7706,7976,7600,7893|
03/04/2026 10:53:59|8658,8667,8736,8768,8584,8105,7804,8217,8327,8053,7685,7929,7912,7697,7946,8109,7739,7803,7978,8141,8121,7802,7688,7949,8021,7517,7738,7865,7542,6927,7608,7609,7709,7536,7911,7816,7982,8181,7948,7694,8200,8154,8389,8436,8054,7596,7816,8061,8394,8458,8581,8200,8181,8203,8225,8109,7790,7995,7584,7938|
03/04/2026 10:54:00|8658,8645,8737,8784,8589,8079,7770,8199,8337,8073,7679,7965,7975,7759,7976,8138,7740,7789,7985,8174,8137,7784,7663,7936,8035,7556,7758,7874,7556,6899,7635,7616,7714,7523,7922,7820,8000,8212,7964,7676,8204,8151,8402,8481,8113,7610,7792,8061,8438,8529,8645,8258,8210,8218,8260,8175,7871,8013,7576,7982|
03/04/2026 10:54:01|8670,8644,8751,8811,8607,8072,7763,8198,8354,8102,7687,8008,8042,7824,8014,8172,7747,7780,7983,8195,8148,7773,7650,7929,8055,7601,7781,7886,7578,6890,7669,7632,7728,7516,7928,7819,8015,8234,7976,7664,8207,8143,8410,8519,8169,7631,7776,8066,8479,8596,8706,8315,8235,8232,8291,8233,7940,8017,7575,8030|
03/04/2026 10:54:02|8694,8662,8781,8850,8639,8086,7778,8212,8381,8142,7712,8059,8113,7893,8058,8209,7759,7774,7970,8207,8156,7772,7651,7932,8080,7652,7810,7904,7607,6900,7707,7656,7747,7513,7927,7816,8027,8250,7983,7656,8208,8128,8409,8550,8221,7658,7770,8077,8520,8659,8763,8369,8255,8243,8317,8280,7993,8003,7584,8082|
03/04/2026 10:54:03|8723,8695,8822,8893,8678,8114,7809,8236,8413,8186,7747,8115,8184,7960,8103,8245,7772,7771,7950,8209,8162,7775,7661,7941,8107,7706,7842,7924,7638,6922,7747,7681,7769,7514,7924,7812,8037,8258,7987,7651,8205,8109,8403,8574,8266,7689,7771,8091,8556,8711,8807,8418,8271,8251,8336,8321,8036,7983,7602,8136|
03/04/2026 10:54:04|8752,8729,8860,8935,8718,8144,7848,8264,8448,8225,7791,8169,8246,8021,8144,8274,7788,7773,7933,8208,8153,7777,7675,7952,8126,7757,7876,7940,7657,6945,7782,7704,7781,7508,7920,7803,8045,8261,7992,7646,8194,8091,8395,8588,8302,7720,7775,8102,8584,8746,8821,8454,8285,8258,8350,8356,8081,7976,7633,8191|
03/04/2026 10:54:05|8782,8765,8894,8978,8760,8177,7892,8294,8485,8260,7841,8222,8300,8080,8186,8298,7809,7781,7922,8207,8127,7777,7693,7966,8138,7806,7910,7950,7664,6970,7815,7723,7783,7492,7913,7788,8053,8264,7998,7640,8175,8076,8385,8594,8330,7752,7782,8110,8606,8764,8804,8478,8297,8265,8363,8385,8128,7983,7676,8246|
03/04/2026 10:54:06|8811,8800,8923,9022,8805,8210,7942,8325,8525,8289,7898,8273,8346,8137,8227,8316,7833,7795,7916,8206,8086,7775,7713,7981,8143,7850,7945,7957,7661,6994,7845,7741,7774,7466,7903,7766,8060,8268,8005,7634,8150,8065,8375,8592,8351,7783,7792,8115,8621,8767,8760,8491,8308,8272,8374,8410,8177,8002,7729,8301|
03/04/2026 10:54:07|8840,8835,8949,9065,8850,8244,7996,8357,8566,8314,7959,8321,8385,8192,8267,8329,7860,7814,7914,8205,8033,7771,7735,7997,8143,7891,7978,7960,7649,7019,7873,7756,7757,7432,7892,7739,8066,8270,8014,7629,8119,8055,8363,8583,8366,7814,7802,8118,8631,8758,8693,8494,8318,8278,8384,8429,8226,8031,7789,8355|
03/04/2026 10:54:08|8870,8871,8971,9108,8897,8279,8053,8390,8608,8336,8024,8368,8419,8244,8307,8339,7891,7838,7918,8204,7971,7768,7759,8015,8139,7930,8012,7960,7630,7045,7898,7770,7734,7393,7879,7709,8071,8274,8024,7624,8085,8049,8350,8569,8374,7845,7815,8119,8637,8740,8608,8488,8325,8284,8393,8445,8276,8068,7856,8408|
03/04/2026 10:54:09|8903,8914,9001,9153,8948,8322,8117,8431,8655,8364,8094,8418,8450,8293,8347,8353,7928,7869,7927,8210,7918,7771,7788,8030,8136,7972,8051,7966,7619,7077,7926,7787,7715,7365,7875,7688,8079,8278,8036,7627,8059,8051,8340,8554,8374,7877,7830,8121,8643,8719,8520,8473,8329,8289,8404,8460,8323,8107,7926,8456|
03/04/2026 10:54:10|8942,8963,9038,9199,9001,8372,8187,8479,8702,8398,8166,8468,8478,8337,8385,8368,7973,7909,7936,8221,7873,7778,7819,8035,8132,8017,8092,7976,7619,7115,7957,7810,7707,7354,7882,7681,8089,8283,8047,7638,8046,8061,8332,8543,8379,7912,7844,8132,8654,8703,8439,8456,8331,8296,8417,8475,8363,8150,7998,8499|
03/04/2026 10:54:11|8985,9016,9080,9245,9054,8427,8259,8531,8748,8438,8240,8519,8503,8377,8420,8383,8024,7954,7944,8237,7834,7788,7852,8032,8126,8066,8137,7989,7628,7157,7990,7838,7710,7357,7897,7684,8100,8288,8055,7658,8045,8077,8325,8537,8389,7950,7858,8149,8668,8690,8367,8438,8331,8303,8433,8491,8398,8198,8070,8535|
03/04/2026 10:54:12|9032,9075,9128,9292,9107,8489,8336,8589,8795,8484,8316,8569,8528,8416,8453,8400,8081,8005,7953,8256,7804,7803,7887,8026,8121,8115,8179,8004,7643,7200,8022,7870,7721,7369,7918,7691,8112,8290,8058,7684,8053,8100,8320,8534,8401,7987,7866,8170,8683,8678,8303,8419,8332,8313,8445,8504,8428,8246,8142,8565|
03/04/2026 10:54:13|9084,9145,9186,9346,9168,8563,8425,8658,8851,8542,8401,8626,8564,8463,8491,8424,8144,8062,7969,8279,7789,7825,7921,8025,8123,8164,8215,8019,7662,7245,8050,7901,7735,7367,7939,7699,8122,8288,8059,7716,8067,8126,8323,8533,8402,8018,7870,8195,8698,8663,8251,8406,8341,8325,8448,8511,8453,8292,8207,8589|
03/04/2026 10:54:14|9143,9223,9254,9408,9239,8648,8524,8737,8915,8609,8494,8692,8608,8518,8537,8457,8211,8126,7995,8305,7789,7853,7952,8027,8133,8212,8247,8033,7686,7293,8073,7932,7751,7341,7961,7712,8132,8279,8060,7754,8085,8152,8331,8532,8387,8041,7877,8222,8711,8648,8209,8401,8357,8341,8445,8512,8472,8334,8262,8606|
03/04/2026 10:54:15|9205,9308,9330,9477,9316,8743,8633,8825,8985,8684,8593,8765,8660,8578,8589,8497,8282,8194,8030,8333,7801,7888,7980,8031,8148,8260,8275,8046,7712,7343,8092,7961,7767,7295,7981,7730,8141,8267,8060,7797,8106,8180,8345,8531,8360,8057,7886,8251,8723,8632,8176,8403,8380,8359,8438,8507,8487,8371,8307,8616|
03/04/2026 10:54:16|9270,9399,9411,9552,9400,8844,8747,8919,9061,8765,8698,8844,8719,8644,8645,8543,8355,8266,8070,8364,7823,7926,8004,8038,8169,8307,8299,8059,7742,7395,8107,7989,7784,7232,8002,7752,8149,8250,8060,7843,8129,8207,8363,8530,8321,8067,7897,8282,8735,8616,8151,8412,8408,8380,8427,8498,8497,8404,8344,8620|
03/04/2026 10:54:17|9337,9493,9496,9630,9487,8951,8867,9018,9140,8849,8805,8927,8782,8713,8705,8593,8430,8340,8117,8396,7854,7969,8026,8047,8194,8352,8319,8070,7773,7447,8118,8016,7801,7155,8022,7776,8156,8230,8060,7892,8155,8234,8384,8529,8274,8072,7909,8314,8745,8599,8134,8426,8440,8402,8412,8484,8504,8433,8374,8618|
03/04/2026 10:54:18|9402,9588,9584,9710,9576,9060,8987,9117,9221,8937,8913,9011,8847,8776,8767,8645,8502,8413,8166,8427,7891,8011,8048,8060,8223,8395,8333,8082,7804,7499,8127,8043,7820,7079,8043,7806,8165,8211,8064,7945,8184,8262,8407,8529,8224,8073,7923,8346,8754,8582,8121,8442,8473,8425,8397,8471,8510,8459,8395,8613|
03/04/2026 10:54:19|9457,9678,9668,9784,9658,9160,9105,9212,9301,9023,9015,9089,8907,8830,8827,8694,8567,8481,8215,8453,7930,8049,8071,8076,8252,8435,8344,8098,7838,7552,8141,8073,7836,7025,8069,7845,8176,8201,8073,7999,8216,8288,8429,8529,8181,8076,7941,8370,8757,8562,8115,8459,8501,8447,8387,8464,8518,8476,8408,8606|
03/04/2026 10:54:20|9502,9751,9743,9843,9724,9245,9210,9297,9358,9097,9096,9146,8948,8870,8873,8722,8617,8537,8254,8471,7964,8075,8088,8078,8276,8470,8353,8119,7870,7608,8162,8105,7853,6989,8092,7886,8188,8193,8082,8047,8247,8309,8443,8529,8149,8084,7960,8385,8758,8548,8120,8476,8527,8469,8379,8462,8527,8480,8412,8600|
03/04/2026 10:54:21|9535,9806,9805,9884,9774,9318,9304,9369,9388,9153,9154,9182,8968,8893,8901,8723,8651,8580,8280,8483,7994,8087,8101,8065,8292,8497,8363,8141,7897,7666,8187,8138,7872,6968,8114,7929,8203,8185,8088,8088,8277,8327,8448,8528,8128,8097,7982,8393,8758,8539,8135,8492,8551,8493,8372,8465,8536,8475,8408,8594|
03/04/2026 10:54:22|9558,9846,9856,9913,9811,9383,9386,9429,9400,9198,9194,9201,8973,8903,8916,8704,8672,8611,8297,8491,8021,8089,8110,8043,8304,8517,8371,8165,7920,7723,8214,8171,7893,6964,8136,7973,8219,8178,8094,8124,8306,8344,8449,8524,8112,8111,8005,8399,8758,8536,8158,8506,8571,8515,8365,8466,8545,8464,8400,8589|
03/04/2026 10:54:23|9579,9883,9895,9936,9842,9446,9462,9483,9411,9238,9229,9216,8977,8913,8925,8683,8689,8637,8314,8499,8051,8092,8119,8024,8318,8536,8372,8188,7938,7775,8237,8199,7916,6974,8156,8011,8233,8172,8105,8159,8338,8362,8447,8517,8095,8122,8029,8405,8758,8534,8182,8516,8587,8533,8357,8460,8550,8454,8387,8586|
03/04/2026 10:54:24|9599,9918,9930,9955,9873,9506,9536,9531,9426,9277,9261,9231,8984,8925,8932,8667,8704,8661,8336,8509,8082,8096,8130,8009,8333,8554,8378,8213,7956,7823,8257,8227,7940,6996,8170,8040,8242,8162,8112,8181,8364,8379,8442,8508,8084,8132,8051,8411,8759,8535,8201,8522,8599,8548,8353,8453,8551,8444,8375,8581|
03/04/2026 10:54:25|9614,9948,9960,9971,9902,9561,9601,9571,9436,9308,9287,9241,8989,8934,8936,8653,8714,8680,8351,8517,8113,8100,8140,7997,8346,8567,8384,8234,7975,7869,8277,8255,7962,7025,8182,8066,8246,8143,8117,8200,8384,8395,8436,8496,8073,8135,8071,8416,8759,8535,8216,8526,8609,8558,8345,8443,8552,8437,8364,8571|
03/04/2026 10:54:26|9621,9971,9979,9975,9927,9608,9649,9600,9435,9327,9304,9238,8987,8934,8931,8631,8717,8692,8362,8520,8141,8104,8146,7984,8359,8575,8384,8253,7995,7915,8294,8280,7978,7055,8190,8085,8242,8125,8122,8215,8397,8406,8431,8485,8065,8137,8094,8425,8762,8539,8235,8527,8616,8565,8337,8429,8550,8432,8345,8558|
03/04/2026 10:54:27|9622,9987,9986,9965,9947,9649,9678,9619,9420,9333,9312,9222,8977,8930,8919,8600,8713,8695,8366,8518,8167,8110,8151,7968,8371,8579,8379,8270,8013,7959,8310,8305,7990,7087,8195,8097,8232,8110,8128,8226,8402,8411,8428,8478,8062,8142,8122,8442,8771,8548,8256,8529,8621,8569,8330,8411,8544,8426,8315,8541|
03/04/2026 10:54:28|9618,9996,9983,9943,9962,9683,9691,9628,9394,9329,9313,9193,8963,8921,8901,8561,8704,8690,8366,8512,8192,8117,8155,7950,8383,8578,8367,8286,8030,8001,8323,8328,7998,7119,8197,8103,8217,8098,8135,8233,8400,8412,8425,8473,8062,8151,8155,8464,8783,8560,8280,8530,8623,8571,8324,8391,8535,8420,8276,8522|
03/04/2026 10:54:29|9608,10000,9970,9912,9974,9711,9690,9629,9360,9317,9308,9155,8943,8909,8877,8516,8689,8680,8361,8502,8216,8125,8159,7930,8394,8574,8351,8301,8047,8041,8334,8350,8002,7152,8196,8103,8198,8089,8143,8237,8392,8408,8423,8471,8066,8162,8191,8492,8798,8576,8306,8531,8624,8572,8319,8368,8523,8413,8230,8501|
03/04/2026 10:54:30|9595,9998,9950,9873,9981,9734,9677,9623,9317,9297,9297,9109,8919,8894,8848,8466,8671,8663,8353,8490,8239,8134,8161,7910,8406,8567,8332,8314,8062,8078,8344,8371,8004,7184,8192,8099,8175,8082,8151,8238,8378,8400,8422,8472,8073,8176,8231,8523,8816,8594,8334,8531,8624,8571,8315,8344,8509,8407,8177,8478|
03/04/2026 10:54:31|9578,9993,9924,9827,9986,9752,9653,9611,9269,9270,9281,9056,8892,8877,8816,8411,8649,8643,8342,8475,8260,8144,8163,7888,8417,8558,8309,8327,8076,8113,8352,8390,8003,7215,8187,8090,8150,8078,8160,8237,8360,8390,8422,8474,8083,8191,8272,8558,8836,8614,8363,8532,8622,8570,8312,8318,8494,8400,8119,8454|
03/04/2026 10:54:32|9558,9983,9892,9775,9988,9766,9621,9595,9215,9238,9262,8998,8862,8858,8782,8354,8624,8618,8329,8458,8279,8154,8165,7866,8427,8546,8283,8337,8090,8147,8358,8409,7999,7246,8180,8078,8123,8076,8169,8233,8339,8376,8423,8478,8094,8208,8315,8594,8857,8636,8392,8532,8619,8567,8310,8292,8477,8393,8058,8430|
03/04/2026 10:54:33|9536,9971,9857,9721,9987,9776,9582,9573,9159,9202,9239,8938,8831,8837,8745,8296,8598,8591,8313,8440,8298,8165,8166,7844,8437,8533,8255,8346,8102,8178,8363,8426,7995,7277,8171,8064,8094,8075,8178,8228,8314,8361,8424,8483,8107,8226,8359,8632,8879,8659,8421,8532,8615,8563,8308,8265,8459,8386,7995,8405|
03/04/2026 10:54:34|9515,9960,9823,9673,9987,9782,9543,9550,9110,9170,9219,8886,8806,8820,8713,8247,8578,8567,8301,8426,8318,8183,8175,7831,8443,8510,8223,8346,8115,8210,8370,8442,7994,7311,8163,8049,8071,8077,8188,8226,8291,8350,8427,8485,8118,8243,8396,8665,8894,8675,8443,8527,8609,8558,8301,8240,8437,8374,7937,8381|
03/04/2026 10:54:35|9499,9953,9793,9637,9991,9789,9513,9524,9076,9149,9205,8850,8787,8811,8692,8209,8565,8547,8297,8416,8338,8205,8182,7829,8446,8485,8192,8340,8131,8240,8373,8456,7999,7346,8156,8039,8049,8076,8195,8222,8271,8340,8424,8478,8123,8252,8422,8686,8894,8677,8452,8510,8595,8544,8287,8216,8416,8355,7886,8352|
03/04/2026 10:54:36|9488,9945,9771,9607,9997,9799,9483,9491,9055,9135,9196,8821,8767,8803,8678,8178,8552,8529,8300,8409,8360,8226,8185,7835,8451,8465,8170,8335,8150,8271,8360,8465,8007,7384,8152,8034,8020,8068,8197,8216,8254,8325,8413,8465,8126,8257,8441,8695,8878,8663,8449,8482,8573,8525,8269,8196,8396,8336,7843,8321|
03/04/2026 10:54:37|9480,9931,9756,9580,10004,9812,9451,9448,9044,9126,9191,8796,8742,8794,8670,8152,8538,8511,8307,8404,8383,8247,8183,7850,8456,8448,8158,8334,8172,8303,8329,8468,8017,7422,8151,8034,7982,8054,8196,8208,8239,8305,8394,8449,8127,8258,8453,8697,8853,8638,8435,8449,8545,8502,8250,8179,8377,8317,7807,8287|
03/04/2026 10:54:38|9472,9913,9740,9553,10006,9821,9418,9401,9038,9117,9186,8775,8715,8781,8662,8130,8523,8494,8314,8399,8406,8267,8178,7870,8458,8433,8153,8333,8194,8333,8287,8463,8029,7461,8151,8039,7943,8036,8192,8200,8227,8283,8372,8432,8129,8258,8461,8694,8822,8608,8416,8412,8513,8478,8230,8159,8358,8298,7780,8254|
03/04/2026 10:54:39|9458,9889,9717,9523,9991,9816,9387,9359,9032,9102,9171,8756,8690,8750,8644,8103,8502,8474,8320,8396,8425,8281,8175,7891,8456,8419,8154,8330,8208,8358,8246,8449,8043,7506,8151,8052,7917,8021,8181,8194,8220,8262,8356,8423,8136,8251,8465,8689,8794,8585,8402,8373,8478,8454,8212,8136,8339,8272,7765,8229|
03/04/2026 10:54:40|9435,9858,9692,9491,9962,9799,9357,9322,9027,9080,9146,8739,8665,8699,8617,8072,8472,8450,8326,8395,8437,8288,8176,7916,8452,8408,8161,8331,8213,8376,8205,8425,8057,7552,8149,8072,7904,8009,8163,8190,8216,8242,8345,8421,8146,8235,8462,8681,8772,8571,8394,8334,8439,8433,8200,8118,8324,8235,7759,8209|
03/04/2026 10:54:41|9409,9823,9668,9462,9927,9777,9332,9292,9021,9060,9118,8727,8645,8637,8585,8042,8441,8427,8334,8395,8443,8286,8180,7943,8449,8399,8170,8332,8213,8387,8167,8398,8074,7603,8145,8097,7904,8002,8144,8189,8217,8225,8339,8425,8158,8212,8457,8674,8756,8563,8387,8299,8402,8417,8190,8104,8311,8193,7761,8194|
03/04/2026 10:54:42|9387,9791,9646,9441,9893,9754,9313,9267,9016,9049,9098,8721,8629,8581,8556,8024,8419,8408,8341,8395,8447,8281,8183,7974,8452,8397,8180,8333,8216,8396,8137,8374,8096,7661,8147,8119,7907,7998,8129,8192,8223,8212,8337,8430,8170,8190,8451,8667,8741,8554,8381,8275,8374,8401,8184,8094,8296,8158,7771,8187|
03/04/2026 10:54:43|9367,9761,9620,9418,9855,9726,9290,9241,9010,9040,9077,8716,8615,8528,8528,8016,8403,8393,8339,8395,8448,8274,8186,8004,8454,8394,8191,8335,8217,8395,8104,8348,8120,7721,8153,8139,7911,7996,8116,8195,8226,8202,8337,8433,8178,8165,8442,8652,8717,8542,8377,8258,8350,8384,8178,8087,8284,8131,7789,8184|
03/04/2026 10:54:44|9351,9735,9595,9396,9816,9698,9270,9218,9006,9034,9058,8713,8607,8486,8507,8016,8392,8383,8340,8397,8444,8264,8189,8032,8453,8391,8205,8337,8210,8384,8067,8324,8145,7781,8164,8160,7918,7998,8106,8197,8231,8197,8340,8434,8189,8148,8436,8637,8691,8531,8376,8243,8332,8362,8166,8080,8274,8106,7811,8188|
03/04/2026 10:54:45|9337,9714,9572,9376,9776,9671,9254,9198,9006,9033,9041,8712,8603,8453,8493,8024,8385,8380,8345,8399,8435,8251,8190,8057,8450,8388,8221,8337,8196,8365,8030,8301,8170,7841,8179,8184,7926,8002,8096,8198,8236,8198,8347,8435,8201,8140,8436,8623,8663,8522,8380,8231,8317,8336,8150,8073,8265,8083,7835,8197|
03/04/2026 10:54:46|9325,9695,9554,9360,9737,9643,9238,9180,9005,9034,9028,8712,8598,8424,8483,8038,8379,8377,8348,8401,8426,8241,8192,8077,8441,8383,8237,8339,8181,8344,7999,8281,8193,7897,8188,8204,7932,8003,8084,8194,8238,8202,8354,8431,8208,8133,8436,8611,8637,8511,8386,8223,8299,8310,8135,8071,8259,8064,7862,8207|
03/04/2026 10:54:47|9312,9677,9541,9346,9697,9612,9219,9161,8991,9033,9019,8712,8585,8396,8476,8055,8370,8371,8346,8398,8418,8235,8190,8095,8429,8377,8238,8336,8162,8329,7980,8269,8220,7952,8192,8218,7932,8001,8075,8193,8240,8208,8363,8427,8204,8124,8433,8598,8617,8503,8391,8220,8282,8287,8117,8068,8254,8046,7889,8220|
03/04/2026 10:54:48|9301,9662,9532,9334,9657,9582,9193,9141,8958,9026,9011,8711,8562,8367,8469,8071,8359,8363,8342,8390,8411,8231,8181,8112,8419,8370,8219,8328,8141,8321,7975,8266,8253,8008,8195,8227,7926,8000,8071,8198,8244,8214,8376,8423,8193,8116,8428,8580,8603,8497,8395,8223,8271,8268,8100,8062,8250,8027,7915,8236|
03/04/2026 10:54:49|9290,9650,9526,9323,9619,9551,9161,9121,8909,9015,9005,8709,8531,8338,8463,8086,8345,8352,8334,8380,8404,8230,8167,8130,8410,8363,8183,8314,8116,8318,7981,8272,8290,8063,8197,8232,7914,7999,8073,8207,8248,8221,8391,8418,8178,8107,8420,8560,8593,8492,8398,8232,8264,8252,8082,8054,8246,8007,7941,8254|
03/04/2026 10:54:50|9281,9640,9525,9315,9582,9524,9130,9101,8854,9003,9002,8708,8498,8313,8462,8104,8332,8341,8326,8370,8401,8231,8149,8144,8401,8355,8138,8299,8093,8317,7992,8283,8329,8115,8200,8232,7900,7999,8078,8217,8254,8230,8405,8412,8161,8101,8409,8537,8587,8490,8400,8244,8264,8238,8067,8045,8240,7989,7966,8272|
03/04/2026 10:54:51|9275,9633,9526,9306,9551,9505,9111,9087,8809,8995,9005,8716,8473,8299,8470,8129,8324,8331,8315,8362,8401,8233,8132,8151,8391,8343,8099,8288,8076,8316,8005,8293,8365,8165,8207,8230,7889,8001,8084,8230,8263,8241,8415,8405,8149,8099,8398,8517,8582,8488,8401,8259,8268,8227,8055,8036,8233,7980,7994,8285|
03/04/2026 10:54:52|9271,9626,9524,9296,9518,9487,9095,9074,8772,8989,9007,8723,8449,8287,8480,8155,8317,8322,8302,8353,8399,8236,8113,8154,8376,8324,8064,8277,8064,8311,8015,8293,8393,8210,8216,8227,7881,8005,8092,8240,8271,8249,8421,8400,8143,8099,8383,8495,8576,8485,8403,8270,8269,8215,8041,8027,8222,7977,8024,8296|
03/04/2026 10:54:53|9266,9614,9507,9283,9480,9461,9077,9057,8737,8981,9003,8721,8423,8273,8484,8177,8311,8312,8292,8349,8400,8235,8079,8148,8352,8301,8032,8266,8056,8307,8026,8292,8415,8250,8224,8218,7870,8006,8097,8247,8275,8257,8429,8399,8143,8102,8363,8473,8569,8482,8407,8280,8270,8206,8028,8015,8200,7972,8049,8305|
03/04/2026 10:54:54|9259,9597,9476,9269,9438,9429,9059,9035,8702,8970,8994,8712,8393,8259,8485,8195,8304,8304,8284,8349,8402,8233,8031,8134,8320,8275,8005,8256,8052,8305,8037,8289,8433,8286,8230,8204,7857,8002,8099,8251,8276,8264,8437,8402,8149,8109,8339,8450,8562,8479,8412,8290,8271,8201,8017,8001,8168,7967,8069,8312|
03/04/2026 10:54:55|9251,9575,9434,9253,9392,9391,9040,9010,8668,8957,8982,8696,8362,8246,8481,8209,8298,8295,8277,8352,8407,8229,7972,8113,8282,8245,7982,8247,8050,8304,8049,8286,8447,8318,8234,8186,7843,7996,8099,8252,8274,8272,8447,8410,8161,8118,8311,8428,8556,8476,8419,8299,8272,8199,8009,7985,8128,7962,8086,8318|
03/04/2026 10:54:56|9241,9549,9383,9236,9344,9350,9020,8982,8635,8943,8967,8674,8329,8232,8475,8219,8292,8287,8272,8358,8414,8223,7904,8087,8239,8213,7963,8239,8052,8304,8062,8282,8457,8347,8237,8165,7827,7987,8097,8250,8270,8280,8458,8420,8177,8130,8280,8406,8549,8472,8428,8308,8273,8199,8002,7968,8080,7956,8099,8323|
03/04/2026 10:54:57|9231,9521,9324,9219,9295,9305,9000,8952,8604,8928,8949,8649,8295,8219,8465,8227,8286,8280,8268,8366,8422,8217,7829,8055,8192,8180,7948,8232,8055,8305,8075,8278,8465,8372,8239,8140,7810,7976,8093,8247,8263,8287,8469,8434,8197,8143,8248,8384,8543,8469,8437,8316,8274,8202,7998,7949,8027,7949,8108,8326|
03/04/2026 10:54:58|9219,9490,9259,9201,9244,9258,8981,8921,8574,8912,8929,8619,8260,8206,8454,8232,8280,8273,8265,8376,8431,8209,7748,8020,8142,8145,7935,8226,8061,8306,8088,8274,8470,8394,8239,8114,7792,7963,8088,8242,8254,8294,8481,8449,8221,8158,8214,8362,8537,8465,8447,8324,8274,8207,7995,7930,7970,7943,8114,8329|
03/04/2026 10:54:59|9208,9458,9189,9183,9194,9209,8961,8889,8546,8895,8907,8587,8225,8193,8440,8234,8275,8267,8264,8388,8441,8200,7663,7982,8090,8110,7926,8221,8068,8309,8100,8269,8472,8413,8239,8086,7774,7948,8081,8235,8244,8301,8493,8467,8246,8173,8179,8342,8531,8461,8458,8330,8275,8214,7993,7911,7909,7936,8118,8331|
03/04/2026 10:55:00|9196,9425,9118,9166,9144,9160,8943,8857,8520,8879,8885,8553,8192,8182,8426,8236,8270,8261,8264,8402,8452,8191,7577,7943,8038,8076,7919,8217,8077,8312,8113,8264,8473,8429,8237,8057,7756,7933,8073,8227,8233,8307,8505,8485,8273,8190,8145,8321,8525,8457,8468,8337,8276,8222,7993,7891,7847,7929,8119,8332|
03/04/2026 10:55:01|9187,9398,9056,9158,9108,9123,8933,8833,8505,8871,8872,8530,8169,8177,8418,8243,8272,8260,8267,8419,8467,8187,7502,7908,7993,8048,7917,8213,8083,8315,8126,8259,8471,8443,8236,8031,7739,7919,8064,8217,8222,8311,8514,8501,8299,8205,8115,8301,8514,8451,8476,8345,8280,8228,7993,7869,7786,7920,8119,8333|
03/04/2026 10:55:02|9176,9372,9006,9159,9082,9096,8926,8818,8501,8867,8861,8518,8157,8176,8416,8254,8280,8260,8264,8431,8480,8189,7443,7877,7958,8025,7910,8198,8084,8315,8142,8257,8468,8456,8236,8013,7733,7913,8058,8208,8210,8311,8517,8515,8326,8220,8092,8280,8497,8444,8482,8353,8287,8232,7997,7851,7731,7911,8117,8331|
03/04/2026 10:55:03|9162,9349,8972,9170,9070,9078,8924,8817,8511,8869,8857,8519,8160,8183,8420,8271,8295,8264,8262,8441,8494,8194,7401,7858,7935,8006,7903,8183,8083,8310,8161,8261,8468,8470,8239,7999,7733,7913,8051,8192,8189,8308,8514,8528,8354,8233,8070,8255,8472,8434,8481,8357,8295,8234,8006,7843,7688,7907,8108,8317|
03/04/2026 10:55:04|9153,9331,8948,9186,9067,9067,8929,8825,8529,8875,8856,8529,8172,8197,8426,8291,8307,8265,8261,8449,8506,8201,7373,7848,7923,7994,7907,8173,8075,8303,8180,8264,8467,8487,8248,7991,7737,7917,8045,8176,8167,8304,8510,8539,8378,8247,8055,8233,8441,8419,8469,8359,8303,8231,8009,7834,7658,7906,8097,8300|
03/04/2026 10:55:05|9151,9320,8936,9206,9068,9060,8939,8838,8551,8882,8856,8543,8191,8215,8433,8306,8315,8260,8253,8455,8515,8204,7352,7843,7918,7991,7918,8170,8069,8294,8196,8265,8462,8501,8256,7987,7745,7925,8040,8161,8149,8296,8503,8546,8397,8261,8050,8218,8409,8402,8455,8356,8307,8221,8005,7827,7637,7903,8087,8282|
03/04/2026 10:55:06|9148,9307,8926,9216,9063,9048,8947,8850,8570,8885,8848,8547,8207,8231,8435,8311,8313,8245,8243,8461,8522,8205,7344,7842,7912,7990,7929,8168,8067,8285,8210,8265,8451,8511,8259,7982,7753,7935,8037,8151,8137,8291,8487,8550,8410,8270,8045,8203,8377,8386,8441,8350,8306,8207,7993,7818,7621,7901,8074,8261|
03/04/2026 10:55:07|9140,9296,8920,9218,9051,9027,8948,8854,8589,8886,8834,8544,8223,8249,8433,8312,8306,8228,8235,8467,8525,8204,7346,7843,7907,7986,7942,8169,8065,8269,8220,8265,8435,8511,8254,7973,7763,7945,8036,8143,8128,8285,8465,8554,8422,8279,8039,8185,8343,8369,8427,8344,8301,8192,7976,7810,7611,7899,8058,8237|
03/04/2026 10:55:08|9129,9282,8912,9215,9039,9007,8947,8848,8605,8886,8815,8540,8239,8268,8428,8310,8300,8218,8232,8474,8526,8201,7353,7840,7901,7979,7956,8171,8064,8250,8223,8257,8411,8498,8244,7964,7772,7954,8035,8134,8117,8279,8450,8559,8435,8288,8035,8166,8311,8353,8416,8342,8299,8180,7959,7803,7604,7898,8046,8213|
03/04/2026 10:55:09|9109,9262,8898,9204,9023,8986,8944,8834,8613,8878,8791,8535,8252,8277,8419,8305,8292,8208,8229,8480,8520,8197,7359,7836,7890,7971,7969,8168,8065,8234,8222,8241,8384,8478,8234,7958,7785,7962,8029,8118,8099,8269,8433,8553,8444,8295,8033,8146,8281,8334,8405,8345,8301,8163,7940,7796,7599,7898,8039,8194|
03/04/2026 10:55:10|9075,9233,8876,9185,9001,8964,8937,8814,8618,8865,8764,8527,8262,8272,8403,8297,8285,8197,8225,8483,8502,8191,7374,7836,7878,7962,7980,8156,8063,8220,8218,8213,8356,8453,8224,7955,7805,7975,8024,8100,8079,8258,8416,8537,8444,8302,8034,8131,8257,8317,8396,8350,8304,8142,7921,7780,7601,7902,8038,8180|
03/04/2026 10:55:11|9030,9197,8846,9158,8974,8940,8927,8789,8618,8847,8734,8516,8268,8252,8381,8287,8279,8187,8220,8483,8474,8186,7397,7840,7863,7951,7989,8135,8060,8210,8211,8176,8326,8424,8214,7956,7829,7992,8021,8081,8057,8245,8398,8513,8436,8309,8037,8118,8239,8304,8390,8357,8307,8117,7901,7757,7607,7909,8043,8172|
03/04/2026 10:55:12|8975,9154,8812,9125,8942,8914,8914,8760,8616,8826,8702,8503,8270,8220,8353,8276,8273,8176,8215,8480,8437,8180,7425,7846,7846,7940,7997,8107,8055,8201,8202,8131,8295,8391,8204,7959,7857,8011,8018,8061,8034,8232,8379,8481,8422,8315,8042,8108,8226,8293,8385,8365,8311,8089,7881,7728,7618,7920,8054,8168|
03/04/2026 10:55:13|8912,9106,8772,9086,8906,8889,8900,8729,8611,8803,8670,8489,8270,8178,8322,8264,8268,8165,8210,8475,8392,8174,7459,7854,7828,7929,8003,8072,8049,8195,8190,8080,8263,8354,8194,7965,7888,8033,8017,8042,8011,8219,8360,8443,8402,8321,8049,8101,8217,8286,8382,8375,8315,8058,7861,7694,7633,7933,8069,8169|
03/04/2026 10:55:14|8844,9055,8730,9044,8868,8862,8883,8695,8603,8777,8637,8474,8268,8129,8287,8251,8263,8154,8204,8466,8342,8168,7497,7865,7809,7917,8008,8034,8042,8191,8177,8024,8231,8317,8184,7973,7922,8058,8016,8022,7988,8205,8341,8401,8378,8326,8058,8097,8212,8280,8381,8385,8320,8026,7842,7656,7650,7948,8087,8172|
03/04/2026 10:55:15|8782,9010,8691,9001,8830,8834,8864,8659,8594,8753,8602,8457,8261,8084,8257,8237,8254,8143,8195,8445,8292,8161,7531,7871,7788,7900,8009,7997,8033,8182,8165,7973,8203,8284,8176,7983,7960,8084,8015,7999,7963,8195,8326,8362,8353,8329,8069,8096,8208,8274,8380,8394,8324,7999,7825,7625,7669,7963,8102,8173|
03/04/2026 10:55:16|8730,8974,8660,8961,8796,8809,8844,8620,8582,8730,8559,8438,8254,8047,8232,8222,8235,8127,8180,8419,8247,8153,7561,7868,7762,7876,8003,7963,8016,8165,8153,7937,8184,8259,8165,7994,8000,8110,8006,7969,7935,8187,8318,8331,8330,8332,8077,8095,8203,8264,8380,8397,8325,7977,7810,7607,7693,7979,8111,8170|
03/04/2026 10:55:17|8688,8948,8636,8925,8767,8788,8823,8580,8569,8708,8509,8417,8246,8017,8213,8205,8207,8108,8158,8391,8207,8145,7588,7858,7731,7847,7991,7931,7991,8140,8142,7913,8174,8241,8153,8007,8043,8135,7989,7932,7904,8182,8316,8307,8311,8334,8084,8093,8196,8252,8379,8395,8323,7959,7796,7599,7721,7996,8114,8163|
03/04/2026 10:55:18|8655,8930,8620,8891,8741,8769,8803,8538,8554,8687,8454,8395,8239,7995,8198,8187,8173,8086,8132,8362,8172,8137,7610,7842,7696,7814,7975,7900,7961,8107,8131,7899,8172,8229,8140,8021,8088,8160,7967,7889,7870,8178,8318,8289,8294,8336,8090,8091,8188,8238,8378,8388,8319,7944,7783,7601,7752,8013,8112,8152|
03/04/2026 10:55:19|8630,8920,8609,8861,8720,8754,8783,8495,8537,8667,8394,8371,8232,7980,8188,8168,8132,8061,8101,8332,8140,8129,7630,7821,7659,7778,7955,7872,7926,8070,8122,7895,8176,8223,8125,8035,8134,8184,7940,7842,7835,8176,8324,8276,8280,8338,8094,8088,8179,8222,8376,8378,8311,7933,7772,7611,7786,8031,8105,8140|
03/04/2026 10:55:20|8612,8915,8603,8834,8701,8741,8763,8451,8520,8649,8330,8347,8225,7970,8182,8149,8087,8034,8068,8301,8113,8121,7646,7795,7620,7738,7931,7846,7887,8028,8113,7900,8186,8221,8110,8051,8180,8208,7909,7791,7799,8176,8333,8268,8268,8339,8096,8086,8168,8205,8375,8364,8302,7925,7762,7628,7821,8049,8095,8125|
03/04/2026 10:55:21|8601,8917,8603,8809,8686,8730,8744,8408,8502,8632,8265,8322,8218,7965,8179,8130,8038,8006,8031,8270,8089,8113,7660,7765,7579,7697,7904,7822,7845,7982,8106,7911,8200,8223,8094,8067,8227,8230,7875,7738,7762,8177,8346,8264,8259,8340,8098,8083,8158,8186,8374,8347,8291,7920,7753,7651,7859,8067,8082,8108|
03/04/2026 10:55:22|8595,8923,8606,8787,8674,8722,8725,8365,8484,8617,8198,8297,8212,7964,8179,8111,7987,7977,7993,8239,8069,8105,7671,7733,7538,7655,7876,7800,7801,7934,8099,7929,8219,8229,8078,8083,8273,8250,7838,7683,7725,8179,8361,8263,8251,8341,8098,8079,8146,8167,8372,8328,8279,7917,7746,7679,7896,8084,8066,8091|
03/04/2026 10:55:23|8595,8934,8613,8768,8665,8715,8708,8324,8466,8602,8132,8273,8206,7968,8182,8092,7935,7949,7955,8210,8052,8096,7680,7699,7497,7613,7847,7780,7757,7886,8093,7952,8241,8237,8062,8099,8317,8269,7800,7629,7689,8182,8377,8266,8245,8342,8098,8076,8135,8149,8371,8308,8266,7916,7739,7710,7934,8101,8047,8072|
03/04/2026 10:55:24|8597,8948,8623,8754,8659,8714,8693,8288,8452,8589,8071,8250,8199,7974,8184,8071,7883,7924,7924,8183,8038,8084,7688,7671,7466,7579,7823,7765,7719,7845,8089,7977,8264,8245,8044,8109,8350,8281,7765,7583,7658,8185,8389,8267,8239,8341,8097,8074,8127,8132,8369,8290,8254,7917,7736,7743,7968,8104,8028,8054|
03/04/2026 10:55:25|8598,8957,8633,8743,8655,8712,8678,8257,8440,8578,8020,8227,8184,7983,8188,8050,7838,7907,7903,8160,8026,8076,7699,7648,7447,7557,7808,7757,7687,7814,8087,8003,8285,8250,8026,8111,8370,8284,7734,7547,7636,8190,8392,8258,8231,8341,8099,8073,8121,8113,8360,8272,8241,7918,7738,7778,8000,8102,8012,8042|
03/04/2026 10:55:26|8593,8958,8643,8734,8652,8708,8666,8236,8433,8567,7979,8206,8168,7998,8198,8037,7809,7903,7887,8129,8019,8075,7717,7633,7437,7542,7799,7756,7662,7794,8091,8032,8305,8255,8008,8113,8383,8279,7710,7523,7627,8201,8397,8248,8227,8343,8104,8075,8115,8096,8348,8253,8230,7925,7751,7819,8031,8103,8005,8037|
03/04/2026 10:55:27|8581,8950,8651,8725,8649,8704,8659,8227,8431,8552,7947,8188,8156,8020,8212,8030,7796,7911,7872,8085,8017,8079,7742,7630,7436,7531,7793,7757,7641,7783,8098,8065,8321,8258,7990,8115,8392,8264,7689,7508,7628,8217,8406,8243,8228,8349,8110,8079,8108,8083,8335,8235,8223,7940,7775,7864,8061,8108,8008,8040|
03/04/2026 10:55:28|8564,8935,8659,8717,8646,8698,8656,8228,8434,8535,7923,8173,8147,8047,8231,8029,7798,7929,7858,8029,8018,8089,7773,7635,7443,7524,7791,7763,7623,7780,8107,8100,8334,8259,7972,8117,8395,8240,7673,7503,7637,8238,8419,8243,8234,8357,8117,8084,8101,8074,8322,8217,8220,7962,7807,7912,8091,8117,8019,8049|
03/04/2026 10:55:29|8543,8914,8666,8710,8643,8693,8657,8237,8439,8516,7906,8160,8140,8079,8254,8035,7811,7956,7845,7965,8023,8103,7809,7648,7455,7520,7790,7770,7608,7784,8119,8136,8346,8258,7954,8120,8394,8209,7660,7506,7654,8263,8434,8245,8245,8366,8125,8090,8093,8067,8309,8199,8219,7989,7846,7962,8120,8129,8037,8064|
03/04/2026 10:55:30|8518,8889,8673,8703,8640,8687,8661,8253,8448,8495,7895,8150,8136,8115,8280,8044,7834,7990,7833,7893,8030,8121,7848,7668,7473,7519,7792,7780,7595,7793,8133,8174,8355,8256,7936,8123,8389,8172,7651,7516,7677,8291,8452,8252,8258,8378,8133,8097,8085,8063,8296,8183,8220,8021,7891,8014,8148,8144,8060,8083|
03/04/2026 10:55:31|8490,8859,8678,8696,8636,8680,8668,8275,8460,8473,7889,8143,8135,8153,8308,8058,7866,8030,7823,7816,8039,8141,7890,7694,7496,7521,7795,7792,7585,7807,8148,8212,8362,8252,7919,8126,8381,8130,7644,7532,7705,8321,8471,8260,8275,8390,8142,8104,8076,8061,8283,8167,8224,8057,7940,8067,8175,8160,8089,8105|
03/04/2026 10:55:32|8459,8826,8683,8690,8633,8673,8677,8302,8473,8450,7888,8137,8135,8194,8337,8075,7905,8074,7813,7735,8050,8164,7934,7724,7522,7525,7800,7805,7577,7826,8165,8251,8367,8248,7902,8129,8370,8085,7640,7552,7738,8354,8492,8271,8293,8404,8151,8112,8068,8061,8269,8151,8230,8096,7993,8120,8201,8178,8121,8131|
03/04/2026 10:55:33|8427,8791,8687,8684,8630,8666,8688,8334,8488,8427,7891,8134,8137,8236,8368,8095,7950,8122,7805,7651,8063,8189,7980,7758,7551,7530,7807,7820,7571,7848,8182,8289,8371,8243,7885,8132,8357,8037,7638,7577,7774,8387,8514,8284,8314,8418,8160,8121,8059,8063,8257,8137,8237,8137,8048,8172,8226,8198,8156,8159|
03/04/2026 10:55:34|8394,8754,8691,8679,8627,8660,8701,8368,8504,8404,7898,8132,8140,8278,8400,8116,7999,8173,7797,7566,8076,8215,8026,7795,7582,7537,7814,7835,7567,7872,8199,8327,8374,8237,7870,8135,8342,7987,7639,7605,7812,8421,8537,8299,8336,8433,8170,8129,8050,8067,8244,8123,8245,8179,8105,8224,8249,8218,8194,8188|
03/04/2026 10:55:35|8360,8716,8694,8674,8624,8653,8714,8405,8522,8380,7908,8131,8144,8321,8432,8140,8052,8226,7790,7480,8091,8242,8072,7834,7615,7546,7822,7851,7565,7899,8217,8364,8375,8230,7855,8138,8326,7935,7641,7636,7853,8456,8560,8314,8358,8448,8179,8138,8042,8072,8232,8111,8254,8223,8163,8275,8271,8238,8233,8219|
03/04/2026 10:55:36|8326,8677,8697,8669,8622,8646,8729,8444,8539,8357,7920,8131,8150,8364,8463,8164,8107,8279,7785,7394,8106,8269,8118,7874,7649,7555,7831,7867,7564,7928,8235,8400,8375,8224,7841,8142,8309,7884,7644,7669,7894,8490,8583,8330,8382,8463,8189,8146,8033,8077,8220,8099,8264,8266,8220,8324,8291,8259,8274,8251|
03/04/2026 10:55:37|8293,8638,8700,8665,8619,8639,8744,8483,8558,8335,7934,8133,8156,8407,8495,8189,8163,8332,7780,7311,8122,8297,8163,7915,7684,7565,7840,7884,7564,7957,8252,8433,8374,8216,7827,8144,8291,7833,7649,7703,7936,8523,8606,8346,8405,8478,8197,8154,8026,8084,8209,8088,8273,8308,8277,8371,8310,8280,8314,8282|
03/04/2026 10:55:38|8265,8603,8703,8663,8616,8627,8756,8520,8572,8319,7952,8136,8167,8448,8520,8212,8209,8373,7778,7243,8137,8323,8208,7952,7716,7574,7850,7902,7566,7984,8260,8460,8366,8205,7815,8145,8273,7789,7658,7742,7979,8549,8615,8358,8424,8490,8202,8158,8021,8093,8201,8079,8276,8339,8329,8413,8329,8298,8344,8314|
03/04/2026 10:55:39|8235,8564,8708,8665,8611,8603,8764,8552,8577,8310,7976,8144,8183,8487,8530,8230,8246,8403,7782,7198,8151,8347,8252,7989,7744,7569,7857,7918,7567,8008,8268,8480,8355,8194,7802,8142,8258,7758,7668,7784,8022,8563,8599,8360,8437,8498,8202,8157,8021,8106,8198,8075,8274,8363,8375,8448,8350,8317,8358,8346|
03/04/2026 10:55:40|8204,8521,8716,8669,8605,8569,8767,8579,8573,8307,8005,8155,8204,8524,8526,8245,8274,8422,7792,7173,8164,8368,8296,8026,7765,7553,7860,7933,7566,8031,8277,8494,8340,8183,7789,8136,8247,7737,7678,7828,8066,8567,8559,8355,8445,8502,8200,8151,8025,8121,8202,8077,8269,8381,8415,8474,8371,8337,8357,8378|
03/04/2026 10:55:41|8172,8475,8725,8675,8598,8526,8766,8602,8560,8309,8039,8169,8229,8559,8510,8256,8296,8433,7807,7166,8176,8386,8340,8062,7782,7527,7860,7948,7563,8051,8287,8503,8322,8173,7774,8128,8240,7725,7687,7875,8108,8562,8500,8344,8448,8502,8194,8143,8033,8140,8210,8084,8261,8394,8451,8492,8393,8357,8344,8410|
03/04/2026 10:55:42|8140,8427,8736,8683,8590,8476,8763,8621,8540,8317,8076,8186,8258,8592,8485,8264,8310,8437,7826,7174,8188,8402,8382,8098,7795,7492,7857,7961,7559,8070,8298,8508,8302,8162,7760,8118,8235,7721,7696,7922,8150,8549,8424,8327,8447,8500,8185,8131,8044,8160,8222,8094,8251,8403,8482,8504,8415,8378,8320,8441|
03/04/2026 10:55:43|8108,8380,8748,8694,8583,8423,8757,8636,8517,8329,8116,8205,8289,8622,8452,8271,8320,8434,7849,7197,8198,8415,8423,8133,7803,7450,7852,7973,7554,8087,8309,8509,8281,8151,7745,8106,8232,7725,7705,7970,8191,8530,8336,8305,8443,8495,8175,8116,8057,8182,8237,8106,8239,8408,8508,8510,8437,8398,8287,8472|
03/04/2026 10:55:44|8093,8348,8767,8712,8586,8383,8758,8656,8504,8352,8165,8233,8327,8655,8426,8283,8334,8431,7875,7231,8210,8425,8457,8163,7811,7413,7843,7984,7555,8102,8318,8506,8259,8132,7731,8093,8225,7735,7719,8017,8228,8504,8251,8287,8436,8485,8165,8100,8070,8205,8253,8111,8222,8400,8517,8510,8456,8415,8258,8499|
03/04/2026 10:55:45|8097,8337,8794,8739,8602,8365,8767,8683,8508,8389,8223,8272,8373,8691,8414,8306,8354,8428,7905,7278,8224,8429,8485,8188,7817,7383,7831,7995,7564,8116,8323,8499,8237,8102,7717,8077,8211,7752,7741,8063,8261,8470,8175,8273,8428,8472,8157,8083,8084,8230,8269,8104,8199,8377,8505,8506,8470,8429,8237,8522|
03/04/2026 10:55:46|8119,8344,8827,8773,8630,8365,8783,8715,8526,8436,8290,8320,8425,8729,8413,8336,8379,8427,7939,7334,8241,8430,8505,8208,7824,7361,7816,8004,7579,8129,8326,8490,8215,8063,7704,8059,8192,7773,7767,8107,8291,8430,8109,8263,8418,8456,8150,8065,8098,8256,8285,8088,8172,8341,8476,8497,8481,8439,8223,8541|
03/04/2026 10:55:47|8154,8367,8867,8813,8668,8380,8806,8752,8554,8492,8361,8374,8477,8766,8421,8372,8409,8426,7975,7398,8261,8429,8521,8224,7830,7348,7803,8013,7599,8139,8325,8478,8197,8022,7693,8042,8170,7800,7800,8151,8317,8388,8051,8257,8407,8437,8146,8049,8111,8281,8302,8065,8142,8298,8435,8487,8489,8447,8213,8556|
03/04/2026 10:55:48|8201,8408,8916,8862,8715,8410,8838,8796,8590,8551,8436,8430,8527,8798,8433,8409,8440,8425,8015,7468,8285,8429,8532,8242,7843,7349,7798,8019,7622,8146,8322,8466,8186,7991,7692,8031,8150,7827,7833,8188,8334,8347,8000,8253,8396,8418,8147,8041,8127,8304,8319,8049,8115,8257,8397,8477,8497,8453,8203,8565|
03/04/2026 10:55:49|8261,8468,8975,8917,8770,8455,8878,8843,8633,8616,8512,8485,8577,8826,8448,8444,8469,8428,8055,7541,8313,8431,8544,8260,7864,7359,7792,8028,7651,8157,8319,8456,8183,7974,7699,8023,8130,7850,7865,8217,8343,8299,7954,8252,8386,8402,8152,8041,8144,8322,8335,8040,8090,8222,8369,8471,8505,8460,8195,8573|
03/04/2026 10:55:50|8330,8539,9035,8976,8833,8509,8923,8890,8684,8686,8591,8542,8624,8856,8468,8478,8500,8435,8097,7617,8343,8435,8549,8274,7887,7380,7794,8042,7690,8173,8319,8453,8190,7967,7708,8009,8112,7876,7899,8240,8345,8255,7917,8253,8380,8390,8161,8051,8163,8334,8347,8035,8070,8196,8350,8467,8511,8469,8194,8584|
03/04/2026 10:55:51|8400,8612,9092,9034,8896,8567,8967,8937,8736,8754,8668,8598,8668,8886,8491,8511,8526,8439,8138,7691,8372,8440,8550,8282,7902,7402,7796,8056,7731,8184,8312,8445,8194,7961,7718,7988,8095,7899,7931,8249,8335,8209,7886,8252,8367,8379,8173,8066,8181,8343,8353,8029,8049,8169,8329,8462,8510,8472,8193,8584|
03/04/2026 10:55:52|8460,8670,9138,9081,8945,8615,9002,8978,8780,8808,8735,8645,8703,8903,8507,8535,8543,8437,8166,7755,8394,8443,8550,8287,7917,7428,7797,8067,7775,8193,8297,8430,8189,7952,7731,7972,8083,7916,7954,8251,8316,8161,7855,8244,8352,8368,8186,8077,8188,8346,8352,8022,8026,8137,8307,8456,8503,8464,8184,8567|
03/04/2026 10:55:53|8512,8719,9173,9111,8978,8656,9034,9018,8819,8847,8787,8683,8728,8909,8522,8558,8561,8436,8187,7813,8415,8446,8551,8292,7933,7453,7788,8077,7822,8207,8285,8416,8187,7950,7751,7961,8076,7935,7972,8248,8300,8120,7830,8235,8342,8360,8195,8078,8185,8338,8344,8011,8004,8104,8288,8452,8499,8453,8171,8540|
03/04/2026 10:55:54|8558,8765,9201,9127,8994,8689,9065,9057,8853,8871,8823,8712,8744,8907,8537,8582,8579,8436,8201,7866,8435,8453,8552,8293,7949,7476,7766,8086,7871,8223,8274,8403,8190,7957,7774,7954,8073,7954,7983,8239,8287,8090,7810,8227,8335,8355,8200,8070,8175,8322,8327,7994,7986,8077,8274,8452,8497,8443,8156,8506|
03/04/2026 10:55:55|8599,8807,9222,9129,8997,8717,9095,9094,8883,8883,8843,8734,8752,8897,8553,8607,8597,8438,8209,7914,8454,8462,8553,8292,7964,7498,7735,8094,7922,8241,8264,8392,8199,7971,7801,7951,8073,7974,7989,8226,8278,8068,7796,8220,8333,8352,8201,8055,8160,8297,8304,7972,7970,8056,8265,8453,8497,8433,8138,8464|
03/04/2026 10:55:56|8634,8847,9239,9121,8988,8740,9123,9131,8909,8884,8851,8748,8754,8880,8569,8632,8614,8440,8211,7957,8472,8472,8554,8288,7978,7517,7696,8100,7974,8261,8256,8382,8212,7992,7830,7949,8077,7993,7990,8208,8271,8053,7787,8214,8334,8351,8199,8034,8140,8265,8276,7945,7956,8039,8258,8456,8499,8423,8119,8418|
03/04/2026 10:55:57|8665,8884,9250,9103,8969,8757,9150,9167,8931,8876,8848,8755,8750,8859,8585,8658,8632,8444,8209,7995,8489,8484,8556,8282,7991,7535,7649,8104,8025,8282,8249,8373,8228,8017,7861,7951,8083,8013,7987,8187,8266,8046,7783,8208,8337,8351,8195,8008,8117,8229,8243,7915,7945,8027,8255,8461,8503,8414,8098,8367|
03/04/2026 10:55:58|8692,8917,9256,9077,8941,8771,9175,9200,8949,8859,8835,8757,8741,8833,8601,8683,8649,8448,8203,8028,8505,8498,8558,8274,8004,7551,7597,8108,8076,8304,8243,8365,8248,8047,7894,7954,8091,8032,7981,8163,8264,8044,7782,8203,8344,8353,8188,7978,8090,8187,8206,7883,7935,8019,8255,8467,8507,8405,8076,8313|
03/04/2026 10:55:59|8714,8948,9259,9044,8905,8780,9199,9232,8964,8835,8814,8755,8728,8803,8616,8708,8666,8452,8193,8058,8520,8512,8559,8265,8015,7565,7541,8110,8126,8326,8238,8358,8269,8080,7927,7959,8101,8051,7971,8137,8264,8048,7785,8198,8352,8357,8180,7944,8061,8143,8167,7848,7928,8014,8257,8475,8513,8396,8053,8258|
03/04/2026 10:56:00|8734,8977,9259,9008,8865,8787,9221,9263,8978,8807,8787,8749,8712,8771,8631,8732,8682,8457,8181,8083,8533,8526,8560,8254,8026,7578,7482,8112,8175,8349,8234,8352,8292,8115,7961,7966,8112,8069,7959,8110,8265,8055,7790,8193,8361,8360,8170,7909,8031,8096,8126,7813,7922,8013,8261,8483,8519,8388,8031,8201|
03/04/2026 10:56:01|8762,9014,9267,8983,8836,8803,9248,9296,8996,8787,8768,8750,8701,8746,8648,8750,8695,8463,8170,8106,8540,8538,8558,8243,8034,7590,7429,8115,8222,8369,8230,8346,8313,8147,7994,7973,8120,8079,7945,8081,8265,8065,7794,8180,8362,8361,8162,7878,8002,8048,8087,7783,7920,8019,8271,8491,8523,8380,8012,8151|
03/04/2026 10:56:02|8794,9054,9280,8972,8823,8831,9276,9323,9014,8771,8755,8752,8689,8716,8656,8751,8688,8464,8156,8125,8543,8545,8552,8233,8042,7604,7387,8119,8265,8382,8223,8337,8325,8176,8020,7970,8124,8084,7929,8054,8265,8075,7800,8165,8354,8359,8155,7852,7977,8004,8054,7761,7920,8028,8278,8493,8523,8372,7995,8113|
03/04/2026 10:56:03|8818,9084,9281,8956,8814,8858,9294,9331,9014,8746,8733,8742,8666,8676,8654,8742,8672,8461,8137,8138,8538,8545,8541,8225,8050,7619,7355,8121,8299,8388,8213,8325,8327,8200,8042,7970,8126,8084,7920,8033,8262,8076,7809,8154,8341,8351,8145,7831,7960,7969,8028,7752,7922,8034,8279,8491,8524,8366,7983,8085|
03/04/2026 10:56:04|8836,9109,9280,8937,8806,8880,9305,9329,9002,8714,8702,8723,8633,8626,8641,8727,8656,8459,8122,8149,8530,8545,8533,8223,8060,7640,7336,8116,8325,8383,8202,8313,8331,8225,8064,7971,8124,8083,7914,8014,8260,8074,7817,8143,8328,8339,8137,7819,7946,7944,8013,7749,7922,8039,8281,8493,8529,8363,7979,8067|
03/04/2026 10:56:05|8848,9134,9280,8922,8798,8897,9309,9322,8986,8679,8664,8696,8590,8568,8623,8709,8642,8461,8112,8159,8523,8548,8531,8228,8076,7667,7328,8102,8342,8366,8190,8305,8340,8252,8088,7976,8121,8081,7909,8003,8261,8077,7820,8131,8315,8328,8130,7812,7935,7930,8008,7753,7916,8043,8287,8501,8537,8360,7982,8059|
03/04/2026 10:56:06|8857,9157,9281,8910,8791,8910,9309,9310,8967,8643,8619,8662,8538,8502,8601,8690,8629,8464,8105,8170,8518,8553,8534,8239,8095,7698,7330,8081,8352,8339,8179,8301,8352,8283,8115,7984,8118,8078,7905,7996,8264,8082,7821,8119,8302,8316,8125,7811,7925,7924,8012,7761,7907,8045,8297,8514,8547,8359,7990,8058|
03/04/2026 10:56:07|8861,9178,9282,8902,8784,8919,9303,9294,8944,8606,8570,8624,8479,8431,8575,8668,8618,8469,8103,8181,8513,8561,8541,8256,8117,7734,7341,8054,8355,8304,8167,8300,8367,8315,8143,7994,8115,8075,7902,7995,8270,8090,7819,8106,8291,8305,8122,7815,7917,7926,8024,7773,7893,8048,8309,8531,8559,8358,8004,8065|
03/04/2026 10:56:08|8862,9198,9284,8896,8778,8924,9294,9275,8920,8569,8518,8581,8416,8356,8546,8646,8608,8475,8103,8191,8510,8570,8551,8277,8142,7773,7359,8021,8352,8262,8154,8301,8384,8348,8172,8006,8112,8071,7900,7997,8278,8100,7814,8093,8280,8295,8120,7823,7910,7934,8042,7788,7877,8049,8323,8552,8573,8358,8021,8078|
03/04/2026 10:56:09|8860,9217,9287,8892,8772,8926,9282,9253,8893,8531,8463,8535,8348,8278,8515,8623,8599,8483,8106,8202,8508,8580,8565,8302,8169,7814,7383,7985,8344,8214,8143,8304,8404,8382,8203,8020,8109,8067,7899,8004,8288,8112,7808,8080,8269,8285,8119,7834,7905,7947,8066,7807,7859,8050,8339,8576,8589,8358,8043,8095|
03/04/2026 10:56:10|8855,9234,9290,8891,8767,8926,9267,9229,8865,8494,8406,8487,8277,8198,8482,8599,8592,8492,8111,8211,8506,8591,8581,8330,8198,7857,7413,7946,8332,8162,8131,8310,8425,8417,8233,8035,8106,8063,7899,8013,8298,8125,7800,8066,8260,8275,8120,7848,7901,7966,8094,7828,7839,8050,8356,8602,8605,8359,8066,8117|
03/04/2026 10:56:11|8849,9250,9294,8892,8763,8923,9250,9203,8837,8457,8349,8438,8205,8118,8449,8576,8586,8501,8118,8221,8505,8603,8598,8360,8227,7901,7446,7904,8316,8107,8119,8317,8447,8451,8264,8050,8102,8058,7899,8025,8310,8140,7791,8053,8251,8265,8122,7865,7898,7988,8127,7850,7817,8050,8375,8629,8622,8360,8093,8142|
03/04/2026 10:56:12|8840,9264,9297,8894,8759,8918,9231,9176,8808,8422,8291,8388,8132,8037,8414,8552,8580,8512,8126,8230,8504,8616,8618,8392,8258,7945,7483,7861,8298,8050,8108,8325,8470,8485,8294,8067,8099,8053,7900,8039,8323,8155,7780,8040,8243,8257,8124,7883,7896,8013,8162,7874,7794,8050,8394,8658,8639,8362,8120,8170|
03/04/2026 10:56:13|8830,9277,9301,8898,8756,8911,9211,9149,8779,8387,8234,8337,8059,7958,8380,8529,8576,8522,8136,8238,8505,8629,8638,8425,8288,7989,7522,7816,8277,7992,8098,8334,8493,8519,8324,8084,8096,8048,7902,8054,8336,8171,7769,8028,8235,8248,8127,7903,7895,8041,8199,7898,7771,8049,8413,8687,8657,8363,8149,8200|
03/04/2026 10:56:14|8819,9289,9305,8903,8753,8904,9190,9121,8750,8354,8178,8287,7987,7880,8345,8506,8573,8533,8147,8246,8505,8642,8659,8459,8318,8032,7562,7772,8255,7932,8088,8345,8517,8552,8353,8101,8093,8043,7904,8071,8349,8187,7757,8016,8229,8241,8131,7924,7895,8070,8237,7923,7747,8047,8433,8717,8675,8365,8178,8231|
03/04/2026 10:56:15|8807,9299,9309,8909,8750,8894,9168,9093,8721,8322,8122,8238,7916,7805,8312,8484,8570,8544,8159,8254,8506,8655,8681,8493,8348,8075,7604,7727,8231,7873,8078,8355,8540,8583,8381,8117,8090,8039,7906,8089,8363,8204,7745,8004,8222,8233,8135,7946,7895,8101,8277,7949,7724,8046,8453,8747,8692,8368,8208,8264|
03/04/2026 10:56:16|8795,9308,9313,8915,8748,8885,9146,9065,8694,8292,8069,8190,7847,7732,8278,8463,8569,8554,8171,8261,8508,8668,8703,8527,8377,8116,7646,7683,8206,7815,8069,8367,8563,8614,8408,8134,8087,8034,7908,8108,8376,8220,7732,7993,8217,8227,8139,7968,7896,8133,8317,7974,7700,8044,8472,8776,8709,8370,8238,8297|
03/04/2026 10:56:17|8781,9316,9317,8923,8746,8874,9124,9038,8667,8263,8018,8143,7780,7662,8246,8442,8567,8565,8184,8267,8509,8681,8725,8561,8406,8156,7689,7640,8181,7757,8060,8378,8586,8643,8433,8151,8084,8029,7910,8127,8390,8236,7720,7982,8212,8221,8144,7990,7897,8165,8357,7999,7677,8043,8492,8805,8726,8373,8267,8330|
03/04/2026 10:56:18|8768,9324,9321,8930,8744,8863,9102,9012,8641,8236,7969,8098,7716,7595,8215,8423,8567,8575,8196,8273,8511,8694,8746,8593,8433,8195,7731,7598,8155,7701,8052,8390,8608,8670,8458,8167,8081,8025,7913,8146,8403,8252,7707,7972,8208,8215,8149,8012,7899,8197,8396,8023,7654,8041,8510,8833,8742,8375,8296,8362|
03/04/2026 10:56:19|8754,9330,9325,8938,8743,8852,9080,8986,8616,8211,7922,8055,7654,7531,8186,8404,8566,8586,8209,8279,8513,8706,8768,8625,8459,8231,7772,7557,8129,7647,8045,8402,8629,8696,8481,8182,8078,8020,7916,8165,8416,8267,7695,7963,8204,8210,8154,8034,7901,8229,8435,8047,7633,8039,8528,8860,8757,8378,8324,8395|
03/04/2026 10:56:20|8741,9335,9329,8946,8742,8840,9059,8961,8593,8188,7877,8014,7596,7472,8157,8387,8567,8596,8222,8284,8515,8718,8788,8656,8484,8266,7812,7518,8104,7595,8038,8413,8649,8720,8502,8197,8076,8016,7919,8184,8428,8282,7683,7954,8200,8205,8159,8055,7904,8260,8473,8070,7612,8037,8546,8886,8772,8380,8352,8426|
03/04/2026 10:56:21|8728,9339,9333,8955,8741,8829,9039,8938,8571,8166,7836,7976,7541,7416,8131,8371,8567,8605,8234,8289,8518,8729,8808,8686,8508,8299,7851,7481,8079,7546,8031,8424,8669,8743,8522,8211,8074,8012,7921,8202,8440,8296,7671,7946,8197,8201,8164,8075,7906,8291,8509,8092,7591,8035,8562,8911,8786,8383,8378,8457|
03/04/2026 10:56:22|8715,9343,9336,8963,8741,8817,9019,8915,8550,8146,7797,7939,7490,7363,8105,8355,8568,8614,8247,8293,8520,8740,8827,8714,8530,8330,7889,7446,8055,7498,8026,8435,8687,8764,8541,8225,8072,8009,7924,8220,8451,8309,7659,7939,8195,8198,8169,8095,7909,8320,8544,8113,7572,8033,8578,8935,8799,8386,8403,8487|
03/04/2026 10:56:23|8702,9346,9339,8971,8741,8806,9000,8894,8530,8128,7760,7905,7443,7316,8082,8341,8569,8622,8258,8296,8522,8749,8845,8740,8550,8358,7924,7413,8032,7455,8020,8445,8703,8783,8558,8237,8070,8005,7926,8237,8462,8322,7649,7932,8193,8194,8173,8113,7911,8347,8575,8132,7554,8031,8592,8957,8812,8388,8426,8515|
03/04/2026 10:56:24|8689,9345,9335,8976,8742,8793,8975,8869,8513,8113,7721,7873,7404,7279,8061,8329,8563,8624,8266,8296,8520,8752,8852,8758,8562,8378,7957,7387,8014,7421,8016,8449,8706,8789,8570,8249,8071,8002,7922,8247,8467,8333,7645,7925,8192,8194,8176,8122,7908,8363,8592,8145,7533,8031,8603,8969,8821,8389,8447,8537|
03/04/2026 10:56:25|8679,9339,9318,8970,8741,8778,8940,8831,8486,8099,7686,7844,7376,7257,8043,8319,8554,8623,8272,8295,8519,8751,8850,8768,8568,8391,7983,7372,8005,7403,8018,8449,8702,8790,8579,8260,8076,8003,7919,8255,8469,8341,7650,7921,8193,8193,8175,8130,7905,8371,8600,8158,7521,8035,8609,8971,8825,8386,8461,8551|
03/04/2026 10:56:26|8667,9326,9292,8958,8736,8757,8900,8789,8454,8085,7653,7819,7355,7244,8028,8306,8542,8619,8273,8293,8516,8745,8841,8770,8566,8384,7998,7361,7997,7397,8017,8440,8691,8784,8583,8268,8081,8001,7918,8259,8467,8348,7662,7920,8197,8194,8168,8136,7908,8376,8604,8172,7519,8041,8608,8962,8825,8383,8465,8556|
03/04/2026 10:56:27|8648,9299,9257,8942,8727,8732,8861,8752,8426,8075,7625,7802,7344,7235,8009,8294,8528,8604,8271,8291,8510,8727,8822,8764,8555,8366,8007,7353,7984,7388,8012,8421,8669,8771,8579,8272,8085,8001,7917,8260,8461,8352,7677,7922,8203,8193,8156,8138,7915,8379,8602,8181,7522,8043,8595,8944,8821,8381,8462,8554|
03/04/2026 10:56:28|8624,9266,9221,8924,8713,8706,8821,8715,8397,8062,7604,7789,7342,7230,7989,8281,8504,8581,8263,8290,8501,8703,8800,8751,8532,8340,8008,7346,7970,7382,8003,8398,8639,8749,8567,8277,8093,8003,7917,8257,8449,8344,7684,7922,8205,8189,8140,8136,7923,8378,8593,8180,7527,8042,8567,8919,8808,8376,8450,8537|
03/04/2026 10:56:29|8599,9229,9185,8904,8687,8674,8778,8678,8366,8042,7585,7766,7343,7226,7973,8267,8472,8550,8252,8289,8490,8670,8772,8728,8500,8301,7995,7337,7955,7382,7988,8368,8605,8720,8552,8280,8107,8012,7922,8254,8434,8324,7672,7912,8196,8179,8121,8129,7929,8376,8580,8173,7534,8035,8524,8885,8788,8370,8432,8508|
03/04/2026 10:56:30|8574,9189,9152,8882,8649,8637,8733,8643,8333,8017,7567,7735,7347,7220,7958,8253,8434,8512,8237,8288,8479,8626,8740,8696,8460,8251,7968,7325,7942,7388,7968,8335,8568,8687,8533,8281,8124,8027,7931,8252,8415,8293,7641,7894,8179,8166,8099,8117,7934,8374,8562,8162,7542,8023,8466,8846,8765,8361,8408,8469|
03/04/2026 10:56:31|8550,9146,9121,8860,8602,8597,8686,8610,8299,7987,7549,7696,7354,7214,7947,8238,8392,8469,8219,8287,8466,8576,8703,8657,8414,8190,7929,7311,7928,7399,7943,8298,8528,8650,8512,8280,8145,8047,7944,8251,8393,8254,7596,7867,8153,8150,8074,8100,7937,8371,8541,8148,7552,8007,8396,8801,8740,8352,8380,8421|
03/04/2026 10:56:32|8526,9102,9091,8837,8547,8553,8639,8577,8265,7953,7533,7651,7362,7208,7938,8224,8347,8422,8198,8286,8454,8519,8664,8613,8363,8122,7880,7295,7916,7414,7915,8258,8487,8609,8490,8278,8169,8070,7961,8250,8370,8207,7538,7834,8122,8131,8048,8080,7940,8368,8518,8130,7563,7987,8317,8753,8711,8341,8349,8367|
03/04/2026 10:56:33|8502,9057,9064,8813,8486,8507,8591,8547,8231,7917,7518,7601,7372,7201,7931,8211,8298,8372,8175,8285,8440,8458,8623,8564,8308,8047,7823,7278,7904,7432,7883,8217,8445,8567,8466,8275,8195,8098,7980,8249,8345,8155,7469,7796,8085,8110,8020,8057,7941,8364,8492,8109,7574,7965,8230,8702,8681,8329,8315,8308|
03/04/2026 10:56:34|8479,9011,9039,8789,8420,8459,8543,8519,8197,7879,7504,7548,7384,7194,7926,8197,8248,8319,8151,8284,8427,8393,8580,8511,8251,7968,7761,7260,7892,7453,7850,8174,8402,8523,8440,8270,8222,8127,8002,8249,8319,8098,7393,7753,8044,8088,7992,8032,7942,8360,8465,8087,7586,7941,8137,8649,8650,8317,8279,8245|
03/04/2026 10:56:35|8458,8967,9017,8767,8352,8412,8496,8492,8164,7841,7492,7494,7397,7188,7923,8185,8198,8267,8127,8284,8414,8327,8538,8457,8191,7886,7694,7242,7883,7477,7816,8131,8360,8479,8415,8266,8251,8159,8025,8249,8292,8038,7311,7709,8001,8064,7963,8005,7942,8356,8437,8063,7598,7915,8042,8595,8619,8305,8242,8179|
03/04/2026 10:56:36|8447,8934,9005,8753,8295,8372,8456,8471,8134,7817,7496,7457,7422,7198,7927,8176,8156,8220,8105,8284,8404,8271,8502,8405,8127,7811,7636,7234,7881,7507,7789,8097,8325,8440,8394,8262,8279,8188,8049,8248,8264,7986,7246,7674,7963,8041,7938,7987,7948,8354,8409,8043,7614,7893,7960,8545,8587,8295,8205,8119|
03/04/2026 10:56:37|8444,8911,9001,8746,8260,8348,8427,8461,8109,7810,7516,7443,7460,7225,7938,8170,8124,8180,8085,8282,8395,8227,8474,8359,8066,7751,7591,7237,7884,7540,7772,8072,8295,8404,8375,8258,8304,8211,8072,8248,8238,7943,7203,7654,7937,8026,7924,7978,7960,8354,8381,8021,7632,7872,7893,8500,8555,8286,8168,8069|
03/04/2026 10:56:38|8448,8896,9004,8749,8245,8343,8414,8464,8101,7822,7552,7451,7512,7271,7959,8171,8105,8153,8071,8277,8383,8191,8450,8321,8000,7702,7546,7241,7886,7579,7769,8059,8272,8374,8346,8250,8320,8225,8091,8246,8212,7902,7176,7646,7923,8019,7923,7980,7980,8354,8347,8002,7656,7857,7844,8462,8522,8275,8139,8027|
03/04/2026 10:56:39|8458,8889,9012,8762,8246,8354,8413,8476,8109,7848,7602,7477,7576,7333,7988,8175,8097,8138,8064,8269,8365,8159,8430,8289,7925,7662,7497,7243,7887,7624,7779,8056,8257,8347,8304,8232,8325,8226,8106,8242,8185,7861,7161,7648,7917,8022,7933,7992,8006,8353,8306,7987,7684,7847,7813,8434,8488,8262,8117,7992|
03/04/2026 10:56:40|8474,8887,9024,8782,8263,8379,8423,8497,8131,7886,7662,7518,7652,7407,8022,8182,8098,8133,8063,8258,8341,8133,8413,8264,7843,7630,7444,7242,7886,7673,7801,8064,8248,8324,8250,8208,8320,8217,8116,8236,8158,7821,7157,7659,7919,8033,7953,8015,8038,8351,8259,7976,7715,7842,7796,8414,8453,8245,8102,7961|
03/04/2026 10:56:41|8496,8893,9039,8807,8293,8415,8442,8525,8163,7933,7730,7572,7732,7491,8062,8193,8106,8137,8066,8245,8316,8112,8400,8245,7764,7605,7393,7244,7886,7723,7829,8077,8238,8303,8190,8179,8311,8203,8122,8226,8130,7784,7164,7673,7926,8046,7974,8043,8073,8349,8209,7965,7750,7841,7786,8393,8414,8226,8093,7935|
03/04/2026 10:56:42|8528,8906,9057,8831,8333,8460,8471,8559,8206,7985,7802,7635,7810,7578,8107,8208,8113,8146,8075,8231,8295,8101,8390,8229,7702,7588,7354,7259,7892,7767,7857,8088,8214,8282,8131,8153,8306,8192,8124,8209,8099,7754,7181,7684,7931,8054,7982,8070,8108,8347,8162,7949,7785,7844,7770,8356,8363,8201,8089,7913|
03/04/2026 10:56:43|8567,8928,9079,8854,8382,8513,8508,8598,8256,8040,7877,7705,7884,7666,8156,8226,8119,8157,8087,8217,8279,8098,8382,8216,7657,7576,7325,7286,7904,7806,7883,8097,8179,8261,8076,8130,8305,8185,8125,8186,8068,7731,7206,7692,7935,8057,7978,8096,8140,8347,8118,7929,7822,7851,7748,8304,8301,8172,8089,7893|
03/04/2026 10:56:44|8607,8943,9099,8872,8434,8565,8543,8634,8302,8093,7951,7777,7951,7748,8201,8241,8113,8162,8100,8207,8268,8100,8374,8203,7621,7566,7305,7320,7919,7841,7909,8106,8142,8244,8028,8112,8306,8185,8128,8167,8044,7718,7241,7705,7945,8064,7972,8117,8162,8351,8086,7914,7861,7865,7731,8254,8238,8142,8090,7882|
03/04/2026 10:56:45|8641,8936,9115,8884,8484,8608,8572,8666,8335,8140,8021,7848,8012,7820,8241,8255,8107,8154,8112,8200,8260,8104,8366,8189,7589,7552,7289,7358,7934,7871,7933,8114,8099,8226,7982,8095,8306,8190,8135,8156,8030,7713,7284,7721,7959,8076,7966,8134,8186,8361,8067,7905,7900,7888,7722,8211,8183,8115,8080,7878|
03/04/2026 10:56:46|8668,8908,9127,8890,8532,8645,8596,8693,8356,8180,8087,7919,8068,7881,8276,8269,8101,8134,8123,8196,8252,8112,8359,8174,7560,7537,7276,7397,7947,7896,7956,8119,8052,8207,7938,8079,8304,8200,8146,8150,8023,7714,7334,7739,7974,8092,7959,8147,8210,8377,8061,7901,7939,7917,7721,8174,8135,8090,8062,7880|
03/04/2026 10:56:47|8691,8862,9135,8889,8577,8674,8615,8718,8366,8215,8148,7988,8119,7933,8307,8282,8096,8105,8132,8196,8247,8122,8352,8159,7536,7519,7266,7437,7960,7916,7978,8123,8001,8187,7895,8063,8301,8214,8160,8149,8023,7722,7389,7759,7992,8112,7952,8156,8236,8398,8065,7903,7977,7953,7725,8142,8093,8067,8037,7887|
03/04/2026 10:56:48|8709,8800,9139,8884,8621,8698,8629,8738,8367,8244,8205,8056,8164,7976,8334,8294,8091,8067,8141,8197,8243,8133,8345,8144,7514,7499,7259,7479,7971,7932,7998,8125,7947,8167,7854,8049,8297,8231,8177,8153,8028,7735,7449,7779,8011,8135,7945,8162,8262,8423,8078,7908,8014,7993,7734,8116,8058,8047,8005,7898|
03/04/2026 10:56:49|8723,8729,9142,8876,8662,8717,8640,8757,8361,8270,8258,8122,8206,8013,8357,8307,8088,8023,8149,8202,8240,8147,8339,8130,7496,7480,7255,7520,7981,7944,8017,8126,7892,8148,7815,8036,8292,8251,8196,8160,8039,7753,7511,7801,8031,8160,7938,8166,8288,8450,8098,7917,8050,8036,7748,8095,8029,8029,7968,7913|
03/04/2026 10:56:50|8739,8670,9153,8878,8710,8743,8661,8783,8367,8305,8318,8193,8253,8054,8385,8326,8096,7993,8165,8214,8243,8162,8335,8120,7490,7472,7263,7561,7988,7957,8039,8130,7845,8133,7789,8031,8289,8268,8213,8172,8053,7774,7578,7828,8055,8189,7936,8172,8308,8468,8112,7930,8088,8079,7765,8082,8010,8017,7929,7925|
03/04/2026 10:56:51|8757,8633,9175,8895,8766,8779,8694,8820,8390,8354,8387,8272,8308,8104,8419,8354,8116,7981,8192,8235,8252,8179,8333,8116,7498,7480,7285,7603,7992,7973,8065,8138,7809,8127,7778,8036,8289,8282,8227,8188,8071,7800,7649,7862,8084,8220,7942,8182,8320,8472,8117,7948,8127,8122,7785,8077,8004,8010,7890,7932|
03/04/2026 10:56:52|8776,8612,9201,8918,8825,8821,8734,8860,8421,8409,8457,8350,8360,8155,8456,8387,8143,7982,8225,8263,8265,8196,8330,8118,7520,7501,7319,7645,7996,7992,8093,8145,7782,8124,7777,8047,8288,8293,8239,8205,8089,7829,7722,7901,8115,8252,7953,8196,8328,8470,8116,7967,8166,8163,7809,8080,8008,8010,7857,7940|
03/04/2026 10:56:53|8794,8597,9220,8939,8879,8859,8770,8890,8445,8459,8514,8412,8390,8197,8487,8419,8170,7989,8260,8292,8278,8210,8325,8124,7553,7535,7360,7687,8006,8016,8120,8144,7758,8118,7777,8061,8279,8300,8250,8221,8105,7859,7793,7943,8148,8279,7965,8213,8340,8472,8117,7986,8204,8206,7839,8090,8020,8020,7840,7956|
03/04/2026 10:56:54|8809,8586,9230,8954,8927,8893,8802,8910,8461,8502,8557,8457,8399,8229,8513,8449,8194,7999,8295,8323,8291,8220,8316,8134,7597,7578,7407,7729,8022,8046,8147,8136,7738,8110,7779,8076,8264,8304,8259,8235,8118,7889,7861,7988,8182,8303,7978,8233,8355,8477,8120,8002,8241,8248,7873,8106,8038,8038,7838,7981|
03/04/2026 10:56:55|8821,8578,9233,8966,8970,8922,8829,8921,8470,8540,8588,8489,8389,8252,8534,8477,8216,8013,8330,8354,8304,8228,8305,8148,7649,7629,7459,7771,8043,8080,8172,8122,7720,8099,7781,8093,8242,8306,8267,8248,8129,7919,7925,8035,8216,8323,7990,8255,8373,8485,8125,8017,8276,8290,7911,8127,8063,8064,7849,8013|
03/04/2026 10:56:56|8832,8574,9231,8975,9007,8947,8853,8924,8473,8572,8608,8508,8365,8266,8551,8503,8237,8030,8365,8385,8316,8233,8292,8163,7708,7686,7515,7812,8068,8118,8197,8102,7705,8087,7783,8111,8215,8305,8274,8258,8138,7949,7987,8083,8250,8340,8003,8279,8392,8496,8132,8029,8309,8332,7952,8152,8093,8096,7870,8051|
03/04/2026 10:56:57|8840,8573,9223,8981,9040,8969,8874,8920,8470,8599,8618,8516,8326,8274,8563,8527,8255,8048,8399,8417,8327,8236,8277,8181,7773,7749,7574,7853,8095,8157,8220,8079,7692,8073,7786,8129,8184,8303,8279,8267,8145,7979,8045,8132,8284,8353,8016,8304,8414,8509,8140,8041,8341,8372,7996,8180,8126,8133,7902,8093|
03/04/2026 10:56:58|8847,8574,9211,8983,9069,8988,8892,8910,8462,8621,8621,8515,8277,8276,8572,8549,8272,8069,8433,8448,8339,8238,8261,8201,7841,7815,7635,7892,8125,8199,8241,8052,7682,8058,7790,8147,8150,8298,8284,8275,8150,8008,8099,8180,8316,8364,8028,8330,8437,8523,8149,8051,8370,8412,8041,8210,8163,8173,7941,8138|
03/04/2026 10:56:59|8853,8579,9196,8985,9094,9004,8907,8896,8452,8641,8617,8506,8220,8273,8578,8570,8288,8091,8465,8479,8349,8237,8245,8222,7911,7883,7695,7930,8157,8241,8261,8021,7674,8043,7794,8165,8114,8292,8288,8281,8154,8036,8149,8228,8348,8371,8040,8355,8459,8538,8158,8059,8397,8449,8085,8242,8200,8215,7985,8186|
03/04/2026 10:57:00|8864,8594,9186,8992,9120,9022,8926,8889,8451,8664,8618,8501,8174,8276,8587,8591,8306,8116,8497,8504,8350,8236,8231,8240,7970,7941,7745,7965,8185,8275,8271,7988,7670,8031,7798,8181,8078,8282,8291,8284,8151,8056,8190,8271,8374,8372,8050,8374,8473,8544,8160,8066,8421,8472,8119,8266,8229,8245,8024,8225|
03/04/2026 10:57:01|8881,8619,9179,9000,9141,9034,8944,8884,8455,8686,8619,8496,8136,8280,8596,8608,8320,8140,8525,8519,8339,8230,8217,8257,8018,7991,7790,7995,8209,8300,8273,7957,7669,8023,7802,8193,8042,8269,8291,8278,8139,8066,8224,8308,8391,8365,8060,8390,8483,8542,8161,8071,8438,8483,8150,8285,8252,8272,8059,8254|
03/04/2026 10:57:02|8903,8654,9181,9015,9166,9052,8963,8888,8468,8714,8627,8500,8108,8290,8605,8618,8333,8166,8550,8528,8326,8225,8202,8269,8059,8040,7830,8021,8228,8318,8270,7935,7674,8015,7808,8207,8017,8260,8288,8268,8128,8069,8253,8338,8403,8357,8069,8404,8492,8532,8159,8077,8451,8491,8183,8305,8269,8295,8095,8283|
03/04/2026 10:57:03|8931,8698,9195,9040,9196,9073,8987,8903,8492,8750,8645,8518,8097,8311,8620,8629,8352,8196,8574,8536,8318,8222,8190,8279,8098,8086,7868,8035,8242,8332,8263,7915,7685,8014,7822,8222,7996,8250,8278,8254,8120,8074,8280,8368,8419,8353,8076,8415,8501,8520,8144,8078,8451,8497,8218,8326,8283,8315,8128,8306|
03/04/2026 10:57:04|8964,8755,9220,9073,9228,9097,9018,8928,8529,8794,8675,8550,8106,8344,8641,8645,8379,8234,8599,8545,8313,8222,8181,8290,8138,8130,7902,8034,8254,8344,8257,7897,7700,8022,7844,8235,7975,8239,8257,8237,8113,8082,8310,8402,8439,8350,8078,8424,8510,8506,8114,8073,8437,8499,8254,8348,8294,8333,8157,8322|
03/04/2026 10:57:05|9001,8815,9253,9109,9262,9121,9050,8961,8571,8844,8711,8589,8130,8384,8666,8662,8409,8274,8623,8555,8311,8223,8177,8303,8179,8174,7936,8028,8266,8354,8250,7879,7719,8036,7872,8249,7955,8224,8232,8221,8110,8094,8340,8435,8459,8345,8081,8434,8519,8491,8079,8068,8416,8499,8288,8372,8306,8350,8185,8329|
03/04/2026 10:57:06|9044,8865,9290,9145,9297,9146,9080,8998,8604,8893,8744,8627,8166,8425,8692,8674,8432,8315,8644,8568,8310,8224,8176,8316,8220,8219,7975,8028,8282,8366,8240,7863,7743,8055,7904,8265,7939,8196,8210,8211,8115,8112,8366,8462,8474,8329,8088,8447,8525,8471,8054,8072,8400,8501,8318,8397,8323,8371,8214,8325|
03/04/2026 10:57:07|9092,8905,9330,9178,9332,9171,9107,9040,8628,8940,8773,8663,8212,8464,8717,8680,8449,8354,8664,8583,8308,8224,8180,8331,8263,8265,8017,8037,8304,8378,8228,7847,7770,8077,7939,8283,7926,8159,8191,8205,8127,8135,8388,8482,8483,8302,8101,8463,8528,8449,8041,8086,8390,8504,8344,8423,8343,8394,8243,8310|
03/04/2026 10:57:08|9144,8935,9372,9209,9367,9196,9131,9084,8643,8987,8798,8698,8264,8503,8741,8683,8461,8391,8681,8600,8307,8223,8187,8345,8306,8312,8063,8053,8328,8391,8215,7832,7799,8102,7976,8304,7917,8112,8175,8205,8145,8162,8407,8496,8488,8268,8118,8481,8528,8424,8037,8108,8383,8508,8366,8450,8366,8418,8273,8287|
03/04/2026 10:57:09|9199,8957,9415,9238,9402,9220,9153,9130,8651,9031,8819,8731,8323,8541,8765,8681,8467,8427,8696,8619,8305,8223,8197,8360,8348,8360,8111,8075,8356,8403,8200,7819,7831,8130,8014,8326,7911,8058,8161,8208,8168,8193,8423,8505,8488,8226,8139,8501,8526,8396,8042,8137,8381,8513,8385,8478,8391,8444,8302,8257|
03/04/2026 10:57:10|9256,8972,9460,9264,9437,9243,9171,9177,8653,9074,8838,8763,8387,8577,8788,8675,8469,8462,8709,8639,8303,8222,8210,8375,8390,8407,8160,8101,8386,8416,8184,7806,7864,8159,8054,8349,7907,7999,8150,8215,8196,8226,8436,8510,8485,8178,8163,8523,8523,8367,8055,8171,8382,8519,8400,8505,8419,8471,8332,8221|
03/04/2026 10:57:11|9314,8980,9505,9289,9470,9266,9187,9225,8649,9114,8853,8792,8453,8611,8810,8667,8468,8494,8721,8659,8301,8221,8224,8390,8431,8453,8210,8131,8417,8429,8168,7795,7898,8189,8094,8373,7905,7935,8142,8225,8226,8261,8446,8511,8479,8127,8188,8545,8518,8337,8074,8210,8386,8526,8413,8532,8447,8499,8360,8180|
03/04/2026 10:57:12|9373,8983,9549,9312,9503,9288,9201,9273,8640,9152,8866,8819,8523,8644,8831,8656,8463,8525,8730,8680,8300,8219,8240,8404,8471,8499,8261,8164,8450,8442,8151,7784,7932,8219,8134,8398,7905,7868,8135,8238,8260,8297,8454,8508,8471,8071,8216,8568,8512,8306,8097,8252,8392,8533,8422,8559,8477,8527,8388,8135|
03/04/2026 10:57:13|9430,8987,9594,9334,9535,9310,9214,9320,8632,9189,8878,8845,8592,8676,8851,8645,8457,8552,8738,8699,8299,8219,8257,8415,8509,8542,8310,8195,8481,8454,8135,7776,7967,8248,8171,8420,7907,7802,8132,8253,8294,8332,8460,8501,8459,8015,8243,8588,8505,8278,8126,8295,8399,8540,8428,8583,8505,8554,8415,8090|
03/04/2026 10:57:14|9489,9009,9644,9364,9570,9338,9233,9368,8635,9226,8894,8873,8661,8710,8872,8637,8456,8578,8747,8713,8300,8225,8276,8423,8542,8585,8358,8222,8508,8462,8119,7775,8003,8273,8206,8442,7914,7752,8138,8277,8333,8366,8468,8492,8447,7967,8260,8597,8497,8257,8157,8335,8405,8547,8435,8607,8532,8581,8442,8055|
03/04/2026 10:57:15|9554,9049,9698,9403,9609,9370,9258,9415,8650,9263,8916,8905,8729,8748,8894,8636,8460,8604,8755,8720,8302,8238,8300,8434,8574,8626,8406,8249,8531,8467,8105,7784,8040,8297,8243,8466,7930,7721,8153,8308,8377,8404,8479,8483,8434,7929,8268,8593,8488,8243,8190,8367,8408,8555,8444,8631,8561,8609,8470,8030|
03/04/2026 10:57:16|9623,9105,9757,9448,9651,9406,9288,9463,8675,9301,8942,8938,8796,8787,8917,8639,8468,8629,8764,8721,8305,8256,8327,8446,8602,8666,8453,8276,8550,8469,8091,7800,8078,8319,8282,8492,7954,7707,8177,8345,8425,8445,8492,8473,8422,7899,8266,8578,8478,8235,8223,8394,8409,8562,8456,8656,8592,8638,8500,8014|
03/04/2026 10:57:17|9695,9174,9819,9498,9696,9445,9323,9510,8709,9338,8972,8973,8862,8828,8941,8647,8481,8655,8774,8718,8310,8279,8357,8459,8629,8705,8500,8303,8566,8468,8078,7823,8116,8340,8321,8518,7983,7707,8207,8388,8476,8488,8508,8462,8411,7878,8257,8554,8468,8232,8257,8415,8409,8570,8471,8681,8624,8667,8530,8006|
03/04/2026 10:57:18|9768,9253,9882,9553,9742,9487,9362,9555,8750,9375,9004,9010,8925,8870,8964,8658,8496,8680,8783,8711,8316,8306,8388,8473,8653,8742,8546,8329,8579,8465,8066,7852,8153,8359,8361,8545,8017,7720,8243,8435,8530,8532,8524,8452,8399,7864,8242,8522,8457,8234,8291,8431,8406,8578,8487,8705,8656,8696,8560,8004|
03/04/2026 10:57:19|9842,9341,9947,9611,9789,9530,9403,9599,8798,9411,9038,9046,8986,8913,8988,8672,8514,8705,8793,8701,8322,8336,8422,8488,8675,8777,8590,8355,8589,8460,8055,7885,8190,8376,8400,8573,8054,7743,8283,8485,8585,8578,8542,8442,8389,7857,8220,8484,8445,8240,8325,8443,8403,8585,8504,8730,8688,8725,8590,8008|
03/04/2026 10:57:20|9917,9434,10011,9671,9836,9574,9446,9642,8850,9446,9074,9083,9044,8955,9012,8689,8534,8729,8802,8688,8328,8368,8456,8503,8694,8810,8632,8380,8597,8452,8045,7922,8226,8392,8439,8600,8095,7776,8326,8538,8641,8624,8561,8432,8379,7855,8195,8440,8434,8249,8358,8451,8399,8593,8522,8753,8721,8754,8620,8017|
03/04/2026 10:57:21|9987,9530,10074,9731,9881,9618,9489,9681,8904,9479,9110,9120,9099,8997,9035,8708,8555,8751,8811,8676,8338,8401,8488,8517,8713,8842,8673,8403,8604,8445,8038,7961,8259,8408,8477,8626,8136,7812,8370,8589,8694,8667,8579,8422,8371,7859,8169,8397,8423,8261,8391,8457,8395,8600,8539,8770,8749,8779,8648,8032|
03/04/2026 10:57:22|10042,9615,10125,9784,9917,9656,9523,9706,8955,9499,9141,9148,9143,9032,9051,8727,8569,8769,8820,8667,8351,8434,8516,8527,8730,8868,8709,8427,8611,8437,8032,8000,8287,8426,8516,8649,8172,7847,8410,8634,8737,8704,8597,8408,8363,7867,8148,8361,8415,8275,8422,8465,8397,8608,8552,8775,8767,8797,8671,8053|
03/04/2026 10:57:23|10087,9694,10166,9830,9942,9685,9550,9721,8999,9509,9167,9172,9180,9063,9062,8743,8580,8787,8826,8663,8372,8465,8537,8537,8742,8883,8738,8451,8615,8425,8030,8040,8312,8441,8548,8667,8209,7887,8441,8665,8777,8738,8608,8391,8354,7881,8133,8329,8406,8288,8442,8475,8402,8615,8560,8774,8780,8808,8694,8080|
03/04/2026 10:57:24|10124,9765,10201,9874,9957,9712,9579,9735,9036,9519,9195,9194,9215,9095,9075,8758,8596,8808,8823,8661,8397,8494,8546,8547,8750,8890,8761,8472,8618,8411,8037,8079,8328,8446,8559,8675,8248,7934,8472,8670,8813,8769,8612,8366,8343,7900,8126,8294,8398,8302,8458,8483,8406,8617,8563,8772,8785,8808,8719,8113|
03/04/2026 10:57:25|10154,9828,10230,9915,9965,9738,9611,9749,9065,9529,9225,9216,9248,9129,9089,8771,8617,8830,8812,8662,8427,8519,8544,8555,8755,8890,8777,8493,8617,8396,8049,8116,8337,8439,8552,8673,8289,7987,8502,8650,8844,8796,8608,8334,8328,7924,8126,8258,8393,8317,8473,8489,8411,8614,8562,8770,8784,8797,8744,8148|
03/04/2026 10:57:26|10178,9884,10253,9953,9966,9762,9644,9762,9087,9538,9256,9238,9280,9164,9105,8783,8642,8853,8794,8665,8461,8541,8533,8564,8756,8884,8788,8513,8615,8380,8068,8150,8338,8424,8529,8663,8331,8044,8531,8610,8872,8820,8599,8297,8310,7951,8133,8221,8390,8333,8485,8494,8414,8606,8557,8767,8777,8776,8769,8187|
03/04/2026 10:57:27|10197,9933,10271,9989,9962,9784,9678,9774,9104,9547,9287,9258,9309,9199,9122,8794,8670,8877,8769,8670,8497,8561,8513,8571,8754,8872,8795,8531,8611,8364,8091,8183,8333,8401,8493,8647,8375,8105,8560,8553,8897,8840,8584,8256,8291,7982,8144,8183,8389,8349,8496,8498,8417,8596,8549,8764,8766,8747,8794,8227|
03/04/2026 10:57:28|10210,9976,10284,10023,9952,9804,9713,9785,9116,9555,9319,9278,9337,9234,9139,8803,8700,8901,8740,8677,8535,8578,8486,8578,8750,8856,8798,8548,8606,8347,8118,8213,8323,8371,8446,8624,8418,8169,8587,8481,8918,8857,8566,8211,8270,8016,8161,8145,8390,8365,8505,8501,8420,8583,8537,8760,8751,8711,8819,8269|
03/04/2026 10:57:29|10217,10015,10294,10052,9940,9822,9747,9792,9126,9559,9350,9291,9362,9265,9155,8811,8731,8922,8706,8682,8571,8590,8454,8582,8742,8837,8795,8563,8599,8331,8147,8239,8305,8339,8394,8599,8459,8232,8613,8403,8931,8869,8542,8168,8249,8049,8178,8109,8391,8377,8512,8501,8421,8568,8524,8756,8731,8669,8841,8311|
03/04/2026 10:57:30|10217,10050,10302,10078,9930,9837,9777,9795,9138,9558,9377,9297,9381,9289,9169,8820,8760,8936,8669,8684,8600,8591,8423,8583,8727,8816,8789,8577,8589,8317,8178,8261,8282,8310,8349,8576,8491,8293,8637,8334,8933,8871,8514,8131,8230,8078,8191,8080,8391,8381,8512,8490,8419,8555,8514,8751,8707,8624,8856,8354|
03/04/2026 10:57:31|10213,10079,10302,10096,9919,9846,9800,9791,9146,9554,9398,9293,9390,9307,9179,8825,8782,8943,8629,8682,8618,8582,8389,8580,8711,8795,8785,8591,8579,8306,8209,8283,8262,8286,8312,8556,8502,8350,8658,8278,8925,8862,8479,8100,8217,8106,8206,8061,8388,8377,8499,8461,8416,8546,8509,8748,8681,8577,8869,8396|
03/04/2026 10:57:32|10205,10100,10296,10108,9907,9848,9813,9780,9150,9547,9412,9281,9389,9318,9185,8826,8797,8943,8586,8678,8629,8564,8356,8574,8694,8774,8781,8605,8569,8298,8241,8304,8246,8266,8283,8539,8495,8401,8675,8233,8910,8842,8438,8074,8208,8134,8221,8049,8384,8368,8474,8416,8412,8541,8509,8746,8654,8530,8877,8438|
03/04/2026 10:57:33|10191,10115,10283,10112,9888,9841,9815,9762,9148,9534,9421,9260,9377,9317,9179,8822,8804,8935,8543,8667,8629,8539,8323,8567,8671,8744,8773,8614,8558,8291,8269,8314,8231,8248,8257,8520,8479,8446,8690,8196,8889,8818,8398,8052,8203,8156,8228,8031,8378,8360,8451,8369,8409,8540,8510,8738,8628,8489,8879,8469|
03/04/2026 10:57:34|10169,10121,10262,10105,9864,9822,9799,9736,9136,9510,9420,9230,9352,9303,9161,8812,8799,8918,8497,8646,8618,8509,8292,8560,8648,8710,8760,8621,8546,8283,8291,8319,8218,8231,8230,8491,8457,8486,8701,8165,8863,8785,8354,8025,8193,8168,8231,8015,8373,8352,8426,8321,8407,8539,8510,8723,8607,8454,8875,8490|
03/04/2026 10:57:35|10136,10114,10231,10087,9829,9790,9773,9701,9112,9475,9402,9188,9315,9276,9138,8795,8770,8889,8449,8614,8598,8476,8256,8549,8625,8673,8741,8621,8529,8267,8300,8313,8198,8214,8206,8461,8431,8516,8704,8135,8832,8750,8313,7998,8178,8173,8232,8003,8364,8345,8404,8278,8401,8532,8512,8712,8587,8418,8862,8503|
03/04/2026 10:57:36|10091,10089,10184,10052,9780,9743,9739,9658,9074,9428,9364,9128,9265,9232,9108,8771,8727,8846,8399,8572,8569,8437,8214,8528,8593,8625,8709,8609,8500,8244,8299,8295,8169,8197,8185,8436,8408,8536,8695,8105,8800,8719,8279,7976,8160,8177,8232,7993,8348,8341,8390,8244,8390,8520,8515,8705,8564,8380,8842,8504|
03/04/2026 10:57:37|10036,10048,10123,10003,9720,9682,9697,9607,9023,9370,9306,9052,9203,9172,9072,8739,8672,8791,8347,8522,8533,8394,8165,8499,8555,8567,8667,8586,8462,8215,8289,8267,8135,8180,8167,8413,8390,8549,8678,8073,8766,8690,8252,7958,8139,8182,8230,7985,8327,8338,8382,8219,8372,8503,8520,8700,8537,8341,8817,8494|
03/04/2026 10:57:38|9981,10007,10059,9944,9655,9614,9644,9545,8965,9304,9240,8968,9135,9106,9026,8702,8610,8726,8297,8471,8495,8352,8115,8464,8515,8507,8623,8558,8420,8181,8275,8236,8103,8158,8150,8391,8373,8557,8653,8034,8728,8659,8229,7946,8119,8183,8223,7979,8304,8333,8377,8201,8353,8485,8525,8691,8513,8310,8791,8467|
03/04/2026 10:57:39|9927,9968,9992,9885,9592,9542,9581,9474,8902,9227,9168,8886,9065,9039,8972,8659,8548,8659,8251,8422,8461,8315,8067,8428,8474,8446,8577,8522,8374,8147,8261,8206,8076,8139,8134,8366,8357,8559,8620,7998,8690,8624,8206,7940,8101,8183,8215,7976,8283,8329,8373,8190,8337,8468,8523,8672,8490,8288,8768,8436|
03/04/2026 10:57:40|9870,9925,9918,9823,9528,9468,9512,9402,8842,9141,9091,8802,8987,8966,8908,8615,8491,8592,8209,8379,8431,8282,8025,8389,8436,8391,8532,8482,8332,8112,8247,8179,8052,8124,8121,8343,8341,8557,8586,7968,8654,8590,8189,7938,8083,8182,8210,7974,8263,8323,8364,8184,8324,8453,8520,8651,8467,8269,8744,8412|
03/04/2026 10:57:41|9810,9877,9841,9761,9466,9390,9434,9324,8777,9056,9014,8722,8907,8891,8841,8571,8438,8522,8164,8336,8395,8249,7988,8350,8398,8340,8489,8446,8294,8078,8233,8153,8033,8111,8109,8324,8326,8552,8553,7939,8620,8557,8168,7933,8063,8173,8202,7973,8243,8311,8352,8182,8317,8439,8517,8633,8443,8249,8722,8394|
03/04/2026 10:57:42|9742,9826,9763,9699,9406,9305,9354,9243,8705,8969,8938,8643,8820,8812,8773,8523,8384,8451,8119,8295,8351,8212,7949,8300,8354,8291,8444,8409,8253,8045,8216,8125,8014,8098,8094,8299,8305,8536,8517,7917,8584,8522,8144,7930,8047,8159,8191,7977,8227,8297,8337,8176,8311,8426,8513,8615,8414,8232,8702,8377|
03/04/2026 10:57:43|9664,9767,9675,9635,9348,9223,9275,9165,8632,8880,8860,8566,8737,8735,8704,8475,8331,8384,8081,8257,8305,8170,7911,8247,8309,8245,8403,8372,8211,8015,8196,8099,8001,8086,8079,8273,8285,8518,8482,7901,8548,8491,8126,7935,8036,8139,8175,7981,8217,8289,8324,8170,8309,8421,8516,8599,8389,8212,8680,8363|
03/04/2026 10:57:44|9584,9702,9573,9571,9296,9148,9199,9089,8554,8791,8774,8495,8661,8662,8639,8429,8287,8328,8054,8223,8255,8130,7879,8199,8267,8204,8371,8344,8176,7991,8177,8079,7994,8077,8068,8254,8274,8506,8449,7893,8522,8469,8117,7947,8025,8118,8156,7983,8213,8288,8313,8165,8315,8425,8525,8588,8370,8199,8656,8353|
03/04/2026 10:57:45|9503,9634,9458,9507,9249,9082,9127,9015,8473,8703,8683,8431,8593,8594,8577,8385,8250,8285,8037,8193,8204,8093,7853,8157,8227,8168,8346,8323,8150,7974,8157,8066,7993,8071,8063,8245,8272,8500,8419,7892,8503,8455,8118,7964,8016,8095,8135,7982,8212,8293,8303,8164,8328,8436,8539,8582,8357,8191,8628,8346|
03/04/2026 10:57:46|9422,9563,9333,9444,9208,9022,9059,8944,8389,8617,8588,8372,8531,8531,8520,8343,8221,8252,8030,8165,8152,8058,7833,8120,8189,8135,8327,8309,8131,7963,8138,8057,7998,8066,8061,8242,8277,8497,8391,7895,8491,8449,8126,7985,8008,8072,8111,7979,8215,8302,8295,8165,8347,8454,8558,8582,8350,8188,8598,8342|
03/04/2026 10:57:47|9343,9491,9202,9383,9171,8970,8996,8877,8304,8533,8491,8320,8477,8473,8466,8303,8198,8229,8031,8140,8099,8027,7818,8089,8154,8106,8315,8301,8119,7958,8119,8054,8007,8064,8064,8246,8289,8499,8365,7904,8486,8450,8141,8011,8001,8048,8086,7974,8221,8316,8287,8167,8371,8478,8581,8584,8347,8190,8566,8341|
03/04/2026 10:57:48|9265,9417,9066,9323,9139,8924,8937,8813,8218,8452,8393,8274,8429,8420,8416,8265,8181,8214,8038,8118,8046,7998,7808,8062,8122,8080,8307,8298,8112,7957,8101,8054,8020,8063,8069,8255,8306,8504,8342,7916,8485,8457,8162,8039,7995,8024,8060,7967,8229,8333,8280,8171,8399,8505,8606,8591,8347,8196,8533,8342|
03/04/2026 10:57:49|9189,9344,8928,9266,9111,8884,8882,8753,8133,8374,8295,8232,8387,8371,8370,8230,8169,8207,8052,8099,7994,7973,7802,8039,8092,8058,8305,8300,8111,7960,8083,8058,8036,8064,8077,8268,8328,8511,8321,7931,8489,8468,8188,8070,7990,8000,8033,7960,8240,8352,8274,8177,8430,8537,8634,8600,8352,8206,8499,8346|
03/04/2026 10:57:50|9116,9272,8788,9211,9087,8850,8831,8696,8050,8300,8197,8196,8350,8326,8328,8197,8162,8207,8070,8082,7942,7949,7800,8020,8064,8039,8306,8306,8115,7967,8066,8064,8055,8066,8088,8286,8353,8521,8302,7949,8497,8484,8218,8102,7986,7976,8006,7951,8252,8374,8269,8183,8464,8571,8664,8612,8359,8218,8465,8351|
03/04/2026 10:57:51|9046,9202,8651,9159,9066,8821,8785,8644,7970,8230,8103,8164,8319,8286,8289,8165,8158,8212,8092,8068,7893,7929,7800,8006,8039,8022,8310,8316,8122,7976,8050,8073,8076,8069,8100,8307,8381,8532,8285,7970,8509,8502,8250,8135,7982,7953,7979,7942,8266,8398,8264,8191,8499,8607,8694,8625,8369,8232,8432,8358|
03/04/2026 10:57:52|8985,9143,8533,9113,9044,8792,8745,8601,7901,8165,8021,8139,8291,8247,8250,8132,8156,8217,8110,8055,7853,7911,7801,7996,8019,8003,8307,8324,8131,7986,8032,8079,8093,8064,8116,8330,8406,8538,8269,7995,8521,8517,8282,8167,7976,7930,7953,7935,8280,8419,8260,8202,8532,8637,8723,8640,8381,8251,8407,8369|
03/04/2026 10:57:53|8935,9097,8437,9071,9018,8758,8709,8567,7848,8106,7955,8120,8267,8202,8211,8100,8150,8213,8116,8043,7823,7895,7803,7989,7998,7983,8301,8330,8140,7997,8015,8082,8104,8056,8133,8352,8424,8538,8256,8018,8526,8521,8305,8193,7964,7904,7929,7928,8291,8438,8258,8212,8556,8654,8747,8656,8392,8269,8387,8382|
03/04/2026 10:57:54|8890,9062,8366,9040,8995,8724,8676,8540,7806,8048,7898,8100,8245,8164,8179,8072,8140,8201,8112,8028,7800,7883,7807,7982,7976,7961,8292,8331,8144,8006,8000,8083,8107,8041,8148,8370,8432,8529,8244,8036,8519,8511,8316,8211,7950,7871,7905,7921,8298,8452,8259,8222,8572,8664,8769,8672,8401,8284,8372,8396|
03/04/2026 10:57:55|8851,9037,8317,9017,8976,8691,8646,8518,7773,7991,7848,8078,8226,8132,8153,8049,8125,8184,8098,8013,7785,7874,7813,7973,7952,7938,8281,8327,8142,8012,7987,8082,8102,8021,8162,8384,8432,8511,8234,8049,8502,8490,8320,8222,7933,7832,7880,7915,8304,8463,8262,8231,8582,8668,8788,8687,8409,8297,8361,8409|
03/04/2026 10:57:56|8821,9018,8281,8993,8947,8658,8616,8496,7749,7939,7803,8051,8204,8104,8130,8025,8110,8166,8082,7999,7774,7865,7819,7959,7928,7914,8266,8319,8136,8012,7971,8076,8096,8001,8177,8400,8434,8493,8222,8061,8481,8466,8322,8233,7920,7797,7863,7917,8316,8476,8265,8235,8584,8667,8800,8697,8418,8309,8350,8424|
03/04/2026 10:57:57|8799,9004,8253,8964,8908,8622,8586,8475,7734,7894,7762,8024,8182,8076,8108,8001,8096,8149,8059,7983,7766,7860,7829,7947,7905,7881,8245,8306,8127,8003,7948,8070,8093,7983,8198,8422,8442,8478,8208,8073,8458,8444,8330,8249,7914,7774,7863,7937,8341,8494,8267,8237,8580,8663,8811,8707,8430,8323,8338,8440|
03/04/2026 10:57:58|8784,8994,8232,8931,8861,8585,8555,8455,7725,7855,7726,7998,8159,8048,8086,7975,8083,8131,8033,7967,7759,7858,7842,7938,7879,7840,8217,8290,8114,7987,7920,8063,8094,7967,8224,8449,8455,8466,8191,8085,8435,8423,8343,8269,7914,7760,7876,7971,8375,8517,8270,8238,8570,8658,8820,8717,8444,8336,8325,8459|
03/04/2026 10:57:59|8768,8982,8216,8896,8810,8545,8521,8430,7721,7823,7696,7971,8132,8015,8056,7941,8062,8107,8003,7945,7749,7855,7852,7923,7851,7797,8184,8270,8095,7962,7890,8055,8093,7952,8248,8473,8466,8450,8170,8092,8409,8400,8352,8284,7911,7747,7891,8008,8405,8535,8266,8236,8556,8645,8821,8723,8457,8345,8314,8476|
03/04/2026 10:58:00|8747,8967,8208,8863,8761,8512,8492,8406,7723,7800,7676,7946,8099,7975,8022,7904,8035,8075,7969,7915,7737,7856,7861,7904,7827,7760,8148,8246,8073,7935,7859,8042,8092,7938,8269,8493,8476,8433,8146,8097,8383,8377,8356,8296,7909,7740,7905,8045,8431,8546,8260,8237,8541,8624,8816,8724,8467,8352,8305,8490|
03/04/2026 10:58:01|8716,8948,8209,8833,8715,8489,8470,8381,7729,7776,7664,7925,8064,7936,7989,7865,8007,8038,7933,7890,7733,7863,7872,7889,7810,7732,8106,8214,8043,7910,7831,8030,8091,7928,8287,8510,8482,8418,8127,8100,8359,8357,8357,8310,7917,7743,7919,8085,8456,8555,8258,8235,8528,8599,8801,8717,8475,8359,8298,8503|
03/04/2026 10:58:02|8677,8926,8219,8805,8675,8474,8454,8353,7737,7747,7658,7909,8026,7899,7957,7823,7978,7996,7895,7869,7737,7874,7884,7879,7801,7710,8056,8176,8001,7889,7807,8017,8089,7921,8298,8525,8482,8404,8115,8100,8337,8338,8356,8322,7930,7752,7931,8127,8480,8560,8258,8228,8515,8569,8775,8703,8483,8365,8294,8515|
03/04/2026 10:58:03|8630,8900,8237,8779,8640,8467,8444,8323,7746,7714,7659,7898,7987,7863,7927,7779,7949,7951,7856,7854,7749,7890,7898,7873,7797,7695,7999,8133,7950,7870,7788,8004,8085,7915,8305,8538,8478,8391,8108,8098,8316,8321,8351,8333,7950,7768,7941,8170,8501,8562,8258,8216,8502,8535,8740,8683,8489,8370,8290,8525|
03/04/2026 10:58:04|8578,8872,8259,8755,8611,8465,8439,8292,7757,7678,7663,7891,7946,7830,7897,7733,7919,7905,7816,7844,7767,7909,7913,7871,7797,7684,7937,8087,7892,7854,7772,7992,8080,7911,8307,8550,8470,8379,8105,8092,8297,8305,8343,8344,7974,7789,7950,8213,8520,8561,8260,8200,8489,8497,8697,8656,8493,8374,8287,8534|
03/04/2026 10:58:05|8522,8844,8284,8728,8586,8460,8435,8263,7768,7647,7667,7885,7899,7796,7856,7688,7893,7864,7782,7838,7788,7927,7926,7869,7795,7673,7877,8042,7834,7839,7762,7980,8056,7900,8304,8557,8461,8369,8108,8089,8279,8290,8329,8351,8001,7813,7962,8256,8538,8555,8263,8186,8473,8453,8646,8617,8490,8374,8286,8541|
03/04/2026 10:58:06|8463,8819,8307,8699,8564,8447,8431,8237,7780,7623,7666,7879,7845,7762,7799,7646,7872,7832,7756,7836,7811,7941,7938,7865,7788,7659,7821,8000,7780,7826,7758,7968,8010,7881,8298,8561,8453,8362,8114,8089,8263,8274,8309,8355,8029,7839,7976,8297,8555,8543,8268,8174,8452,8404,8587,8562,8478,8370,8285,8544|
03/04/2026 10:58:07|8403,8795,8330,8667,8546,8427,8426,8213,7791,7606,7662,7872,7785,7728,7729,7608,7855,7809,7737,7837,7834,7953,7948,7860,7776,7643,7769,7962,7729,7814,7761,7956,7944,7854,8289,8561,8445,8356,8125,8092,8248,8258,8283,8355,8059,7866,7994,8337,8570,8526,8274,8165,8427,8350,8521,8496,8457,8363,8285,8544|
03/04/2026 10:58:08|8341,8774,8352,8634,8530,8402,8421,8192,7802,7595,7655,7866,7721,7694,7649,7572,7842,7793,7723,7842,7859,7962,7956,7854,7761,7625,7722,7926,7683,7803,7768,7945,7863,7821,8277,8558,8438,8353,8138,8097,8234,8241,8252,8353,8090,7894,8014,8375,8584,8506,8281,8158,8400,8293,8451,8418,8430,8354,8286,8542|
03/04/2026 10:58:09|8280,8754,8373,8599,8517,8373,8417,8174,7814,7589,7645,7860,7654,7661,7561,7539,7832,7783,7716,7849,7884,7969,7963,7848,7742,7606,7679,7894,7639,7794,7780,7933,7768,7783,8262,8553,8431,8351,8155,8105,8222,8225,8218,8348,8121,7923,8036,8411,8596,8481,8289,8153,8370,8234,8378,8333,8397,8342,8288,8538|
03/04/2026 10:58:10|8219,8736,8393,8563,8507,8340,8412,8158,7824,7587,7633,7853,7585,7629,7466,7509,7825,7779,7713,7859,7909,7973,7968,7840,7721,7586,7639,7864,7600,7786,7794,7922,7662,7741,8246,8545,8425,8350,8173,8114,8211,8209,8181,8341,8152,7952,8059,8444,8607,8455,8298,8151,8338,8173,8302,8242,8360,8328,8289,8533|
03/04/2026 10:58:11|8159,8720,8412,8528,8499,8304,8407,8143,7835,7589,7620,7847,7515,7597,7367,7481,7821,7780,7714,7870,7935,7976,7973,7832,7698,7565,7604,7838,7564,7779,7812,7912,7549,7697,8229,8536,8420,8351,8193,8124,8201,8194,8142,8332,8183,7981,8083,8476,8618,8426,8308,8149,8306,8112,8225,8147,8319,8312,8292,8525|
03/04/2026 10:58:12|8101,8706,8430,8492,8492,8266,8403,8131,7845,7595,7605,7842,7445,7567,7265,7457,7820,7785,7719,7883,7959,7977,7976,7824,7674,7544,7572,7814,7531,7772,7832,7901,7430,7650,8210,8526,8415,8353,8214,8136,8193,8178,8101,8322,8214,8009,8108,8506,8627,8396,8317,8150,8272,8051,8148,8049,8276,8296,8294,8517|
03/04/2026 10:58:13|8044,8693,8447,8457,8488,8227,8398,8121,7855,7603,7589,7836,7376,7538,7161,7434,7821,7794,7727,7897,7983,7977,7978,7815,7649,7522,7544,7792,7501,7767,7854,7892,7307,7601,8191,8514,8410,8356,8235,8148,8185,8164,8060,8310,8243,8037,8133,8533,8635,8365,8327,8151,8239,7990,8071,7949,8230,8278,8297,8508|
03/04/2026 10:58:14|7990,8681,8462,8423,8485,8187,8394,8112,7864,7614,7572,7831,7307,7510,7057,7414,7823,7806,7738,7912,8007,7975,7979,7807,7622,7501,7519,7773,7475,7763,7878,7883,7182,7552,8171,8501,8406,8359,8258,8161,8179,8150,8018,8298,8272,8064,8158,8559,8642,8333,8337,8154,8205,7931,7996,7849,8184,8260,8300,8498|
03/04/2026 10:58:15|7937,8672,8476,8390,8484,8147,8390,8105,7872,7627,7555,7826,7240,7484,6954,7397,7827,7821,7751,7927,8030,7972,7980,7798,7596,7480,7497,7757,7452,7759,7902,7874,7056,7502,8151,8488,8403,8363,8280,8175,8174,8137,7976,8286,8299,8090,8183,8582,8648,8301,8347,8157,8172,7873,7922,7749,8137,8242,8303,8487|
03/04/2026 10:58:16|7889,8663,8489,8358,8480,8108,8385,8098,7876,7637,7539,7820,7178,7462,6860,7384,7833,7835,7764,7942,8051,7965,7978,7789,7570,7459,7479,7742,7431,7755,7923,7858,6936,7456,8131,8472,8398,8365,8301,8189,8170,8125,7934,8270,8320,8113,8204,8601,8652,8270,8352,8160,8142,7820,7849,7657,8093,8226,8306,8473|
03/04/2026 10:58:17|7850,8655,8501,8333,8476,8077,8371,8086,7864,7639,7523,7813,7128,7445,6776,7380,7840,7842,7774,7958,8071,7955,7971,7778,7548,7441,7465,7730,7413,7743,7937,7835,6835,7416,8108,8451,8389,8359,8318,8202,8172,8117,7894,8248,8325,8133,8223,8613,8654,8242,8346,8164,8119,7777,7776,7578,8056,8211,8310,8456|
03/04/2026 10:58:18|7818,8649,8513,8318,8476,8052,8347,8068,7833,7632,7509,7805,7087,7433,6699,7384,7847,7840,7780,7976,8091,7944,7961,7766,7529,7427,7454,7717,7398,7722,7945,7812,6755,7382,8083,8429,8375,8343,8332,8214,8178,8114,7859,8221,8313,8150,8239,8621,8654,8217,8334,8168,8103,7743,7704,7513,8024,8196,8315,8439|
03/04/2026 10:58:19|7794,8644,8524,8309,8479,8034,8314,8045,7788,7617,7497,7795,7054,7425,6628,7394,7855,7831,7782,7995,8110,7933,7948,7753,7513,7416,7447,7705,7385,7694,7948,7789,6693,7352,8057,8405,8358,8319,8344,8225,8188,8116,7831,8190,8289,8165,8254,8626,8653,8196,8316,8174,8092,7719,7634,7459,7995,8180,8321,8424|
03/04/2026 10:58:20|7777,8641,8536,8308,8486,8021,8273,8018,7730,7595,7487,7786,7030,7421,6563,7410,7863,7815,7782,8014,8130,7923,7933,7739,7500,7409,7442,7694,7374,7659,7946,7767,6648,7327,8029,8380,8338,8289,8352,8235,8200,8122,7807,8156,8253,8177,8267,8628,8651,8178,8293,8180,8087,7702,7565,7415,7970,8164,8326,8410|
03/04/2026 10:58:21|7766,8639,8547,8313,8495,8013,8227,7988,7661,7568,7478,7775,7014,7420,6503,7430,7872,7795,7780,8034,8148,7913,7915,7724,7490,7404,7440,7683,7365,7620,7939,7746,6618,7306,8001,8355,8315,8253,8358,8244,8216,8130,7788,8118,8207,8187,8278,8627,8647,8163,8267,8186,8086,7692,7498,7381,7948,8147,8333,8396|
03/04/2026 10:58:22|7760,8638,8558,8322,8506,8010,8176,7956,7585,7537,7470,7765,7003,7422,6449,7454,7881,7770,7775,8054,8166,7904,7896,7709,7482,7402,7440,7673,7359,7576,7930,7726,6601,7289,7973,8330,8291,8212,8363,8253,8233,8142,7774,8079,8153,8195,8288,8624,8643,8151,8237,8194,8089,7688,7435,7356,7930,8131,8339,8384|
03/04/2026 10:58:23|7759,8638,8569,8336,8519,8011,8121,7922,7501,7502,7463,7754,6998,7427,6401,7482,7890,7741,7769,8074,8183,7895,7877,7694,7477,7402,7441,7664,7353,7529,7917,7707,6596,7276,7945,8304,8265,8168,8365,8260,8253,8156,7763,8039,8094,8201,8297,8618,8639,8141,8205,8201,8096,7690,7374,7338,7915,8115,8345,8372|
03/04/2026 10:58:24|7762,8638,8579,8354,8533,8015,8064,7887,7413,7465,7458,7743,6999,7433,6357,7511,7898,7709,7761,8093,8200,7886,7856,7678,7473,7403,7445,7655,7350,7480,7903,7689,6601,7266,7917,8279,8239,8121,8366,8267,8273,8171,7755,7998,8029,8206,8304,8611,8634,8133,8171,8209,8106,7696,7316,7328,7902,8100,8352,8362|
03/04/2026 10:58:25|7768,8640,8589,8374,8549,8022,8005,7851,7322,7425,7454,7733,7003,7441,6319,7543,7907,7676,7752,8113,8215,7878,7835,7663,7471,7407,7449,7647,7347,7430,7886,7672,6615,7259,7890,8254,8212,8073,8365,8272,8294,8188,7750,7957,7961,8209,8311,8603,8628,8127,8136,8216,8118,7706,7261,7323,7892,8085,8358,8352|
03/04/2026 10:58:26|7777,8642,8598,8397,8565,8031,7946,7814,7229,7385,7450,7722,7011,7451,6284,7575,7916,7641,7742,8131,8230,7871,7814,7649,7471,7411,7455,7639,7346,7379,7868,7656,6636,7254,7863,8230,8184,8024,8364,8277,8316,8206,7748,7916,7891,8211,8316,8593,8623,8123,8100,8224,8132,7719,7210,7323,7885,8070,8364,8343|
03/04/2026 10:58:27|7789,8644,8607,8421,8582,8042,7886,7778,7135,7343,7448,7712,7022,7461,6255,7609,7924,7605,7731,8149,8243,7864,7792,7634,7472,7417,7461,7632,7346,7328,7848,7641,6663,7251,7837,8207,8157,7974,8361,8282,8338,8225,7748,7876,7819,8211,8320,8583,8617,8120,8064,8232,8147,7735,7162,7328,7879,8056,8371,8335|
03/04/2026 10:58:28|7804,8647,8616,8447,8598,8054,7827,7743,7043,7302,7447,7702,7036,7473,6230,7643,7932,7568,7719,8166,8256,7857,7771,7620,7473,7424,7468,7626,7346,7278,7828,7628,6695,7250,7812,8184,8129,7924,8356,8285,8360,8244,7750,7837,7747,8210,8322,8571,8610,8118,8028,8239,8163,7753,7117,7337,7875,8043,8376,8328|
03/04/2026 10:58:29|7826,8653,8627,8470,8605,8063,7774,7712,6968,7274,7452,7693,7053,7486,6221,7673,7935,7530,7702,8178,8259,7851,7753,7607,7474,7431,7478,7621,7342,7233,7807,7617,6734,7249,7784,8158,8095,7872,8340,8280,8373,8257,7752,7801,7680,8201,8313,8554,8597,8111,7992,8244,8175,7765,7078,7346,7869,8031,8381,8320|
03/04/2026 10:58:30|7852,8663,8642,8489,8595,8072,7733,7680,6914,7262,7464,7684,7075,7504,6232,7697,7933,7500,7685,8181,8236,7847,7741,7598,7477,7438,7489,7612,7334,7192,7783,7611,6781,7255,7762,8132,8060,7824,8307,8269,8375,8262,7756,7767,7625,8190,8295,8532,8578,8096,7961,8245,8174,7771,7051,7358,7864,8023,8383,8307|
03/04/2026 10:58:31|7880,8676,8659,8504,8567,8082,7704,7644,6878,7265,7485,7676,7102,7525,6260,7716,7926,7477,7670,8179,8184,7845,7737,7596,7486,7444,7503,7598,7320,7150,7757,7611,6834,7270,7749,8110,8029,7783,8259,8253,8371,8259,7762,7734,7580,8179,8272,8505,8558,8075,7935,8243,8161,7774,7038,7378,7861,8018,8381,8289|
03/04/2026 10:58:32|7910,8690,8678,8516,8523,8093,7686,7604,6859,7279,7511,7669,7132,7550,6303,7730,7915,7460,7657,8170,8108,7844,7738,7601,7499,7450,7517,7579,7302,7110,7728,7616,6893,7293,7743,8091,8003,7748,8199,8233,8361,8251,7769,7702,7545,8168,8245,8475,8535,8048,7914,8238,8137,7774,7037,7402,7861,8016,8377,8266|
03/04/2026 10:58:33|7941,8707,8700,8525,8469,8105,7677,7563,6854,7304,7543,7664,7165,7577,6358,7741,7900,7450,7645,8157,8013,7845,7745,7609,7515,7454,7533,7556,7281,7071,7699,7624,6955,7323,7744,8074,7979,7719,8130,8210,8346,8237,7777,7672,7519,8157,8215,8443,8511,8017,7897,8231,8104,7771,7047,7431,7863,8016,8370,8241|
03/04/2026 10:58:34|7978,8730,8724,8533,8420,8120,7678,7535,6865,7335,7575,7660,7202,7608,6425,7751,7885,7445,7633,8139,7919,7848,7750,7617,7532,7463,7551,7537,7263,7035,7664,7628,7018,7356,7744,8058,7955,7695,8065,8185,8328,8221,7785,7645,7497,8143,8183,8403,8477,7984,7883,8223,8067,7772,7064,7461,7867,8016,8362,8218|
03/04/2026 10:58:35|8018,8752,8749,8542,8383,8137,7686,7520,6892,7372,7603,7656,7239,7640,6500,7764,7871,7442,7619,8121,7839,7848,7747,7623,7552,7472,7565,7522,7250,7006,7628,7628,7075,7385,7739,8037,7930,7670,8007,8160,8304,8200,7786,7614,7476,8124,8148,8361,8438,7951,7865,8213,8035,7776,7084,7486,7872,8014,8352,8197|
03/04/2026 10:58:36|8053,8766,8767,8553,8356,8153,7698,7512,6928,7415,7632,7651,7277,7670,6576,7775,7856,7439,7605,8099,7768,7846,7738,7629,7577,7487,7579,7515,7246,6987,7601,7630,7131,7415,7732,8017,7908,7646,7951,8130,8276,8175,7787,7593,7463,8107,8114,8320,8403,7924,7844,8200,8009,7783,7105,7506,7877,8012,8345,8181|
03/04/2026 10:58:37|8087,8778,8776,8563,8340,8171,7708,7508,6968,7457,7662,7651,7319,7694,6650,7779,7844,7444,7596,8073,7697,7837,7725,7638,7607,7508,7600,7515,7252,6967,7586,7640,7193,7451,7729,7996,7889,7619,7900,8099,8246,8153,7788,7583,7460,8093,8087,8284,8366,7906,7828,8185,7988,7791,7135,7535,7882,8013,8343,8170|
03/04/2026 10:58:38|8122,8789,8780,8570,8333,8191,7712,7509,7010,7497,7692,7657,7365,7711,6723,7773,7834,7456,7593,8045,7624,7823,7710,7649,7642,7537,7625,7521,7267,6942,7582,7659,7258,7493,7731,7977,7872,7585,7856,8070,8215,8134,7784,7582,7464,8082,8066,8253,8323,7895,7818,8172,7971,7798,7171,7570,7889,8018,8346,8164|
03/04/2026 10:58:39|8157,8801,8777,8575,8333,8211,7712,7514,7053,7534,7722,7667,7413,7724,6794,7761,7827,7476,7596,8014,7551,7804,7693,7663,7680,7571,7654,7533,7291,6913,7587,7685,7327,7538,7738,7958,7858,7547,7818,8041,8184,8118,7778,7588,7474,8072,8052,8226,8277,7891,7815,8161,7959,7805,7213,7611,7896,8026,8352,8163|
03/04/2026 10:58:40|8196,8814,8774,8583,8338,8230,7719,7526,7099,7568,7748,7675,7462,7736,6861,7747,7824,7502,7605,7986,7489,7787,7678,7679,7720,7603,7683,7549,7322,6897,7597,7710,7392,7585,7748,7939,7843,7514,7787,8014,8147,8104,7777,7602,7490,8063,8034,8201,8232,7891,7817,8152,7950,7813,7261,7652,7907,8038,8359,8161|
03/04/2026 10:58:41|8241,8834,8775,8594,8343,8251,7734,7545,7149,7599,7774,7683,7510,7750,6927,7736,7821,7531,7616,7966,7440,7771,7668,7697,7757,7625,7703,7563,7360,6900,7609,7729,7449,7627,7754,7918,7827,7485,7760,7986,8108,8091,7779,7620,7510,8052,8012,8176,8187,7889,7819,8139,7939,7821,7313,7692,7916,8048,8363,8159|
03/04/2026 10:58:42|8294,8860,8778,8599,8350,8276,7758,7572,7202,7627,7801,7695,7559,7768,6992,7727,7819,7559,7628,7952,7403,7753,7662,7713,7789,7640,7716,7577,7403,6913,7624,7746,7500,7660,7761,7900,7811,7458,7734,7961,8071,8071,7779,7636,7529,8040,7983,8148,8141,7888,7823,8122,7929,7830,7364,7728,7922,8058,8368,8159|
03/04/2026 10:58:43|8345,8882,8780,8605,8360,8301,7786,7602,7252,7657,7831,7712,7603,7782,7052,7718,7817,7585,7636,7937,7368,7734,7657,7729,7819,7654,7723,7588,7440,6920,7637,7759,7539,7685,7768,7883,7793,7439,7713,7930,8030,8042,7778,7656,7553,8027,7949,8108,8093,7887,7829,8104,7917,7841,7415,7760,7923,8059,8366,8161|
03/04/2026 10:58:44|8390,8896,8777,8613,8371,8320,7819,7636,7303,7690,7859,7730,7642,7796,7112,7710,7812,7604,7640,7917,7338,7717,7650,7740,7847,7665,7723,7591,7467,6927,7646,7770,7563,7704,7773,7866,7774,7425,7692,7885,7982,8000,7769,7673,7577,8010,7915,8069,8044,7877,7834,8086,7903,7853,7463,7784,7919,8054,8356,8161|
03/04/2026 10:58:45|8434,8905,8766,8621,8381,8337,7857,7679,7361,7726,7886,7748,7680,7813,7176,7709,7806,7616,7640,7896,7317,7705,7636,7743,7869,7673,7717,7587,7487,6937,7652,7777,7580,7716,7769,7844,7754,7408,7673,7841,7933,7942,7754,7688,7599,7991,7882,8032,7995,7862,7840,8067,7891,7868,7512,7805,7913,8046,8340,8161|
03/04/2026 10:58:46|8478,8911,8746,8628,8390,8352,7900,7728,7425,7765,7913,7766,7717,7832,7244,7712,7800,7621,7635,7875,7307,7697,7615,7739,7886,7677,7708,7579,7502,6951,7655,7782,7592,7722,7758,7820,7734,7390,7655,7803,7885,7869,7734,7700,7619,7970,7854,8000,7947,7843,7846,8047,7879,7885,7562,7824,7906,8035,8320,8160|
03/04/2026 10:58:47|8519,8914,8721,8634,8399,8367,7947,7783,7494,7807,7938,7784,7753,7854,7315,7721,7794,7620,7627,7854,7305,7692,7590,7729,7898,7679,7695,7568,7512,6967,7657,7785,7600,7722,7741,7793,7712,7370,7639,7768,7838,7784,7709,7709,7638,7948,7828,7971,7898,7821,7852,8029,7869,7904,7612,7841,7898,8023,8297,8159|
03/04/2026 10:58:48|8558,8914,8690,8640,8408,8380,7996,7841,7566,7850,7962,7802,7787,7876,7386,7733,7787,7615,7617,7835,7308,7690,7559,7714,7906,7678,7680,7554,7518,6985,7656,7787,7605,7718,7718,7764,7691,7349,7624,7738,7792,7691,7681,7715,7655,7924,7805,7945,7852,7798,7858,8010,7860,7923,7662,7855,7889,8009,8271,8156|
03/04/2026 10:58:49|8595,8914,8663,8646,8419,8394,8046,7891,7639,7896,7987,7823,7823,7896,7459,7751,7783,7612,7613,7819,7312,7690,7531,7701,7913,7677,7671,7544,7524,7005,7654,7786,7613,7715,7689,7738,7670,7329,7612,7713,7753,7606,7656,7719,7667,7894,7784,7923,7810,7778,7863,7988,7854,7941,7704,7865,7878,7992,8243,8153|
03/04/2026 10:58:50|8629,8917,8647,8657,8434,8415,8102,7943,7716,7947,8018,7850,7862,7921,7529,7774,7788,7616,7614,7812,7322,7694,7512,7692,7920,7679,7668,7536,7535,7033,7654,7786,7625,7713,7661,7712,7650,7314,7605,7690,7716,7528,7630,7716,7669,7862,7762,7899,7775,7763,7862,7963,7848,7951,7735,7868,7861,7968,8217,8151|
03/04/2026 10:58:51|8659,8924,8637,8668,8452,8438,8156,7995,7790,7994,8046,7876,7895,7947,7594,7794,7795,7624,7618,7807,7334,7697,7499,7686,7921,7682,7669,7530,7546,7063,7655,7783,7634,7703,7634,7683,7630,7302,7602,7670,7685,7457,7602,7706,7665,7828,7740,7874,7742,7745,7856,7938,7842,7953,7751,7861,7834,7938,8190,8146|
03/04/2026 10:58:52|8684,8931,8634,8674,8470,8452,8198,8034,7854,8030,8063,7895,7926,7968,7655,7816,7804,7637,7629,7805,7351,7703,7496,7685,7922,7687,7676,7530,7563,7099,7658,7778,7639,7696,7615,7663,7616,7296,7602,7655,7664,7400,7578,7697,7664,7803,7720,7854,7717,7730,7852,7916,7843,7959,7765,7852,7810,7912,8161,8142|
03/04/2026 10:58:53|8702,8941,8639,8678,8484,8457,8234,8068,7912,8061,8073,7910,7956,7990,7710,7840,7813,7653,7638,7806,7372,7709,7490,7686,7925,7685,7682,7526,7583,7141,7665,7778,7645,7695,7605,7648,7607,7297,7605,7642,7653,7358,7561,7689,7667,7784,7702,7839,7704,7722,7851,7898,7849,7966,7777,7849,7793,7890,8132,8139|
03/04/2026 10:58:54|8717,8954,8649,8685,8499,8459,8267,8100,7963,8085,8077,7919,7983,8013,7763,7866,7820,7661,7644,7807,7393,7714,7482,7688,7926,7678,7682,7518,7605,7188,7670,7768,7647,7693,7602,7639,7604,7300,7611,7632,7647,7327,7550,7686,7672,7767,7683,7823,7696,7718,7856,7888,7858,7973,7784,7846,7778,7870,8104,8132|
03/04/2026 10:58:55|8727,8967,8661,8693,8514,8465,8297,8128,8009,8102,8075,7926,8007,8034,7813,7893,7825,7668,7649,7811,7417,7722,7479,7685,7923,7668,7676,7500,7625,7236,7677,7753,7645,7690,7603,7632,7606,7302,7620,7624,7644,7302,7544,7685,7676,7750,7666,7810,7693,7720,7861,7876,7870,7977,7783,7834,7765,7858,8083,8116|
03/04/2026 10:58:56|8739,8981,8677,8706,8530,8474,8324,8148,8046,8109,8065,7923,8027,8055,7861,7923,7832,7671,7656,7817,7437,7733,7479,7679,7912,7661,7674,7492,7650,7289,7690,7746,7649,7690,7600,7627,7610,7296,7632,7622,7644,7285,7541,7684,7681,7738,7654,7794,7691,7719,7856,7859,7885,7985,7781,7817,7758,7856,8067,8096|
03/04/2026 10:58:57|8756,8999,8696,8722,8549,8484,8347,8159,8070,8104,8048,7910,8041,8076,7910,7956,7842,7669,7663,7824,7452,7744,7485,7669,7893,7658,7681,7497,7680,7345,7708,7748,7660,7692,7587,7622,7614,7279,7647,7628,7650,7275,7540,7680,7686,7732,7646,7773,7686,7714,7839,7843,7903,7996,7780,7800,7758,7862,8056,8072|
03/04/2026 10:58:58|8779,9019,8717,8742,8569,8495,8366,8162,8083,8089,8024,7889,8050,8097,7959,7992,7853,7664,7671,7833,7462,7756,7494,7657,7868,7657,7694,7513,7715,7404,7732,7757,7676,7696,7567,7618,7620,7253,7665,7641,7662,7272,7542,7675,7692,7732,7640,7746,7681,7705,7811,7829,7924,8011,7779,7785,7766,7875,8049,8043|
03/04/2026 10:58:59|8805,9041,8740,8764,8591,8508,8382,8160,8088,8067,7995,7860,8054,8116,8007,8030,7866,7654,7680,7842,7467,7768,7506,7643,7837,7660,7712,7538,7752,7465,7759,7771,7696,7702,7542,7615,7626,7220,7686,7660,7678,7276,7546,7668,7697,7735,7638,7716,7674,7693,7775,7817,7948,8029,7778,7770,7779,7894,8045,8012|
03/04/2026 10:59:00|8832,9064,8766,8787,8615,8521,8398,8159,8087,8038,7964,7832,8052,8125,8050,8064,7877,7643,7687,7847,7470,7774,7518,7629,7808,7661,7731,7566,7789,7521,7787,7784,7710,7707,7522,7616,7635,7193,7706,7681,7698,7286,7554,7663,7705,7742,7640,7690,7672,7686,7746,7813,7975,8050,7783,7758,7787,7912,8040,7983|
03/04/2026 10:59:01|8857,9086,8792,8805,8635,8533,8414,8157,8080,8001,7933,7811,8047,8127,8086,8092,7884,7635,7695,7849,7473,7770,7524,7615,7778,7655,7746,7594,7822,7567,7812,7796,7722,7711,7507,7620,7642,7170,7718,7697,7714,7301,7566,7661,7707,7752,7644,7675,7676,7685,7725,7807,7996,8072,7794,7747,7785,7926,8034,7955|
03/04/2026 10:59:02|8873,9100,8808,8817,8649,8540,8425,8151,8069,7965,7909,7795,8042,8123,8114,8113,7889,7627,7698,7851,7478,7768,7530,7601,7746,7640,7753,7613,7851,7610,7838,7807,7735,7718,7495,7625,7644,7151,7728,7711,7732,7321,7578,7660,7707,7763,7654,7670,7681,7683,7703,7796,8008,8086,7804,7737,7782,7934,8021,7927|
03/04/2026 10:59:03|8881,9106,8814,8822,8656,8543,8429,8142,8056,7931,7890,7787,8037,8114,8135,8126,7893,7620,7702,7854,7484,7767,7538,7590,7711,7619,7756,7625,7872,7648,7858,7815,7746,7726,7484,7623,7644,7135,7734,7723,7749,7341,7583,7658,7705,7773,7665,7670,7687,7677,7679,7779,8006,8093,7814,7732,7777,7931,7999,7900|
03/04/2026 10:59:04|8887,9108,8816,8820,8659,8542,8425,8131,8040,7893,7870,7783,8029,8103,8143,8131,7895,7614,7703,7855,7495,7767,7543,7580,7680,7602,7756,7630,7884,7679,7867,7819,7751,7731,7478,7617,7636,7124,7731,7729,7758,7356,7582,7654,7701,7782,7674,7671,7690,7665,7655,7761,7996,8092,7824,7727,7767,7917,7972,7877|
03/04/2026 10:59:05|8883,9101,8812,8814,8658,8531,8409,8116,8027,7857,7849,7777,8015,8082,8137,8123,7889,7606,7701,7851,7504,7763,7543,7566,7649,7585,7750,7629,7887,7702,7870,7819,7753,7731,7472,7607,7620,7116,7723,7729,7760,7367,7577,7645,7693,7781,7677,7667,7690,7649,7630,7737,7981,8079,7831,7719,7755,7896,7941,7856|
03/04/2026 10:59:06|8861,9076,8794,8803,8650,8513,8385,8095,8012,7821,7826,7764,7992,8046,8119,8101,7875,7597,7693,7839,7507,7752,7539,7549,7620,7566,7735,7621,7886,7720,7868,7817,7752,7727,7463,7594,7602,7108,7707,7724,7758,7378,7570,7631,7680,7777,7680,7660,7680,7627,7606,7711,7956,8056,7828,7706,7745,7876,7908,7834|
03/04/2026 10:59:07|8832,9046,8768,8788,8640,8495,8360,8076,7995,7784,7798,7748,7969,8009,8097,8071,7855,7583,7682,7823,7510,7743,7539,7538,7598,7550,7711,7606,7878,7734,7864,7813,7752,7724,7455,7580,7580,7097,7690,7714,7753,7392,7561,7619,7668,7769,7683,7651,7667,7602,7583,7681,7928,8032,7825,7692,7735,7861,7880,7815|
03/04/2026 10:59:08|8802,9014,8744,8773,8630,8479,8340,8061,7978,7748,7771,7732,7952,7980,8073,8036,7831,7569,7673,7804,7514,7736,7542,7533,7580,7536,7686,7586,7866,7748,7859,7806,7750,7722,7453,7564,7553,7079,7672,7703,7745,7409,7557,7612,7658,7759,7683,7636,7654,7564,7562,7651,7902,8014,7827,7682,7720,7848,7857,7800|
03/04/2026 10:59:09|8772,8981,8722,8756,8622,8464,8323,8050,7959,7714,7745,7719,7940,7960,8049,7997,7806,7556,7666,7783,7518,7730,7550,7534,7566,7524,7659,7562,7850,7762,7852,7797,7747,7720,7456,7547,7521,7056,7653,7691,7733,7429,7559,7611,7650,7745,7680,7614,7641,7516,7544,7622,7878,8001,7835,7676,7700,7837,7837,7789|
03/04/2026 10:59:10|8743,8947,8702,8740,8614,8450,8309,8043,7939,7683,7720,7708,7934,7946,8025,7955,7779,7544,7661,7760,7521,7725,7560,7539,7554,7513,7632,7536,7830,7776,7844,7785,7742,7717,7464,7528,7485,7029,7635,7677,7719,7452,7566,7615,7643,7729,7674,7586,7627,7459,7529,7594,7857,7994,7847,7672,7675,7827,7821,7781|
03/04/2026 10:59:11|8713,8914,8684,8723,8606,8438,8299,8039,7919,7653,7696,7698,7932,7939,8000,7911,7751,7532,7657,7735,7525,7721,7574,7549,7545,7504,7605,7507,7808,7790,7835,7771,7735,7715,7476,7508,7447,6998,7617,7663,7703,7476,7576,7622,7638,7711,7666,7554,7614,7395,7517,7568,7838,7990,7863,7671,7646,7818,7807,7777|
03/04/2026 10:59:12|8685,8880,8667,8707,8599,8427,8292,8038,7899,7626,7674,7690,7934,7937,7976,7865,7722,7522,7654,7710,7528,7718,7589,7561,7539,7497,7578,7477,7784,7804,7825,7756,7728,7713,7491,7487,7406,6965,7599,7647,7685,7502,7591,7633,7634,7691,7657,7519,7601,7325,7506,7542,7822,7991,7883,7673,7615,7810,7797,7775|
03/04/2026 10:59:13|8657,8848,8652,8691,8593,8417,8287,8039,7880,7601,7654,7683,7939,7940,7952,7818,7692,7513,7652,7684,7532,7716,7606,7577,7535,7491,7551,7446,7758,7817,7815,7739,7719,7711,7508,7466,7364,6929,7581,7632,7666,7528,7608,7646,7631,7670,7646,7480,7589,7251,7498,7518,7807,7995,7905,7676,7581,7803,7790,7776|
03/04/2026 10:59:14|8630,8815,8639,8675,8587,8408,8285,8043,7860,7577,7635,7678,7947,7947,7929,7770,7663,7504,7651,7658,7535,7715,7624,7595,7533,7487,7524,7414,7731,7830,7804,7722,7710,7710,7528,7444,7322,6891,7564,7616,7646,7555,7627,7662,7629,7649,7634,7440,7577,7175,7491,7495,7794,8002,7929,7681,7546,7798,7785,7779|
03/04/2026 10:59:15|8604,8785,8628,8660,8582,8401,8285,8049,7842,7557,7618,7674,7958,7958,7906,7723,7635,7497,7652,7632,7537,7715,7644,7615,7533,7484,7498,7382,7704,7842,7792,7705,7701,7708,7549,7423,7280,6854,7548,7600,7626,7582,7648,7678,7627,7627,7621,7400,7566,7097,7486,7475,7783,8010,7955,7687,7511,7794,7782,7783|
03/04/2026 10:59:16|8575,8765,8628,8651,8587,8399,8295,8060,7838,7550,7614,7683,7974,7976,7887,7687,7615,7495,7660,7611,7533,7720,7671,7639,7535,7484,7473,7347,7683,7858,7773,7693,7694,7710,7569,7404,7249,6829,7534,7588,7611,7606,7667,7691,7628,7609,7612,7370,7560,7031,7488,7464,7779,8011,7984,7701,7478,7796,7786,7794|
03/04/2026 10:59:17|8542,8758,8641,8650,8604,8402,8318,8078,7851,7561,7626,7706,7994,8002,7872,7662,7604,7499,7676,7596,7519,7732,7706,7668,7539,7489,7448,7309,7671,7878,7744,7689,7689,7715,7586,7387,7232,6818,7524,7582,7601,7625,7683,7697,7631,7597,7606,7355,7562,6981,7498,7466,7782,7999,8017,7724,7450,7806,7797,7810|
03/04/2026 10:59:18|8504,8761,8666,8655,8631,8410,8352,8101,7879,7587,7652,7742,8020,8033,7861,7649,7603,7508,7699,7586,7499,7750,7749,7702,7546,7499,7424,7268,7665,7901,7706,7692,7687,7723,7600,7373,7227,6821,7516,7579,7597,7641,7696,7697,7636,7590,7604,7354,7570,6945,7515,7479,7791,7978,8053,7754,7425,7824,7814,7833|
03/04/2026 10:59:19|8471,8776,8698,8668,8666,8424,8394,8131,7920,7625,7689,7788,8049,8071,7856,7648,7611,7523,7728,7583,7476,7770,7796,7738,7554,7511,7405,7228,7665,7926,7666,7702,7688,7731,7612,7362,7233,6834,7511,7580,7595,7651,7704,7695,7645,7590,7605,7361,7584,6923,7535,7498,7804,7952,8089,7783,7402,7843,7833,7858|
03/04/2026 10:59:20|8455,8803,8737,8694,8712,8450,8446,8171,7973,7677,7738,7844,8086,8116,7864,7660,7631,7542,7760,7589,7463,7789,7842,7775,7562,7528,7396,7200,7670,7946,7633,7716,7692,7739,7622,7355,7248,6856,7508,7583,7594,7656,7706,7694,7657,7597,7613,7373,7599,6916,7553,7517,7813,7926,8118,7807,7380,7859,7850,7885|
03/04/2026 10:59:21|8459,8841,8781,8728,8767,8487,8502,8218,8035,7740,7796,7906,8126,8162,7884,7685,7657,7564,7789,7602,7463,7809,7888,7812,7563,7551,7397,7185,7682,7964,7607,7736,7705,7753,7638,7361,7272,6882,7504,7589,7600,7664,7704,7694,7672,7609,7629,7394,7606,6916,7578,7543,7823,7907,8149,7835,7366,7874,7872,7917|
03/04/2026 10:59:22|8482,8888,8827,8767,8829,8533,8560,8271,8103,7813,7861,7971,8167,8204,7912,7722,7687,7586,7814,7622,7472,7829,7933,7847,7555,7577,7407,7182,7702,7978,7587,7759,7725,7774,7661,7380,7306,6912,7498,7600,7612,7675,7702,7697,7690,7626,7653,7423,7601,6916,7609,7577,7839,7899,8182,7866,7360,7889,7899,7954|
03/04/2026 10:59:23|8515,8938,8872,8808,8892,8581,8618,8325,8170,7886,7923,8032,8205,8241,7943,7762,7715,7609,7833,7644,7486,7846,7977,7880,7542,7603,7421,7185,7724,7986,7571,7781,7748,7800,7686,7406,7342,6939,7491,7610,7629,7688,7701,7702,7711,7645,7681,7455,7587,6914,7641,7614,7856,7894,8213,7899,7359,7901,7928,7990|
03/04/2026 10:59:24|8544,8978,8912,8843,8941,8619,8669,8375,8226,7950,7969,8078,8232,8263,7969,7794,7735,7630,7849,7659,7496,7859,8015,7907,7531,7618,7435,7190,7743,7988,7553,7793,7765,7819,7701,7425,7375,6966,7486,7614,7640,7699,7699,7706,7731,7665,7703,7486,7576,6919,7668,7644,7868,7882,8231,7928,7365,7911,7955,8020|
03/04/2026 10:59:25|8561,9006,8943,8866,8971,8640,8709,8417,8275,8005,8008,8114,8251,8273,7984,7817,7748,7645,7856,7667,7507,7869,8044,7923,7519,7627,7445,7195,7758,7985,7533,7798,7775,7824,7709,7437,7400,6995,7480,7611,7644,7702,7694,7701,7746,7684,7724,7516,7569,6936,7689,7668,7874,7869,8240,7953,7372,7919,7976,8046|
03/04/2026 10:59:26|8572,9026,8963,8875,8989,8654,8738,8445,8311,8044,8041,8148,8267,8274,7989,7827,7759,7657,7857,7674,7519,7875,8062,7925,7505,7630,7451,7201,7767,7975,7513,7798,7780,7822,7715,7448,7422,7028,7475,7608,7649,7710,7693,7696,7756,7702,7740,7540,7566,6965,7707,7691,7878,7857,8237,7974,7381,7923,7995,8066|
03/04/2026 10:59:27|8577,9038,8975,8879,8995,8663,8756,8459,8335,8072,8072,8180,8273,8266,7992,7839,7771,7672,7860,7685,7536,7878,8068,7916,7493,7633,7460,7214,7775,7964,7499,7800,7786,7816,7718,7460,7445,7063,7477,7607,7646,7724,7699,7693,7761,7720,7759,7566,7571,6999,7727,7717,7884,7850,8226,7989,7394,7929,8015,8083|
03/04/2026 10:59:28|8573,9041,8979,8878,8991,8669,8766,8462,8348,8093,8097,8206,8270,8250,7993,7848,7778,7681,7858,7693,7554,7875,8067,7903,7485,7637,7475,7235,7781,7955,7490,7798,7788,7806,7716,7476,7468,7098,7485,7613,7644,7742,7712,7697,7767,7739,7780,7594,7583,7039,7746,7744,7893,7848,8213,8001,7415,7934,8032,8096|
03/04/2026 10:59:29|8558,9036,8974,8871,8981,8670,8762,8454,8350,8110,8114,8224,8264,8233,7990,7852,7782,7685,7852,7699,7567,7868,8063,7886,7476,7640,7491,7250,7781,7943,7477,7791,7790,7799,7712,7493,7492,7135,7496,7621,7645,7762,7731,7709,7777,7759,7802,7625,7599,7087,7768,7772,7905,7848,8197,8015,7443,7941,8046,8104|
03/04/2026 10:59:30|8533,9026,8968,8861,8965,8664,8745,8439,8350,8123,8123,8229,8257,8213,7982,7854,7785,7684,7842,7698,7573,7858,8059,7871,7466,7642,7505,7263,7777,7925,7463,7782,7793,7791,7707,7502,7506,7169,7507,7627,7646,7770,7744,7715,7786,7780,7825,7655,7617,7137,7785,7796,7912,7842,8177,8027,7467,7946,8055,8106|
03/04/2026 10:59:31|8506,9017,8965,8849,8948,8657,8725,8425,8348,8134,8130,8228,8246,8194,7971,7856,7790,7685,7830,7691,7574,7848,8055,7853,7454,7643,7517,7277,7771,7903,7452,7777,7800,7780,7699,7507,7513,7199,7517,7634,7645,7773,7747,7706,7788,7797,7847,7685,7640,7187,7793,7798,7910,7828,8155,8037,7494,7951,8057,8102|
03/04/2026 10:59:32|8481,9010,8964,8841,8932,8649,8707,8414,8347,8141,8136,8223,8233,8175,7958,7858,7796,7687,7818,7678,7571,7838,8048,7830,7442,7644,7529,7290,7762,7879,7447,7776,7810,7773,7693,7510,7518,7223,7525,7640,7643,7774,7743,7684,7786,7807,7865,7718,7667,7237,7791,7776,7897,7808,8131,8048,7526,7959,8055,8096|
03/04/2026 10:59:33|8458,9005,8967,8836,8917,8641,8689,8406,8345,8146,8141,8214,8218,8157,7944,7859,7803,7690,7806,7660,7564,7829,8041,7805,7430,7645,7541,7303,7751,7854,7446,7780,7822,7770,7689,7512,7520,7241,7532,7646,7641,7771,7732,7651,7778,7810,7880,7753,7698,7285,7782,7734,7875,7783,8105,8058,7563,7970,8048,8088|
03/04/2026 10:59:34|8437,9002,8972,8835,8903,8632,8671,8399,8344,8149,8146,8202,8201,8139,7929,7860,7811,7696,7795,7638,7556,7820,8032,7777,7418,7646,7552,7315,7738,7828,7449,7787,7837,7769,7686,7513,7519,7256,7536,7652,7639,7767,7715,7609,7765,7809,7892,7789,7732,7331,7766,7676,7846,7753,8077,8068,7603,7983,8037,8078|
03/04/2026 10:59:35|8419,9000,8978,8837,8890,8624,8654,8395,8343,8149,8151,8188,8182,8122,7913,7861,7820,7702,7784,7613,7545,7812,8022,7746,7405,7647,7563,7328,7724,7802,7455,7796,7853,7771,7684,7513,7517,7266,7539,7658,7636,7761,7694,7559,7750,7803,7903,7826,7768,7375,7744,7602,7810,7720,8049,8077,7646,7998,8024,8066|
03/04/2026 10:59:36|8402,8999,8987,8841,8878,8615,8638,8392,8342,8148,8155,8172,8162,8106,7897,7862,7830,7710,7774,7586,7532,7805,8012,7715,7393,7648,7573,7340,7708,7775,7464,7808,7871,7776,7684,7512,7513,7272,7541,7663,7634,7753,7669,7504,7731,7794,7911,7864,7805,7418,7717,7518,7770,7684,8020,8086,7691,8014,8009,8054|
03/04/2026 10:59:37|8386,8999,8996,8846,8866,8607,8623,8391,8340,8146,8159,8154,8142,8090,7880,7863,7840,7718,7764,7556,7518,7798,8002,7682,7381,7650,7582,7352,7692,7749,7475,7822,7889,7782,7684,7511,7508,7276,7542,7668,7630,7744,7641,7444,7710,7781,7917,7902,7844,7458,7687,7424,7725,7647,7991,8094,7737,8031,7991,8040|
03/04/2026 10:59:38|8373,9001,9007,8854,8856,8599,8608,8391,8339,8142,8162,8136,8121,8075,7864,7863,7850,7727,7755,7525,7503,7792,7991,7649,7369,7651,7591,7363,7676,7723,7488,7838,7909,7789,7685,7509,7502,7276,7541,7673,7627,7734,7610,7381,7687,7766,7921,7939,7883,7496,7654,7323,7678,7608,7962,8102,7783,8049,7972,8026|
03/04/2026 10:59:39|8363,9003,9015,8862,8845,8592,8593,8392,8339,8139,8166,8116,8096,8060,7848,7863,7860,7738,7749,7497,7490,7789,7980,7615,7354,7652,7602,7374,7657,7696,7501,7855,7928,7797,7687,7507,7496,7278,7541,7679,7623,7723,7580,7319,7660,7749,7921,7971,7918,7531,7623,7226,7633,7571,7937,8111,7830,8068,7956,8015|
03/04/2026 10:59:40|8361,9006,9017,8872,8832,8588,8573,8393,8342,8142,8171,8097,8058,8041,7835,7859,7868,7753,7749,7479,7486,7791,7970,7577,7330,7655,7617,7389,7634,7664,7513,7873,7947,7800,7691,7507,7497,7288,7544,7688,7617,7709,7553,7266,7626,7731,7914,7986,7944,7563,7604,7153,7598,7543,7919,8123,7875,8089,7951,8011|
03/04/2026 10:59:41|8367,9009,9012,8882,8816,8587,8548,8395,8347,8150,8179,8078,8009,8018,7824,7854,7874,7772,7757,7470,7491,7800,7961,7536,7296,7659,7637,7407,7606,7630,7522,7892,7964,7800,7696,7508,7502,7305,7551,7699,7608,7694,7530,7222,7585,7714,7901,7988,7959,7592,7595,7102,7573,7523,7908,8139,7918,8112,7956,8015|
03/04/2026 10:59:42|8378,9012,9002,8892,8798,8589,8520,8396,8355,8162,8188,8060,7951,7994,7815,7846,7879,7794,7769,7469,7504,7813,7952,7492,7256,7664,7662,7426,7574,7592,7529,7911,7981,7796,7702,7511,7511,7328,7559,7711,7598,7678,7511,7187,7538,7696,7881,7976,7966,7619,7596,7071,7558,7510,7905,8157,7959,8135,7970,8025|
03/04/2026 10:59:43|8395,9016,8987,8903,8779,8594,8490,8397,8365,8178,8198,8042,7886,7967,7809,7836,7883,7818,7787,7475,7522,7830,7944,7448,7210,7669,7689,7447,7540,7552,7535,7931,7997,7790,7710,7515,7525,7357,7570,7726,7586,7661,7495,7159,7488,7679,7857,7953,7966,7643,7605,7059,7550,7504,7906,8177,7999,8159,7992,8041|
03/04/2026 10:59:44|8415,9020,8968,8914,8759,8600,8457,8398,8376,8197,8209,8026,7815,7939,7803,7825,7885,7845,7808,7487,7546,7851,7937,7403,7159,7675,7719,7469,7503,7511,7539,7952,8011,7782,7717,7521,7541,7390,7582,7741,7573,7644,7483,7138,7434,7662,7828,7922,7959,7664,7622,7061,7549,7503,7913,8199,8036,8184,8019,8062|
03/04/2026 10:59:45|8440,9024,8946,8924,8738,8608,8423,8399,8388,8219,8221,8010,7740,7910,7800,7813,7887,7873,7833,7503,7574,7874,7931,7357,7105,7682,7750,7493,7466,7469,7541,7972,8025,7772,7726,7526,7559,7426,7596,7758,7559,7625,7473,7123,7378,7646,7797,7882,7947,7682,7644,7077,7554,7507,7924,8222,8071,8209,8052,8086|
03/04/2026 10:59:46|8467,9028,8921,8935,8716,8617,8388,8399,8402,8242,8233,7994,7662,7880,7798,7801,7888,7902,7860,7525,7606,7899,7925,7312,7049,7689,7783,7516,7427,7427,7542,7991,8038,7760,7735,7533,7580,7465,7611,7775,7545,7607,7465,7114,7320,7630,7763,7837,7930,7699,7671,7104,7564,7515,7939,8246,8104,8233,8089,8113|
03/04/2026 10:59:47|8497,9034,8896,8946,8695,8629,8354,8402,8417,8268,8247,7981,7584,7851,7797,7788,7888,7931,7889,7550,7640,7926,7920,7268,6992,7696,7816,7540,7389,7386,7544,8011,8049,7748,7744,7540,7602,7506,7627,7792,7530,7589,7460,7109,7263,7615,7728,7787,7910,7713,7702,7140,7578,7527,7956,8270,8135,8257,8129,8142|
03/04/2026 10:59:48|8536,9047,8878,8962,8686,8651,8335,8416,8441,8300,8268,7980,7525,7835,7807,7788,7897,7961,7918,7584,7680,7958,7920,7236,6949,7706,7847,7567,7362,7358,7552,8033,8063,7740,7756,7550,7627,7551,7647,7806,7520,7575,7458,7117,7218,7604,7697,7744,7895,7729,7733,7184,7595,7541,7973,8290,8161,8277,8162,8169|
03/04/2026 10:59:49|8583,9068,8871,8988,8690,8686,8335,8446,8477,8341,8299,7995,7493,7837,7828,7802,7918,7995,7950,7628,7727,7995,7926,7222,6925,7723,7876,7594,7348,7343,7568,8059,8080,7737,7766,7565,7656,7601,7674,7822,7519,7570,7469,7140,7184,7600,7677,7710,7884,7748,7768,7233,7612,7557,7991,8311,8186,8283,8190,8192|
03/04/2026 10:59:50|8634,9094,8876,9021,8710,8733,8353,8488,8525,8393,8339,8025,7488,7857,7863,7830,7949,8034,7987,7682,7783,8038,7942,7224,6922,7747,7904,7620,7345,7341,7591,8088,8099,7738,7776,7582,7687,7655,7709,7844,7528,7575,7492,7176,7158,7603,7665,7682,7877,7770,7810,7287,7626,7576,8013,8334,8211,8270,8214,8210|
03/04/2026 10:59:51|8688,9124,8890,9062,8742,8788,8386,8542,8583,8452,8386,8067,7505,7891,7908,7870,7989,8077,8029,7744,7846,8086,7966,7242,6937,7776,7931,7643,7354,7350,7618,8118,8120,7744,7783,7603,7720,7711,7750,7871,7546,7589,7525,7223,7138,7612,7662,7660,7873,7794,7856,7344,7638,7596,8039,8359,8235,8241,8234,8225|
03/04/2026 10:59:52|8745,9156,8913,9108,8784,8850,8432,8603,8648,8517,8440,8120,7543,7938,7962,7919,8036,8123,8074,7812,7914,8138,7996,7272,6968,7810,7957,7665,7371,7368,7649,8149,8142,7754,7790,7625,7755,7770,7797,7902,7571,7611,7566,7279,7124,7626,7666,7643,7872,7819,7905,7404,7648,7617,8067,8386,8260,8198,8250,8237|
03/04/2026 10:59:53|8803,9192,8943,9159,8835,8918,8488,8672,8719,8587,8499,8181,7597,7996,8022,7976,8088,8172,8123,7885,7987,8193,8031,7313,7012,7847,7982,7685,7395,7394,7684,8181,8166,7767,7795,7649,7790,7830,7847,7937,7602,7638,7614,7342,7116,7643,7676,7631,7872,7845,7957,7466,7656,7639,8098,8414,8283,8145,8262,8246|
03/04/2026 10:59:54|8862,9229,8978,9212,8893,8990,8553,8746,8794,8660,8562,8248,7665,8062,8089,8039,8145,8222,8173,7961,8062,8249,8071,7363,7066,7888,8004,7703,7426,7426,7721,8214,8190,7782,7800,7673,7826,7890,7900,7975,7638,7671,7667,7411,7111,7664,7691,7623,7875,7872,8010,7528,7663,7662,8130,8442,8306,8082,8272,8252|
03/04/2026 10:59:55|8920,9267,9018,9269,8956,9064,8625,8824,8873,8735,8627,8321,7745,8135,8159,8106,8206,8273,8225,8039,8138,8307,8114,7420,7129,7930,8026,7720,7462,7464,7760,8246,8215,7798,7803,7699,7862,7949,7956,8014,7678,7708,7724,7484,7111,7688,7711,7619,7879,7899,8064,7590,7669,7686,8163,8470,8329,8011,8278,8256|
03/04/2026 10:59:56|8981,9309,9064,9322,9025,9142,8700,8904,8954,8812,8690,8397,7834,8210,8231,8178,8268,8321,8276,8118,8214,8361,8158,7482,7196,7973,8048,7736,7500,7506,7798,8277,8238,7813,7804,7725,7895,8005,8010,8050,7719,7745,7780,7557,7114,7712,7734,7619,7882,7926,8117,7650,7672,7706,8194,8495,8341,7938,8280,8257|
03/04/2026 10:59:57|9048,9361,9121,9366,9098,9223,8774,8982,9036,8890,8742,8477,7930,8281,8304,8254,8333,8361,8326,8197,8287,8406,8200,7547,7258,8017,8075,7757,7537,7552,7833,8304,8256,7817,7802,7751,7919,8051,8057,8072,7756,7774,7827,7624,7122,7732,7758,7622,7876,7950,8166,7706,7670,7718,8219,8510,8327,7868,8274,8254|
03/04/2026 10:59:58|9121,9423,9187,9399,9176,9307,8846,9058,9120,8968,8785,8558,8031,8349,8375,8334,8399,8393,8374,8275,8357,8441,8239,7613,7315,8062,8106,7781,7573,7602,7863,8327,8271,7811,7797,7777,7936,8087,8097,8081,7788,7795,7864,7683,7132,7749,7784,7630,7863,7972,8210,7758,7665,7723,8237,8515,8289,7801,8261,8246|
03/04/2026 10:59:59|9197,9492,9260,9423,9256,9392,8915,9131,9204,9045,8818,8641,8137,8411,8446,8415,8465,8418,8419,8351,8422,8467,8276,7680,7366,8106,8141,7809,7606,7654,7890,8347,8281,7797,7790,7803,7945,8115,8131,8080,7815,7810,7892,7736,7145,7762,7810,7640,7844,7991,8250,7805,7657,7720,8250,8512,8231,7738,8242,8235|
03/04/2026 11:00:00|9276,9566,9337,9440,9336,9476,8981,9201,9286,9120,8843,8722,8243,8470,8514,8497,8531,8436,8462,8424,8483,8486,8311,7747,7414,8149,8178,7838,7637,7706,7913,8364,8288,7777,7780,7829,7949,8135,8160,8069,7839,7819,7912,7783,7161,7772,7838,7653,7820,8009,8286,7847,7647,7713,8259,8502,8157,7680,8217,8222|
03/04/2026 11:00:01|9353,9639,9411,9453,9405,9550,9043,9268,9362,9189,8866,8793,8341,8522,8575,8572,8592,8451,8500,8483,8534,8499,8341,7813,7461,8188,8210,7867,7664,7747,7930,8374,8292,7760,7768,7854,7954,8153,8187,8061,7859,7829,7930,7829,7185,7785,7867,7670,7805,8029,8316,7880,7645,7713,8266,8489,8091,7636,8191,8206|
03/04/2026 11:00:02|9427,9709,9479,9465,9461,9611,9102,9333,9433,9256,8896,8858,8431,8565,8626,8639,8650,8470,8538,8536,8573,8506,8367,7879,7511,8226,8240,7896,7687,7779,7944,8375,8293,7750,7745,7881,7963,8170,8213,8059,7883,7845,7954,7879,7220,7801,7900,7689,7803,8056,8344,7915,7655,7725,8275,8477,8043,7613,8174,8184|
03/04/2026 11:00:03|9496,9775,9542,9476,9505,9659,9158,9396,9498,9320,8930,8918,8513,8602,8667,8699,8705,8492,8575,8584,8601,8507,8388,7941,7562,8261,8270,7924,7706,7806,7954,8367,8290,7748,7715,7909,7976,8186,8237,8062,7908,7865,7982,7932,7265,7821,7936,7710,7813,8088,8371,7952,7677,7748,8284,8467,8012,7607,8164,8155|
03/04/2026 11:00:04|9555,9833,9600,9490,9542,9698,9214,9456,9552,9377,8965,8974,8586,8638,8704,8755,8755,8511,8606,8627,8626,8505,8406,7998,7615,8293,8293,7952,7730,7833,7964,8356,8284,7748,7687,7936,7993,8205,8263,8069,7929,7884,8008,7983,7317,7839,7968,7731,7828,8121,8393,7990,7703,7777,8294,8458,7989,7612,8157,8126|
03/04/2026 11:00:05|9597,9880,9656,9510,9581,9734,9274,9519,9601,9424,9000,9029,8657,8680,8743,8807,8796,8529,8634,8665,8653,8508,8421,8054,7670,8319,8310,7981,7759,7863,7974,8344,8273,7749,7663,7955,8009,8222,8279,8071,7948,7899,8032,8030,7372,7854,7993,7750,7845,8149,8408,8024,7729,7808,8304,8451,7974,7625,8155,8102|
03/04/2026 11:00:06|9638,9927,9712,9536,9622,9770,9337,9580,9645,9466,9040,9082,8725,8723,8779,8854,8830,8544,8656,8699,8676,8507,8436,8109,7723,8338,8322,8011,7791,7893,7986,8331,8263,7754,7643,7968,8022,8234,8290,8069,7967,7918,8057,8075,7432,7871,8015,7769,7867,8174,8420,8052,7753,7838,8315,8444,7967,7644,8154,8083|
03/04/2026 11:00:07|9679,9972,9766,9564,9663,9802,9395,9636,9683,9499,9078,9131,8786,8762,8811,8892,8851,8553,8673,8725,8691,8500,8445,8156,7768,8349,8326,8036,7817,7917,7998,8317,8255,7762,7627,7978,8034,8243,8302,8072,7991,7940,8081,8119,7494,7887,8036,7790,7888,8193,8428,8077,7780,7869,8326,8436,7962,7666,8153,8066|
03/04/2026 11:00:08|9716,10014,9815,9592,9701,9828,9447,9685,9714,9523,9114,9174,8836,8793,8838,8920,8862,8558,8681,8739,8694,8486,8445,8190,7802,8356,8328,8055,7837,7941,8013,8299,8246,7768,7621,7989,8051,8254,8314,8081,8015,7958,8097,8160,7555,7904,8058,7813,7903,8200,8431,8101,7807,7899,8337,8427,7952,7685,8146,8045|
03/04/2026 11:00:09|9749,10053,9862,9619,9733,9848,9493,9726,9737,9542,9148,9213,8877,8816,8857,8938,8865,8559,8680,8742,8684,8466,8438,8209,7824,8358,8329,8073,7856,7966,8030,8279,8235,7769,7620,8000,8074,8264,8324,8095,8040,7974,8102,8197,7614,7924,8082,7839,7917,8195,8429,8125,7832,7932,8352,8417,7935,7700,8136,8018|
03/04/2026 11:00:10|9773,10085,9904,9644,9760,9861,9530,9757,9747,9552,9175,9243,8908,8832,8870,8944,8861,8556,8675,8739,8665,8444,8427,8220,7837,8356,8329,8088,7875,7991,8050,8259,8225,7767,7624,8010,8100,8275,8333,8107,8064,7988,8103,8231,7669,7943,8106,7867,7931,8187,8427,8149,7855,7963,8368,8410,7919,7715,8125,7989|
03/04/2026 11:00:11|9786,10107,9935,9661,9774,9863,9553,9771,9740,9547,9191,9259,8930,8842,8875,8936,8850,8546,8668,8731,8643,8424,8415,8231,7853,8353,8332,8103,7896,8020,8070,8239,8216,7769,7635,8019,8128,8286,8339,8111,8086,8005,8108,8258,7719,7956,8124,7897,7946,8184,8428,8170,7878,7989,8381,8406,7911,7740,8126,7967|
03/04/2026 11:00:12|9793,10122,9953,9675,9784,9857,9568,9774,9728,9534,9197,9261,8943,8845,8870,8919,8832,8536,8653,8717,8622,8409,8406,8245,7866,8348,8331,8118,7922,8049,8089,8223,8208,7775,7655,8028,8154,8296,8341,8109,8103,8017,8119,8286,7771,7972,8135,7923,7959,8184,8430,8194,7906,8017,8386,8400,7907,7774,8137,7958|
03/04/2026 11:00:13|9795,10129,9959,9686,9790,9846,9576,9770,9715,9520,9198,9254,8949,8844,8855,8896,8808,8525,8629,8696,8603,8399,8398,8259,7872,8337,8326,8136,7952,8075,8106,8214,8199,7783,7683,8038,8176,8304,8338,8100,8117,8023,8133,8320,7829,7992,8139,7945,7972,8186,8432,8221,7942,8049,8387,8392,7904,7816,8156,7961|
03/04/2026 11:00:14|9792,10130,9955,9694,9794,9829,9580,9759,9700,9505,9194,9237,8949,8838,8832,8867,8779,8515,8597,8670,8587,8393,8392,8272,7871,8323,8316,8156,7987,8099,8121,8212,8192,7792,7718,8046,8195,8310,8331,8086,8125,8023,8152,8357,7892,8017,8136,7962,7984,8188,8433,8248,7982,8083,8385,8383,7904,7865,8183,7975|
03/04/2026 11:00:15|9786,10126,9942,9700,9795,9808,9579,9742,9684,9490,9185,9212,8945,8828,8803,8834,8745,8505,8559,8641,8573,8390,8387,8286,7865,8306,8302,8178,8023,8121,8134,8214,8184,7802,7759,8055,8210,8314,8321,8067,8131,8017,8173,8397,7958,8045,8127,7976,7996,8191,8433,8277,8026,8120,8379,8372,7905,7918,8215,7998|
03/04/2026 11:00:16|9776,10117,9921,9704,9795,9783,9575,9721,9668,9474,9174,9182,8936,8815,8767,8797,8707,8495,8516,8608,8561,8391,8384,8300,7854,8285,8285,8200,8062,8141,8145,8221,8177,7813,7804,8062,8222,8316,8307,8044,8132,8008,8197,8440,8027,8075,8113,7987,8007,8195,8434,8306,8073,8158,8370,8360,7907,7975,8252,8028|
03/04/2026 11:00:17|9764,10104,9893,9706,9793,9756,9566,9697,9651,9457,9159,9146,8923,8799,8727,8758,8667,8485,8469,8572,8551,8394,8381,8313,7840,8263,8265,8224,8102,8158,8154,8232,8170,7824,7853,8069,8231,8317,8291,8017,8132,7995,8223,8483,8097,8107,8095,7994,8018,8200,8434,8336,8123,8197,8360,8347,7910,8034,8293,8065|
03/04/2026 11:00:18|9749,10088,9861,9706,9789,9726,9556,9670,9635,9441,9143,9106,8908,8782,8684,8716,8625,8476,8419,8535,8542,8400,8380,8325,7822,8239,8243,8247,8143,8174,8161,8246,8164,7835,7904,8076,8238,8317,8273,7988,8128,7978,8250,8528,8167,8140,8074,7999,8027,8205,8434,8365,8173,8237,8347,8333,7913,8096,8337,8107|
03/04/2026 11:00:19|9733,10070,9824,9706,9784,9695,9542,9640,9618,9424,9124,9063,8890,8762,8638,8673,8582,8467,8367,8497,8536,8408,8379,8338,7801,8214,8220,8271,8185,8188,8167,8263,8158,7846,7957,8082,8243,8315,8254,7957,8123,7960,8278,8573,8238,8174,8051,8002,8036,8210,8434,8395,8225,8276,8334,8319,7918,8158,8383,8153|
03/04/2026 11:00:20|9715,10049,9784,9704,9778,9663,9527,9608,9602,9408,9104,9018,8870,8742,8590,8629,8537,8458,8314,8458,8530,8417,8380,8350,7778,8188,8195,8294,8226,8200,8172,8281,8152,7858,8010,8087,8245,8312,8233,7925,8116,7939,8307,8618,8307,8209,8025,8003,8045,8216,8434,8423,8276,8316,8319,8305,7923,8221,8431,8202|
03/04/2026 11:00:21|9696,10027,9741,9701,9772,9631,9511,9576,9586,9393,9083,8971,8849,8720,8540,8586,8493,8450,8260,8418,8526,8428,8380,8361,7754,8162,8170,8318,8266,8210,8176,8302,8147,7869,8064,8093,8246,8309,8212,7892,8107,7917,8335,8663,8374,8243,7998,8001,8052,8222,8433,8451,8328,8354,8303,8291,7928,8283,8479,8253|
03/04/2026 11:00:22|9676,10004,9696,9697,9764,9598,9493,9543,9570,9377,9061,8924,8826,8698,8491,8542,8449,8442,8206,8380,8523,8439,8382,8371,7728,8135,8144,8340,8306,8219,8178,8324,8142,7881,8118,8097,8246,8305,8190,7858,8097,7894,8364,8706,8440,8277,7969,7999,8059,8227,8433,8478,8378,8391,8286,8277,7934,8344,8527,8305|
03/04/2026 11:00:23|9657,9980,9651,9693,9756,9565,9475,9509,9555,9363,9039,8876,8803,8676,8441,8499,8406,8435,8152,8341,8521,8452,8384,8381,7702,8109,8119,8362,8345,8226,8179,8346,8138,7891,8171,8101,8244,8301,8168,7825,8087,7870,8392,8748,8504,8310,7940,7995,8066,8233,8432,8504,8427,8427,8270,8263,7940,8403,8575,8358|
03/04/2026 11:00:24|9636,9955,9605,9688,9748,9533,9456,9476,9540,9349,9017,8828,8779,8653,8392,8457,8364,8429,8100,8304,8520,8465,8386,8391,7675,8083,8093,8383,8382,8232,8180,8369,8134,7902,8223,8105,8241,8296,8146,7791,8075,7846,8419,8789,8564,8343,7911,7990,8071,8239,8432,8528,8474,8462,8253,8250,7946,8461,8622,8411|
03/04/2026 11:00:25|9616,9930,9559,9682,9740,9501,9436,9443,9527,9336,8995,8781,8756,8631,8344,8417,8323,8422,8048,8267,8520,8478,8389,8399,7648,8058,8068,8404,8418,8238,8180,8393,8130,7912,8273,8108,8238,8290,8125,7759,8064,7822,8446,8828,8622,8374,7881,7984,8077,8245,8431,8552,8520,8495,8236,8237,7952,8516,8668,8463|
03/04/2026 11:00:26|9597,9906,9514,9677,9731,9471,9417,9411,9514,9323,8973,8735,8732,8610,8297,8377,8284,8417,7999,8232,8520,8492,8392,8407,7622,8034,8044,8423,8452,8241,8179,8416,8127,7922,8321,8111,8233,8285,8103,7727,8051,7798,8471,8865,8677,8404,7852,7977,8081,8251,8430,8574,8564,8526,8220,8225,7959,8569,8712,8515|
03/04/2026 11:00:27|9577,9881,9469,9671,9723,9441,9398,9379,9501,9311,8951,8690,8709,8588,8252,8340,8246,8412,7951,8199,8521,8505,8395,8415,7596,8010,8020,8441,8484,8245,8178,8439,8124,7931,8368,8113,8228,8279,8083,7696,8039,7774,8496,8900,8729,8433,7824,7970,8085,8256,8429,8595,8605,8556,8204,8213,7965,8620,8755,8565|
03/04/2026 11:00:28|9558,9857,9426,9665,9714,9413,9379,9349,9490,9300,8931,8647,8686,8568,8209,8304,8210,8407,7906,8167,8523,8519,8398,8422,7570,7988,7997,8458,8514,8247,8176,8461,8121,7940,8412,8116,8222,8273,8063,7666,8027,7751,8519,8933,8777,8460,7796,7962,8089,8262,8428,8614,8645,8584,8188,8201,7971,8668,8796,8614|
03/04/2026 11:00:29|9540,9834,9384,9659,9706,9386,9361,9320,9479,9290,8911,8605,8664,8548,8167,8270,8176,8403,7863,8136,8525,8532,8401,8428,7545,7966,7975,8475,8543,8248,8174,8483,8119,7948,8454,8117,8216,8268,8044,7638,8015,7728,8542,8964,8822,8486,7769,7954,8092,8267,8427,8632,8682,8610,8173,8191,7976,8713,8835,8661|
03/04/2026 11:00:30|9521,9811,9346,9654,9698,9363,9345,9293,9465,9279,8889,8567,8642,8529,8132,8242,8144,8398,7826,8111,8526,8544,8402,8432,7525,7949,7954,8487,8566,8248,8168,8503,8119,7958,8493,8120,8211,8262,8027,7615,8006,7711,8563,8991,8862,8510,7745,7947,8097,8273,8426,8644,8715,8633,8159,8182,7984,8754,8871,8705|
03/04/2026 11:00:31|9501,9786,9317,9654,9694,9347,9337,9273,9452,9268,8872,8539,8623,8515,8112,8229,8121,8396,7806,8097,8525,8554,8402,8433,7516,7941,7941,8495,8579,8243,8161,8519,8123,7972,8528,8123,8204,8254,8016,7604,8004,7705,8581,9013,8896,8532,7720,7939,8104,8280,8425,8651,8741,8648,8143,8172,7997,8789,8896,8743|
03/04/2026 11:00:32|9480,9760,9298,9659,9694,9338,9334,9260,9441,9258,8861,8521,8611,8507,8106,8224,8104,8398,7800,8093,8522,8560,8407,8440,7518,7940,7937,8501,8588,8239,8157,8533,8134,7990,8561,8135,8205,8252,8012,7604,8006,7702,8590,9028,8926,8552,7700,7933,8114,8290,8427,8653,8759,8656,8132,8162,8011,8820,8914,8774|
03/04/2026 11:00:33|9456,9729,9281,9662,9690,9327,9327,9245,9417,9240,8849,8505,8598,8496,8099,8215,8080,8394,7799,8088,8511,8562,8412,8445,7525,7941,7937,8502,8589,8235,8155,8542,8147,8009,8584,8146,8207,8251,8014,7614,8012,7705,8589,9031,8944,8566,7686,7930,8125,8298,8429,8651,8771,8660,8121,8152,8023,8844,8926,8799|
03/04/2026 11:00:34|9432,9698,9268,9667,9689,9321,9322,9236,9390,9222,8842,8498,8587,8488,8097,8209,8061,8393,7805,8077,8497,8562,8416,8447,7540,7941,7941,8502,8584,8234,8156,8548,8158,8027,8600,8157,8204,8247,8017,7629,8019,7710,8580,9016,8944,8575,7675,7927,8130,8301,8431,8648,8776,8659,8108,8139,8032,8862,8931,8816|
03/04/2026 11:00:35|9416,9677,9263,9676,9694,9321,9321,9233,9371,9209,8845,8505,8587,8488,8102,8211,8053,8402,7822,8068,8475,8565,8424,8453,7565,7940,7946,8505,8582,8239,8163,8546,8167,8046,8614,8166,8199,8242,8019,7648,8024,7719,8569,8994,8933,8577,7665,7923,8132,8302,8436,8646,8775,8659,8103,8130,8043,8874,8933,8820|
03/04/2026 11:00:36|9407,9664,9267,9690,9705,9327,9323,9236,9359,9202,8856,8524,8596,8495,8113,8218,8057,8420,7852,8066,8441,8570,8436,8462,7600,7940,7952,8512,8582,8247,8174,8533,8172,8063,8627,8174,8195,8235,8021,7670,8027,7733,8560,8969,8917,8573,7656,7916,8135,8305,8443,8645,8771,8660,8108,8130,8055,8882,8932,8808|
03/04/2026 11:00:37|9405,9658,9276,9707,9720,9336,9326,9241,9351,9199,8873,8551,8614,8510,8128,8229,8072,8444,7891,8071,8398,8578,8451,8475,7642,7939,7959,8521,8584,8259,8188,8513,8176,8080,8638,8182,8191,8228,8022,7694,8027,7752,8552,8942,8895,8565,7647,7906,8140,8309,8451,8646,8764,8664,8123,8139,8071,8886,8928,8785|
03/04/2026 11:00:38|9403,9656,9290,9718,9733,9348,9327,9238,9341,9193,8892,8576,8629,8519,8145,8241,8086,8466,7931,8075,8357,8585,8464,8487,7684,7937,7971,8531,8582,8264,8200,8492,8180,8094,8644,8193,8191,8219,8022,7723,8032,7776,8538,8913,8872,8557,7643,7895,8142,8306,8461,8647,8756,8670,8146,8157,8092,8882,8921,8763|
03/04/2026 11:00:39|9400,9656,9305,9719,9742,9361,9325,9223,9326,9183,8912,8593,8637,8520,8164,8252,8097,8481,7969,8075,8323,8589,8472,8497,7724,7933,7987,8540,8574,8260,8206,8472,8185,8106,8643,8209,8196,8208,8019,7757,8045,7807,8514,8882,8849,8548,7645,7882,8140,8293,8471,8649,8749,8678,8179,8185,8121,8871,8911,8748|
03/04/2026 11:00:40|9396,9658,9321,9713,9747,9376,9318,9199,9306,9168,8932,8604,8638,8513,8183,8263,8104,8490,8004,8073,8295,8592,8477,8504,7762,7928,8008,8549,8561,8247,8208,8454,8192,8115,8637,8229,8207,8196,8015,7794,8065,7841,8482,8849,8826,8541,7651,7868,8136,8273,8482,8652,8742,8689,8218,8221,8157,8852,8898,8739|
03/04/2026 11:00:41|9392,9661,9338,9699,9748,9390,9309,9165,9282,9150,8952,8609,8634,8500,8202,8272,8109,8493,8038,8069,8272,8593,8479,8510,7797,7921,8032,8557,8543,8227,8207,8437,8199,8122,8626,8252,8221,8183,8010,7834,8091,7879,8443,8816,8804,8534,7661,7854,8129,8246,8493,8655,8736,8702,8263,8264,8197,8828,8883,8735|
03/04/2026 11:00:42|9386,9666,9355,9681,9747,9406,9298,9126,9256,9129,8973,8611,8627,8482,8223,8281,8111,8493,8069,8063,8255,8592,8479,8514,7830,7913,8059,8563,8521,8201,8203,8422,8207,8128,8611,8277,8237,8169,8003,7877,8121,7920,8400,8783,8781,8526,7675,7839,8120,8215,8504,8657,8730,8716,8312,8312,8241,8800,8866,8736|
03/04/2026 11:00:43|9384,9672,9378,9670,9750,9422,9296,9097,9232,9112,8995,8612,8622,8467,8248,8296,8117,8494,8101,8059,8241,8592,8481,8519,7859,7909,8086,8562,8497,8176,8198,8404,8213,8133,8591,8299,8251,8155,7997,7917,8152,7962,8356,8747,8755,8510,7690,7829,8111,8184,8514,8649,8721,8723,8351,8354,8277,8767,8838,8731|
03/04/2026 11:00:44|9386,9679,9399,9656,9750,9439,9295,9068,9207,9091,9011,8606,8615,8457,8273,8313,8126,8490,8126,8052,8224,8589,8480,8518,7884,7906,8110,8550,8469,8149,8189,8369,8212,8132,8568,8315,8259,8141,7990,7949,8179,7999,8314,8708,8727,8488,7701,7814,8099,8151,8516,8635,8707,8719,8380,8385,8303,8726,8804,8715|
03/04/2026 11:00:45|9388,9681,9412,9631,9737,9445,9281,9036,9173,9061,9020,8596,8604,8441,8292,8325,8131,8467,8142,8036,8206,8582,8472,8508,7900,7898,8128,8531,8435,8120,8174,8325,8204,8125,8539,8323,8263,8131,7985,7978,8201,8025,8270,8664,8692,8465,7713,7798,8086,8119,8511,8617,8689,8705,8397,8404,8319,8682,8765,8695|
03/04/2026 11:00:46|9386,9680,9420,9603,9715,9444,9265,9007,9137,9024,9020,8585,8584,8421,8306,8332,8133,8435,8153,8020,8186,8571,8455,8492,7915,7892,8139,8504,8399,8094,8161,8285,8196,8118,8508,8332,8267,8126,7981,8003,8219,8046,8230,8618,8653,8445,7730,7786,8070,8092,8502,8598,8671,8688,8408,8417,8333,8641,8727,8676|
03/04/2026 11:00:47|9380,9675,9421,9570,9685,9434,9240,8980,9098,8979,9011,8573,8558,8400,8317,8335,8133,8402,8162,8005,8167,8557,8437,8476,7931,7891,8147,8471,8362,8074,8153,8249,8188,8111,8479,8341,8272,8122,7973,8022,8233,8062,8196,8563,8614,8430,7751,7777,8057,8073,8488,8574,8654,8669,8414,8424,8342,8599,8690,8657|
03/04/2026 11:00:48|9368,9668,9419,9533,9646,9416,9211,8951,9058,8930,8996,8558,8527,8377,8326,8337,8132,8370,8173,7995,8150,8537,8415,8453,7945,7897,8158,8439,8325,8054,8144,8212,8180,8106,8447,8343,8271,8116,7962,8037,8245,8073,8165,8501,8577,8418,7775,7774,8052,8059,8470,8549,8638,8647,8412,8423,8346,8557,8652,8634|
03/04/2026 11:00:49|9355,9657,9414,9488,9600,9393,9180,8918,9015,8886,8981,8540,8492,8353,8332,8336,8127,8331,8183,7991,8125,8515,8391,8425,7957,7907,8173,8410,8288,8035,8130,8178,8173,8101,8416,8343,8268,8106,7944,8053,8260,8087,8133,8437,8532,8404,7800,7779,8053,8053,8456,8528,8621,8621,8403,8407,8344,8516,8615,8609|
03/04/2026 11:00:50|9341,9641,9405,9436,9549,9365,9147,8881,8971,8848,8966,8518,8452,8330,8336,8335,8118,8283,8190,7990,8086,8492,8366,8393,7968,7918,8190,8384,8253,8018,8112,8149,8167,8096,8389,8344,8265,8092,7918,8068,8278,8101,8098,8367,8477,8386,7826,7792,8061,8053,8448,8511,8602,8590,8384,8376,8337,8479,8580,8582|
03/04/2026 11:00:51|9328,9621,9392,9376,9494,9333,9112,8841,8925,8814,8951,8493,8409,8306,8337,8334,8105,8227,8195,7992,8037,8468,8341,8360,7978,7931,8209,8362,8221,8002,8092,8123,8164,8091,8364,8346,8262,8075,7884,8084,8298,8116,8062,8295,8414,8365,7851,7810,8073,8058,8444,8497,8581,8555,8358,8330,8325,8443,8548,8553|
03/04/2026 11:00:52|9314,9598,9377,9312,9435,9296,9076,8797,8879,8783,8934,8466,8364,8283,8334,8332,8091,8166,8198,7996,7979,8445,8316,8325,7988,7946,8228,8342,8190,7987,8069,8102,8161,8085,8342,8349,8260,8055,7846,8099,8320,8131,8025,8221,8345,8341,7876,7834,8088,8066,8444,8487,8557,8517,8326,8275,8310,8411,8518,8525|
03/04/2026 11:00:53|9296,9572,9358,9248,9372,9259,9036,8758,8838,8749,8909,8440,8321,8258,8325,8328,8079,8110,8201,8001,7926,8425,8293,8290,8000,7963,8242,8321,8163,7974,8049,8085,8157,8082,8320,8351,8258,8034,7814,8112,8336,8147,7992,8154,8281,8314,7899,7860,8103,8073,8444,8476,8527,8481,8295,8224,8298,8380,8488,8495|
03/04/2026 11:00:54|9274,9545,9337,9186,9310,9220,8992,8722,8800,8712,8879,8410,8280,8232,8309,8323,8069,8061,8202,8006,7884,8406,8268,8258,8014,7982,8255,8299,8137,7966,8035,8074,8154,8083,8301,8353,8259,8014,7792,8127,8351,8162,7967,8091,8221,8288,7914,7881,8108,8076,8440,8462,8496,8446,8268,8181,8288,8349,8458,8464|
03/04/2026 11:00:55|9251,9519,9313,9129,9250,9182,8947,8673,8756,8676,8844,8375,8239,8212,8301,8322,8058,8016,8197,8015,7857,8387,8243,8230,8029,8004,8263,8277,8115,7961,8029,8067,8152,8087,8278,8358,8267,7998,7781,8143,8363,8179,7945,8035,8167,8261,7923,7897,8110,8078,8435,8448,8469,8414,8236,8143,8279,8320,8430,8434|
03/04/2026 11:00:56|9226,9492,9284,9078,9192,9144,8901,8607,8704,8642,8807,8338,8197,8195,8301,8329,8051,7972,8187,8028,7844,8368,8220,8205,8044,8030,8268,8256,8097,7955,8032,8067,8150,8095,8253,8366,8281,7984,7779,8159,8370,8196,7925,7986,8119,8234,7931,7911,8110,8079,8428,8432,8447,8386,8197,8109,8269,8292,8404,8405|
03/04/2026 11:00:57|9199,9465,9252,9033,9135,9108,8854,8525,8644,8608,8768,8298,8155,8182,8308,8341,8046,7931,8173,8044,7842,8349,8197,8183,8058,8059,8270,8236,8083,7950,8043,8071,8146,8108,8226,8376,8300,7972,7786,8176,8373,8214,7906,7943,8079,8208,7937,7923,8108,8080,8421,8417,8429,8361,8153,8079,8259,8267,8381,8378|
03/04/2026 11:00:58|9172,9438,9216,8993,9081,9072,8808,8432,8579,8576,8728,8256,8112,8172,8322,8358,8043,7893,8155,8062,7851,8330,8175,8163,8072,8090,8268,8217,8071,7945,8060,8079,8142,8123,8198,8387,8324,7962,7800,8192,8372,8233,7890,7906,8044,8181,7942,7933,8105,8081,8413,8401,8415,8339,8105,8052,8249,8243,8360,8351|
03/04/2026 11:00:59|9144,9412,9179,8958,9030,9037,8762,8329,8510,8546,8687,8213,8070,8166,8340,8379,8042,7857,8133,8082,7869,8311,8154,8146,8085,8122,8264,8199,8063,7940,8083,8090,8138,8141,8168,8401,8351,7954,7820,8208,8368,8251,7875,7874,8016,8156,7945,7941,8101,8081,8405,8386,8405,8320,8054,8029,8239,8221,8341,8327|
03/04/2026 11:01:00|9116,9386,9141,8927,8981,9004,8717,8219,8438,8517,8646,8169,8029,8161,8363,8403,8044,7823,8109,8104,7894,8293,8134,8131,8097,8156,8258,8182,8057,7935,8111,8104,8134,8161,8138,8416,8381,7947,7845,8224,8361,8270,7862,7847,7993,8132,7948,7948,8095,8081,8396,8371,8397,8304,8000,8009,8229,8200,8324,8304|
03/04/2026 11:01:01|9087,9361,9102,8900,8935,8973,8673,8104,8364,8490,8605,8126,7988,8159,8390,8430,8046,7792,8083,8127,7925,8276,8115,8118,8108,8190,8250,8167,8053,7930,8142,8121,8130,8182,8107,8431,8413,7941,7874,8239,8351,8288,7850,7825,7975,8108,7950,7953,8089,8081,8387,8356,8393,8290,7945,7992,8219,8182,8309,8282|
03/04/2026 11:01:02|9060,9337,9062,8878,8892,8943,8631,7986,8289,8464,8565,8083,7949,8159,8419,8458,8050,7764,8056,8151,7962,8259,8097,8107,8119,8225,8241,8153,8051,7926,8176,8140,8125,8205,8077,8448,8447,7937,7906,8254,8340,8306,7840,7807,7960,8086,7951,7957,8083,8081,8378,8341,8391,8279,7889,7978,8210,8165,8296,8262|
03/04/2026 11:01:03|9033,9314,9022,8859,8852,8915,8591,7866,8215,8441,8526,8040,7912,8161,8451,8489,8055,7738,8027,8176,8002,8242,8081,8097,8129,8259,8231,8139,8051,7922,8213,8159,8120,8228,8047,8465,8481,7934,7941,8268,8327,8324,7831,7793,7950,8064,7952,7959,8076,8081,8370,8328,8390,8270,7833,7967,8200,8149,8285,8244|
03/04/2026 11:01:04|9006,9292,8983,8843,8815,8889,8552,7746,8141,8419,8488,7999,7876,8164,8484,8520,8061,7714,7998,8200,8046,8227,8066,8090,8139,8293,8219,8127,8053,7918,8251,8180,8116,8252,8017,8482,8516,7932,7978,8281,8313,8341,7823,7783,7944,8044,7952,7961,8068,8081,8361,8314,8392,8263,7778,7957,8192,8135,8275,8227|
03/04/2026 11:01:05|8981,9271,8945,8830,8781,8865,8516,7629,8070,8400,8452,7960,7843,8168,8518,8551,8067,7693,7969,8223,8091,8212,8052,8083,8147,8326,8207,8116,8056,7915,8289,8202,8111,8275,7988,8498,8551,7931,8014,8293,8298,8357,7817,7775,7940,8026,7952,7962,8061,8081,8352,8302,8396,8258,7724,7951,8184,8123,8267,8211|
03/04/2026 11:01:06|8958,9252,8912,8823,8757,8851,8492,7536,8017,8387,8428,7936,7817,8180,8553,8581,8078,7680,7943,8240,8132,8201,8043,8073,8154,8354,8194,8106,8061,7916,8325,8224,8107,8294,7960,8511,8582,7927,8037,8293,8282,8372,7815,7773,7942,8015,7958,7969,8057,8083,8344,8291,8401,8254,7682,7951,8183,8119,8263,8199|
03/04/2026 11:01:07|8946,9239,8894,8828,8745,8852,8485,7474,7988,8387,8419,7932,7802,8202,8591,8611,8097,7681,7930,8260,8169,8190,8040,8065,8165,8379,8178,8098,8071,7923,8355,8243,8106,8309,7937,8519,8606,7924,8046,8283,8263,8386,7817,7776,7944,8009,7968,7980,8052,8075,8332,8273,8399,8251,7650,7956,8187,8118,8260,8190|
03/04/2026 11:01:08|8945,9236,8891,8840,8739,8864,8492,7437,7978,8394,8422,7942,7793,8229,8627,8636,8112,7691,7927,8274,8196,8178,8037,8056,8175,8401,8162,8091,8084,7932,8376,8252,8103,8318,7913,8522,8619,7917,8041,8268,8239,8392,7817,7778,7949,8008,7982,7988,8047,8062,8317,8251,8395,8251,7632,7967,8191,8114,8254,8181|
03/04/2026 11:01:09|8952,9240,8898,8858,8737,8881,8510,7426,7979,8401,8431,7961,7795,8256,8662,8655,8119,7705,7927,8271,8215,8166,8032,8035,8179,8418,8148,8085,8097,7938,8385,8250,8094,8318,7892,8519,8623,7908,8030,8247,8207,8389,7819,7783,7958,8010,7998,7995,8039,8048,8301,8228,8387,8256,7630,7984,8191,8109,8242,8170|
03/04/2026 11:01:10|8965,9251,8914,8879,8739,8902,8537,7437,7991,8408,8443,7988,7804,8282,8694,8669,8120,7724,7928,8253,8229,8155,8023,8005,8178,8431,8135,8079,8108,7941,8383,8240,8078,8309,7873,8513,8618,7899,8015,8221,8169,8379,7822,7791,7969,8015,8013,8001,8029,8032,8285,8206,8376,8264,7640,8006,8189,8102,8224,8157|
03/04/2026 11:01:11|8983,9267,8936,8904,8743,8928,8572,7467,8012,8414,8460,8022,7821,8308,8724,8679,8115,7745,7931,8220,8238,8144,8013,7967,8172,8439,8124,8075,8120,7942,8372,8221,8058,8293,7856,8503,8607,7888,7997,8192,8125,8363,7827,7802,7983,8022,8030,8006,8016,8016,8270,8184,8363,8275,7662,8031,8185,8095,8201,8143|
03/04/2026 11:01:12|9005,9286,8964,8931,8750,8955,8611,7512,8041,8419,8478,8060,7843,8333,8753,8684,8106,7769,7935,8176,8242,8133,8001,7923,8162,8443,8114,8071,8130,7942,8354,8196,8034,8271,7841,8489,8589,7878,7976,8160,8077,8341,7833,7814,7999,8031,8046,8012,8003,7998,8254,8163,8347,8287,7693,8059,8180,8088,8173,8128|
03/04/2026 11:01:13|9019,9300,8989,8951,8755,8975,8643,7563,8068,8421,8486,8085,7865,8356,8776,8688,8101,7789,7939,8124,8243,8126,7995,7887,8152,8438,8104,8070,8142,7944,8334,8174,8009,8246,7820,8471,8564,7868,7955,8125,8031,8318,7842,7824,8016,8040,8064,8021,7986,7985,8238,8146,8331,8292,7719,8086,8180,8086,8136,8111|
03/04/2026 11:01:14|9022,9306,9007,8961,8755,8985,8662,7615,8093,8419,8481,8088,7883,8379,8795,8691,8101,7805,7943,8066,8241,8124,7996,7862,8143,8424,8096,8073,8155,7949,8317,8157,7984,8220,7790,8448,8531,7861,7937,8089,7988,8295,7852,7831,8032,8047,8084,8037,7967,7976,8220,8134,8316,8287,7736,8111,8186,8090,8090,8093|
03/04/2026 11:01:15|9014,9304,9019,8962,8753,8986,8669,7668,8114,8414,8464,8074,7898,8400,8808,8694,8107,7816,7946,8002,8238,8127,8003,7848,8136,8402,8087,8079,8169,7957,8301,8146,7960,8192,7754,8420,8493,7854,7919,8051,7949,8272,7865,7835,8048,8054,8105,8058,7945,7971,8202,8126,8302,8272,7744,8134,8198,8101,8035,8073|
03/04/2026 11:01:16|8997,9296,9026,8956,8747,8980,8667,7721,8132,8405,8437,8045,7910,8419,8818,8697,8118,7823,7949,7935,8233,8133,8016,7843,8129,8373,8079,8088,8185,7968,8287,8140,7937,8164,7712,8389,8449,7850,7904,8012,7913,8250,7878,7837,8064,8060,8127,8083,7922,7969,8183,8123,8288,8249,7745,8155,8216,8116,7973,8052|
03/04/2026 11:01:17|8973,9283,9029,8944,8739,8967,8657,7773,8148,8394,8401,8003,7919,8437,8824,8700,8132,7827,7951,7866,8226,8142,8033,7846,8124,8339,8072,8100,8201,7981,8274,8138,7914,8135,7666,8356,8402,7847,7890,7974,7880,8229,7893,7836,8079,8065,8149,8112,7897,7971,8164,8123,8275,8220,7739,8174,8237,8135,7907,8031|
03/04/2026 11:01:18|8942,9264,9027,8926,8730,8949,8639,7824,8161,8381,8359,7951,7926,8454,8826,8702,8150,7829,7953,7795,8218,8154,8054,7856,8119,8300,8065,8113,8217,7995,8263,8140,7893,8106,7616,8320,8352,7845,7878,7936,7851,8208,7909,7833,8093,8070,8171,8143,7872,7976,8145,8126,8264,8186,7728,8192,8262,8158,7837,8009|
03/04/2026 11:01:19|8907,9242,9023,8903,8718,8925,8615,7874,8172,8367,8311,7889,7930,8470,8825,8704,8170,7827,7955,7724,8210,8168,8078,7872,8116,8258,8058,8128,8233,8010,8253,8144,7872,8078,7563,8284,8300,7844,7867,7898,7825,8188,7925,7829,8107,8073,8194,8176,7846,7983,8126,8132,8252,8147,7712,8207,8289,8183,7765,7987|
03/04/2026 11:01:20|8867,9217,9015,8877,8705,8898,8586,7922,8180,8351,8258,7821,7933,8484,8823,8706,8192,7823,7956,7653,8200,8183,8105,7894,8113,8212,8053,8144,8250,8027,8245,8152,7853,8050,7509,8246,8247,7843,7857,7861,7802,8169,7941,7823,8119,8076,8216,8210,7819,7992,8108,8140,8242,8105,7693,8221,8318,8210,7691,7965|
03/04/2026 11:01:21|8824,9190,9005,8848,8691,8868,8554,7968,8187,8334,8202,7747,7934,8497,8817,8708,8216,7817,7957,7582,8190,8200,8133,7919,8111,8165,8047,8161,8266,8044,8238,8161,7835,8023,7454,8208,8193,7844,7848,7825,7781,8152,7958,7816,8132,8079,8238,8246,7793,8002,8089,8150,8233,8060,7670,8233,8349,8239,7616,7944|
03/04/2026 11:01:22|8781,9160,8989,8817,8676,8835,8519,8011,8191,8316,8146,7676,7936,8507,8808,8708,8240,7810,7959,7519,8179,8215,8161,7945,8107,8120,8041,8178,8284,8063,8231,8170,7818,7999,7404,8168,8140,7847,7842,7790,7766,8137,7975,7809,8143,8081,8259,8281,7772,8017,8076,8161,8223,8017,7650,8245,8378,8267,7547,7924|
03/04/2026 11:01:23|8743,9130,8959,8785,8657,8797,8486,8049,8192,8292,8093,7621,7941,8511,8789,8701,8263,7800,7965,7473,8168,8221,8185,7968,8099,8081,8030,8196,8305,8087,8226,8172,7805,7983,7367,8120,8086,7855,7841,7754,7758,8130,7994,7802,8156,8083,8276,8314,7764,8040,8073,8173,8209,7984,7646,8262,8397,8293,7494,7906|
03/04/2026 11:01:24|8708,9098,8918,8751,8635,8756,8454,8081,8190,8265,8044,7582,7949,8510,8762,8690,8285,7788,7975,7442,8155,8218,8204,7988,8085,8049,8016,8214,8329,8114,8221,8169,7796,7973,7343,8066,8033,7868,7843,7720,7758,8131,8014,7796,8170,8084,8291,8346,7768,8071,8080,8187,8193,7960,7656,8283,8409,8314,7456,7892|
03/04/2026 11:01:25|8679,9066,8866,8717,8611,8712,8424,8110,8186,8235,7999,7556,7960,8504,8727,8673,8306,7775,7987,7426,8142,8209,8219,8004,8067,8023,8000,8232,8356,8144,8217,8160,7789,7970,7331,8007,7981,7884,7849,7686,7764,8137,8034,7790,8184,8086,8303,8375,7784,8109,8096,8200,8173,7944,7677,8308,8413,8332,7431,7880|
03/04/2026 11:01:26|8653,9035,8808,8684,8586,8668,8396,8134,8180,8203,7957,7542,7973,8495,8688,8653,8326,7760,8002,7423,8129,8195,8231,8017,8047,8003,7981,8249,8384,8174,8213,8148,7784,7973,7329,7945,7931,7904,7857,7653,7776,8148,8056,7785,8198,8088,8313,8402,7807,8151,8119,8215,8153,7936,7709,8334,8411,8348,7419,7871|
03/04/2026 11:01:27|8637,9013,8756,8658,8567,8627,8371,8158,8177,8177,7920,7535,7985,8480,8647,8632,8342,7748,8015,7427,8118,8182,8242,8033,8030,7984,7963,8263,8405,8196,8209,8136,7783,7980,7340,7895,7893,7924,7860,7625,7788,8159,8078,7782,8207,8092,8323,8421,7829,8189,8141,8233,8138,7933,7741,8357,8405,8358,7416,7867|
03/04/2026 11:01:28|8626,8993,8709,8637,8550,8589,8350,8184,8175,8154,7890,7535,7992,8464,8613,8613,8351,7735,8024,7435,8112,8172,8248,8049,8015,7961,7943,8268,8416,8207,8200,8121,7780,7985,7357,7851,7857,7940,7862,7607,7797,8162,8094,7779,8206,8095,8331,8432,7847,8218,8159,8250,8124,7932,7770,8369,8394,8360,7417,7865|
03/04/2026 11:01:29|8616,8969,8663,8614,8534,8553,8331,8207,8174,8132,7867,7541,7990,8449,8585,8593,8354,7724,8023,7446,8108,8163,8251,8065,8002,7932,7919,8264,8416,8209,8188,8099,7774,7982,7373,7804,7807,7947,7867,7597,7806,8157,8102,7777,8204,8097,8335,8435,7863,8231,8173,8267,8114,7932,7794,8363,8378,8350,7420,7867|
03/04/2026 11:01:30|8606,8939,8619,8589,8520,8520,8313,8228,8172,8112,7852,7554,7980,8435,8562,8573,8350,7713,8011,7462,8107,8155,8251,8081,7991,7898,7892,8252,8404,8202,8174,8073,7765,7970,7389,7755,7746,7948,7873,7594,7815,8144,8101,7779,8200,8101,8336,8432,7876,8228,8183,8282,8108,7935,7816,8341,8356,8329,7424,7872|
03/04/2026 11:01:31|8597,8906,8577,8564,8507,8490,8297,8247,8170,8094,7843,7571,7963,8423,8544,8552,8342,7704,7992,7480,8108,8149,8249,8095,7982,7860,7862,8233,8383,8188,8158,8043,7754,7953,7403,7705,7676,7942,7881,7599,7824,8124,8093,7782,8196,8104,8336,8424,7887,8213,8189,8295,8105,7939,7834,8304,8331,8299,7429,7881|
03/04/2026 11:01:32|8588,8870,8537,8538,8495,8462,8283,8263,8167,8077,7840,7592,7940,8412,8531,8531,8330,7695,7966,7501,8111,8143,8244,8110,7975,7820,7830,8208,8355,8168,8141,8010,7741,7930,7416,7654,7598,7931,7890,7608,7833,8098,8079,7788,8192,8108,8333,8412,7896,8187,8192,8307,8106,7945,7850,8255,8302,8263,7436,7892|
03/04/2026 11:01:33|8580,8832,8499,8512,8485,8436,8270,8277,8165,8063,7842,7617,7911,8403,8522,8510,8314,7688,7934,7524,8116,8138,8237,8123,7969,7776,7797,8179,8319,8143,8123,7974,7726,7902,7428,7604,7514,7916,7899,7623,7842,8068,8059,7795,8187,8112,8328,8396,7903,8151,8193,8317,8108,7952,7863,8197,8271,8220,7443,7905|
03/04/2026 11:01:34|8572,8792,8462,8486,8477,8414,8258,8289,8163,8049,7848,7644,7879,8395,8516,8489,8295,7681,7897,7549,8122,8135,8228,8136,7964,7732,7763,8146,8279,8114,8104,7936,7711,7871,7439,7554,7425,7897,7910,7641,7850,8035,8036,7803,8182,8116,8322,8377,7909,8108,8191,8327,8113,7961,7873,8131,8238,8172,7451,7920|
03/04/2026 11:01:35|8565,8751,8427,8459,8469,8391,8247,8299,8160,8036,7857,7673,7843,8387,8513,8469,8273,7674,7857,7574,8128,8131,8218,8148,7961,7687,7728,8110,8235,8082,8084,7897,7693,7837,7449,7506,7335,7876,7921,7663,7859,7999,8009,7812,8176,8121,8314,8356,7913,8059,8187,8335,8119,7970,7882,8059,8204,8122,7460,7937|
03/04/2026 11:01:36|8559,8710,8383,8426,8458,8351,8233,8299,8151,8010,7865,7701,7810,8378,8502,8443,8249,7659,7816,7596,8132,8122,8205,8158,7953,7644,7698,8075,8186,8049,8061,7859,7669,7803,7463,7469,7256,7855,7937,7693,7873,7972,7991,7826,8169,8123,8303,8338,7922,8018,8186,8344,8128,7981,7895,7992,8174,8074,7472,7956|
03/04/2026 11:01:37|8553,8667,8327,8385,8444,8285,8214,8288,8134,7967,7869,7725,7780,8365,8482,8410,8222,7634,7776,7615,8132,8105,8191,8167,7940,7604,7674,8041,8135,8017,8035,7823,7637,7772,7483,7446,7193,7837,7959,7730,7894,7959,7983,7843,8159,8123,8288,8324,7939,7989,8190,8353,8138,7993,7913,7933,8151,8032,7487,7977|
03/04/2026 11:01:38|8548,8624,8260,8336,8427,8200,8191,8267,8111,7909,7871,7746,7755,8349,8453,8372,8192,7601,7737,7631,8128,8082,8174,8174,7922,7568,7655,8009,8081,7986,8006,7788,7598,7742,7506,7436,7144,7822,7987,7775,7921,7957,7986,7864,8147,8122,8269,8314,7961,7971,8197,8363,8150,8008,7935,7883,8134,7995,7506,8000|
03/04/2026 11:01:39|8544,8582,8185,8281,8407,8097,8164,8238,8083,7838,7869,7764,7732,8331,8417,8330,8161,7561,7700,7643,8121,8054,8156,8179,7900,7535,7641,7979,8027,7956,7974,7754,7553,7714,7533,7436,7107,7808,8018,7824,7953,7964,7998,7887,8133,8119,8248,8307,7988,7963,8207,8374,8164,8023,7961,7840,8121,7963,7526,8025|
03/04/2026 11:01:40|8540,8542,8110,8227,8385,7989,8137,8206,8055,7767,7869,7782,7714,8310,8379,8287,8131,7521,7667,7654,8113,8025,8136,8184,7878,7506,7633,7955,7977,7930,7943,7723,7507,7690,7564,7447,7086,7800,8049,7874,7987,7980,8014,7912,8122,8117,8227,8303,8018,7962,8221,8386,8178,8037,7987,7804,8114,7937,7548,8051|
03/04/2026 11:01:41|8536,8509,8051,8182,8362,7894,8115,8181,8036,7713,7876,7804,7701,8284,8346,8254,8109,7492,7644,7669,8109,8003,8116,8186,7863,7487,7632,7943,7943,7916,7915,7692,7466,7671,7600,7470,7086,7802,8073,7914,8023,8001,8031,7939,8119,8121,8214,8301,8050,7964,8241,8403,8191,8044,8006,7777,8113,7915,7567,8079|
03/04/2026 11:01:42|8530,8483,8006,8147,8339,7814,8097,8163,8026,7675,7888,7828,7693,8254,8319,8229,8094,7476,7630,7688,8109,7988,8095,8188,7853,7476,7638,7943,7924,7911,7892,7663,7432,7656,7642,7503,7105,7812,8088,7946,8058,8026,8046,7965,8124,8131,8207,8302,8083,7968,8266,8423,8203,8046,8020,7757,8118,7898,7584,8109|
03/04/2026 11:01:43|8524,8464,7975,8119,8316,7747,8083,8150,8023,7652,7907,7855,7690,8220,8298,8211,8085,7470,7624,7709,8112,7979,8074,8189,7848,7472,7650,7953,7918,7915,7874,7635,7404,7646,7686,7545,7140,7831,8097,7969,8093,8055,8061,7992,8136,8146,8207,8304,8116,7974,8294,8446,8215,8042,8029,7744,8127,7886,7598,8139|
03/04/2026 11:01:44|8522,8454,7957,8102,8297,7697,8075,8147,8031,7645,7931,7885,7692,8188,8282,8201,8082,7474,7626,7735,8119,7975,8055,8191,7849,7472,7666,7969,7921,7926,7860,7610,7382,7642,7734,7593,7186,7854,8101,7988,8127,8085,8073,8014,8152,8163,8209,8309,8150,7983,8322,8467,8225,8036,8034,7735,8139,7879,7612,8169|
03/04/2026 11:01:45|8529,8456,7950,8098,8291,7672,8077,8156,8048,7652,7961,7917,7699,8160,8273,8194,8084,7487,7636,7766,8131,7975,8038,8194,7852,7475,7679,7984,7923,7937,7849,7592,7366,7642,7780,7639,7236,7874,8107,8009,8160,8114,8081,8027,8161,8177,8210,8313,8184,7995,8342,8477,8229,8033,8038,7725,8150,7877,7633,8201|
03/04/2026 11:01:46|8539,8463,7949,8101,8294,7664,8084,8170,8066,7670,7991,7946,7708,8135,8265,8176,8083,7497,7645,7797,8145,7975,8024,8197,7853,7478,7691,7999,7927,7945,7839,7584,7357,7644,7814,7681,7286,7895,8119,8035,8194,8144,8092,8042,8168,8188,8210,8319,8217,8007,8354,8482,8232,8034,8041,7722,8162,7879,7661,8231|
03/04/2026 11:01:47|8550,8475,7953,8110,8301,7669,8094,8184,8087,7697,8021,7968,7717,8115,8254,8150,8075,7498,7650,7825,8156,7971,8006,8199,7854,7484,7705,8012,7933,7952,7832,7582,7356,7648,7848,7726,7338,7912,8125,8052,8221,8175,8104,8058,8175,8198,8211,8324,8247,8024,8367,8484,8237,8039,8045,7724,8175,7884,7694,8259|
03/04/2026 11:01:48|8565,8493,7973,8132,8319,7690,8113,8205,8117,7736,8057,7996,7732,8103,8248,8134,8073,7506,7662,7856,8167,7966,7988,8204,7862,7498,7723,8018,7940,7962,7830,7590,7355,7654,7881,7769,7392,7930,8125,8063,8236,8202,8115,8075,8180,8211,8219,8331,8276,8044,8380,8487,8245,8042,8050,7732,8188,7897,7731,8280|
03/04/2026 11:01:49|8590,8525,8013,8172,8353,7732,8148,8240,8161,7791,8104,8036,7764,8106,8257,8134,8084,7530,7688,7896,8180,7963,7977,8216,7880,7521,7745,8028,7952,7972,7828,7606,7363,7663,7916,7817,7456,7953,8117,8071,8229,8222,8128,8096,8188,8227,8232,8341,8306,8067,8398,8497,8253,8038,8061,7750,8198,7917,7770,8293|
03/04/2026 11:01:50|8623,8570,8070,8228,8401,7793,8197,8287,8218,7861,8163,8089,7811,8124,8278,8148,8107,7568,7726,7941,8197,7964,7974,8234,7906,7552,7771,8042,7969,7983,7824,7629,7381,7673,7952,7870,7527,7983,8101,8077,8199,8236,8142,8120,8200,8245,8249,8354,8337,8092,8419,8512,8263,8028,8076,7776,8206,7942,7810,8300|
03/04/2026 11:01:51|8661,8622,8138,8291,8457,7865,8254,8340,8281,7937,8227,8146,7865,8150,8305,8168,8134,7615,7769,7991,8215,7967,7975,8250,7936,7588,7800,8058,7990,7991,7820,7656,7407,7689,7991,7926,7600,8003,8082,8083,8158,8242,8157,8146,8212,8264,8269,8370,8369,8120,8443,8530,8271,8017,8095,7810,8211,7971,7846,8295|
03/04/2026 11:01:52|8695,8677,8209,8351,8513,7940,8309,8388,8341,8011,8288,8198,7917,8178,8329,8182,8157,7661,7810,8038,8235,7973,7976,8252,7960,7625,7831,8074,8010,7993,7819,7680,7436,7712,8033,7980,7666,7989,8067,8092,8118,8241,8175,8173,8219,8282,8286,8385,8403,8153,8467,8549,8276,8013,8116,7848,8216,7998,7867,8274|
03/04/2026 11:01:53|8726,8732,8283,8406,8567,8016,8361,8432,8396,8080,8345,8244,7966,8206,8348,8188,8175,7705,7847,8084,8255,7982,7975,8242,7977,7663,7863,8089,8030,7988,7819,7703,7468,7743,8079,8030,7725,7941,8058,8104,8083,8233,8194,8201,8221,8297,8301,8401,8438,8189,8491,8567,8278,8015,8140,7889,8220,8025,7875,8236|
03/04/2026 11:01:54|8754,8787,8358,8456,8620,8092,8411,8470,8448,8146,8399,8284,8012,8234,8363,8187,8188,7747,7880,8127,8276,7993,7974,8219,7989,7701,7895,8104,8048,7977,7820,7722,7502,7780,8127,8078,7778,7867,8053,8118,8051,8219,8215,8229,8219,8310,8314,8416,8475,8228,8515,8585,8278,8023,8165,7932,8223,8052,7870,8185|
03/04/2026 11:01:55|8779,8842,8434,8503,8671,8166,8458,8503,8497,8207,8449,8318,8054,8261,8374,8180,8197,7786,7909,8168,8297,8004,7972,8188,7996,7738,7926,8117,8066,7962,7823,7740,7537,7822,8176,8122,7824,7771,8051,8134,8022,8200,8236,8256,8213,8322,8325,8431,8510,8268,8538,8601,8275,8035,8192,7977,8227,8077,7856,8125|
03/04/2026 11:01:56|8805,8899,8511,8547,8716,8235,8500,8532,8536,8263,8496,8348,8092,8287,8380,8163,8203,7822,7932,8203,8315,8015,7972,8159,8003,7774,7956,8131,8082,7948,7827,7753,7572,7868,8222,8161,7870,7685,8052,8146,7999,8183,8244,8283,8212,8336,8334,8441,8534,8305,8554,8609,8270,8047,8221,8029,8237,8105,7848,8070|
03/04/2026 11:01:57|8834,8958,8588,8588,8755,8293,8535,8553,8558,8312,8536,8373,8129,8310,8375,8146,8210,7857,7956,8238,8332,8025,7975,8134,8006,7806,7986,8146,8094,7937,7829,7757,7609,7917,8267,8193,7918,7622,8053,8154,7982,8168,8238,8310,8219,8353,8343,8449,8552,8334,8558,8609,8265,8053,8254,8088,8255,8132,7853,8034|
03/04/2026 11:01:58|8866,9019,8665,8625,8787,8341,8563,8566,8564,8353,8571,8394,8164,8332,8362,8129,8216,7891,7980,8272,8350,8037,7980,8114,8006,7834,8016,8162,8103,7928,7830,7752,7648,7968,8309,8218,7965,7578,8053,8158,7971,8157,8220,8337,8233,8372,8352,8454,8566,8358,8552,8603,8261,8054,8291,8153,8281,8158,7870,8013|
03/04/2026 11:01:59|8901,9080,8740,8660,8815,8380,8586,8573,8557,8388,8602,8412,8198,8351,8340,8113,8223,7924,8004,8305,8367,8048,7988,8098,8003,7857,8046,8179,8109,7921,7830,7740,7687,8022,8350,8237,8013,7552,8052,8160,7966,8148,8192,8363,8253,8393,8361,8458,8576,8376,8536,8592,8257,8050,8330,8224,8311,8182,7898,8006|
03/04/2026 11:02:00|8936,9141,8813,8691,8837,8411,8602,8573,8537,8417,8627,8425,8231,8368,8312,8097,8230,7955,8028,8337,8384,8060,7997,8086,7998,7876,8077,8196,8113,7917,7828,7721,7727,8077,8388,8250,8060,7542,8050,8159,7965,8141,8155,8389,8279,8416,8370,8460,8583,8389,8514,8575,8253,8042,8371,8298,8347,8206,7934,8012|
03/04/2026 11:02:01|8973,9202,8884,8720,8855,8434,8614,8569,8508,8441,8649,8436,8262,8383,8279,8083,8237,7985,8052,8368,8401,8072,8007,8076,7990,7892,8106,8213,8114,7914,7825,7696,7767,8132,8424,8259,8106,7545,8048,8156,7969,8137,8111,8415,8308,8439,8379,8461,8587,8398,8484,8555,8250,8031,8413,8374,8385,8228,7978,8028|
03/04/2026 11:02:02|9010,9261,8951,8746,8868,8450,8621,8560,8469,8459,8666,8444,8291,8397,8241,8069,8244,8013,8075,8398,8417,8084,8019,8070,7981,7905,8135,8231,8113,7913,7822,7667,7807,8187,8458,8264,8151,7560,8046,8151,7975,8134,8061,8440,8341,8463,8387,8461,8588,8403,8450,8533,8247,8016,8455,8451,8427,8248,8027,8054|
03/04/2026 11:02:03|9043,9313,9012,8767,8877,8460,8625,8548,8427,8473,8679,8447,8316,8407,8200,8054,8250,8041,8097,8424,8431,8096,8031,8067,7970,7915,8162,8246,8111,7910,7817,7637,7843,8233,8488,8265,8192,7582,8043,8144,7983,8133,8010,8461,8373,8487,8394,8457,8587,8406,8415,8509,8244,8003,8495,8526,8466,8267,8080,8087|
03/04/2026 11:02:04|9065,9354,9062,8780,8878,8462,8627,8531,8386,8483,8685,8439,8334,8412,8156,8029,8252,8069,8116,8437,8438,8096,8043,8064,7956,7919,8186,8260,8106,7897,7804,7609,7866,8257,8509,8266,8226,7607,8045,8140,7993,8137,7970,8476,8400,8506,8399,8451,8585,8408,8385,8492,8247,7999,8534,8596,8502,8287,8133,8121|
03/04/2026 11:02:05|9076,9387,9106,8784,8872,8454,8626,8507,8346,8486,8684,8421,8345,8413,8109,7994,8251,8096,8130,8435,8436,8082,8052,8063,7937,7917,8207,8273,8099,7871,7783,7583,7874,8264,8522,8268,8256,7636,8053,8140,8007,8147,7942,8487,8422,8520,8403,8445,8583,8410,8361,8479,8256,8007,8575,8663,8539,8312,8183,8154|
03/04/2026 11:02:06|9079,9411,9143,8779,8861,8438,8624,8477,8306,8486,8678,8394,8351,8411,8060,7950,8247,8124,8142,8420,8427,8055,8059,8064,7916,7910,8226,8286,8092,7835,7755,7558,7870,8256,8529,8271,8282,7667,8066,8145,8025,8163,7925,8494,8440,8532,8405,8440,8580,8411,8342,8471,8272,8024,8616,8727,8576,8340,8230,8186|
03/04/2026 11:02:07|9073,9428,9175,8767,8844,8415,8621,8442,8268,8481,8667,8361,8352,8404,8009,7899,8241,8152,8150,8393,8411,8018,8064,8065,7893,7898,8242,8297,8083,7789,7721,7534,7855,8234,8530,8275,8304,7700,8084,8154,8046,8182,7918,8497,8453,8540,8406,8436,8577,8412,8328,8468,8291,8050,8657,8787,8613,8371,8275,8216|
03/04/2026 11:02:08|9060,9439,9201,8749,8823,8386,8616,8404,8231,8473,8652,8322,8348,8395,7957,7843,8232,8179,8156,8357,8390,7972,8068,8067,7868,7883,8255,8309,8073,7737,7683,7512,7831,8202,8527,8280,8323,7735,8104,8165,8070,8206,7919,8497,8464,8545,8406,8432,8574,8413,8318,8468,8315,8083,8699,8844,8650,8404,8317,8245|
03/04/2026 11:02:09|9041,9444,9222,8727,8799,8352,8611,8364,8195,8462,8634,8278,8341,8384,7905,7782,8221,8205,8160,8314,8364,7919,8070,8070,7841,7865,8267,8319,8063,7678,7641,7491,7799,8161,8518,8285,8339,7770,8128,8179,8096,8232,7927,8495,8471,8547,8405,8428,8570,8413,8311,8472,8342,8122,8740,8897,8686,8439,8355,8272|
03/04/2026 11:02:10|9018,9444,9240,8700,8772,8314,8604,8321,8161,8449,8613,8231,8330,8371,7854,7718,8209,8231,8161,8264,8335,7860,8070,8073,7814,7844,8276,8329,8053,7616,7596,7472,7761,8112,8507,8291,8352,7805,8154,8196,8123,8261,7942,8490,8475,8547,8403,8425,8567,8412,8307,8478,8371,8165,8780,8946,8721,8475,8391,8297|
03/04/2026 11:02:11|8991,9440,9253,8670,8742,8274,8597,8277,8129,8434,8590,8182,8317,8356,7804,7652,8195,8255,8160,8209,8303,7797,8070,8077,7787,7822,8284,8337,8042,7551,7550,7455,7719,8058,8492,8296,8362,7841,8181,8214,8151,8291,7961,8484,8478,8545,8400,8422,8563,8411,8307,8486,8402,8212,8819,8991,8754,8510,8424,8320|
03/04/2026 11:02:12|8962,9433,9265,8644,8710,8237,8586,8237,8101,8418,8567,8137,8305,8343,7764,7598,8177,8270,8157,8155,8272,7742,8067,8081,7766,7806,8292,8340,8028,7495,7513,7438,7679,8002,8471,8298,8370,7878,8206,8231,8178,8319,7984,8478,8480,8540,8390,8420,8558,8405,8309,8495,8427,8257,8852,9029,8781,8538,8449,8336|
03/04/2026 11:02:13|8935,9423,9276,8624,8676,8205,8571,8201,8077,8401,8545,8098,8296,8333,7737,7558,8154,8275,8152,8105,8241,7699,8062,8085,7753,7800,8299,8337,8011,7452,7488,7421,7646,7949,8445,8294,8376,7916,8226,8247,8201,8344,8010,8473,8483,8532,8371,8418,8551,8391,8315,8505,8444,8298,8878,9057,8798,8556,8465,8344|
03/04/2026 11:02:14|8908,9411,9286,8610,8641,8177,8552,8170,8057,8384,8523,8066,8288,8324,7721,7532,8126,8272,8146,8057,8211,7667,8054,8089,7748,7803,8306,8327,7991,7421,7473,7406,7618,7898,8414,8287,8381,7956,8241,8262,8222,8365,8037,8470,8487,8521,8345,8415,8544,8371,8324,8515,8453,8337,8897,9077,8808,8565,8474,8344|
03/04/2026 11:02:15|8882,9398,9296,8600,8604,8154,8530,8143,8040,8366,8503,8040,8282,8318,7716,7518,8094,8260,8137,8013,8183,7644,8045,8092,7750,7812,8312,8313,7969,7400,7469,7391,7595,7850,8379,8275,8383,7996,8254,8276,8240,8384,8066,8468,8491,8508,8312,8413,8535,8346,8335,8525,8456,8372,8910,9091,8811,8567,8475,8338|
03/04/2026 11:02:16|8861,9387,9307,8598,8573,8140,8510,8124,8031,8352,8488,8022,8278,8316,7721,7515,8063,8246,8131,7975,8158,7631,8036,8098,7759,7828,8317,8297,7948,7390,7473,7378,7577,7808,8346,8262,8387,8037,8265,8288,8257,8402,8096,8465,8495,8494,8277,8410,8525,8320,8346,8535,8456,8405,8919,9095,8808,8564,8473,8329|
03/04/2026 11:02:17|8845,9382,9319,8604,8553,8141,8500,8123,8036,8347,8481,8018,8279,8321,7737,7524,8040,8239,8131,7945,8138,7628,8030,8107,7774,7848,8321,8281,7931,7385,7480,7371,7563,7774,8318,8252,8389,8075,8272,8292,8268,8417,8127,8459,8495,8475,8246,8406,8515,8300,8354,8543,8458,8436,8926,9094,8802,8560,8468,8320|
03/04/2026 11:02:18|8825,9376,9333,8614,8532,8155,8502,8137,8053,8348,8476,8023,8284,8327,7758,7539,8024,8234,8131,7918,8118,7636,8031,8117,7793,7875,8328,8265,7912,7382,7489,7371,7553,7740,8292,8243,8390,8098,8270,8284,8271,8425,8157,8452,8494,8450,8217,8400,8505,8287,8358,8547,8462,8467,8933,9091,8794,8550,8462,8312|
03/04/2026 11:02:19|8802,9370,9346,8627,8510,8179,8513,8164,8079,8353,8471,8035,8291,8334,7782,7559,8015,8232,8133,7894,8098,7652,8036,8128,7813,7908,8338,8248,7894,7381,7500,7378,7546,7704,8267,8235,8388,8109,8259,8266,8268,8425,8185,8448,8491,8421,8192,8393,8496,8280,8357,8549,8469,8498,8940,9087,8784,8533,8455,8305|
03/04/2026 11:02:20|8776,9364,9360,8642,8486,8212,8532,8202,8112,8363,8466,8054,8302,8343,7809,7583,8011,8232,8136,7872,8077,7674,8046,8140,7834,7945,8352,8231,7875,7381,7511,7390,7541,7668,8243,8230,8385,8108,8240,8239,8259,8419,8212,8445,8488,8389,8169,8385,8487,8278,8352,8548,8478,8529,8948,9082,8772,8512,8447,8300|
03/04/2026 11:02:21|8748,9357,9373,8659,8461,8253,8559,8249,8153,8376,8461,8078,8314,8351,7838,7610,8011,8234,8139,7853,8056,7703,8060,8153,7857,7986,8367,8213,7856,7382,7524,7407,7539,7632,8221,8226,8380,8098,8214,8204,8245,8408,8237,8443,8483,8353,8148,8375,8478,8281,8344,8545,8488,8560,8955,9076,8759,8487,8438,8295|
03/04/2026 11:02:22|8718,9350,9387,8677,8435,8300,8591,8304,8198,8392,8457,8106,8328,8360,7869,7640,8016,8238,8142,7836,8035,7736,8078,8165,7880,8031,8384,8196,7837,7385,7538,7428,7539,7596,8201,8224,8374,8079,8183,8163,8228,8392,8259,8442,8478,8316,8130,8365,8470,8288,8333,8539,8500,8589,8963,9070,8745,8458,8429,8291|
03/04/2026 11:02:23|8688,9344,9399,8696,8410,8351,8627,8365,8248,8410,8453,8138,8344,8370,7901,7672,8025,8243,8146,7821,8015,7774,8098,8178,7903,8077,8403,8179,7819,7389,7552,7453,7540,7560,8182,8223,8367,8053,8147,8118,8207,8373,8281,8443,8472,8277,8114,8355,8463,8298,8320,8533,8513,8618,8970,9063,8731,8427,8419,8288|
03/04/2026 11:02:24|8656,9337,9412,8716,8384,8406,8668,8430,8300,8430,8450,8173,8360,8379,7933,7705,8036,8250,8151,7808,7995,7814,8120,8191,7927,8124,8422,8162,7801,7394,7567,7480,7543,7526,8164,8223,8360,8021,8108,8068,8183,8350,8300,8444,8465,8237,8100,8344,8456,8311,8305,8524,8526,8646,8977,9056,8716,8395,8409,8286|
03/04/2026 11:02:25|8625,9330,9424,8736,8359,8464,8711,8499,8355,8452,8446,8209,8377,8389,7966,7739,8050,8257,8155,7798,7976,7856,8143,8204,7950,8172,8442,8145,7784,7399,7581,7508,7547,7492,8147,8223,8351,7984,8066,8016,8157,8325,8318,8445,8458,8197,8088,8332,8450,8326,8288,8515,8541,8672,8984,9049,8700,8360,8399,8285|
03/04/2026 11:02:26|8593,9323,9435,8756,8334,8523,8757,8570,8411,8474,8443,8247,8394,8398,7999,7774,8065,8265,8160,7788,7958,7900,8168,8216,7973,8220,8463,8130,7768,7405,7596,7539,7552,7459,8132,8225,8343,7944,8023,7962,8130,8298,8334,8448,8451,8157,8077,8321,8444,8343,8270,8505,8555,8697,8990,9041,8685,8325,8389,8284|
03/04/2026 11:02:27|8565,9318,9445,8776,8312,8578,8801,8640,8463,8495,8441,8283,8410,8407,8029,7807,8082,8272,8161,7781,7940,7942,8192,8227,7994,8265,8478,8109,7749,7409,7610,7569,7558,7431,8118,8227,8334,7901,7977,7909,8102,8270,8346,8447,8440,8115,8067,8307,8437,8360,8250,8494,8568,8717,8992,9031,8668,8291,8379,8280|
03/04/2026 11:02:28|8541,9313,9450,8791,8293,8622,8838,8703,8507,8506,8434,8310,8423,8409,8053,7835,8096,8275,8155,7772,7923,7974,8209,8233,8008,8301,8483,8080,7726,7412,7622,7593,7564,7408,8101,8229,8322,7859,7932,7860,8073,8241,8352,8430,8411,8070,8053,8283,8419,8370,8227,8475,8568,8725,8980,9011,8648,8261,8367,8271|
03/04/2026 11:02:29|8513,9298,9450,8805,8282,8655,8866,8758,8542,8511,8426,8328,8432,8407,8066,7851,8102,8272,8145,7756,7909,8002,8219,8234,8019,8328,8481,8045,7705,7419,7633,7610,7572,7394,8084,8227,8301,7817,7885,7814,8043,8206,8348,8400,8375,8028,8038,8253,8388,8371,8199,8448,8557,8719,8960,8982,8624,8235,8354,8257|
03/04/2026 11:02:30|8479,9272,9443,8818,8276,8677,8887,8803,8568,8513,8421,8343,8440,8402,8071,7851,8098,8261,8133,7723,7894,8026,8221,8228,8024,8343,8472,8006,7690,7427,7641,7625,7582,7390,8065,8216,8277,7779,7838,7769,8013,8168,8331,8354,8336,7986,8019,8222,8352,8365,8167,8415,8539,8694,8930,8949,8596,8212,8339,8239|
03/04/2026 11:02:31|8442,9235,9430,8830,8276,8688,8901,8840,8584,8513,8420,8354,8446,8396,8068,7838,8084,8243,8119,7674,7879,8046,8216,8216,8025,8347,8457,7964,7681,7438,7647,7639,7595,7395,8045,8198,8252,7746,7791,7726,7984,8127,8302,8293,8294,7945,7998,8192,8313,8354,8131,8376,8515,8652,8894,8914,8565,8192,8324,8219|
03/04/2026 11:02:32|8402,9189,9412,8840,8280,8689,8909,8869,8592,8510,8422,8361,8450,8389,8059,7813,8063,8219,8105,7612,7864,8062,8205,8198,8021,8342,8438,7920,7676,7449,7652,7652,7610,7406,8024,8175,8225,7718,7745,7686,7954,8085,8263,8221,8251,7905,7975,8162,8271,8339,8093,8333,8487,8597,8852,8876,8532,8175,8308,8196|
03/04/2026 11:02:33|8359,9137,9390,8850,8289,8683,8912,8891,8592,8505,8427,8366,8454,8380,8044,7778,8034,8191,8090,7540,7849,8075,8189,8175,8014,8329,8415,7875,7676,7461,7654,7663,7627,7424,8002,8147,8198,7694,7701,7648,7925,8041,8216,8139,8206,7866,7950,8133,8228,8319,8052,8287,8455,8530,8806,8837,8498,8160,8292,8172|
03/04/2026 11:02:34|8315,9079,9365,8859,8300,8669,8911,8907,8587,8498,8434,8368,8456,8371,8026,7734,8000,8158,8074,7459,7835,8086,8169,8148,8003,8310,8388,7829,7678,7473,7655,7673,7645,7447,7979,8115,8170,7674,7658,7612,7896,7997,8163,8049,8161,7828,7924,8105,8183,8297,8010,8239,8420,8453,8756,8797,8463,8148,8276,8147|
03/04/2026 11:02:35|8271,9017,9337,8867,8315,8650,8906,8917,8576,8490,8443,8368,8458,8360,8003,7684,7962,8122,8058,7371,7821,8093,8145,8119,7990,8284,8359,7782,7684,7487,7655,7683,7663,7474,7957,8080,8143,7658,7616,7579,7869,7952,8104,7954,8116,7793,7897,8079,8138,8272,7968,8189,8382,8370,8704,8757,8427,8138,8261,8120|
03/04/2026 11:02:36|8225,8951,9307,8874,8332,8626,8898,8922,8561,8481,8453,8366,8459,8350,7977,7629,7920,8084,8042,7278,7807,8099,8118,8087,7975,8254,8328,7735,7693,7500,7653,7691,7682,7504,7934,8043,8115,7644,7576,7549,7842,7908,8041,7856,8071,7759,7870,8053,8093,8246,7925,8139,8343,8281,8649,8716,8392,8129,8245,8093|
03/04/2026 11:02:37|8181,8884,9276,8880,8350,8598,8888,8923,8542,8472,8465,8362,8459,8339,7950,7569,7876,8044,8026,7182,7794,8102,8089,8053,7958,8221,8296,7690,7704,7513,7651,7698,7702,7537,7912,8004,8088,7634,7539,7520,7817,7865,7976,7755,8027,7726,7843,8029,8048,8218,7883,8088,8303,8188,8594,8676,8356,8123,8230,8066|
03/04/2026 11:02:38|8136,8816,9244,8886,8370,8567,8875,8920,8519,8461,8478,8357,8458,8327,7920,7506,7830,8003,8010,7083,7781,8103,8059,8019,7940,8184,8263,7645,7716,7527,7648,7704,7721,7572,7890,7964,8062,7626,7503,7494,7793,7823,7909,7652,7984,7696,7816,8006,8005,8189,7841,8037,8263,8092,8539,8637,8321,8118,8216,8039|
03/04/2026 11:02:39|8094,8748,9211,8891,8392,8534,8860,8913,8495,8450,8491,8351,8457,8316,7890,7443,7783,7963,7995,6987,7770,8104,8027,7984,7922,8146,8230,7602,7730,7540,7645,7710,7741,7608,7869,7924,8037,7621,7471,7471,7770,7783,7843,7552,7943,7668,7791,7985,7963,8161,7800,7988,8223,7996,8484,8599,8288,8114,8202,8013|
03/04/2026 11:02:40|8068,8696,9182,8895,8415,8510,8849,8909,8475,8441,8503,8351,8462,8311,7868,7395,7749,7932,7984,6912,7770,8109,7999,7954,7910,8109,8199,7568,7747,7562,7652,7723,7765,7647,7849,7888,8018,7623,7450,7458,7752,7751,7789,7472,7913,7646,7771,7970,7928,8139,7772,7948,8189,7906,8434,8565,8262,8116,8191,7989|
03/04/2026 11:02:41|8062,8666,9160,8900,8438,8497,8846,8912,8470,8443,8525,8365,8478,8318,7852,7368,7734,7918,7973,6867,7784,8124,7979,7934,7907,8080,8171,7546,7772,7597,7675,7747,7794,7684,7827,7860,8009,7638,7447,7458,7743,7734,7754,7417,7896,7634,7761,7965,7901,8128,7761,7922,8164,7836,8393,8531,8245,8124,8187,7971|
03/04/2026 11:02:42|8074,8653,9146,8903,8459,8493,8853,8923,8477,8457,8555,8392,8506,8336,7842,7361,7738,7918,7963,6848,7811,8145,7966,7924,7913,8059,8145,7534,7805,7644,7710,7779,7829,7720,7803,7839,8010,7666,7459,7470,7742,7730,7736,7386,7890,7630,7760,7969,7881,8125,7765,7910,8149,7784,8358,8497,8237,8140,8191,7961|
03/04/2026 11:02:43|8101,8658,9138,8907,8479,8498,8866,8941,8495,8480,8591,8429,8543,8363,7836,7371,7757,7930,7954,6852,7850,8174,7960,7922,7927,8044,8121,7532,7843,7700,7757,7819,7867,7754,7776,7824,8019,7703,7484,7493,7750,7737,7732,7374,7895,7633,7766,7981,7867,8131,7782,7911,8143,7749,8330,8464,8236,8160,8201,7957|
03/04/2026 11:02:44|8141,8676,9136,8909,8498,8509,8886,8964,8523,8511,8634,8476,8588,8398,7836,7395,7789,7953,7945,6876,7897,8207,7959,7927,7947,8036,8100,7537,7886,7765,7812,7865,7908,7787,7748,7815,8036,7749,7521,7524,7763,7755,7740,7380,7908,7643,7779,7999,7858,8142,7810,7921,8144,7728,8309,8432,8241,8186,8216,7957|
03/04/2026 11:02:45|8192,8706,9139,8912,8514,8526,8911,8991,8559,8549,8681,8529,8640,8439,7838,7432,7833,7986,7936,6917,7952,8245,7963,7938,7972,8032,8080,7550,7932,7835,7875,7915,7951,7817,7718,7811,8058,7802,7567,7563,7782,7780,7759,7402,7930,7658,7796,8022,7853,8159,7847,7940,8151,7720,8292,8401,8252,8215,8235,7963|
03/04/2026 11:02:46|8252,8746,9147,8915,8531,8549,8941,9022,8601,8592,8732,8589,8696,8484,7845,7479,7885,8025,7929,6971,8013,8285,7971,7954,8002,8033,8063,7567,7981,7910,7942,7968,7995,7845,7689,7811,8086,7860,7619,7607,7805,7812,7786,7435,7957,7678,7819,8049,7853,8181,7892,7966,8162,7723,8281,8371,8268,8247,8258,7971|
03/04/2026 11:02:47|8319,8793,9166,8932,8561,8579,8977,9060,8651,8641,8788,8654,8752,8525,7862,7539,7945,8069,7928,7035,8075,8323,7985,7977,8035,8038,8050,7591,8025,7981,8009,8020,8038,7870,7665,7815,8114,7918,7670,7654,7828,7844,7815,7475,7987,7707,7848,8074,7859,8204,7939,7996,8171,7732,8274,8344,8285,8279,8279,7975|
03/04/2026 11:02:48|8390,8839,9196,8967,8606,8610,9021,9105,8706,8689,8849,8724,8808,8559,7891,7610,8011,8112,7940,7110,8135,8353,8004,8008,8071,8050,8049,7623,8063,8043,8072,8073,8082,7895,7650,7819,8140,7977,7723,7705,7854,7879,7850,7523,8023,7748,7886,8102,7874,8228,7986,8029,8180,7747,8275,8327,8306,8311,8299,7977|
03/04/2026 11:02:49|8465,8883,9235,9017,8664,8641,9073,9157,8764,8736,8913,8798,8863,8588,7930,7691,8080,8155,7962,7196,8195,8377,8027,8044,8111,8069,8059,7662,8094,8098,8133,8126,8126,7921,7643,7822,8164,8034,7779,7758,7885,7917,7890,7578,8064,7799,7932,8135,7896,8252,8032,8064,8191,7768,8281,8317,8330,8344,8318,7977|
03/04/2026 11:02:50|8541,8924,9283,9080,8732,8672,9132,9214,8825,8781,8978,8874,8918,8610,7977,7780,8152,8196,7993,7290,8254,8394,8053,8085,8153,8093,8077,7707,8119,8146,8190,8180,8170,7947,7643,7825,8185,8091,7836,7812,7918,7958,7934,7638,8110,7859,7984,8170,7925,8275,8078,8102,8203,7793,8293,8314,8356,8376,8336,7975|
03/04/2026 11:02:51|8618,8963,9336,9153,8809,8702,9194,9275,8887,8823,9045,8952,8971,8628,8031,7874,8226,8236,8032,7391,8310,8406,8082,8130,8196,8122,8103,7757,8139,8187,8244,8234,8213,7973,7649,7827,8204,8147,7894,7868,7954,8001,7980,7703,8159,7926,8042,8208,7959,8297,8121,8141,8216,7822,8310,8318,8383,8409,8352,7972|
03/04/2026 11:02:52|8694,8999,9395,9235,8893,8731,9260,9339,8950,8863,9112,9030,9023,8642,8090,7972,8301,8274,8076,7496,8364,8413,8113,8178,8241,8154,8136,7811,8155,8222,8294,8287,8255,7998,7661,7829,8221,8200,7952,7923,7992,8045,8030,7771,8210,7998,8103,8247,7997,8319,8164,8180,8230,7854,8330,8327,8413,8441,8367,7968|
03/04/2026 11:02:53|8770,9032,9456,9322,8980,8760,9328,9404,9012,8901,9177,9107,9072,8651,8153,8071,8374,8310,8124,7603,8415,8415,8145,8227,8285,8189,8172,7866,8165,8251,8341,8338,8295,8023,7676,7831,8235,8251,8009,7978,8032,8089,8079,7841,8262,8073,8167,8286,8039,8341,8204,8220,8244,7888,8353,8341,8442,8472,8382,7963|
03/04/2026 11:02:54|8841,9065,9512,9401,9059,8789,9388,9462,9071,8937,9235,9173,9110,8660,8212,8162,8439,8341,8169,7706,8463,8410,8176,8272,8323,8216,8205,7919,8173,8275,8381,8384,8331,8036,7690,7832,8243,8293,8062,8027,8070,8133,8126,7904,8308,8144,8230,8319,8081,8359,8240,8259,8261,7923,8375,8357,8470,8499,8398,7962|
03/04/2026 11:02:55|8908,9098,9557,9465,9122,8818,9438,9513,9131,8978,9288,9229,9136,8670,8270,8247,8497,8373,8213,7807,8507,8408,8205,8309,8352,8233,8228,7968,8177,8295,8415,8424,8363,8023,7700,7834,8247,8326,8108,8062,8104,8176,8170,7962,8346,8199,8288,8351,8124,8375,8272,8299,8283,7964,8391,8371,8488,8515,8414,7961|
03/04/2026 11:02:56|8969,9130,9594,9515,9169,8847,9480,9560,9193,9024,9339,9274,9151,8682,8329,8326,8547,8406,8256,7905,8548,8407,8233,8339,8372,8239,8242,8012,8180,8312,8443,8459,8390,7988,7709,7836,8247,8353,8151,8085,8135,8217,8212,8016,8378,8240,8343,8385,8166,8386,8301,8337,8309,8009,8403,8383,8498,8522,8429,7959|
03/04/2026 11:02:57|9022,9161,9626,9554,9209,8873,9508,9595,9247,9064,9380,9305,9153,8689,8378,8394,8586,8430,8293,7994,8579,8403,8257,8362,8387,8243,8254,8054,8179,8319,8459,8488,8416,7956,7722,7843,8246,8378,8194,8107,8160,8250,8251,8068,8402,8268,8391,8420,8208,8392,8327,8369,8335,8053,8413,8395,8503,8528,8446,7962|
03/04/2026 11:02:58|9058,9187,9653,9585,9240,8889,9518,9614,9284,9089,9406,9322,9135,8679,8404,8447,8611,8443,8313,8072,8602,8398,8274,8380,8403,8249,8265,8096,8179,8320,8459,8510,8442,7939,7746,7858,8247,8406,8241,8132,8181,8267,8285,8116,8417,8282,8428,8453,8248,8393,8351,8399,8359,8084,8420,8406,8508,8535,8461,7969|
03/04/2026 11:02:59|9076,9208,9675,9608,9262,8895,9510,9617,9307,9102,9420,9325,9098,8656,8410,8486,8626,8447,8319,8139,8617,8393,8287,8391,8418,8257,8275,8139,8181,8316,8445,8525,8467,7935,7779,7880,8251,8437,8291,8161,8200,8269,8316,8161,8424,8285,8455,8485,8286,8390,8373,8429,8380,8103,8423,8415,8513,8544,8475,7979|
03/04/2026 11:03:00|9080,9224,9692,9624,9278,8894,9488,9608,9317,9104,9421,9316,9045,8620,8397,8513,8630,8442,8311,8196,8626,8386,8294,8397,8434,8265,8285,8181,8185,8308,8418,8533,8490,7943,7822,7908,8258,8468,8344,8193,8217,8259,8342,8202,8424,8276,8474,8516,8322,8383,8394,8458,8400,8111,8422,8423,8518,8554,8487,7992|
03/04/2026 11:03:01|9071,9236,9705,9635,9287,8885,9453,9587,9315,9095,9413,9297,8980,8575,8369,8528,8626,8429,8293,8245,8630,8380,8296,8399,8450,8274,8294,8223,8190,8296,8380,8537,8512,7962,7870,7940,8267,8501,8398,8227,8231,8238,8364,8240,8418,8259,8485,8545,8356,8373,8414,8486,8417,8109,8419,8429,8524,8564,8497,8007|
03/04/2026 11:03:02|9051,9245,9715,9640,9290,8871,9408,9557,9304,9078,9396,9270,8904,8521,8327,8534,8615,8410,8265,8285,8628,8373,8295,8397,8466,8284,8303,8264,8195,8281,8334,8535,8533,7989,7924,7977,8278,8534,8453,8262,8243,8208,8382,8275,8406,8233,8489,8572,8387,8360,8432,8513,8432,8100,8413,8435,8529,8575,8506,8024|
03/04/2026 11:03:03|9022,9250,9722,9641,9289,8852,9354,9519,9284,9054,9372,9235,8819,8460,8274,8531,8597,8386,8229,8318,8622,8365,8291,8391,8481,8295,8310,8303,8202,8264,8280,8530,8552,8023,7982,8016,8290,8568,8508,8298,8253,8170,8398,8306,8390,8202,8487,8598,8417,8345,8449,8539,8445,8083,8405,8439,8535,8587,8514,8041|
03/04/2026 11:03:04|8985,9253,9726,9638,9283,8829,9293,9475,9257,9024,9341,9195,8728,8394,8212,8521,8574,8358,8187,8345,8613,8358,8284,8383,8496,8306,8318,8341,8209,8244,8221,8521,8570,8063,8044,8058,8303,8601,8562,8335,8262,8126,8411,8335,8371,8165,8480,8622,8444,8329,8464,8563,8457,8060,8395,8442,8540,8599,8520,8060|
03/04/2026 11:03:05|8942,9253,9727,9632,9273,8802,9227,9425,9225,8989,9306,9150,8632,8324,8143,8504,8547,8326,8140,8365,8601,8350,8274,8372,8510,8316,8324,8378,8217,8223,8158,8509,8587,8108,8107,8101,8316,8634,8616,8372,8268,8077,8420,8360,8349,8124,8469,8644,8469,8312,8478,8586,8466,8033,8384,8444,8545,8610,8525,8080|
03/04/2026 11:03:06|8897,9251,9723,9621,9260,8772,9157,9371,9184,8948,9264,9097,8532,8254,8070,8480,8515,8290,8089,8378,8586,8343,8265,8360,8521,8325,8328,8411,8224,8203,8095,8494,8598,8146,8167,8144,8330,8663,8664,8406,8273,8030,8429,8381,8321,8077,8454,8664,8491,8294,8491,8608,8475,8005,8373,8443,8549,8621,8529,8101|
03/04/2026 11:03:07|8855,9244,9708,9599,9238,8738,9086,9310,9135,8902,9210,9036,8436,8187,8000,8447,8479,8249,8038,8384,8568,8330,8253,8343,8514,8327,8330,8435,8228,8183,8039,8476,8596,8166,8218,8180,8332,8681,8699,8432,8274,7991,8436,8395,8289,8030,8437,8676,8506,8280,8502,8628,8483,7984,8362,8437,8543,8628,8531,8123|
03/04/2026 11:03:08|8812,9229,9684,9563,9205,8704,9017,9243,9076,8845,9145,8965,8345,8120,7927,8399,8434,8201,7984,8383,8545,8307,8230,8316,8497,8325,8330,8449,8226,8161,7989,8451,8580,8173,8256,8201,8319,8684,8715,8448,8264,7954,8435,8401,8250,7990,8422,8687,8518,8266,8506,8641,8487,7965,8351,8423,8534,8635,8534,8143|
03/04/2026 11:03:09|8763,9206,9651,9517,9162,8669,8949,9173,9009,8780,9072,8884,8256,8052,7852,8336,8379,8144,7929,8377,8520,8278,8198,8282,8473,8320,8327,8453,8217,8138,7943,8417,8547,8168,8282,8207,8292,8672,8710,8454,8243,7919,8427,8398,8203,7956,8413,8699,8526,8251,8498,8646,8488,7946,8338,8401,8524,8640,8538,8158|
03/04/2026 11:03:10|8711,9177,9610,9463,9113,8634,8885,9101,8935,8710,8994,8795,8171,7982,7775,8260,8316,8079,7873,8366,8492,8245,8158,8243,8444,8314,8323,8450,8204,8113,7901,8377,8501,8153,8298,8199,8253,8648,8687,8450,8213,7885,8413,8389,8150,7929,8409,8710,8531,8235,8480,8645,8487,7926,8323,8373,8514,8645,8542,8170|
03/04/2026 11:03:11|8657,9141,9565,9403,9058,8600,8823,9027,8856,8634,8910,8700,8089,7912,7698,8175,8248,8010,7817,8352,8463,8207,8111,8199,8410,8306,8318,8440,8186,8086,7863,8331,8444,8129,8303,8180,8205,8613,8649,8438,8176,7852,8393,8373,8092,7906,8410,8721,8532,8218,8454,8639,8483,7905,8306,8338,8503,8648,8547,8177|
03/04/2026 11:03:12|8605,9105,9515,9343,9004,8567,8764,8955,8773,8561,8827,8603,8009,7847,7632,8095,8183,7947,7767,8331,8428,8165,8061,8152,8373,8296,8309,8423,8165,8057,7824,8279,8380,8097,8296,8154,8155,8573,8603,8416,8136,7824,8371,8353,8033,7886,8408,8723,8523,8196,8426,8631,8478,7885,8287,8302,8489,8648,8547,8176|
03/04/2026 11:03:13|8563,9073,9464,9287,8952,8535,8713,8890,8690,8497,8749,8509,7939,7793,7578,8023,8123,7892,7726,8311,8390,8120,8008,8102,8333,8282,8298,8401,8145,8028,7788,8227,8315,8066,8287,8128,8102,8526,8550,8389,8096,7800,8349,8331,7979,7870,8402,8714,8507,8176,8401,8623,8471,7861,8257,8258,8471,8641,8537,8170|
03/04/2026 11:03:14|8524,9042,9413,9231,8901,8500,8664,8829,8612,8436,8675,8418,7875,7749,7536,7958,8062,7837,7687,8286,8351,8077,7958,8052,8287,8261,8281,8372,8123,7999,7755,8178,8246,8035,8275,8103,8051,8476,8495,8359,8054,7780,8324,8301,7922,7850,8388,8697,8486,8157,8373,8606,8454,7833,8223,8208,8444,8625,8522,8167|
03/04/2026 11:03:15|8484,9013,9359,9175,8848,8462,8613,8766,8534,8376,8603,8328,7817,7709,7501,7898,8002,7779,7651,8255,8306,8035,7909,8000,8237,8232,8255,8335,8090,7965,7719,8119,8178,8002,8257,8075,8000,8411,8435,8327,8013,7754,8289,8262,7866,7826,8362,8666,8461,8136,8337,8577,8433,7811,8193,8158,8411,8599,8499,8161|
03/04/2026 11:03:16|8443,8983,9307,9119,8787,8425,8561,8697,8455,8319,8535,8241,7759,7675,7472,7842,7943,7726,7618,8220,8256,7991,7860,7945,8185,8197,8219,8291,8050,7927,7681,8045,8110,7965,8226,8044,7948,8325,8368,8290,7971,7721,8237,8208,7810,7802,8327,8622,8430,8111,8294,8539,8407,7794,8168,8109,8372,8565,8472,8154|
03/04/2026 11:03:17|8402,8954,9257,9064,8717,8389,8509,8625,8377,8267,8470,8157,7703,7645,7448,7790,7886,7677,7589,8182,8202,7948,7812,7889,8133,8158,8173,8241,8005,7887,7640,7959,8043,7927,8185,8008,7896,8221,8295,8247,7929,7682,8170,8140,7754,7778,8284,8567,8395,8081,8244,8495,8378,7781,8147,8061,8328,8525,8441,8147|
03/04/2026 11:03:18|8359,8925,9209,9009,8641,8353,8458,8550,8298,8218,8409,8076,7648,7620,7428,7741,7831,7632,7564,8141,8143,7904,7766,7833,8080,8116,8121,8187,7956,7844,7598,7863,7976,7887,8136,7969,7843,8103,8219,8201,7887,7638,8091,8060,7699,7754,8235,8504,8356,8047,8189,8446,8346,7772,8129,8014,8280,8479,8408,8139|
03/04/2026 11:03:19|8317,8897,9163,8955,8560,8319,8408,8473,8222,8173,8351,7999,7595,7599,7413,7697,7778,7591,7543,8099,8083,7861,7721,7777,8028,8071,8062,8130,7905,7801,7556,7760,7912,7847,8080,7928,7791,7973,8140,8153,7845,7591,8003,7971,7645,7732,8181,8434,8314,8010,8130,8393,8312,7766,8114,7969,8229,8429,8374,8131|
03/04/2026 11:03:20|8276,8870,9119,8903,8476,8287,8359,8397,8147,8132,8298,7926,7544,7582,7402,7656,7728,7554,7524,8055,8020,7819,7677,7721,7976,8025,7999,8070,7851,7756,7513,7652,7850,7806,8019,7885,7739,7835,8059,8102,7804,7540,7907,7875,7592,7710,8124,8358,8270,7972,8068,8337,8277,7762,8102,7925,8175,8376,8338,8122|
03/04/2026 11:03:21|8235,8844,9078,8853,8389,8256,8312,8320,8074,8094,8248,7857,7495,7569,7395,7618,7681,7521,7508,8010,7957,7778,7636,7667,7926,7977,7933,8010,7797,7711,7470,7539,7790,7766,7954,7841,7689,7691,7978,8050,7764,7488,7805,7774,7541,7688,8064,8278,8225,7932,8005,8278,8240,7761,8092,7884,8120,8321,8301,8114|
03/04/2026 11:03:22|8195,8819,9040,8805,8301,8227,8267,8244,8004,8060,8202,7792,7449,7559,7390,7584,7636,7492,7495,7966,7894,7738,7597,7614,7877,7930,7864,7948,7742,7667,7428,7425,7733,7726,7886,7796,7640,7543,7897,7998,7725,7435,7700,7670,7492,7668,8002,8196,8179,7892,7941,8219,8204,7763,8085,7844,8065,8265,8264,8105|
03/04/2026 11:03:23|8157,8795,9005,8759,8214,8200,8224,8170,7937,8030,8160,7732,7405,7551,7388,7553,7595,7467,7485,7922,7832,7700,7560,7563,7830,7882,7795,7887,7687,7623,7386,7311,7679,7687,7816,7752,7593,7393,7817,7946,7688,7381,7592,7563,7446,7649,7939,8113,8133,7851,7876,8159,8167,7766,8081,7807,8009,8208,8228,8097|
03/04/2026 11:03:24|8120,8772,8971,8716,8127,8174,8183,8099,7874,8002,8122,7676,7364,7547,7389,7526,7556,7444,7476,7879,7771,7663,7526,7513,7784,7835,7724,7827,7633,7581,7346,7196,7628,7649,7745,7708,7548,7243,7738,7894,7653,7328,7484,7456,7401,7631,7877,8029,8088,7810,7812,8100,8131,7771,8078,7772,7954,8151,8191,8089|
03/04/2026 11:03:25|8085,8751,8941,8675,8042,8151,8145,8029,7814,7978,8087,7624,7326,7544,7391,7501,7520,7425,7470,7836,7711,7629,7494,7466,7742,7789,7655,7768,7580,7539,7307,7084,7580,7613,7674,7665,7505,7095,7662,7844,7620,7275,7375,7349,7360,7614,7815,7945,8043,7770,7749,8041,8095,7777,8076,7739,7900,8094,8156,8081|
03/04/2026 11:03:26|8051,8731,8913,8637,7959,8129,8109,7963,7757,7957,8055,7577,7290,7543,7395,7480,7487,7408,7465,7796,7653,7596,7464,7422,7701,7744,7586,7710,7528,7499,7270,6974,7536,7578,7604,7623,7465,6949,7589,7795,7588,7223,7268,7244,7321,7598,7754,7863,7999,7731,7688,7984,8060,7784,8077,7708,7848,8039,8121,8073|
03/04/2026 11:03:27|8020,8713,8888,8602,7879,8109,8075,7899,7705,7938,8027,7533,7257,7544,7401,7460,7457,7394,7462,7756,7598,7566,7436,7380,7663,7700,7519,7655,7478,7461,7235,6867,7494,7545,7535,7583,7427,6807,7519,7747,7558,7172,7163,7141,7284,7584,7694,7783,7957,7692,7628,7928,8027,7792,8078,7680,7797,7985,8088,8066|
03/04/2026 11:03:28|7990,8696,8865,8569,7801,8090,8044,7839,7656,7922,8002,7494,7227,7547,7408,7444,7430,7382,7461,7719,7545,7538,7411,7341,7627,7659,7453,7601,7430,7425,7201,6764,7456,7513,7468,7544,7392,6669,7452,7702,7530,7124,7061,7041,7250,7570,7637,7705,7916,7655,7571,7874,7994,7801,8080,7654,7748,7933,8056,8058|
03/04/2026 11:03:29|7963,8680,8844,8539,7729,8073,8015,7784,7611,7909,7980,7459,7200,7550,7416,7429,7404,7372,7461,7684,7495,7511,7388,7304,7593,7620,7391,7551,7386,7391,7170,6666,7421,7483,7403,7507,7359,6538,7390,7659,7505,7078,6963,6946,7219,7558,7582,7629,7876,7620,7517,7823,7964,7810,8084,7631,7702,7884,8026,8051|
03/04/2026 11:03:30|7942,8667,8825,8518,7670,8059,7991,7739,7579,7901,7963,7435,7183,7556,7424,7410,7380,7364,7465,7654,7449,7486,7369,7274,7557,7586,7338,7510,7355,7368,7147,6586,7391,7454,7339,7473,7329,6432,7340,7625,7490,7045,6881,6868,7195,7549,7534,7557,7830,7588,7471,7778,7938,7820,8087,7615,7665,7845,8002,8040|
03/04/2026 11:03:31|7928,8656,8809,8507,7629,8047,7971,7708,7564,7901,7950,7423,7178,7564,7431,7383,7354,7358,7477,7632,7409,7462,7356,7250,7518,7559,7297,7479,7341,7359,7132,6526,7367,7425,7278,7441,7301,6357,7308,7602,7488,7029,6817,6811,7180,7545,7494,7487,7775,7558,7434,7742,7918,7830,8089,7608,7640,7819,7985,8024|
03/04/2026 11:03:32|7921,8648,8795,8504,7604,8037,7956,7689,7561,7907,7941,7421,7183,7572,7438,7352,7329,7352,7493,7616,7375,7439,7348,7232,7478,7538,7267,7459,7342,7361,7126,6485,7349,7397,7219,7412,7278,6308,7290,7589,7496,7027,6771,6774,7172,7545,7463,7422,7714,7532,7406,7713,7903,7839,8090,7608,7625,7805,7973,8004|
03/04/2026 11:03:33|7918,8642,8782,8501,7588,8032,7946,7673,7561,7914,7933,7427,7194,7579,7442,7328,7310,7343,7510,7609,7351,7421,7343,7220,7443,7526,7250,7447,7349,7372,7132,6468,7342,7371,7168,7390,7263,6283,7283,7587,7514,7038,6743,6756,7174,7553,7444,7371,7659,7513,7385,7688,7891,7841,8084,7608,7620,7801,7965,7980|
03/04/2026 11:03:34|7919,8638,8768,8493,7579,8032,7943,7656,7561,7922,7924,7438,7206,7581,7443,7314,7298,7329,7527,7609,7337,7407,7341,7213,7416,7522,7246,7443,7360,7388,7150,6475,7346,7350,7127,7376,7258,6279,7285,7593,7540,7060,6734,6755,7189,7569,7440,7337,7615,7504,7368,7665,7880,7833,8071,7605,7622,7805,7959,7954|
03/04/2026 11:03:35|7922,8635,8755,8481,7577,8037,7945,7638,7560,7929,7914,7454,7220,7580,7441,7309,7293,7312,7543,7617,7333,7398,7342,7210,7397,7527,7254,7446,7373,7408,7180,6502,7359,7333,7095,7369,7262,6292,7294,7607,7572,7092,6740,6769,7213,7592,7449,7318,7581,7502,7356,7644,7871,7815,8051,7598,7632,7817,7955,7926|
03/04/2026 11:03:36|7928,8633,8743,8467,7579,8045,7953,7621,7559,7937,7903,7474,7236,7575,7437,7312,7293,7292,7559,7632,7337,7392,7345,7211,7385,7538,7271,7454,7389,7433,7218,6547,7382,7319,7071,7369,7274,6320,7310,7628,7611,7132,6759,6795,7246,7622,7468,7313,7555,7507,7348,7625,7863,7790,8024,7590,7649,7836,7953,7896|
03/04/2026 11:03:37|7936,8633,8731,8450,7586,8057,7964,7604,7557,7944,7893,7497,7252,7568,7430,7322,7299,7269,7575,7651,7349,7390,7350,7215,7378,7555,7297,7467,7407,7461,7263,6607,7411,7309,7054,7373,7292,6361,7331,7655,7654,7179,6790,6832,7285,7656,7496,7320,7538,7519,7344,7607,7856,7758,7993,7579,7670,7860,7953,7866|
03/04/2026 11:03:38|7946,8633,8719,8431,7598,8071,7979,7586,7555,7951,7882,7522,7269,7559,7422,7338,7308,7244,7589,7675,7366,7391,7356,7222,7377,7576,7330,7484,7426,7491,7315,6678,7446,7301,7044,7382,7316,6413,7356,7686,7700,7230,6831,6878,7330,7695,7531,7336,7528,7535,7342,7591,7851,7721,7959,7567,7695,7888,7953,7835|
03/04/2026 11:03:39|7957,8635,8708,8410,7612,8088,7996,7569,7552,7958,7871,7549,7287,7548,7412,7358,7322,7218,7603,7702,7389,7394,7364,7231,7380,7601,7368,7505,7446,7523,7371,6760,7486,7295,7039,7396,7344,6474,7385,7721,7749,7286,6879,6931,7379,7736,7573,7362,7524,7555,7344,7577,7847,7681,7921,7554,7724,7919,7955,7804|
03/04/2026 11:03:40|7969,8637,8698,8388,7629,8106,8016,7553,7550,7965,7860,7577,7305,7536,7401,7383,7338,7192,7616,7732,7416,7400,7373,7242,7388,7630,7411,7528,7467,7557,7430,6849,7530,7292,7039,7412,7376,6542,7417,7758,7800,7344,6934,6990,7432,7780,7620,7394,7526,7579,7347,7564,7843,7637,7881,7540,7756,7953,7958,7773|
03/04/2026 11:03:41|7983,8642,8692,8370,7650,8129,8041,7542,7551,7975,7852,7608,7326,7526,7391,7411,7358,7168,7629,7762,7446,7406,7384,7255,7398,7659,7456,7552,7485,7587,7491,6943,7575,7292,7045,7432,7410,6613,7451,7794,7850,7403,6993,7052,7484,7823,7667,7428,7530,7605,7354,7555,7839,7594,7842,7529,7789,7987,7962,7746|
03/04/2026 11:03:42|8000,8646,8688,8359,7673,8159,8072,7537,7558,7985,7851,7636,7354,7522,7387,7439,7380,7151,7644,7789,7478,7418,7402,7273,7403,7682,7495,7574,7498,7610,7550,7041,7620,7293,7057,7451,7444,6685,7484,7825,7898,7462,7055,7115,7530,7860,7712,7462,7538,7632,7365,7551,7839,7563,7808,7521,7820,8014,7966,7727|
03/04/2026 11:03:43|8021,8647,8684,8352,7693,8193,8107,7535,7566,7993,7856,7660,7387,7526,7393,7464,7402,7140,7663,7814,7510,7440,7428,7296,7398,7699,7528,7596,7506,7626,7607,7140,7662,7293,7071,7468,7478,6759,7517,7855,7944,7522,7120,7178,7568,7890,7755,7500,7554,7660,7379,7553,7845,7544,7777,7516,7850,8034,7971,7714|
03/04/2026 11:03:44|8045,8648,8682,8350,7713,8229,8144,7540,7575,7998,7865,7680,7423,7534,7407,7492,7429,7139,7686,7836,7542,7468,7459,7322,7389,7711,7556,7620,7515,7640,7662,7240,7703,7296,7091,7486,7511,6833,7552,7883,7986,7583,7188,7241,7603,7916,7798,7540,7576,7690,7398,7563,7856,7537,7752,7513,7877,8050,7976,7706|
03/04/2026 11:03:45|8074,8657,8688,8355,7737,8268,8186,7556,7586,8001,7873,7691,7454,7546,7431,7527,7466,7154,7715,7857,7579,7500,7491,7355,7386,7719,7582,7649,7536,7662,7716,7340,7749,7310,7118,7504,7541,6911,7589,7906,8017,7642,7259,7310,7643,7941,7841,7582,7606,7725,7423,7581,7874,7541,7738,7517,7906,8069,7985,7704|
03/04/2026 11:03:46|8108,8673,8703,8365,7763,8310,8232,7584,7597,8001,7878,7692,7478,7559,7464,7570,7511,7184,7747,7878,7620,7536,7522,7394,7391,7722,7607,7682,7567,7691,7770,7440,7798,7335,7150,7520,7564,6990,7628,7923,8034,7699,7335,7384,7689,7966,7883,7626,7643,7763,7452,7608,7897,7556,7735,7528,7938,8091,8000,7711|
03/04/2026 11:03:47|8146,8695,8725,8381,7790,8353,8281,7621,7608,7999,7882,7682,7497,7574,7504,7620,7564,7227,7782,7896,7665,7574,7552,7437,7401,7721,7630,7719,7606,7727,7824,7540,7850,7369,7185,7534,7581,7071,7668,7934,8040,7752,7413,7462,7740,7990,7925,7670,7685,7804,7483,7642,7925,7578,7741,7547,7972,8116,8021,7724|
03/04/2026 11:03:48|8186,8723,8752,8401,7819,8398,8333,7665,7620,7995,7883,7664,7510,7590,7550,7675,7622,7281,7819,7914,7711,7614,7580,7484,7417,7716,7652,7759,7652,7768,7876,7637,7905,7411,7223,7545,7593,7152,7708,7941,8036,7801,7493,7544,7793,8013,7966,7714,7731,7846,7517,7682,7956,7608,7756,7570,8007,8142,8045,7743|
03/04/2026 11:03:49|8228,8754,8785,8424,7849,8444,8386,7716,7630,7989,7883,7639,7519,7606,7600,7733,7684,7343,7857,7930,7760,7654,7606,7534,7437,7709,7673,7800,7704,7812,7928,7732,7960,7459,7263,7555,7601,7233,7748,7943,8023,7848,7573,7627,7849,8034,8005,7757,7781,7890,7552,7726,7991,7644,7777,7599,8043,8170,8072,7767|
03/04/2026 11:03:50|8271,8789,8821,8451,7878,8489,8440,7771,7641,7982,7882,7608,7524,7624,7653,7794,7750,7412,7896,7944,7810,7695,7631,7586,7461,7699,7692,7843,7760,7860,7978,7823,8015,7512,7305,7563,7604,7313,7788,7942,8002,7891,7653,7710,7907,8055,8042,7800,7833,7934,7587,7774,8027,7685,7805,7631,8080,8198,8101,7795|
03/04/2026 11:03:51|8316,8825,8858,8476,7906,8530,8489,7824,7649,7975,7880,7574,7525,7641,7706,7854,7814,7478,7931,7956,7856,7734,7653,7635,7483,7687,7708,7883,7817,7906,8023,7906,8067,7566,7348,7572,7608,7391,7825,7938,7976,7928,7729,7786,7962,8075,8078,7841,7884,7977,7623,7822,8065,7729,7835,7664,8116,8224,8131,7827|
03/04/2026 11:03:52|8359,8858,8890,8494,7927,8557,8521,7859,7652,7968,7882,7546,7523,7653,7745,7905,7868,7532,7955,7962,7890,7764,7669,7676,7500,7675,7719,7913,7864,7941,8057,7972,8108,7615,7390,7580,7616,7470,7858,7930,7947,7957,7796,7849,8011,8094,8111,7878,7929,8019,7657,7862,8099,7770,7863,7694,8144,8243,8158,7857|
03/04/2026 11:03:53|8401,8887,8914,8510,7945,8574,8542,7884,7651,7952,7883,7523,7515,7659,7772,7945,7909,7578,7972,7960,7913,7787,7681,7712,7516,7662,7725,7932,7898,7964,8081,8028,8140,7651,7424,7578,7624,7545,7887,7916,7919,7983,7855,7903,8053,8108,8137,7913,7967,8057,7692,7901,8134,7806,7885,7714,8162,8254,8177,7881|
03/04/2026 11:03:54|8438,8912,8932,8518,7958,8580,8554,7901,7645,7917,7880,7505,7505,7657,7794,7977,7942,7620,7982,7953,7928,7803,7686,7740,7530,7646,7725,7938,7917,7970,8092,8074,8163,7672,7445,7565,7632,7617,7913,7902,7894,8004,7908,7949,8089,8119,8156,7946,8004,8087,7726,7940,8170,7844,7907,7735,8179,8265,8190,7902|
03/04/2026 11:03:55|8472,8933,8944,8521,7964,8574,8559,7911,7636,7864,7875,7491,7494,7649,7812,8004,7969,7657,7985,7941,7936,7814,7684,7760,7541,7627,7718,7931,7925,7963,8092,8110,8177,7681,7456,7542,7639,7686,7937,7889,7871,8022,7956,7990,8121,8128,8169,7977,8041,8108,7757,7978,8210,7887,7931,7757,8196,8275,8198,7920|
03/04/2026 11:03:56|8502,8951,8951,8519,7967,8561,8557,7916,7624,7801,7865,7480,7482,7637,7825,8025,7990,7688,7983,7924,7934,7817,7677,7772,7549,7605,7703,7914,7921,7944,8081,8136,8177,7678,7460,7516,7647,7750,7957,7872,7847,8032,7996,8022,8145,8134,8176,8006,8075,8121,7783,8011,8246,7929,7953,7777,8212,8285,8203,7937|
03/04/2026 11:03:57|8524,8959,8951,8518,7969,8541,8545,7915,7610,7739,7850,7471,7470,7627,7834,8036,8004,7714,7973,7904,7924,7809,7667,7775,7548,7581,7685,7889,7910,7918,8064,8148,8161,7668,7459,7491,7652,7804,7968,7847,7819,8034,8025,8043,8159,8128,8180,8031,8103,8127,7803,8034,8271,7964,7969,7793,8224,8293,8203,7949|
03/04/2026 11:03:58|8538,8954,8942,8514,7968,8510,8523,7904,7593,7682,7834,7466,7462,7620,7840,8040,8010,7737,7955,7883,7914,7801,7659,7777,7544,7558,7665,7855,7890,7892,8046,8148,8140,7655,7453,7463,7646,7847,7973,7822,7790,8031,8040,8057,8162,8109,8176,8050,8125,8127,7820,8052,8291,7994,7982,7807,8234,8301,8200,7951|
03/04/2026 11:03:59|8546,8936,8925,8506,7963,8471,8492,7885,7573,7629,7818,7467,7460,7615,7845,8037,8009,7757,7930,7861,7905,7793,7654,7776,7538,7537,7645,7815,7862,7866,8026,8137,8115,7639,7441,7433,7632,7879,7974,7799,7762,8023,8042,8065,8158,8080,8168,8066,8142,8122,7835,8068,8306,8020,7991,7818,8242,8308,8192,7942|
03/04/2026 11:04:00|8547,8907,8901,8497,7954,8425,8455,7858,7551,7581,7801,7472,7462,7612,7848,8030,8002,7776,7899,7839,7897,7787,7651,7775,7531,7516,7624,7769,7829,7840,8005,8117,8087,7622,7426,7400,7611,7902,7972,7776,7735,8012,8033,8066,8145,8041,8154,8078,8155,8113,7847,8082,8317,8042,7997,7827,8249,8315,8181,7926|
03/04/2026 11:04:01|8543,8870,8872,8486,7944,8374,8411,7825,7527,7536,7783,7480,7468,7612,7850,8018,7990,7792,7864,7817,7890,7781,7650,7773,7522,7497,7604,7719,7790,7816,7984,8088,8057,7603,7407,7367,7583,7916,7966,7755,7708,7997,8014,8063,8127,7994,8136,8086,8164,8100,7858,8093,8325,8060,8000,7835,8255,8321,8167,7902|
03/04/2026 11:04:02|8535,8825,8838,8473,7931,8318,8364,7788,7502,7496,7766,7491,7478,7614,7850,8002,7973,7807,7824,7795,7884,7776,7650,7769,7511,7480,7584,7665,7747,7792,7962,8053,8025,7583,7385,7333,7550,7923,7958,7735,7682,7981,7987,8056,8103,7941,8115,8092,8169,8083,7867,8102,8329,8074,8001,7840,8259,8327,8151,7872|
03/04/2026 11:04:03|8523,8774,8801,8459,7917,8260,8313,7746,7477,7459,7749,7505,7490,7616,7850,7983,7953,7820,7781,7773,7878,7772,7653,7765,7500,7463,7564,7609,7702,7769,7941,8012,7992,7563,7361,7298,7512,7923,7947,7717,7657,7962,7954,8045,8075,7884,8091,8095,8171,8064,7874,8109,8331,8086,8000,7845,8262,8332,8133,7837|
03/04/2026 11:04:04|8508,8719,8761,8445,7902,8199,8260,7702,7451,7427,7732,7520,7505,7621,7849,7962,7930,7831,7736,7751,7873,7768,7656,7760,7488,7448,7545,7552,7654,7747,7919,7967,7958,7542,7336,7264,7472,7918,7934,7699,7634,7942,7915,8031,8044,7823,8065,8096,8171,8043,7880,8114,8330,8094,7998,7848,8264,8336,8114,7798|
03/04/2026 11:04:05|8490,8660,8719,8429,7885,8137,8205,7655,7425,7397,7716,7538,7522,7626,7847,7938,7904,7841,7690,7730,7869,7765,7661,7755,7476,7434,7526,7494,7605,7726,7899,7919,7924,7521,7309,7230,7429,7908,7920,7683,7612,7920,7871,8015,8010,7759,8037,8095,8168,8020,7884,8118,8327,8101,7993,7849,8266,8340,8093,7756|
03/04/2026 11:04:06|8470,8598,8675,8413,7868,8074,8149,7607,7399,7372,7700,7556,7540,7632,7845,7914,7877,7849,7643,7710,7866,7762,7667,7750,7464,7422,7508,7436,7555,7706,7878,7868,7890,7501,7282,7197,7384,7894,7905,7669,7591,7898,7824,7997,7973,7694,8008,8092,8164,7997,7887,8120,8323,8105,7988,7850,8266,8344,8073,7712|
03/04/2026 11:04:07|8448,8536,8631,8397,7850,8012,8093,7559,7373,7349,7685,7575,7559,7639,7842,7888,7848,7856,7595,7691,7863,7760,7673,7744,7451,7410,7491,7378,7505,7687,7859,7816,7856,7480,7254,7164,7339,7877,7889,7656,7571,7876,7775,7977,7936,7628,7979,8087,8157,7972,7889,8122,8316,8107,7982,7850,8266,8347,8051,7667|
03/04/2026 11:04:08|8425,8472,8587,8381,7832,7950,8038,7510,7348,7329,7670,7595,7579,7646,7838,7861,7819,7862,7548,7673,7860,7758,7680,7738,7439,7400,7475,7322,7455,7670,7840,7763,7823,7460,7226,7133,7293,7857,7873,7643,7553,7853,7725,7956,7898,7563,7949,8081,8150,7947,7891,8122,8309,8107,7974,7849,8265,8349,8030,7621|
03/04/2026 11:04:09|8403,8410,8544,8366,7816,7891,7985,7463,7324,7313,7657,7616,7599,7654,7835,7835,7790,7866,7502,7656,7859,7757,7688,7732,7427,7391,7460,7268,7407,7654,7823,7710,7791,7441,7199,7104,7247,7835,7856,7633,7536,7830,7673,7935,7859,7498,7919,8074,8141,7922,7891,8121,8301,8106,7967,7848,8264,8351,8008,7575|
03/04/2026 11:04:10|8385,8360,8512,8356,7809,7848,7944,7427,7302,7302,7650,7639,7622,7662,7837,7816,7767,7864,7459,7644,7860,7757,7694,7727,7421,7386,7447,7222,7361,7641,7805,7661,7763,7428,7177,7080,7209,7813,7840,7626,7522,7806,7626,7914,7825,7440,7890,8066,8133,7898,7889,8119,8290,8106,7960,7846,8260,8350,7988,7534|
03/04/2026 11:04:11|8371,8319,8488,8348,7808,7816,7913,7402,7282,7293,7645,7661,7644,7672,7840,7796,7746,7853,7416,7632,7863,7756,7694,7721,7421,7385,7436,7181,7315,7622,7781,7614,7736,7418,7163,7065,7177,7794,7823,7618,7513,7785,7585,7895,7795,7397,7866,8059,8126,7871,7877,8111,8278,8106,7953,7843,8250,8339,7969,7500|
03/04/2026 11:04:12|8362,8285,8470,8338,7811,7787,7881,7384,7266,7287,7640,7678,7662,7678,7843,7773,7722,7838,7376,7615,7865,7751,7689,7714,7424,7388,7424,7145,7270,7599,7750,7569,7708,7411,7153,7052,7150,7774,7806,7605,7501,7764,7550,7877,7767,7364,7845,8051,8118,7848,7862,8098,8264,8104,7944,7837,8235,8325,7955,7476|
03/04/2026 11:04:13|8353,8262,8462,8333,7815,7760,7850,7375,7265,7292,7641,7695,7676,7683,7847,7753,7697,7824,7345,7597,7864,7739,7683,7705,7428,7390,7419,7118,7230,7577,7718,7525,7681,7409,7147,7048,7134,7754,7787,7590,7489,7743,7521,7860,7742,7338,7828,8042,8109,7832,7854,8087,8251,8102,7935,7827,8215,8313,7948,7461|
03/04/2026 11:04:14|8340,8245,8461,8335,7820,7737,7822,7374,7276,7309,7645,7705,7687,7683,7846,7738,7677,7815,7323,7576,7858,7726,7677,7694,7428,7389,7415,7099,7201,7556,7690,7485,7655,7410,7145,7048,7124,7735,7763,7571,7478,7724,7498,7841,7719,7319,7812,8030,8098,7820,7847,8076,8237,8097,7924,7818,8197,8300,7942,7452|
03/04/2026 11:04:15|8331,8238,8471,8339,7837,7724,7803,7383,7298,7336,7653,7714,7699,7678,7841,7721,7661,7811,7309,7552,7849,7713,7673,7683,7424,7384,7409,7084,7181,7540,7672,7457,7628,7410,7148,7050,7113,7713,7732,7539,7467,7708,7478,7812,7699,7310,7799,8014,8085,7808,7838,8062,8219,8089,7908,7812,8180,8284,7938,7448|
03/04/2026 11:04:16|8329,8244,8489,8340,7866,7726,7796,7405,7333,7375,7669,7723,7712,7671,7832,7704,7650,7812,7302,7525,7839,7704,7672,7673,7418,7377,7403,7070,7169,7529,7664,7441,7601,7408,7157,7053,7102,7689,7694,7494,7456,7696,7460,7770,7679,7308,7790,7995,8071,7799,7829,8048,8198,8076,7887,7809,8163,8265,7938,7450|
03/04/2026 11:04:17|8331,8260,8516,8341,7907,7743,7800,7438,7379,7424,7692,7731,7727,7662,7819,7686,7645,7818,7302,7496,7828,7698,7673,7663,7411,7367,7396,7059,7165,7522,7663,7434,7573,7404,7170,7056,7092,7664,7651,7437,7445,7687,7445,7718,7659,7313,7784,7973,8058,7792,7819,8033,8175,8059,7861,7807,8148,8244,7940,7458|
03/04/2026 11:04:18|8337,8285,8550,8341,7956,7770,7812,7479,7434,7481,7721,7739,7742,7651,7805,7667,7645,7829,7308,7466,7817,7694,7676,7655,7403,7358,7390,7051,7167,7518,7669,7436,7546,7399,7188,7061,7082,7638,7604,7373,7433,7681,7432,7659,7641,7324,7780,7950,8044,7787,7809,8019,8151,8040,7833,7808,8133,8222,7945,7470|
03/04/2026 11:04:19|8349,8315,8587,8347,8010,7803,7827,7523,7491,7541,7752,7752,7756,7642,7790,7648,7651,7846,7321,7441,7802,7692,7680,7651,7402,7356,7387,7048,7176,7519,7672,7439,7521,7393,7207,7069,7079,7614,7563,7316,7424,7670,7417,7600,7623,7335,7772,7928,8034,7785,7793,8006,8128,8022,7810,7813,8118,8196,7948,7485|
03/04/2026 11:04:20|8364,8352,8625,8363,8068,7840,7848,7568,7550,7601,7786,7771,7777,7640,7780,7628,7657,7862,7341,7427,7791,7691,7688,7651,7406,7361,7388,7048,7189,7521,7669,7446,7501,7385,7222,7078,7080,7592,7525,7271,7414,7657,7401,7541,7606,7346,7762,7898,8021,7785,7779,7992,8100,8004,7792,7818,8097,8161,7944,7499|
03/04/2026 11:04:21|8381,8392,8664,8386,8126,7882,7875,7617,7607,7658,7822,7793,7799,7647,7775,7611,7661,7872,7362,7420,7784,7692,7695,7652,7411,7371,7393,7050,7206,7524,7661,7456,7489,7381,7239,7092,7081,7572,7492,7234,7405,7640,7386,7487,7589,7357,7753,7871,8006,7786,7759,7974,8060,7983,7781,7824,8073,8122,7936,7518|
03/04/2026 11:04:22|8394,8434,8702,8411,8176,7921,7900,7664,7660,7710,7853,7807,7812,7650,7767,7592,7664,7875,7374,7409,7777,7694,7700,7654,7407,7378,7399,7055,7222,7526,7651,7467,7478,7378,7255,7108,7089,7551,7461,7204,7396,7623,7376,7441,7577,7371,7746,7847,7993,7788,7738,7949,8018,7961,7772,7832,8044,8078,7924,7538|
03/04/2026 11:04:23|8397,8470,8735,8436,8223,7958,7919,7707,7708,7755,7878,7819,7820,7651,7758,7574,7663,7873,7380,7397,7767,7690,7706,7658,7404,7387,7409,7066,7237,7524,7642,7479,7468,7375,7270,7125,7101,7531,7433,7182,7390,7608,7369,7403,7567,7383,7733,7816,7971,7780,7709,7913,7969,7934,7763,7843,8016,8027,7907,7553|
03/04/2026 11:04:24|8394,8506,8767,8463,8269,7996,7940,7749,7752,7792,7902,7835,7827,7653,7754,7564,7662,7868,7387,7389,7754,7677,7710,7660,7401,7399,7424,7082,7252,7519,7630,7488,7460,7374,7286,7139,7114,7515,7408,7170,7393,7596,7358,7373,7563,7396,7706,7775,7938,7758,7668,7862,7912,7895,7759,7859,7993,7964,7886,7567|
03/04/2026 11:04:25|8387,8540,8798,8490,8315,8038,7963,7792,7793,7822,7926,7853,7834,7654,7756,7562,7663,7862,7397,7385,7740,7655,7711,7660,7397,7415,7442,7102,7266,7513,7615,7495,7453,7373,7304,7151,7127,7502,7386,7166,7402,7588,7345,7351,7564,7409,7666,7724,7896,7724,7616,7798,7850,7846,7757,7878,7973,7891,7862,7581|
03/04/2026 11:04:26|8376,8572,8830,8518,8360,8081,7988,7835,7830,7846,7950,7874,7840,7656,7763,7567,7663,7854,7409,7384,7724,7625,7711,7658,7392,7432,7463,7126,7281,7505,7598,7499,7449,7373,7323,7161,7140,7491,7368,7169,7417,7582,7328,7335,7569,7423,7616,7665,7847,7680,7554,7726,7783,7788,7759,7900,7958,7810,7836,7594|
03/04/2026 11:04:27|8362,8603,8860,8546,8404,8125,8014,7877,7864,7864,7973,7897,7845,7658,7773,7577,7665,7846,7422,7386,7708,7589,7709,7654,7386,7451,7486,7153,7295,7495,7579,7501,7446,7373,7342,7169,7152,7482,7352,7179,7437,7578,7309,7325,7579,7437,7558,7601,7791,7628,7486,7645,7713,7723,7763,7924,7945,7722,7808,7607|
03/04/2026 11:04:28|8347,8632,8889,8574,8447,8169,8041,7919,7895,7876,7996,7921,7850,7660,7787,7592,7667,7838,7436,7391,7691,7548,7705,7649,7380,7472,7511,7182,7309,7485,7558,7502,7444,7375,7362,7176,7165,7476,7338,7195,7461,7576,7288,7321,7592,7451,7493,7532,7730,7569,7412,7558,7640,7652,7769,7951,7936,7630,7780,7619|
03/04/2026 11:04:29|8329,8659,8917,8602,8488,8214,8069,7959,7923,7884,8017,7947,7854,7661,7803,7611,7669,7828,7451,7397,7674,7503,7700,7643,7374,7494,7537,7212,7322,7474,7537,7501,7443,7376,7382,7181,7177,7472,7327,7214,7488,7576,7266,7320,7607,7465,7424,7461,7666,7505,7334,7468,7567,7578,7777,7978,7929,7535,7750,7630|
03/04/2026 11:04:30|8310,8684,8944,8629,8527,8258,8097,7998,7948,7888,8038,7973,7858,7663,7821,7634,7671,7819,7467,7406,7656,7455,7694,7637,7367,7517,7564,7244,7335,7462,7515,7499,7444,7378,7402,7184,7188,7469,7318,7238,7517,7578,7243,7324,7625,7478,7350,7387,7600,7438,7253,7374,7493,7501,7786,8007,7925,7437,7720,7640|
03/04/2026 11:04:31|8289,8708,8970,8656,8565,8301,8125,8036,7969,7889,8057,7999,7861,7665,7841,7659,7674,7809,7483,7416,7638,7406,7687,7629,7361,7539,7592,7276,7347,7450,7493,7495,7445,7380,7422,7186,7199,7468,7310,7264,7548,7581,7219,7331,7644,7491,7274,7312,7532,7368,7171,7279,7420,7422,7796,8036,7922,7340,7690,7650|
03/04/2026 11:04:32|8268,8730,8994,8681,8600,8344,8152,8072,7989,7886,8076,8026,7864,7667,7862,7686,7677,7799,7499,7427,7621,7354,7680,7621,7354,7562,7619,7309,7359,7438,7471,7491,7447,7383,7441,7187,7210,7468,7305,7293,7581,7585,7196,7341,7664,7504,7196,7237,7463,7296,7088,7183,7349,7343,7807,8065,7922,7243,7660,7659|
03/04/2026 11:04:33|8248,8750,9016,8706,8632,8384,8180,8107,8006,7881,8094,8052,7867,7670,7885,7714,7680,7790,7515,7440,7604,7303,7672,7613,7348,7585,7647,7341,7370,7426,7450,7486,7450,7385,7460,7188,7220,7470,7301,7324,7615,7590,7172,7354,7685,7516,7119,7164,7396,7224,7007,7090,7279,7265,7819,8093,7923,7148,7632,7668|
03/04/2026 11:04:34|8236,8770,9035,8730,8662,8426,8211,8141,8026,7879,8114,8079,7875,7678,7908,7737,7687,7786,7536,7458,7592,7261,7667,7609,7347,7608,7672,7371,7381,7422,7438,7484,7456,7387,7481,7195,7232,7475,7301,7358,7651,7597,7156,7371,7702,7529,7055,7103,7338,7160,6937,7012,7220,7198,7829,8117,7924,7072,7611,7681|
03/04/2026 11:04:35|8236,8797,9055,8755,8691,8469,8247,8173,8048,7889,8142,8108,7885,7689,7934,7759,7697,7783,7559,7484,7587,7229,7663,7611,7354,7633,7699,7404,7398,7423,7434,7489,7469,7394,7504,7209,7247,7482,7307,7396,7689,7605,7148,7390,7719,7543,7007,7055,7295,7114,6878,6954,7177,7146,7834,8136,7924,7014,7595,7691|
03/04/2026 11:04:36|8245,8827,9063,8776,8718,8507,8282,8200,8070,7906,8169,8135,7893,7699,7959,7784,7713,7782,7582,7511,7588,7208,7659,7612,7365,7656,7723,7437,7419,7431,7433,7494,7480,7398,7515,7223,7264,7495,7316,7430,7719,7611,7143,7405,7729,7555,6970,7017,7263,7075,6826,6911,7148,7110,7835,8144,7916,6969,7579,7698|
03/04/2026 11:04:37|8261,8857,9056,8791,8742,8540,8312,8219,8091,7929,8191,8157,7897,7704,7982,7811,7735,7787,7607,7538,7594,7195,7652,7612,7378,7675,7743,7468,7442,7448,7437,7497,7488,7397,7512,7235,7283,7513,7331,7458,7741,7615,7144,7418,7731,7560,6944,6988,7238,7041,6785,6881,7130,7089,7834,8137,7900,6934,7563,7703|
03/04/2026 11:04:38|8284,8887,9035,8802,8763,8568,8337,8230,8110,7957,8209,8176,7898,7706,8002,7838,7763,7795,7634,7564,7604,7190,7644,7610,7393,7691,7757,7497,7467,7470,7446,7499,7494,7393,7498,7245,7305,7535,7350,7482,7754,7618,7148,7429,7726,7561,6926,6966,7221,7011,6754,6862,7120,7082,7830,8120,7877,6908,7548,7707|
03/04/2026 11:04:39|8311,8917,9003,8808,8783,8592,8359,8234,8129,7988,8224,8191,7897,7704,8020,7865,7795,7808,7661,7589,7617,7192,7635,7606,7409,7704,7768,7523,7493,7497,7458,7499,7497,7384,7474,7253,7329,7562,7373,7501,7761,7620,7157,7438,7716,7558,6916,6951,7210,6986,6732,6852,7119,7087,7824,8092,7847,6892,7533,7709|
03/04/2026 11:04:40|8342,8947,8961,8811,8800,8611,8377,8233,8147,8023,8236,8204,7893,7700,8037,7893,7830,7823,7689,7613,7634,7200,7625,7601,7426,7714,7774,7548,7519,7529,7472,7499,7498,7373,7441,7260,7354,7592,7398,7516,7762,7620,7168,7444,7700,7551,6912,6942,7205,6964,6718,6851,7125,7102,7816,8056,7812,6883,7519,7710|
03/04/2026 11:04:41|8377,8976,8911,8810,8815,8626,8391,8227,8163,8059,8245,8213,7887,7693,8051,7920,7869,7841,7717,7637,7652,7214,7614,7595,7443,7721,7778,7570,7546,7564,7489,7498,7498,7359,7401,7266,7380,7624,7426,7527,7758,7619,7182,7450,7679,7542,6915,6939,7205,6946,6710,6857,7136,7125,7807,8013,7773,6880,7505,7710|
03/04/2026 11:04:42|8414,9003,8854,8807,8828,8638,8403,8217,8178,8097,8251,8220,7879,7684,8064,7947,7909,7861,7745,7659,7673,7231,7602,7589,7461,7727,7779,7591,7573,7602,7509,7496,7496,7343,7355,7270,7407,7657,7456,7536,7749,7617,7198,7453,7656,7529,6923,6940,7209,6931,6709,6870,7153,7156,7796,7965,7730,6884,7492,7709|
03/04/2026 11:04:43|8455,9032,8800,8803,8839,8649,8414,8205,8194,8135,8257,8227,7874,7677,8074,7971,7949,7881,7771,7680,7695,7253,7594,7583,7480,7731,7778,7610,7601,7642,7529,7496,7496,7330,7311,7274,7435,7692,7486,7542,7740,7615,7216,7458,7631,7518,6934,6949,7219,6922,6714,6891,7176,7195,7790,7919,7690,6895,7485,7712|
03/04/2026 11:04:44|8496,9060,8758,8802,8847,8655,8425,8198,8210,8169,8265,8235,7878,7676,8083,7989,7981,7896,7794,7700,7717,7278,7591,7583,7501,7735,7775,7627,7631,7683,7551,7502,7506,7330,7278,7286,7466,7726,7514,7544,7736,7622,7241,7467,7611,7512,6948,6967,7238,6925,6729,6921,7210,7242,7795,7886,7659,6919,7491,7723|
03/04/2026 11:04:45|8539,9089,8729,8811,8861,8668,8439,8196,8228,8204,8281,8250,7893,7689,8099,8010,8010,7910,7814,7722,7745,7309,7595,7589,7527,7738,7768,7643,7657,7724,7577,7515,7524,7338,7260,7305,7496,7750,7542,7551,7737,7637,7276,7483,7598,7513,6969,6991,7264,6943,6754,6960,7249,7293,7803,7858,7638,6949,7501,7739|
03/04/2026 11:04:46|8579,9118,8714,8825,8882,8690,8457,8200,8250,8243,8306,8275,7917,7710,8120,8037,8044,7927,7832,7751,7777,7346,7605,7600,7556,7739,7759,7662,7686,7767,7610,7537,7545,7356,7255,7331,7531,7776,7574,7565,7743,7659,7319,7502,7590,7521,7000,7017,7296,6969,6790,7005,7294,7345,7813,7835,7626,6982,7508,7756|
03/04/2026 11:04:47|8602,9145,8708,8837,8902,8716,8475,8208,8267,8281,8334,8301,7940,7727,8139,8061,8076,7944,7855,7780,7810,7384,7618,7613,7583,7744,7759,7684,7715,7803,7644,7562,7573,7382,7258,7362,7567,7805,7603,7579,7752,7685,7360,7518,7583,7534,7034,7048,7336,7006,6835,7057,7344,7401,7829,7820,7624,7021,7520,7778|
03/04/2026 11:04:48|8619,9172,8710,8848,8913,8742,8494,8220,8284,8320,8363,8323,7960,7741,8154,8083,8105,7962,7879,7809,7843,7424,7629,7622,7603,7754,7768,7709,7737,7812,7673,7591,7607,7413,7265,7393,7602,7832,7631,7595,7762,7710,7392,7525,7574,7547,7069,7081,7378,7051,6886,7110,7396,7459,7847,7802,7627,7066,7538,7805|
03/04/2026 11:04:49|8630,9196,8717,8860,8914,8768,8514,8234,8300,8358,8393,8341,7976,7756,8165,8104,8130,7982,7905,7839,7876,7465,7638,7627,7616,7768,7785,7737,7752,7796,7696,7623,7646,7449,7276,7424,7633,7858,7660,7611,7774,7733,7416,7525,7564,7560,7104,7115,7421,7101,6943,7163,7448,7518,7865,7782,7635,7115,7563,7836|
03/04/2026 11:04:50|8638,9219,8729,8871,8907,8792,8533,8252,8317,8396,8424,8355,7988,7769,8173,8125,8153,8003,7931,7867,7909,7507,7646,7629,7623,7785,7810,7767,7761,7758,7714,7658,7688,7488,7290,7453,7663,7883,7689,7628,7786,7755,7431,7517,7551,7574,7139,7151,7466,7156,7003,7216,7499,7577,7885,7760,7648,7168,7592,7870|
03/04/2026 11:04:51|8643,9241,8748,8886,8899,8818,8556,8273,8337,8435,8456,8370,8002,7786,8182,8146,8174,8026,7958,7895,7941,7549,7652,7630,7626,7801,7837,7796,7767,7710,7731,7695,7732,7528,7305,7481,7690,7905,7718,7645,7794,7774,7442,7509,7539,7587,7175,7189,7510,7212,7064,7265,7550,7635,7903,7738,7660,7222,7623,7903|
03/04/2026 11:04:52|8650,9262,8774,8906,8897,8850,8585,8301,8363,8473,8489,8389,8022,7808,8196,8167,8195,8047,7978,7913,7962,7589,7658,7630,7627,7810,7858,7821,7775,7672,7751,7736,7775,7562,7315,7500,7715,7927,7745,7662,7800,7791,7458,7508,7531,7597,7210,7230,7555,7269,7121,7308,7594,7689,7913,7717,7666,7272,7647,7926|
03/04/2026 11:04:53|8657,9278,8800,8927,8897,8882,8618,8334,8388,8505,8519,8403,8041,7831,8211,8184,8212,8056,7986,7922,7967,7623,7666,7631,7629,7814,7873,7846,7786,7644,7773,7778,7817,7589,7315,7504,7739,7949,7770,7679,7810,7811,7481,7516,7530,7601,7237,7274,7600,7325,7178,7350,7630,7738,7922,7702,7674,7317,7665,7946|
03/04/2026 11:04:54|8666,9291,8826,8948,8898,8915,8655,8370,8410,8529,8544,8412,8059,7853,8224,8197,8225,8054,7983,7922,7958,7650,7675,7630,7633,7815,7882,7869,7801,7626,7796,7819,7857,7611,7306,7496,7760,7971,7791,7695,7824,7833,7508,7530,7535,7599,7257,7319,7645,7381,7235,7391,7657,7782,7932,7692,7684,7357,7679,7963|
03/04/2026 11:04:55|8679,9304,8855,8970,8900,8947,8692,8412,8431,8551,8568,8421,8077,7878,8239,8210,8237,8048,7979,7922,7943,7674,7687,7633,7637,7819,7888,7888,7816,7611,7818,7856,7890,7627,7291,7481,7772,7989,7810,7711,7835,7843,7526,7540,7542,7597,7272,7358,7680,7426,7283,7428,7679,7818,7935,7683,7695,7393,7686,7971|
03/04/2026 11:04:56|8691,9312,8881,8990,8903,8973,8727,8450,8447,8567,8589,8425,8093,7902,8250,8224,8249,8040,7973,7923,7925,7695,7699,7639,7641,7822,7889,7900,7824,7594,7825,7882,7916,7637,7278,7465,7769,7998,7827,7721,7842,7845,7532,7545,7551,7599,7284,7388,7703,7462,7328,7463,7694,7842,7924,7675,7707,7430,7687,7968|
03/04/2026 11:04:57|8703,9317,8903,9005,8901,8985,8752,8476,8450,8569,8601,8415,8101,7923,8255,8236,8261,8028,7961,7923,7907,7708,7707,7646,7646,7820,7884,7909,7824,7571,7814,7896,7937,7646,7268,7444,7753,7998,7841,7731,7845,7841,7523,7545,7563,7605,7296,7410,7717,7495,7372,7495,7703,7855,7901,7667,7718,7465,7689,7960|
03/04/2026 11:04:58|8715,9318,8921,9014,8895,8986,8767,8488,8441,8559,8606,8392,8099,7940,8253,8246,8270,8013,7944,7923,7889,7714,7712,7655,7651,7814,7874,7914,7817,7545,7789,7901,7953,7654,7261,7421,7729,7992,7853,7739,7844,7832,7500,7541,7578,7615,7310,7426,7725,7525,7414,7526,7709,7858,7869,7660,7725,7499,7692,7947|
03/04/2026 11:04:59|8723,9314,8933,9017,8884,8977,8768,8485,8422,8542,8601,8358,8086,7951,8243,8253,8279,8000,7927,7923,7870,7717,7718,7665,7650,7804,7860,7912,7807,7520,7759,7901,7966,7665,7260,7401,7704,7976,7861,7746,7841,7820,7473,7537,7595,7629,7321,7436,7728,7546,7451,7554,7710,7853,7831,7648,7719,7525,7691,7930|
03/04/2026 11:05:00|8731,9306,8940,9015,8870,8960,8748,8469,8398,8519,8585,8317,8058,7953,8231,8260,8287,7992,7916,7927,7855,7719,7726,7676,7638,7791,7844,7902,7794,7495,7725,7898,7977,7679,7269,7391,7681,7940,7861,7747,7835,7807,7448,7535,7616,7645,7336,7448,7730,7558,7479,7582,7713,7846,7793,7633,7699,7540,7685,7912|
03/04/2026 11:05:01|8738,9296,8942,9009,8854,8935,8710,8442,8368,8491,8560,8270,8016,7949,8218,8265,8295,7989,7913,7936,7843,7721,7735,7689,7616,7776,7826,7884,7779,7471,7688,7893,7984,7695,7287,7390,7659,7885,7854,7742,7827,7793,7425,7536,7638,7663,7354,7462,7732,7562,7501,7610,7716,7838,7757,7615,7671,7545,7675,7894|
03/04/2026 11:05:02|8746,9284,8940,9000,8836,8904,8657,8405,8335,8460,8526,8218,7962,7938,8204,8271,8304,7991,7915,7947,7835,7722,7746,7701,7584,7760,7807,7860,7762,7447,7649,7886,7990,7713,7311,7396,7637,7816,7842,7733,7816,7780,7405,7538,7663,7683,7375,7479,7734,7559,7516,7636,7721,7828,7721,7595,7634,7541,7661,7875|
03/04/2026 11:05:03|8753,9271,8935,8988,8818,8868,8592,8361,8299,8426,8487,8162,7900,7921,8188,8276,8312,7997,7923,7962,7829,7723,7758,7714,7546,7744,7788,7830,7744,7424,7608,7876,7993,7733,7342,7408,7617,7734,7824,7720,7803,7766,7387,7541,7688,7705,7398,7497,7736,7550,7525,7662,7727,7818,7688,7574,7591,7531,7644,7855|
03/04/2026 11:05:04|8760,9256,8927,8973,8798,8828,8517,8311,8260,8391,8443,8104,7831,7901,8172,8280,8318,8005,7934,7979,7825,7723,7770,7728,7502,7727,7768,7797,7726,7402,7566,7865,7994,7754,7377,7425,7598,7643,7802,7704,7789,7753,7371,7546,7713,7727,7422,7516,7737,7537,7530,7685,7733,7807,7655,7552,7543,7514,7625,7836|
03/04/2026 11:05:05|8766,9245,8922,8955,8779,8794,8451,8265,8221,8361,8403,8051,7767,7880,8158,8280,8310,8006,7939,7992,7822,7723,7780,7742,7465,7709,7748,7765,7706,7378,7523,7848,7990,7772,7412,7442,7578,7555,7774,7685,7772,7736,7357,7550,7733,7748,7446,7531,7737,7525,7529,7703,7735,7788,7617,7529,7495,7488,7596,7814|
03/04/2026 11:05:06|8770,9239,8925,8941,8764,8769,8403,8231,8190,8339,8372,8004,7714,7864,8145,8275,8277,7995,7926,7998,7820,7722,7778,7757,7438,7685,7725,7731,7684,7353,7477,7817,7977,7783,7445,7457,7557,7475,7741,7666,7754,7713,7346,7553,7739,7765,7467,7538,7737,7514,7518,7714,7734,7759,7570,7504,7451,7457,7556,7790|
03/04/2026 11:05:07|8771,9235,8933,8930,8755,8755,8370,8208,8168,8325,8347,7962,7671,7852,8134,8265,8223,7974,7897,7997,7819,7720,7767,7773,7421,7657,7701,7697,7658,7327,7430,7774,7954,7787,7475,7469,7535,7402,7705,7647,7734,7686,7337,7557,7734,7779,7484,7538,7735,7504,7498,7719,7729,7721,7516,7478,7412,7421,7507,7763|
03/04/2026 11:05:08|8770,9235,8947,8922,8750,8748,8351,8195,8154,8317,8329,7925,7636,7843,8125,8251,8151,7945,7853,7990,7819,7718,7748,7789,7412,7624,7674,7663,7629,7301,7381,7722,7925,7787,7502,7479,7512,7337,7667,7628,7714,7654,7331,7561,7719,7789,7499,7531,7733,7496,7470,7719,7721,7676,7455,7452,7376,7383,7449,7735|
03/04/2026 11:05:09|8769,9236,8963,8917,8748,8745,8341,8189,8145,8314,8316,7893,7611,7837,8112,8233,8072,7913,7804,7979,7819,7716,7723,7805,7410,7591,7644,7627,7602,7277,7334,7667,7893,7783,7529,7490,7491,7279,7629,7612,7693,7622,7327,7566,7700,7798,7511,7517,7726,7488,7438,7715,7713,7629,7396,7426,7343,7342,7389,7704|
03/04/2026 11:05:10|8763,9235,8977,8916,8748,8743,8341,8191,8141,8315,8307,7871,7600,7840,8099,8218,8006,7891,7766,7972,7826,7720,7703,7819,7411,7562,7615,7594,7579,7259,7292,7622,7864,7781,7558,7503,7475,7225,7597,7600,7673,7593,7323,7567,7683,7805,7521,7498,7709,7476,7409,7707,7707,7594,7347,7403,7314,7306,7337,7676|
03/04/2026 11:05:11|8752,9231,8990,8916,8753,8747,8345,8202,8143,8316,8304,7858,7598,7847,8088,8205,7947,7876,7741,7964,7838,7727,7686,7828,7410,7538,7592,7568,7559,7243,7258,7587,7840,7783,7586,7515,7464,7180,7569,7585,7655,7570,7319,7563,7660,7809,7529,7479,7687,7463,7381,7696,7698,7567,7314,7385,7292,7277,7296,7649|
03/04/2026 11:05:12|8742,9228,9000,8917,8760,8750,8349,8214,8148,8317,8301,7846,7598,7856,8077,8184,7895,7866,7720,7949,7849,7734,7665,7829,7407,7513,7562,7547,7541,7228,7230,7557,7816,7779,7607,7526,7452,7143,7546,7571,7634,7551,7316,7556,7632,7806,7534,7460,7663,7449,7352,7679,7685,7544,7289,7374,7276,7253,7259,7622|
03/04/2026 11:05:13|8731,9224,9005,8910,8761,8745,8346,8222,8154,8317,8289,7831,7599,7864,8064,8159,7848,7854,7695,7928,7856,7739,7639,7825,7403,7483,7530,7527,7521,7214,7203,7527,7789,7768,7618,7530,7435,7108,7523,7554,7606,7525,7312,7547,7602,7797,7536,7439,7640,7433,7323,7652,7667,7521,7270,7367,7264,7234,7228,7596|
03/04/2026 11:05:14|8720,9219,9008,8899,8758,8736,8337,8224,8162,8320,8277,7822,7607,7873,8050,8135,7810,7842,7669,7906,7857,7739,7615,7822,7399,7459,7499,7508,7503,7206,7181,7497,7752,7749,7616,7523,7410,7073,7496,7532,7576,7494,7306,7534,7572,7786,7537,7417,7615,7418,7299,7623,7645,7499,7258,7363,7252,7218,7199,7567|
03/04/2026 11:05:15|8710,9211,9004,8883,8746,8716,8323,8226,8169,8319,8258,7808,7616,7882,8037,8113,7779,7835,7645,7884,7858,7739,7597,7818,7387,7433,7467,7488,7486,7202,7163,7469,7712,7724,7605,7506,7384,7040,7467,7505,7544,7464,7305,7521,7544,7770,7534,7392,7587,7402,7282,7596,7619,7477,7245,7359,7237,7201,7169,7532|
03/04/2026 11:05:16|8696,9196,8998,8865,8722,8684,8302,8229,8176,8306,8224,7789,7625,7888,8022,8090,7753,7830,7619,7856,7855,7731,7578,7814,7376,7401,7435,7466,7471,7202,7148,7441,7671,7698,7593,7488,7359,7015,7441,7474,7512,7431,7306,7512,7514,7753,7527,7363,7551,7378,7268,7573,7595,7452,7231,7352,7211,7178,7138,7490|
03/04/2026 11:05:17|8679,9175,8990,8845,8687,8643,8275,8233,8183,8283,8177,7764,7634,7891,8006,8066,7729,7828,7591,7823,7849,7718,7558,7810,7369,7364,7401,7441,7457,7205,7137,7413,7630,7671,7582,7470,7336,6997,7418,7440,7480,7394,7309,7505,7485,7735,7516,7333,7509,7349,7259,7555,7574,7426,7213,7341,7176,7151,7104,7441|
03/04/2026 11:05:18|8659,9149,8980,8825,8643,8593,8243,8239,8189,8251,8119,7735,7643,7892,7989,8041,7708,7828,7561,7787,7842,7699,7537,7805,7364,7324,7367,7414,7446,7211,7127,7387,7589,7645,7572,7452,7314,6986,7398,7402,7447,7354,7314,7500,7455,7716,7502,7301,7462,7313,7252,7540,7555,7399,7194,7327,7133,7121,7069,7387|
03/04/2026 11:05:19|8636,9119,8969,8805,8591,8536,8206,8245,8196,8212,8052,7703,7653,7891,7970,8017,7689,7829,7530,7747,7832,7675,7516,7801,7361,7281,7333,7386,7436,7219,7120,7361,7549,7618,7562,7433,7295,6981,7381,7363,7416,7313,7320,7497,7425,7696,7486,7269,7410,7274,7249,7528,7539,7371,7173,7311,7085,7088,7033,7330|
03/04/2026 11:05:20|8613,9085,8955,8784,8537,8477,8168,8247,8199,8168,7979,7670,7661,7889,7953,7992,7672,7828,7498,7704,7818,7650,7495,7789,7357,7235,7300,7359,7427,7228,7115,7337,7511,7593,7553,7417,7278,6980,7366,7323,7383,7271,7326,7495,7397,7674,7469,7237,7357,7230,7247,7520,7525,7345,7153,7296,7035,7057,7001,7274|
03/04/2026 11:05:21|8585,9048,8939,8762,8484,8422,8129,8240,8194,8123,7908,7636,7660,7886,7938,7969,7650,7817,7458,7655,7800,7626,7474,7770,7350,7194,7272,7334,7418,7238,7112,7316,7473,7565,7544,7406,7263,6981,7355,7287,7352,7234,7329,7490,7372,7652,7454,7207,7306,7184,7243,7510,7510,7326,7139,7282,6989,7031,6981,7227|
03/04/2026 11:05:22|8551,9011,8924,8739,8426,8366,8086,8227,8186,8079,7841,7604,7640,7882,7927,7944,7621,7797,7419,7607,7780,7604,7455,7751,7348,7160,7251,7313,7412,7251,7114,7299,7438,7533,7533,7397,7248,6980,7349,7261,7331,7204,7327,7475,7347,7628,7443,7186,7264,7144,7238,7492,7496,7315,7133,7264,6939,7006,6968,7189|
03/04/2026 11:05:23|8512,8975,8909,8717,8362,8308,8040,8208,8176,8039,7780,7575,7603,7877,7918,7919,7584,7770,7381,7561,7758,7583,7437,7733,7348,7135,7235,7295,7410,7268,7121,7284,7407,7498,7519,7391,7233,6977,7346,7245,7318,7181,7320,7452,7322,7604,7437,7174,7231,7109,7231,7464,7482,7309,7133,7243,6888,6981,6962,7158|
03/04/2026 11:05:24|8470,8939,8896,8695,8293,8251,7990,8186,8165,8002,7725,7547,7551,7870,7911,7894,7542,7735,7345,7517,7736,7564,7419,7715,7351,7115,7226,7280,7410,7287,7132,7273,7379,7461,7502,7387,7217,6972,7346,7238,7312,7165,7310,7421,7298,7579,7434,7169,7205,7080,7222,7429,7468,7308,7137,7219,6834,6958,6962,7135|
03/04/2026 11:05:25|8426,8903,8883,8674,8226,8196,7941,8158,8151,7967,7676,7523,7493,7861,7906,7869,7499,7696,7309,7476,7711,7541,7399,7697,7354,7101,7217,7266,7412,7308,7143,7259,7353,7423,7482,7379,7200,6967,7347,7235,7310,7150,7295,7386,7275,7550,7432,7169,7182,7053,7212,7391,7455,7310,7143,7195,6786,6937,6967,7118|
03/04/2026 11:05:26|8380,8865,8864,8653,8169,8148,7898,8124,8129,7929,7635,7507,7442,7842,7895,7846,7461,7654,7272,7432,7681,7507,7375,7677,7358,7089,7202,7252,7416,7330,7153,7242,7328,7387,7454,7361,7180,6956,7343,7234,7304,7125,7273,7354,7255,7517,7428,7170,7159,7028,7201,7358,7444,7308,7151,7182,6751,6922,6976,7100|
03/04/2026 11:05:27|8333,8821,8836,8634,8122,8108,7861,8088,8100,7887,7598,7498,7399,7815,7878,7822,7429,7609,7230,7385,7646,7462,7349,7657,7362,7079,7183,7241,7422,7354,7164,7224,7307,7352,7419,7335,7158,6939,7333,7233,7295,7091,7245,7324,7239,7485,7425,7173,7139,7004,7190,7332,7434,7303,7161,7178,6730,6911,6989,7080|
03/04/2026 11:05:28|8284,8774,8801,8616,8083,8076,7830,8050,8065,7841,7567,7496,7364,7781,7857,7799,7401,7561,7186,7335,7609,7410,7321,7636,7367,7073,7160,7232,7432,7379,7175,7205,7287,7319,7376,7303,7135,6917,7318,7233,7283,7049,7212,7297,7226,7453,7422,7179,7120,6982,7179,7311,7427,7294,7174,7182,6720,6905,7006,7058|
03/04/2026 11:05:29|8235,8724,8760,8598,8054,8050,7805,8010,8025,7792,7539,7498,7335,7742,7832,7777,7379,7513,7140,7284,7569,7350,7294,7615,7373,7068,7133,7226,7443,7405,7188,7187,7270,7287,7329,7267,7112,6891,7298,7233,7268,7000,7176,7272,7215,7422,7418,7186,7104,6961,7169,7296,7421,7283,7190,7194,6720,6902,7026,7035|
03/04/2026 11:05:30|8186,8673,8715,8582,8031,8029,7785,7970,7981,7741,7516,7505,7311,7698,7803,7754,7360,7464,7092,7233,7528,7286,7265,7595,7379,7066,7105,7221,7455,7431,7200,7168,7255,7257,7277,7226,7088,6861,7275,7234,7251,6946,7136,7249,7208,7392,7414,7195,7089,6943,7159,7285,7417,7270,7207,7212,6728,6902,7048,7010|
03/04/2026 11:05:31|8137,8620,8666,8566,8016,8014,7769,7929,7934,7689,7497,7516,7294,7650,7771,7733,7344,7415,7044,7181,7486,7218,7237,7575,7385,7065,7074,7217,7469,7458,7213,7150,7241,7228,7222,7182,7064,6829,7249,7235,7233,6888,7095,7228,7202,7363,7411,7204,7076,6926,7150,7279,7414,7255,7225,7235,6744,6905,7072,6985|
03/04/2026 11:05:32|8089,8567,8615,8552,8006,8004,7758,7889,7886,7637,7481,7531,7281,7600,7738,7712,7333,7367,6995,7129,7444,7147,7210,7556,7392,7066,7042,7215,7484,7484,7226,7133,7230,7201,7165,7136,7040,6795,7221,7236,7214,6828,7052,7210,7199,7335,7407,7215,7065,6911,7141,7276,7413,7238,7244,7262,6766,6911,7097,6960|
03/04/2026 11:05:33|8043,8513,8562,8538,8002,7998,7750,7849,7835,7584,7468,7548,7273,7548,7703,7692,7324,7319,6947,7078,7401,7074,7182,7537,7398,7068,7010,7215,7499,7510,7238,7116,7220,7176,7106,7088,7017,6759,7191,7238,7194,6765,7009,7194,7197,7309,7404,7226,7055,6897,7133,7277,7412,7220,7264,7293,6794,6918,7123,6934|
03/04/2026 11:05:34|7998,8462,8509,8526,8002,7995,7745,7809,7785,7534,7459,7567,7268,7496,7669,7673,7318,7274,6901,7029,7360,7003,7157,7519,7406,7072,6978,7215,7515,7536,7250,7100,7213,7154,7049,7040,6995,6723,7162,7241,7174,6703,6965,7179,7198,7284,7400,7238,7046,6886,7126,7281,7413,7203,7285,7327,6826,6928,7151,6910|
03/04/2026 11:05:35|7960,8423,8468,8517,8008,7997,7739,7774,7744,7494,7457,7590,7268,7456,7643,7656,7320,7236,6865,6991,7323,6944,7141,7508,7419,7083,6954,7216,7531,7560,7259,7089,7208,7139,7003,7004,6981,6701,7144,7251,7159,6653,6928,7171,7205,7269,7399,7255,7043,6889,7131,7289,7414,7194,7308,7365,6864,6943,7183,6895|
03/04/2026 11:05:36|7933,8401,8443,8516,8025,8006,7746,7757,7721,7469,7467,7617,7280,7431,7632,7648,7331,7213,6849,6971,7297,6903,7138,7504,7440,7104,6945,7225,7549,7583,7268,7082,7206,7135,6972,6983,6980,6695,7139,7260,7146,6619,6902,7173,7223,7267,7402,7271,7043,6902,7146,7303,7419,7195,7336,7404,6903,6963,7220,6897|
03/04/2026 11:05:37|7923,8402,8439,8528,8057,8027,7771,7764,7717,7460,7485,7655,7309,7428,7634,7646,7352,7202,6851,6972,7285,6881,7149,7505,7462,7136,6954,7238,7574,7609,7279,7078,7211,7143,6954,6972,6988,6703,7141,7265,7133,6592,6888,7183,7242,7273,7406,7286,7051,6924,7172,7325,7431,7206,7364,7436,6937,6990,7263,6915|
03/04/2026 11:05:38|7931,8421,8454,8552,8102,8064,7813,7792,7728,7463,7507,7704,7353,7443,7649,7646,7380,7200,6868,6990,7286,6877,7172,7512,7483,7177,6979,7250,7607,7641,7291,7076,7221,7161,6946,6971,7001,6725,7148,7266,7120,6567,6881,7197,7259,7285,7410,7303,7065,6953,7207,7357,7452,7227,7393,7456,6960,7023,7310,6949|
03/04/2026 11:05:39|7949,8451,8479,8582,8154,8108,7863,7826,7748,7469,7532,7758,7407,7472,7670,7646,7410,7204,6893,7020,7292,6885,7201,7521,7496,7220,7012,7262,7642,7671,7305,7077,7232,7184,6944,6974,7015,6756,7161,7266,7109,6550,6882,7212,7271,7297,7413,7315,7082,6987,7246,7392,7476,7254,7422,7467,6976,7056,7356,6990|
03/04/2026 11:05:40|7974,8480,8499,8608,8204,8145,7911,7844,7767,7475,7560,7811,7462,7508,7690,7640,7436,7208,6916,7055,7302,6897,7228,7525,7500,7258,7044,7275,7672,7690,7315,7084,7246,7209,6947,6975,7016,6786,7172,7265,7101,6546,6888,7219,7275,7302,7408,7307,7095,7018,7274,7423,7496,7282,7452,7476,6985,7083,7396,7028|
03/04/2026 11:05:41|8008,8510,8511,8626,8252,8174,7958,7849,7787,7484,7592,7863,7514,7550,7710,7631,7460,7216,6940,7097,7319,6911,7250,7527,7501,7291,7074,7288,7696,7700,7320,7095,7264,7238,6956,6973,7001,6814,7180,7258,7093,6551,6895,7214,7274,7302,7397,7277,7102,7045,7288,7448,7511,7311,7482,7484,6984,7101,7429,7065|
03/04/2026 11:05:42|8049,8541,8518,8639,8298,8196,8005,7842,7807,7496,7626,7914,7565,7596,7729,7619,7482,7226,6964,7142,7341,6926,7269,7527,7500,7321,7102,7303,7716,7703,7322,7111,7286,7269,6969,6970,6974,6840,7186,7249,7087,6564,6904,7202,7270,7299,7381,7230,7106,7070,7290,7468,7522,7339,7514,7493,6976,7112,7456,7101|
03/04/2026 11:05:43|8091,8570,8521,8650,8340,8212,8050,7832,7828,7511,7663,7959,7611,7636,7742,7608,7498,7240,6994,7188,7364,6946,7286,7524,7498,7347,7132,7322,7731,7701,7321,7130,7309,7295,6986,6970,6952,6864,7192,7241,7086,6582,6912,7188,7269,7298,7365,7180,7112,7096,7292,7483,7528,7363,7544,7501,6970,7118,7479,7133|
03/04/2026 11:05:44|8132,8598,8526,8661,8379,8231,8092,7828,7849,7528,7699,7996,7651,7666,7748,7597,7513,7256,7023,7229,7385,6967,7299,7519,7498,7371,7161,7336,7736,7693,7315,7152,7331,7313,7003,6973,6938,6886,7197,7233,7089,6598,6919,7175,7270,7296,7348,7131,7111,7116,7284,7492,7531,7379,7568,7506,6963,7118,7491,7153|
03/04/2026 11:05:45|8174,8627,8533,8670,8415,8256,8131,7834,7872,7547,7738,8031,7689,7692,7754,7593,7529,7276,7052,7269,7406,6990,7311,7516,7501,7397,7185,7340,7729,7676,7299,7175,7355,7333,7025,6977,6929,6908,7199,7226,7095,6619,6927,7164,7272,7292,7325,7087,7109,7128,7270,7499,7533,7386,7580,7505,6957,7113,7491,7167|
03/04/2026 11:05:46|8216,8659,8547,8684,8452,8288,8177,7854,7903,7567,7783,8071,7733,7725,7771,7603,7556,7305,7087,7315,7437,7025,7331,7524,7514,7427,7210,7338,7718,7654,7278,7200,7385,7361,7053,6985,6923,6923,7195,7219,7105,6644,6937,7157,7273,7285,7299,7050,7106,7137,7258,7507,7533,7374,7574,7495,6947,7107,7473,7178|
03/04/2026 11:05:47|8258,8693,8567,8700,8489,8326,8230,7887,7940,7589,7831,8115,7782,7765,7798,7627,7591,7341,7128,7366,7475,7069,7361,7542,7536,7460,7234,7332,7704,7630,7254,7229,7421,7394,7086,6995,6922,6933,7184,7214,7119,6673,6949,7152,7275,7277,7272,7021,7104,7144,7249,7514,7531,7346,7553,7474,6934,7097,7440,7188|
03/04/2026 11:05:48|8299,8729,8593,8719,8527,8369,8288,7930,7984,7610,7883,8161,7835,7812,7835,7661,7635,7384,7173,7422,7520,7122,7397,7569,7566,7497,7257,7322,7689,7603,7227,7260,7460,7432,7124,7008,6923,6938,7169,7211,7134,6706,6964,7149,7276,7267,7244,6997,7102,7149,7242,7522,7528,7303,7518,7445,6918,7087,7394,7195|
03/04/2026 11:05:49|8342,8767,8624,8740,8564,8416,8349,7981,8032,7635,7937,8209,7890,7862,7877,7703,7683,7430,7220,7478,7568,7180,7437,7601,7599,7534,7280,7312,7672,7576,7199,7283,7497,7470,7161,7022,6929,6943,7152,7207,7150,6738,6979,7149,7277,7255,7214,6980,7102,7155,7238,7529,7525,7257,7478,7411,6900,7075,7342,7203|
03/04/2026 11:05:50|8388,8808,8659,8765,8603,8463,8408,8035,8083,7669,7993,8254,7942,7911,7919,7747,7730,7473,7265,7528,7613,7240,7479,7630,7628,7568,7305,7306,7657,7552,7171,7282,7518,7501,7190,7035,6943,6954,7137,7202,7162,6761,6993,7153,7279,7236,7184,6969,7110,7167,7236,7529,7524,7222,7444,7374,6882,7066,7296,7212|
03/04/2026 11:05:51|8439,8853,8697,8793,8642,8510,8464,8090,8136,7710,8049,8296,7991,7958,7961,7792,7775,7513,7308,7572,7655,7301,7520,7657,7652,7600,7332,7303,7644,7530,7143,7256,7526,7523,7210,7047,6964,6971,7125,7196,7171,6775,7005,7159,7282,7211,7153,6963,7124,7183,7238,7525,7524,7199,7419,7334,6866,7060,7257,7223|
03/04/2026 11:05:52|8492,8900,8737,8823,8682,8557,8518,8146,8190,7757,8106,8336,8037,8002,8003,7838,7818,7551,7349,7610,7694,7363,7561,7682,7673,7628,7360,7304,7632,7512,7116,7211,7521,7539,7224,7057,6990,6994,7116,7190,7176,6783,7017,7167,7285,7181,7121,6963,7143,7205,7242,7517,7526,7187,7400,7293,6850,7056,7223,7235|
03/04/2026 11:05:53|8547,8949,8779,8854,8721,8602,8570,8201,8244,7809,8162,8373,8079,8045,8043,7884,7859,7585,7388,7642,7730,7423,7602,7704,7689,7654,7389,7308,7622,7495,7089,7149,7505,7548,7231,7066,7022,7020,7110,7182,7178,6783,7026,7178,7290,7147,7090,6967,7167,7230,7249,7504,7529,7185,7387,7251,6835,7054,7195,7248|
03/04/2026 11:05:54|8603,8998,8822,8886,8760,8646,8618,8256,8299,7865,8217,8407,8119,8085,8081,7930,7898,7617,7423,7669,7762,7483,7642,7724,7702,7677,7419,7314,7613,7482,7063,7072,7480,7552,7232,7075,7057,7051,7105,7174,7178,6779,7035,7190,7295,7111,7059,6975,7195,7257,7257,7489,7533,7190,7379,7209,6822,7053,7172,7262|
03/04/2026 11:05:55|8660,9048,8866,8919,8798,8689,8664,8310,8353,7923,8270,8439,8155,8122,8119,7975,7935,7646,7457,7691,7792,7542,7680,7742,7713,7698,7448,7322,7605,7470,7038,6985,7447,7552,7229,7082,7095,7084,7102,7165,7175,6769,7043,7203,7300,7072,7029,6986,7225,7287,7267,7472,7538,7203,7377,7167,6809,7054,7154,7277|
03/04/2026 11:05:56|8716,9098,8910,8952,8836,8730,8706,8363,8405,7983,8322,8467,8188,8157,8154,8019,7969,7673,7488,7709,7819,7598,7717,7757,7720,7716,7477,7332,7598,7460,7014,6888,7408,7547,7221,7089,7136,7119,7101,7156,7171,6755,7049,7217,7306,7031,6999,7000,7258,7319,7278,7452,7544,7222,7378,7126,6797,7056,7139,7292|
03/04/2026 11:05:57|8772,9146,8953,8985,8872,8769,8745,8413,8457,8044,8372,8494,8219,8189,8188,8061,8001,7697,7516,7724,7843,7653,7752,7771,7725,7732,7506,7343,7593,7452,6992,6785,7364,7539,7210,7094,7178,7155,7101,7147,7164,6738,7055,7232,7312,6990,6971,7016,7292,7351,7290,7431,7550,7245,7383,7085,6786,7059,7129,7307|
03/04/2026 11:05:58|8826,9194,8996,9018,8906,8806,8782,8462,8506,8106,8420,8517,8246,8219,8220,8102,8031,7718,7542,7734,7865,7705,7785,7783,7728,7746,7534,7356,7588,7446,6970,6676,7316,7528,7196,7099,7221,7192,7103,7138,7157,6718,7060,7248,7318,6948,6944,7033,7328,7385,7302,7409,7557,7273,7391,7046,6775,7063,7121,7322|
03/04/2026 11:05:59|8875,9238,9037,9048,8937,8838,8811,8507,8553,8166,8466,8539,8271,8246,8248,8140,8058,7738,7566,7743,7883,7752,7816,7791,7728,7755,7560,7368,7583,7441,6954,6575,7270,7517,7184,7107,7266,7231,7108,7134,7155,6705,7070,7268,7328,6913,6925,7057,7367,7420,7315,7388,7566,7307,7405,7015,6772,7071,7119,7338|
03/04/2026 11:06:00|8917,9274,9075,9073,8965,8868,8836,8550,8601,8228,8510,8561,8296,8271,8275,8174,8085,7762,7592,7753,7897,7795,7845,7798,7725,7757,7584,7381,7579,7435,6946,6495,7229,7507,7183,7124,7311,7272,7123,7141,7164,6708,7091,7298,7343,6890,6922,7093,7411,7457,7328,7370,7582,7347,7424,7001,6781,7081,7122,7356|
03/04/2026 11:06:01|8950,9302,9106,9087,8990,8895,8859,8589,8642,8284,8546,8577,8316,8296,8297,8199,8110,7786,7618,7759,7909,7832,7869,7804,7720,7754,7599,7394,7574,7429,6941,6426,7192,7498,7184,7138,7345,7310,7142,7146,7176,6718,7113,7323,7358,6871,6920,7124,7452,7494,7342,7357,7593,7382,7438,6991,6793,7090,7131,7375|
03/04/2026 11:06:02|8971,9317,9119,9085,9002,8901,8865,8615,8669,8327,8566,8575,8316,8305,8303,8212,8126,7801,7634,7758,7912,7859,7884,7811,7719,7751,7605,7403,7566,7423,6943,6378,7166,7490,7187,7149,7369,7339,7159,7153,7188,6732,7132,7334,7359,6852,6918,7152,7491,7528,7353,7342,7592,7411,7447,6983,6811,7099,7144,7398|
03/04/2026 11:06:03|8979,9320,9113,9063,8997,8886,8846,8626,8682,8359,8575,8553,8288,8291,8297,8218,8136,7806,7639,7751,7909,7875,7888,7816,7720,7748,7604,7410,7556,7419,6956,6354,7149,7488,7195,7156,7383,7356,7176,7158,7198,6752,7149,7336,7341,6826,6912,7181,7530,7560,7354,7322,7578,7430,7446,6975,6833,7107,7160,7422|
03/04/2026 11:06:04|8976,9311,9092,9024,8976,8854,8806,8624,8683,8381,8573,8514,8235,8258,8281,8217,8140,7805,7636,7739,7900,7881,7882,7820,7722,7744,7596,7415,7547,7417,6977,6348,7140,7491,7206,7162,7389,7362,7195,7164,7207,6778,7165,7329,7306,6793,6904,7211,7568,7588,7345,7299,7554,7440,7435,6966,6858,7115,7178,7448|
03/04/2026 11:06:05|8966,9297,9062,8973,8939,8811,8758,8605,8666,8390,8559,8467,8177,8217,8252,8208,8135,7801,7629,7719,7888,7883,7873,7820,7723,7739,7584,7414,7534,7415,6997,6350,7127,7488,7216,7166,7390,7366,7213,7170,7214,6806,7180,7315,7267,6765,6900,7238,7601,7608,7334,7279,7529,7441,7417,6956,6883,7117,7191,7467|
03/04/2026 11:06:06|8948,9276,9031,8924,8896,8761,8705,8573,8635,8382,8537,8419,8123,8174,8214,8190,8126,7794,7616,7690,7873,7881,7857,7808,7718,7729,7572,7411,7519,7412,7016,6363,7120,7481,7225,7171,7392,7372,7232,7176,7218,6833,7192,7294,7228,6742,6902,7266,7626,7622,7324,7262,7507,7439,7397,6947,6909,7118,7193,7472|
03/04/2026 11:06:07|8923,9247,8992,8877,8851,8704,8642,8527,8596,8366,8503,8368,8069,8125,8171,8166,8111,7783,7587,7659,7854,7873,7834,7789,7706,7714,7559,7411,7504,7402,7033,6386,7120,7476,7234,7179,7399,7379,7251,7184,7224,6857,7202,7270,7196,6727,6910,7294,7645,7628,7316,7251,7486,7433,7375,6939,6933,7120,7195,7471|
03/04/2026 11:06:08|8892,9212,8935,8827,8802,8640,8567,8460,8548,8345,8462,8312,8016,8055,8121,8135,8092,7769,7531,7626,7827,7858,7811,7773,7692,7693,7548,7414,7490,7390,7053,6418,7121,7472,7244,7190,7410,7380,7267,7194,7233,6876,7208,7240,7170,6721,6923,7318,7659,7629,7312,7245,7462,7423,7354,6934,6953,7120,7202,7468|
03/04/2026 11:06:09|8855,9172,8860,8774,8752,8571,8483,8374,8492,8321,8416,8252,7963,7966,8066,8099,8071,7752,7451,7591,7792,7837,7789,7759,7674,7666,7539,7421,7478,7378,7075,6457,7122,7468,7255,7203,7423,7373,7279,7206,7243,6888,7212,7204,7149,6723,6940,7340,7666,7626,7311,7245,7436,7412,7332,6930,6968,7120,7213,7463|
03/04/2026 11:06:10|8814,9128,8772,8718,8699,8497,8393,8273,8431,8292,8366,8191,7911,7863,8007,8058,8046,7733,7353,7554,7752,7810,7766,7746,7655,7636,7532,7431,7465,7366,7098,6501,7124,7465,7265,7217,7437,7361,7289,7219,7254,6895,7213,7164,7133,6731,6961,7357,7667,7618,7312,7248,7409,7398,7312,6929,6981,7118,7227,7457|
03/04/2026 11:06:11|8769,9080,8680,8661,8644,8422,8295,8171,8365,8258,8314,8130,7862,7754,7947,8010,8013,7713,7261,7515,7705,7777,7738,7731,7634,7604,7524,7436,7447,7347,7116,6544,7123,7455,7270,7230,7451,7345,7297,7234,7266,6901,7207,7121,7120,6746,6982,7368,7659,7606,7315,7252,7385,7387,7294,6935,6997,7120,7239,7450|
03/04/2026 11:06:12|8721,9030,8589,8602,8587,8346,8191,8074,8295,8218,8261,8072,7815,7645,7889,7954,7972,7692,7185,7476,7652,7736,7704,7712,7614,7572,7515,7434,7419,7321,7127,6582,7121,7437,7269,7240,7461,7326,7305,7251,7278,6907,7192,7077,7108,6764,7002,7370,7642,7590,7320,7257,7364,7380,7281,6950,7021,7126,7250,7443|
03/04/2026 11:06:13|8671,8977,8501,8543,8529,8270,8083,7981,8224,8174,8207,8017,7772,7536,7831,7892,7924,7671,7122,7436,7595,7691,7665,7690,7594,7540,7505,7427,7385,7289,7132,6617,7118,7413,7262,7248,7469,7305,7313,7268,7290,6913,7171,7032,7098,6787,7022,7365,7617,7571,7326,7263,7348,7377,7273,6971,7050,7137,7259,7434|
03/04/2026 11:06:14|8619,8924,8415,8483,8470,8194,7973,7893,8151,8125,8153,7964,7732,7429,7775,7826,7870,7650,7072,7395,7534,7641,7621,7665,7574,7508,7495,7414,7344,7252,7132,6647,7113,7382,7250,7254,7475,7282,7321,7286,7302,6920,7144,6987,7088,6813,7040,7354,7584,7550,7333,7269,7334,7376,7268,6997,7084,7150,7265,7426|
03/04/2026 11:06:15|8567,8869,8332,8424,8411,8120,7862,7810,8077,8074,8100,7914,7695,7325,7721,7756,7812,7628,7033,7355,7471,7588,7575,7639,7554,7477,7483,7397,7299,7211,7127,6675,7107,7347,7234,7258,7479,7257,7328,7305,7314,6927,7112,6942,7080,6842,7057,7338,7547,7527,7341,7275,7324,7379,7266,7029,7121,7166,7270,7417|
03/04/2026 11:06:16|8514,8815,8253,8367,8353,8048,7751,7733,8005,8021,8048,7867,7661,7224,7670,7684,7751,7607,7004,7316,7407,7532,7526,7611,7536,7447,7471,7376,7251,7167,7119,6699,7100,7308,7215,7260,7481,7232,7335,7324,7325,6933,7077,6897,7073,6872,7073,7318,7504,7502,7349,7281,7317,7383,7266,7064,7161,7184,7274,7408|
03/04/2026 11:06:17|8462,8762,8177,8311,8297,7978,7642,7660,7933,7966,7997,7823,7630,7127,7621,7611,7687,7586,6985,7277,7342,7475,7476,7582,7518,7417,7459,7353,7199,7120,7107,6719,7092,7266,7193,7261,7482,7206,7341,7343,7336,6940,7038,6854,7067,6903,7088,7294,7459,7476,7358,7287,7311,7390,7269,7102,7204,7203,7276,7399|
03/04/2026 11:06:18|8411,8709,8105,8256,8242,7912,7534,7594,7862,7912,7947,7782,7603,7033,7574,7537,7622,7566,6974,7240,7277,7418,7425,7553,7501,7389,7446,7327,7146,7072,7092,6737,7084,7223,7169,7260,7481,7180,7347,7362,7347,6947,6997,6812,7062,6936,7102,7267,7411,7449,7368,7294,7308,7398,7274,7142,7248,7224,7277,7391|
03/04/2026 11:06:19|8361,8658,8038,8204,8188,7848,7429,7532,7794,7857,7900,7744,7577,6945,7531,7464,7557,7547,6970,7204,7213,7361,7374,7524,7484,7362,7434,7300,7092,7023,7075,6752,7075,7178,7143,7258,7480,7153,7353,7380,7357,6954,6955,6772,7058,6969,7115,7238,7361,7422,7377,7300,7307,7407,7281,7184,7292,7246,7277,7382|
03/04/2026 11:06:20|8312,8609,7974,8154,8137,7787,7328,7476,7728,7804,7855,7709,7555,6861,7490,7392,7491,7528,6972,7169,7151,7304,7323,7494,7469,7336,7422,7271,7037,6974,7056,6765,7066,7132,7116,7256,7477,7128,7359,7398,7367,6960,6912,6733,7055,7002,7127,7207,7310,7395,7387,7306,7308,7418,7289,7227,7337,7268,7276,7373|
03/04/2026 11:06:21|8265,8561,7916,8107,8089,7730,7231,7424,7665,7751,7812,7678,7535,6782,7452,7321,7427,7510,6980,7137,7090,7248,7273,7465,7454,7312,7410,7242,6983,6926,7036,6775,7057,7086,7089,7253,7473,7102,7363,7416,7376,6966,6869,6696,7052,7034,7138,7176,7259,7369,7397,7312,7310,7429,7299,7270,7381,7291,7274,7365|
03/04/2026 11:06:22|8221,8516,7861,8062,8042,7676,7139,7378,7605,7700,7771,7649,7517,6708,7417,7253,7364,7493,6992,7106,7031,7193,7224,7437,7441,7289,7399,7212,6929,6878,7014,6784,7048,7040,7061,7249,7469,7078,7368,7433,7385,6972,6825,6661,7050,7066,7148,7144,7208,7343,7406,7317,7313,7441,7309,7312,7425,7313,7272,7357|
03/04/2026 11:06:23|8178,8473,7811,8020,7999,7626,7051,7336,7549,7651,7733,7623,7502,6639,7384,7187,7303,7477,7008,7076,6974,7141,7176,7410,7428,7268,7387,7182,6876,6831,6993,6790,7039,6995,7033,7244,7464,7054,7372,7449,7393,6978,6783,6628,7048,7097,7157,7111,7158,7317,7416,7322,7318,7453,7320,7355,7468,7336,7269,7350|
03/04/2026 11:06:24|8138,8432,7764,7981,7958,7579,6968,7298,7495,7603,7697,7599,7489,6576,7354,7124,7244,7462,7027,7049,6921,7090,7131,7383,7417,7248,7377,7153,6825,6785,6971,6795,7030,6951,7005,7239,7459,7031,7376,7464,7401,6983,6741,6598,7047,7128,7165,7079,7108,7292,7425,7328,7323,7465,7331,7396,7509,7358,7266,7343|
03/04/2026 11:06:25|8100,8394,7722,7945,7920,7536,6890,7265,7445,7558,7664,7578,7477,6517,7327,7064,7187,7448,7049,7023,6870,7042,7087,7358,7406,7230,7367,7124,6776,6741,6948,6798,7022,6909,6978,7234,7454,7009,7379,7478,7408,6988,6700,6569,7047,7157,7172,7047,7061,7269,7434,7332,7329,7478,7343,7436,7549,7379,7262,7336|
03/04/2026 11:06:26|8065,8359,7684,7911,7885,7497,6818,7235,7399,7515,7634,7559,7468,6463,7303,7007,7133,7435,7073,7000,6821,6996,7045,7333,7396,7214,7357,7096,6729,6699,6926,6800,7013,6868,6951,7229,7448,6988,7382,7492,7414,6993,6661,6542,7047,7184,7178,7015,7014,7246,7442,7337,7335,7490,7354,7475,7588,7400,7258,7330|
03/04/2026 11:06:27|8032,8326,7650,7880,7852,7461,6750,7209,7355,7475,7605,7543,7460,6414,7281,6954,7082,7423,7098,6978,6776,6953,7006,7310,7387,7198,7348,7068,6684,6660,6905,6801,7005,6828,6926,7223,7442,6969,7385,7504,7420,6997,6623,6518,7047,7211,7184,6985,6970,7225,7450,7341,7342,7503,7366,7512,7624,7420,7254,7324|
03/04/2026 11:06:28|8001,8295,7619,7852,7822,7428,6688,7187,7315,7437,7580,7529,7453,6370,7261,6904,7034,7412,7124,6958,6734,6912,6969,7289,7379,7184,7339,7042,6641,6622,6883,6801,6997,6791,6901,7218,7436,6951,7387,7516,7426,7001,6587,6496,7047,7236,7189,6956,6928,7204,7458,7345,7349,7515,7378,7548,7659,7439,7250,7318|
03/04/2026 11:06:29|7973,8267,7591,7826,7795,7398,6631,7168,7279,7402,7556,7516,7448,6330,7243,6857,6988,7402,7151,6940,6695,6874,6934,7269,7372,7172,7331,7017,6601,6586,6863,6800,6990,6756,6877,7212,7431,6933,7390,7527,7430,7005,6553,6475,7048,7259,7193,6927,6888,7185,7465,7349,7356,7526,7389,7581,7691,7457,7246,7313|
03/04/2026 11:06:30|7947,8242,7567,7803,7770,7371,6579,7152,7246,7369,7535,7506,7444,6294,7228,6814,6946,7393,7178,6924,6659,6839,6902,7250,7365,7160,7324,6993,6563,6553,6843,6798,6983,6723,6855,7207,7425,6918,7391,7537,7435,7008,6521,6457,7049,7281,7196,6901,6850,7168,7472,7352,7363,7538,7400,7613,7722,7474,7242,7309|
03/04/2026 11:06:31|7924,8218,7546,7782,7747,7348,6531,7139,7215,7339,7516,7497,7441,6262,7214,6774,6907,7385,7205,6909,6626,6806,6872,7232,7360,7150,7317,6971,6528,6522,6824,6796,6977,6691,6833,7201,7419,6903,7393,7546,7439,7012,6491,6440,7050,7301,7199,6875,6815,7151,7478,7356,7370,7548,7411,7643,7750,7489,7238,7304|
03/04/2026 11:06:32|7903,8197,7527,7763,7727,7326,6488,7128,7188,7311,7499,7489,7439,6234,7202,6738,6871,7378,7232,6895,6595,6776,6845,7216,7355,7141,7311,6949,6496,6493,6806,6793,6971,6662,6814,7196,7413,6889,7394,7555,7442,7014,6463,6425,7052,7320,7202,6851,6782,7136,7484,7358,7377,7559,7422,7671,7777,7504,7233,7300|
03/04/2026 11:06:33|7884,8179,7512,7747,7709,7308,6450,7119,7164,7286,7484,7484,7438,6210,7192,6704,6838,7371,7259,6884,6568,6748,6820,7201,7350,7134,7305,6930,6465,6466,6789,6789,6965,6636,6795,7191,7408,6877,7396,7562,7445,7017,6437,6412,7053,7338,7204,6829,6751,7122,7489,7361,7384,7568,7432,7696,7801,7518,7229,7297|
03/04/2026 11:06:34|7867,8162,7498,7732,7693,7292,6416,7112,7142,7263,7471,7479,7438,6189,7184,6674,6808,7365,7284,6873,6543,6723,6797,7188,7346,7127,7300,6911,6438,6442,6773,6786,6960,6611,6778,7186,7403,6866,7396,7569,7448,7019,6413,6400,7055,7353,7205,6808,6723,7109,7494,7363,7391,7577,7441,7720,7823,7531,7225,7294|
03/04/2026 11:06:35|7852,8147,7487,7720,7680,7278,6385,7108,7123,7242,7459,7475,7438,6171,7177,6647,6780,7360,7309,6864,6521,6701,6776,7176,7343,7121,7295,6894,6413,6420,6758,6782,6955,6588,6762,7181,7398,6856,7397,7575,7450,7021,6391,6390,7056,7368,7206,6788,6697,7097,7499,7365,7398,7586,7450,7742,7843,7543,7222,7291|
03/04/2026 11:06:36|7838,8134,7478,7709,7668,7266,6359,7105,7106,7223,7450,7473,7439,6155,7171,6623,6755,7356,7333,6856,6501,6681,6757,7165,7340,7116,7291,6879,6390,6400,6744,6778,6950,6568,6747,7177,7393,6847,7398,7580,7452,7023,6371,6381,7058,7381,7207,6770,6674,7087,7503,7367,7404,7594,7458,7762,7862,7554,7218,7288|
03/04/2026 11:06:37|7827,8122,7471,7700,7657,7256,6335,7103,7092,7207,7441,7471,7441,6143,7167,6601,6733,7352,7356,6850,6483,6662,6740,7155,7338,7112,7287,6864,6369,6382,6731,6773,6946,6549,6733,7173,7389,6839,7398,7585,7454,7025,6352,6373,7059,7393,7207,6754,6652,7077,7507,7369,7410,7601,7466,7780,7878,7563,7215,7286|
03/04/2026 11:06:38|7817,8113,7465,7692,7648,7248,6315,7102,7079,7192,7434,7470,7443,6133,7163,6582,6713,7349,7378,6844,6468,6646,6725,7146,7336,7108,7284,6851,6351,6366,6719,6769,6943,6532,6721,7169,7385,6832,7399,7589,7455,7026,6336,6367,7061,7403,7208,6739,6633,7069,7510,7370,7416,7608,7473,7796,7893,7572,7211,7284|
03/04/2026 11:06:39|7808,8104,7461,7685,7641,7242,6299,7103,7069,7179,7428,7470,7445,6124,7161,6566,6696,7346,7398,6839,6455,6632,6712,7138,7335,7105,7281,6840,6334,6351,6708,6765,6939,6517,6710,7165,7381,6825,7399,7593,7456,7027,6321,6362,7062,7412,7208,6725,6615,7061,7513,7372,7421,7614,7480,7811,7906,7580,7208,7283|
03/04/2026 11:06:40|7801,8097,7459,7680,7635,7236,6284,7105,7060,7168,7423,7471,7447,6118,7159,6551,6681,7344,7417,6835,6443,6620,6701,7131,7334,7103,7278,6829,6320,6339,6699,6760,6936,6504,6700,7162,7377,6820,7399,7596,7457,7028,6308,6357,7064,7421,7207,6713,6600,7054,7516,7373,7427,7620,7486,7824,7918,7587,7205,7281|
03/04/2026 11:06:41|7795,8091,7457,7676,7630,7233,6273,7107,7053,7159,7420,7472,7450,6114,7158,6539,6667,7342,7435,6832,6433,6609,6691,7126,7333,7102,7276,6820,6307,6328,6690,6756,6934,6492,6691,7159,7374,6815,7399,7599,7458,7029,6296,6354,7065,7428,7207,6702,6586,7049,7518,7374,7431,7625,7492,7835,7928,7594,7203,7280|
03/04/2026 11:06:42|7790,8087,7456,7673,7626,7230,6263,7110,7047,7150,7417,7473,7453,6111,7158,6528,6656,7340,7452,6830,6425,6600,6682,7120,7333,7100,7274,6811,6296,6318,6681,6752,6931,6482,6683,7156,7371,6811,7399,7601,7458,7030,6286,6351,7067,7434,7206,6692,6574,7044,7520,7374,7436,7630,7497,7845,7937,7599,7200,7279|
03/04/2026 11:06:43|7786,8083,7457,7671,7624,7228,6256,7114,7043,7144,7415,7475,7456,6109,7158,6520,6646,7339,7467,6828,6419,6593,6675,7116,7332,7100,7273,6804,6287,6310,6674,6748,6929,6473,6676,7153,7368,6808,7399,7602,7459,7031,6277,6349,7068,7439,7206,6683,6564,7039,7522,7375,7440,7634,7502,7854,7944,7604,7198,7278|
03/04/2026 11:06:44|7783,8080,7458,7670,7622,7228,6251,7118,7040,7138,7414,7477,7459,6109,7159,6513,6638,7339,7481,6827,6413,6587,6669,7113,7332,7099,7272,6797,6279,6303,6668,6744,6928,6465,6670,7151,7366,6805,7399,7604,7459,7031,6269,6348,7069,7443,7205,6676,6555,7036,7523,7376,7444,7638,7506,7862,7951,7608,7196,7278|
03/04/2026 11:06:45|7782,8080,7461,7670,7622,7229,6248,7123,7039,7134,7413,7480,7462,6111,7161,6508,6633,7339,7495,6827,6410,6582,6665,7111,7333,7100,7271,6793,6274,6299,6663,6742,6927,6460,6666,7150,7364,6804,7399,7605,7460,7032,6264,6349,7072,7447,7204,6670,6549,7034,7525,7376,7447,7641,7510,7868,7956,7612,7195,7278|
03/04/2026 11:06:46|7797,8095,7480,7680,7636,7244,6263,7142,7051,7139,7416,7488,7472,6129,7174,6520,6640,7344,7510,6836,6416,6585,6671,7117,7343,7112,7278,6799,6284,6311,6670,6750,6938,6467,6671,7159,7373,6812,7403,7613,7468,7040,6273,6365,7085,7454,7205,6677,6558,7041,7529,7380,7456,7647,7519,7875,7965,7623,7203,7285|
03/04/2026 11:06:47|7830,8128,7518,7708,7669,7280,6305,7176,7076,7155,7429,7503,7487,6166,7199,6547,6660,7357,7527,6854,6433,6592,6686,7133,7360,7137,7293,6818,6311,6342,6686,6770,6962,6483,6680,7182,7394,6833,7407,7625,7485,7050,6302,6404,7113,7466,7205,6700,6587,7058,7534,7387,7470,7660,7536,7889,7982,7645,7221,7302|
03/04/2026 11:06:48|7878,8174,7569,7750,7719,7334,6370,7223,7113,7181,7452,7524,7505,6218,7234,6588,6690,7376,7545,6879,6458,6605,6709,7157,7385,7174,7315,6848,6352,6389,6711,6799,6995,6507,6693,7216,7426,6864,7411,7641,7509,7062,6349,6461,7152,7483,7205,6736,6633,7085,7542,7397,7491,7680,7562,7909,8006,7675,7247,7328|
03/04/2026 11:06:49|7928,8218,7616,7795,7774,7396,6445,7279,7159,7215,7473,7551,7526,6279,7273,6637,6730,7401,7568,6911,6492,6623,6740,7185,7407,7216,7343,6888,6401,6443,6744,6834,7025,6537,6712,7256,7459,6898,7416,7659,7538,7085,6410,6531,7200,7506,7215,6787,6688,7117,7554,7411,7515,7702,7592,7934,8034,7708,7276,7354|
03/04/2026 11:06:50|7975,8252,7649,7835,7829,7462,6525,7339,7211,7255,7488,7583,7550,6344,7312,6692,6778,7430,7593,6947,6533,6647,6776,7213,7424,7261,7375,6937,6454,6502,6786,6873,7049,6569,6738,7299,7489,6932,7422,7679,7574,7120,6483,6609,7253,7535,7241,6851,6749,7153,7572,7430,7542,7726,7625,7960,8063,7743,7304,7380|
03/04/2026 11:06:51|8018,8277,7672,7871,7883,7530,6607,7403,7269,7301,7499,7619,7576,6413,7350,6750,6833,7462,7622,6987,6580,6676,6816,7242,7436,7307,7412,6992,6510,6563,6835,6916,7067,6604,6768,7343,7516,6966,7429,7699,7613,7167,6565,6694,7311,7568,7280,6927,6815,7193,7595,7454,7572,7751,7660,7988,8093,7778,7331,7403|
03/04/2026 11:06:52|8059,8294,7684,7904,7936,7599,6690,7470,7330,7350,7505,7659,7603,6484,7388,6811,6894,7498,7653,7030,6632,6708,6859,7271,7444,7356,7451,7052,6568,6626,6889,6961,7079,6640,6803,7390,7540,6999,7436,7720,7657,7222,6655,6784,7372,7604,7329,7011,6885,7235,7623,7481,7602,7776,7697,8018,8123,7813,7357,7425|
03/04/2026 11:06:53|8102,8313,7697,7937,7992,7673,6780,7543,7398,7405,7515,7704,7634,6560,7429,6877,6960,7538,7689,7077,6688,6745,6907,7303,7451,7404,7491,7114,6627,6691,6945,7005,7088,6680,6842,7435,7563,7034,7445,7744,7703,7283,6749,6876,7435,7642,7383,7099,6957,7280,7651,7508,7633,7803,7735,8047,8153,7846,7383,7447|
03/04/2026 11:06:54|8155,8346,7726,7982,8060,7756,6886,7626,7478,7459,7536,7760,7676,6650,7481,6949,7036,7585,7729,7131,6755,6788,6959,7338,7465,7455,7527,7174,6686,6757,7000,7047,7096,6729,6890,7479,7583,7074,7456,7763,7749,7343,6843,6968,7493,7681,7439,7186,7033,7324,7673,7528,7663,7833,7772,8074,8181,7877,7410,7471|
03/04/2026 11:06:55|8219,8394,7769,8038,8137,7849,7007,7712,7567,7509,7562,7824,7731,6750,7541,7023,7120,7631,7772,7192,6833,6843,7014,7370,7486,7507,7558,7234,6749,6827,7060,7092,7101,6785,6947,7524,7598,7115,7466,7759,7788,7403,6941,7063,7544,7724,7499,7268,7106,7363,7684,7542,7693,7866,7810,8099,8207,7905,7441,7500|
03/04/2026 11:06:56|8289,8453,7825,8103,8221,7949,7138,7797,7663,7556,7591,7894,7797,6856,7608,7097,7209,7677,7815,7260,6921,6907,7071,7399,7513,7560,7584,7294,6814,6899,7123,7140,7106,6846,7012,7571,7608,7157,7476,7736,7823,7461,7040,7157,7587,7770,7562,7346,7175,7397,7684,7551,7722,7902,7848,8120,8231,7933,7477,7534|
03/04/2026 11:06:57|8360,8517,7889,8169,8300,8043,7266,7878,7751,7601,7620,7962,7863,6960,7671,7172,7297,7720,7856,7328,7011,6972,7130,7430,7542,7609,7605,7350,6879,6973,7186,7191,7114,6911,7080,7617,7621,7201,7491,7714,7855,7520,7137,7240,7629,7816,7625,7422,7243,7432,7687,7563,7753,7935,7888,8142,8252,7962,7521,7572|
03/04/2026 11:06:58|8432,8584,7961,8237,8377,8134,7393,7956,7833,7647,7649,8024,7926,7062,7726,7246,7382,7761,7890,7393,7097,7028,7191,7462,7571,7653,7620,7404,6946,7049,7250,7244,7128,6974,7147,7662,7635,7245,7510,7699,7886,7584,7234,7317,7666,7854,7685,7494,7304,7462,7693,7581,7783,7955,7925,8164,8270,7990,7570,7615|
03/04/2026 11:06:59|8503,8654,8044,8315,8458,8229,7526,8041,7917,7700,7688,8087,7990,7165,7780,7325,7465,7804,7922,7456,7178,7080,7249,7493,7596,7696,7641,7461,7015,7125,7310,7297,7147,7040,7218,7706,7647,7292,7535,7691,7916,7644,7324,7384,7700,7884,7734,7559,7363,7496,7708,7608,7813,7972,7967,8191,8289,8021,7621,7665|
03/04/2026 11:07:00|8575,8728,8136,8400,8544,8330,7665,8134,8007,7764,7742,8158,8062,7276,7841,7408,7543,7850,7959,7521,7257,7135,7310,7528,7623,7736,7666,7519,7084,7197,7360,7341,7159,7110,7291,7749,7656,7340,7565,7688,7941,7692,7401,7446,7733,7909,7772,7621,7424,7536,7736,7646,7847,7993,8013,8220,8306,8055,7674,7717|
03/04/2026 11:07:01|8645,8805,8237,8490,8633,8435,7808,8232,8102,7838,7808,8235,8138,7392,7908,7493,7616,7901,8001,7589,7333,7193,7374,7566,7651,7774,7696,7578,7153,7266,7400,7378,7164,7181,7364,7789,7660,7390,7600,7688,7960,7728,7467,7505,7766,7931,7799,7681,7484,7581,7775,7694,7885,8018,8063,8252,8321,8092,7729,7770|
03/04/2026 11:07:02|8714,8884,8344,8585,8724,8541,7952,8334,8198,7917,7884,8314,8217,7510,7977,7578,7683,7954,8045,7657,7406,7252,7437,7606,7678,7809,7727,7637,7220,7330,7432,7408,7164,7253,7437,7827,7662,7439,7638,7691,7972,7754,7523,7561,7799,7951,7817,7737,7545,7630,7824,7750,7924,8045,8114,8285,8334,8131,7785,7824|
03/04/2026 11:07:03|8775,8957,8450,8676,8810,8638,8083,8423,8285,7991,7958,8380,8289,7619,8037,7654,7744,8002,8084,7717,7474,7310,7491,7644,7699,7843,7756,7687,7288,7390,7462,7439,7168,7324,7510,7866,7668,7489,7677,7698,7977,7778,7576,7612,7833,7969,7831,7787,7604,7678,7874,7805,7963,8073,8159,8316,8345,8167,7838,7875|
03/04/2026 11:07:04|8827,9016,8552,8759,8892,8727,8199,8493,8357,8053,8024,8435,8350,7710,8081,7721,7799,8044,8114,7768,7536,7367,7542,7683,7724,7879,7786,7720,7357,7453,7498,7477,7184,7398,7586,7908,7676,7542,7716,7711,7983,7802,7631,7665,7869,7984,7837,7821,7656,7720,7918,7854,8001,8098,8192,8343,8354,8198,7890,7928|
03/04/2026 11:07:05|8869,9061,8648,8833,8967,8807,8301,8544,8415,8104,8084,8482,8398,7783,8109,7780,7851,8078,8134,7809,7591,7421,7591,7722,7753,7917,7817,7736,7425,7519,7541,7521,7211,7473,7665,7952,7685,7594,7757,7730,7990,7825,7688,7720,7908,7997,7834,7840,7703,7757,7957,7896,8039,8122,8214,8367,8360,8226,7942,7981|
03/04/2026 11:07:06|8903,9095,8739,8899,9038,8880,8389,8580,8460,8145,8136,8521,8437,7841,8124,7831,7898,8107,8146,7841,7641,7473,7638,7762,7786,7957,7849,7738,7494,7587,7589,7570,7246,7550,7744,7997,7695,7648,7798,7754,7998,7848,7745,7775,7948,8006,7824,7846,7744,7787,7991,7933,8075,8145,8225,8388,8363,8251,7992,8034|
03/04/2026 11:07:07|8929,9118,8823,8957,9104,8947,8465,8602,8496,8176,8183,8553,8468,7886,8129,7875,7941,8130,8151,7866,7685,7522,7683,7802,7822,7998,7880,7729,7560,7655,7641,7622,7289,7627,7823,8042,7707,7701,7839,7781,8007,7869,7802,7832,7989,8014,7809,7842,7780,7813,8021,7965,8110,8166,8229,8407,8365,8272,8041,8087|
03/04/2026 11:07:08|8950,9136,8903,9015,9168,9010,8538,8621,8528,8204,8229,8584,8497,7931,8134,7914,7983,8153,8156,7892,7732,7573,7728,7843,7856,8036,7911,7721,7617,7720,7695,7681,7343,7704,7895,8083,7720,7756,7886,7814,8020,7894,7859,7887,8030,8024,7797,7839,7820,7840,8053,8001,8148,8189,8236,8425,8368,8292,8090,8140|
03/04/2026 11:07:09|8974,9157,8974,9072,9229,9067,8607,8638,8557,8229,8268,8608,8511,7971,8140,7946,8019,8170,8158,7923,7783,7625,7771,7875,7883,8070,7939,7721,7671,7783,7747,7739,7406,7781,7954,8125,7740,7810,7937,7846,8036,7918,7914,7939,8056,8041,7797,7844,7863,7868,8087,8042,8187,8213,8249,8442,8374,8305,8135,8184|
03/04/2026 11:07:10|9006,9183,9036,9128,9284,9116,8669,8654,8583,8250,8297,8622,8505,7999,8145,7970,8048,8178,8154,7956,7837,7678,7812,7895,7904,8098,7961,7726,7723,7842,7793,7795,7475,7856,7998,8168,7766,7860,7989,7872,8053,7940,7966,7988,8062,8062,7808,7857,7909,7891,8120,8084,8226,8238,8266,8461,8380,8308,8173,8219|
03/04/2026 11:07:11|9042,9212,9090,9181,9334,9158,8725,8667,8607,8267,8318,8626,8482,8019,8149,7988,8069,8178,8146,7991,7892,7732,7851,7905,7920,8122,7980,7737,7775,7899,7834,7847,7549,7929,8028,8211,7796,7905,8042,7892,8071,7958,8014,8033,8049,8086,7827,7875,7957,7910,8150,8127,8264,8264,8288,8481,8387,8303,8205,8244|
03/04/2026 11:07:12|9083,9244,9136,9232,9380,9194,8774,8678,8628,8280,8332,8621,8443,8030,8152,7999,8083,8171,8133,8027,7949,7786,7886,7906,7930,8142,7994,7751,7825,7953,7870,7895,7625,8000,8045,8254,7829,7946,8095,7907,8089,7974,8059,8075,8022,8114,7853,7900,8005,7925,8179,8171,8302,8289,8313,8502,8395,8291,8232,8262|
03/04/2026 11:07:13|9123,9274,9175,9280,9419,9223,8816,8685,8645,8290,8340,8611,8397,8037,8154,8005,8091,8161,8119,8062,8004,7837,7919,7901,7936,8152,8002,7767,7871,8003,7901,7939,7700,8063,8055,8295,7863,7982,8145,7918,8105,7985,8100,8115,7988,8141,7884,7927,8050,7936,8203,8212,8339,8313,8338,8523,8403,8272,8250,8270|
03/04/2026 11:07:14|9156,9299,9209,9320,9451,9243,8849,8686,8652,8293,8342,8598,8353,8043,8156,8011,8099,8154,8105,8089,8046,7879,7948,7894,7938,8152,8008,7783,7914,8047,7924,7975,7767,8115,8063,8328,7891,8013,8185,7925,8110,7983,8132,8151,7960,8163,7910,7952,8088,7944,8221,8250,8371,8330,8358,8542,8410,8249,8261,8272|
03/04/2026 11:07:15|9177,9319,9241,9354,9474,9246,8879,8688,8655,8294,8344,8583,8311,8051,8159,8013,8107,8144,8095,8108,8078,7917,7976,7888,7935,8147,8014,7794,7952,8086,7950,8009,7827,8160,8064,8351,7917,8042,8216,7926,8107,7974,8150,8183,7939,8178,7925,7972,8115,7950,8237,8281,8397,8341,8373,8554,8415,8229,8269,8275|
03/04/2026 11:07:16|9189,9337,9269,9382,9489,9230,8906,8693,8658,8298,8347,8566,8273,8062,8166,8011,8113,8130,8087,8125,8105,7954,8003,7885,7928,8139,8020,7795,7984,8117,7979,8044,7878,8198,8057,8360,7941,8071,8243,7922,8102,7964,8152,8209,7925,8185,7934,7987,8130,7954,8250,8305,8416,8347,8385,8559,8414,8210,8277,8279|
03/04/2026 11:07:17|9192,9351,9296,9406,9497,9197,8931,8701,8661,8303,8351,8549,8239,8077,8175,8004,8117,8112,8081,8139,8127,7989,8030,7883,7918,8129,8025,7788,8011,8142,8011,8078,7921,8229,8042,8359,7963,8100,8264,7915,8094,7955,8140,8230,7916,8186,7936,7997,8134,7956,8259,8322,8428,8349,8395,8557,8409,8193,8283,8285|
03/04/2026 11:07:18|9186,9363,9319,9425,9499,9150,8954,8710,8663,8311,8356,8532,8209,8094,8187,7994,8121,8092,8078,8150,8146,8023,8057,7884,7906,8118,8029,7774,8032,8161,8044,8112,7957,8255,8021,8349,7983,8128,8282,7905,8084,7946,8118,8247,7912,8181,7934,8003,8129,7958,8267,8333,8435,8348,8403,8549,8401,8176,8287,8292|
03/04/2026 11:07:19|9176,9370,9335,9435,9497,9103,8976,8722,8665,8321,8364,8517,8189,8117,8200,7988,8128,8075,8078,8161,8161,8057,8085,7886,7897,8111,8034,7759,8048,8177,8074,8142,7988,8275,8000,8338,8005,8157,8299,7900,8079,7947,8102,8261,7906,8170,7929,8009,8126,7964,8276,8337,8435,8346,8410,8538,8390,8156,8284,8300|
03/04/2026 11:07:20|9161,9375,9346,9438,9489,9057,8993,8731,8665,8333,8370,8501,8174,8140,8209,7983,8136,8061,8078,8169,8169,8086,8113,7885,7887,8104,8037,7746,8051,8182,8093,8170,8019,8287,7985,8323,8024,8185,8313,7902,8074,7955,8096,8274,7890,8156,7928,8016,8124,7976,8284,8334,8422,8339,8412,8523,8380,8134,8273,8302|
03/04/2026 11:07:21|9140,9376,9352,9437,9474,9012,9002,8737,8660,8342,8372,8483,8157,8160,8215,7978,8145,8053,8080,8177,8168,8108,8135,7882,7873,8092,8036,7729,8043,8177,8103,8195,8049,8298,7972,8304,8039,8207,8322,7907,8072,7965,8094,8283,7869,8141,7929,8025,8123,7987,8288,8330,8405,8332,8412,8506,8367,8113,8257,8300|
03/04/2026 11:07:22|9114,9369,9355,9433,9449,8963,9002,8735,8647,8345,8373,8464,8135,8175,8218,7975,8153,8046,8078,8178,8162,8120,8150,7876,7861,8080,8034,7712,8032,8167,8111,8215,8075,8303,7952,8282,8047,8219,8319,7908,8065,7970,8089,8292,7853,8127,7931,8041,8124,7996,8276,8324,8385,8323,8409,8487,8345,8095,8240,8293|
03/04/2026 11:07:23|9088,9358,9351,9425,9419,8914,8991,8725,8631,8344,8371,8442,8112,8181,8214,7969,8153,8031,8071,8171,8152,8122,8159,7866,7849,8068,8033,7699,8018,8149,8112,8223,8091,8302,7928,8259,8054,8223,8310,7910,8058,7975,8088,8299,7839,8116,7935,8055,8122,8007,8266,8316,8359,8303,8397,8464,8324,8081,8223,8287|
03/04/2026 11:07:24|9062,9346,9343,9407,9378,8857,8959,8708,8614,8343,8366,8418,8090,8181,8206,7958,8145,8011,8059,8160,8136,8118,8161,7857,7835,8048,8029,7689,7999,8122,8103,8222,8100,8298,7904,8237,8059,8226,8298,7915,8054,7975,8085,8301,7827,8103,7937,8066,8122,8022,8255,8307,8334,8283,8378,8436,8301,8065,8207,8282|
03/04/2026 11:07:25|9033,9328,9325,9380,9327,8797,8907,8684,8595,8336,8354,8385,8071,8179,8193,7935,8127,7986,8043,8145,8110,8105,8154,7846,7818,8019,8021,7679,7978,8089,8082,8213,8106,8291,7871,8213,8053,8225,8285,7924,8052,7971,8079,8298,7818,8089,7937,8072,8118,8037,8245,8294,8307,8266,8362,8411,8276,8047,8191,8270|
03/04/2026 11:07:26|9001,9304,9298,9345,9268,8735,8839,8653,8573,8326,8335,8343,8055,8175,8175,7901,8099,7955,8024,8127,8074,8083,8140,7834,7797,7981,8010,7669,7955,8053,8049,8198,8109,8280,7831,8186,8037,8220,8271,7935,8050,7963,8070,8290,7813,8076,7936,8072,8112,8052,8234,8277,8278,8253,8349,8389,8250,8028,8175,8251|
03/04/2026 11:07:27|8966,9276,9264,9300,9203,8673,8760,8616,8544,8309,8309,8295,8037,8169,8154,7857,8062,7917,8001,8105,8030,8051,8118,7819,7774,7937,7992,7658,7931,8013,8004,8176,8107,8261,7786,8158,8015,8211,8252,7943,8047,7952,8053,8280,7811,8063,7933,8069,8104,8066,8223,8253,8248,8242,8336,8362,8224,8010,8160,8228|
03/04/2026 11:07:28|8928,9245,9230,9249,9136,8614,8685,8578,8510,8284,8274,8246,8018,8160,8131,7809,8016,7872,7973,8076,7974,7989,8079,7800,7748,7888,7962,7639,7904,7976,7954,8149,8095,8232,7736,8133,7995,8190,8211,7931,8035,7936,8022,8267,7813,8049,7926,8063,8096,8066,8208,8225,8219,8230,8308,8324,8198,7994,8142,8204|
03/04/2026 11:07:29|8887,9213,9196,9198,9070,8558,8614,8541,8474,8253,8231,8199,7999,8151,8108,7760,7962,7823,7938,8037,7907,7897,8021,7777,7721,7836,7917,7614,7875,7942,7909,8118,8077,8197,7681,8107,7974,8155,8147,7898,8017,7917,7979,8252,7818,8036,7915,8054,8089,8047,8191,8196,8193,8217,8261,8281,8173,7976,8119,8179|
03/04/2026 11:07:30|8844,9180,9165,9147,9007,8504,8548,8508,8439,8216,8181,8152,7981,8143,8085,7711,7901,7774,7897,7990,7830,7778,7947,7751,7694,7780,7861,7584,7843,7912,7868,8086,8053,8158,7620,8082,7954,8109,8065,7847,7992,7895,7926,8237,7826,8023,7901,8042,8081,8014,8172,8166,8169,8202,8199,8234,8148,7957,8091,8154|
03/04/2026 11:07:31|8798,9147,9134,9098,8945,8454,8487,8476,8404,8175,8125,8108,7964,8134,8062,7663,7835,7723,7853,7937,7746,7638,7861,7722,7666,7721,7795,7550,7810,7884,7832,8051,8024,8114,7557,8059,7935,8053,7968,7781,7962,7870,7865,8220,7836,8011,7885,8028,8073,7967,8152,8136,8148,8187,8124,8185,8123,7937,8059,8128|
03/04/2026 11:07:32|8751,9113,9105,9050,8886,8406,8430,8447,8369,8131,8066,8065,7948,8125,8040,7616,7766,7672,7806,7879,7656,7481,7765,7691,7638,7661,7722,7513,7777,7860,7799,8016,7992,8068,7490,8036,7916,7990,7858,7703,7927,7844,7797,8203,7848,8000,7867,8013,8066,7910,8132,8107,8128,8172,8039,8133,8099,7918,8024,8102|
03/04/2026 11:07:33|8704,9080,9078,9003,8829,8362,8378,8420,8335,8085,8003,8024,7933,8117,8019,7570,7694,7621,7757,7817,7562,7311,7661,7659,7610,7601,7642,7474,7743,7838,7770,7980,7956,8020,7423,8014,7899,7920,7739,7615,7890,7817,7725,8186,7862,7990,7847,7996,8058,7844,8111,8077,8111,8156,7946,8080,8076,7898,7986,8077|
03/04/2026 11:07:34|8657,9047,9052,8959,8775,8321,8331,8396,8302,8037,7939,7986,7919,8108,7998,7525,7620,7571,7706,7753,7465,7131,7551,7625,7583,7540,7559,7433,7709,7819,7744,7944,7919,7971,7354,7994,7882,7847,7613,7519,7849,7789,7649,8168,7877,7980,7826,7979,8051,7771,8090,8049,8095,8139,7846,8026,8054,7878,7947,8051|
03/04/2026 11:07:35|8610,9015,9028,8916,8725,8283,8288,8373,8271,7988,7874,7950,7906,8101,7978,7482,7546,7522,7654,7688,7367,6944,7437,7592,7556,7480,7472,7391,7675,7803,7722,7908,7879,7921,7286,7974,7866,7770,7481,7417,7807,7761,7570,8151,7892,7971,7805,7960,8045,7693,8068,8021,8082,8123,7743,7972,8032,7859,7908,8027|
03/04/2026 11:07:36|8564,8985,9006,8876,8677,8248,8249,8353,8240,7939,7808,7916,7893,8093,7959,7442,7473,7474,7603,7621,7268,6753,7321,7558,7530,7422,7384,7348,7642,7789,7703,7872,7839,7871,7219,7956,7851,7691,7347,7312,7764,7732,7491,8134,7909,7963,7782,7942,8038,7612,8047,7994,8070,8108,7636,7919,8012,7840,7867,8003|
03/04/2026 11:07:37|8519,8955,8985,8838,8633,8216,8214,8335,8211,7890,7743,7884,7882,8086,7941,7403,7400,7428,7551,7555,7171,6560,7204,7525,7506,7365,7295,7305,7610,7777,7687,7837,7799,7821,7153,7939,7837,7611,7211,7203,7720,7704,7411,8117,7925,7955,7760,7923,8032,7527,8027,7969,8060,8092,7529,7866,7993,7822,7827,7981|
03/04/2026 11:07:38|8476,8927,8967,8803,8592,8187,8183,8318,8184,7842,7679,7855,7872,8079,7925,7366,7329,7384,7501,7489,7075,6368,7087,7492,7482,7309,7207,7263,7579,7767,7673,7803,7758,7773,7089,7924,7824,7531,7075,7094,7677,7676,7331,8100,7942,7949,7738,7904,8027,7442,8006,7944,8051,8077,7421,7815,7976,7804,7787,7959|
03/04/2026 11:07:39|8435,8900,8949,8769,8554,8161,8156,8304,8158,7795,7616,7828,7863,8072,7909,7332,7260,7342,7452,7424,6981,6178,6972,7460,7460,7256,7119,7221,7549,7759,7662,7771,7718,7725,7027,7909,7812,7452,6941,6985,7633,7649,7253,8084,7959,7942,7716,7886,8021,7356,7987,7921,8043,8062,7314,7766,7959,7787,7748,7938|
03/04/2026 11:07:40|8395,8873,8933,8739,8519,8137,8132,8291,8134,7750,7556,7803,7855,8066,7894,7301,7193,7302,7404,7362,6892,5995,6861,7429,7438,7205,7035,7182,7521,7752,7653,7740,7679,7680,6969,7896,7799,7376,6812,6879,7591,7623,7178,8070,7975,7937,7694,7868,8016,7272,7969,7900,8038,8049,7211,7720,7944,7771,7710,7919|
03/04/2026 11:07:41|8360,8842,8916,8715,8490,8119,8108,8274,8108,7706,7501,7779,7844,8061,7883,7277,7135,7267,7361,7310,6819,5845,6769,7402,7415,7159,6959,7149,7495,7743,7645,7713,7645,7641,6924,7884,7780,7313,6708,6792,7555,7603,7115,8058,7992,7929,7674,7849,8005,7198,7953,7884,8034,8039,7129,7685,7935,7757,7675,7903|
03/04/2026 11:07:42|8325,8807,8898,8698,8465,8104,8084,8253,8079,7660,7454,7759,7833,8053,7876,7263,7092,7243,7327,7266,6759,5732,6698,7380,7390,7120,6898,7118,7470,7728,7636,7689,7614,7605,6896,7875,7764,7265,6631,6726,7523,7589,7066,8046,8003,7916,7655,7828,7989,7142,7938,7873,8032,8032,7070,7663,7929,7749,7650,7892|
03/04/2026 11:07:43|8291,8772,8879,8683,8444,8092,8062,8230,8050,7614,7416,7745,7828,8047,7870,7254,7060,7224,7294,7221,6711,5651,6646,7360,7359,7090,6851,7089,7443,7708,7628,7668,7585,7571,6881,7869,7753,7232,6574,6672,7487,7575,7029,8029,8005,7900,7635,7809,7972,7099,7919,7860,8027,8026,7031,7648,7926,7745,7632,7882|
03/04/2026 11:07:44|8260,8742,8862,8670,8424,8086,8048,8211,8023,7575,7389,7740,7827,8042,7865,7253,7040,7210,7262,7181,6677,5599,6609,7341,7323,7067,6821,7065,7418,7691,7621,7644,7557,7538,6868,7861,7737,7205,6532,6629,7452,7564,7007,8011,8003,7885,7618,7783,7949,7058,7895,7843,8019,8012,7001,7633,7922,7744,7619,7875|
03/04/2026 11:07:45|8230,8712,8842,8653,8403,8083,8040,8196,8001,7543,7375,7741,7827,8037,7860,7257,7025,7201,7238,7151,6659,5570,6582,7325,7283,7051,6802,7042,7395,7676,7612,7621,7533,7507,6850,7846,7708,7178,6496,6595,7423,7558,7000,7997,7993,7868,7602,7745,7919,7025,7875,7831,8012,7992,6970,7613,7919,7749,7610,7865|
03/04/2026 11:07:46|8201,8683,8821,8631,8382,8084,8037,8184,7983,7519,7371,7748,7827,8032,7855,7266,7014,7194,7221,7128,6655,5561,6565,7312,7242,7040,6794,7017,7373,7662,7603,7598,7514,7480,6828,7825,7667,7152,6467,6568,7400,7556,7006,7985,7975,7848,7587,7696,7884,7000,7859,7824,8005,7968,6938,7587,7916,7757,7603,7854|
03/04/2026 11:07:47|8173,8655,8801,8610,8365,8089,8040,8175,7967,7502,7377,7760,7829,8027,7853,7281,7007,7190,7211,7114,6664,5573,6558,7302,7202,7034,6794,6996,7356,7651,7595,7578,7499,7455,6804,7802,7621,7130,6448,6547,7380,7559,7019,7975,7951,7829,7576,7642,7846,6985,7849,7822,8000,7944,6912,7562,7913,7766,7598,7843|
03/04/2026 11:07:48|8146,8631,8790,8602,8358,8097,8048,8171,7952,7487,7389,7773,7832,8027,7858,7303,7004,7184,7208,7114,6686,5608,6569,7297,7168,7035,6802,6983,7347,7645,7594,7566,7489,7435,6786,7780,7585,7121,6445,6527,7364,7569,7030,7964,7923,7817,7575,7586,7811,6981,7848,7828,7996,7922,6905,7547,7907,7769,7597,7837|
03/04/2026 11:07:49|8120,8611,8788,8604,8361,8109,8061,8171,7938,7476,7407,7789,7838,8030,7870,7333,7005,7176,7212,7125,6721,5664,6595,7296,7140,7039,6815,6978,7345,7643,7598,7562,7483,7418,6772,7761,7557,7123,6458,6509,7351,7584,7039,7953,7890,7813,7582,7530,7780,6988,7856,7840,7993,7904,6915,7542,7899,7766,7599,7836|
03/04/2026 11:07:50|8095,8595,8792,8615,8373,8125,8078,8175,7925,7468,7430,7805,7845,8037,7887,7368,7009,7167,7221,7146,6765,5737,6633,7299,7118,7049,6833,6981,7351,7644,7607,7565,7482,7404,6763,7744,7538,7134,6484,6492,7340,7604,7045,7941,7855,7814,7597,7474,7751,7005,7872,7857,7991,7888,6940,7545,7889,7757,7604,7838|
03/04/2026 11:07:51|8073,8582,8803,8635,8392,8143,8098,8181,7913,7462,7456,7822,7854,8046,7908,7408,7016,7158,7235,7175,6817,5824,6682,7306,7102,7062,6856,6990,7363,7649,7621,7572,7484,7393,6758,7729,7526,7154,6521,6477,7332,7627,7050,7929,7817,7821,7619,7419,7726,7029,7893,7879,7990,7873,6976,7556,7878,7745,7611,7844|
03/04/2026 11:07:52|8057,8575,8816,8658,8417,8164,8116,8185,7903,7462,7479,7836,7866,8055,7925,7444,7028,7154,7248,7205,6870,5921,6737,7313,7093,7083,6886,7006,7380,7655,7633,7582,7489,7390,6766,7718,7518,7176,6570,6477,7328,7651,7059,7916,7781,7831,7643,7373,7706,7054,7906,7898,7989,7857,7013,7569,7868,7734,7619,7852|
03/04/2026 11:07:53|8046,8570,8825,8678,8441,8188,8136,8187,7896,7464,7494,7849,7879,8060,7932,7473,7045,7152,7261,7234,6919,6019,6789,7318,7087,7106,6915,7027,7403,7662,7637,7591,7499,7397,6788,7704,7514,7203,6629,6493,7332,7677,7075,7902,7752,7845,7672,7341,7685,7080,7913,7914,7989,7839,7047,7579,7858,7726,7629,7861|
03/04/2026 11:07:54|8038,8569,8833,8697,8467,8219,8161,8190,7888,7468,7503,7863,7895,8061,7932,7484,7066,7155,7275,7265,6961,6116,6839,7325,7082,7128,6942,7051,7427,7662,7636,7600,7509,7409,6816,7683,7506,7227,6689,6516,7334,7698,7094,7889,7732,7863,7698,7312,7659,7107,7918,7929,7991,7822,7078,7589,7850,7723,7641,7873|
03/04/2026 11:07:55|8035,8574,8844,8719,8500,8256,8190,8195,7880,7472,7509,7879,7914,8060,7927,7477,7088,7162,7291,7297,6996,6214,6893,7336,7075,7149,6970,7077,7451,7654,7631,7609,7522,7423,6848,7653,7493,7243,6746,6539,7332,7711,7116,7878,7721,7883,7719,7284,7631,7136,7923,7944,7994,7804,7105,7599,7844,7724,7655,7888|
03/04/2026 11:07:56|8037,8584,8857,8745,8536,8297,8224,8201,7871,7476,7512,7896,7936,8058,7917,7453,7113,7174,7309,7330,7023,6313,6949,7350,7067,7167,6999,7105,7476,7640,7624,7619,7536,7439,6882,7615,7477,7252,6800,6564,7325,7718,7140,7868,7717,7905,7736,7258,7603,7168,7928,7960,7998,7787,7128,7609,7839,7727,7672,7905|
03/04/2026 11:07:57|8043,8598,8872,8773,8575,8342,8260,8209,7861,7481,7513,7913,7958,8055,7903,7416,7137,7190,7330,7363,7044,6410,7006,7367,7058,7184,7026,7133,7499,7621,7614,7628,7551,7456,6919,7571,7457,7257,6851,6589,7315,7718,7165,7860,7718,7928,7750,7234,7576,7202,7933,7976,8004,7770,7148,7619,7835,7733,7691,7924|
03/04/2026 11:07:58|8046,8611,8887,8799,8610,8384,8288,8214,7853,7486,7512,7922,7970,8046,7889,7380,7161,7210,7352,7394,7063,6506,7062,7383,7055,7202,7046,7161,7520,7603,7605,7636,7567,7478,6959,7527,7440,7263,6900,6620,7305,7713,7187,7847,7715,7948,7762,7214,7549,7236,7939,7992,8011,7755,7165,7625,7829,7741,7709,7936|
03/04/2026 11:07:59|8035,8617,8898,8823,8642,8421,8309,8215,7846,7494,7513,7925,7967,8025,7875,7353,7187,7234,7373,7420,7082,6601,7117,7398,7060,7223,7067,7191,7543,7588,7599,7645,7585,7504,7005,7492,7430,7275,6950,6658,7295,7702,7201,7828,7708,7964,7773,7202,7525,7269,7945,8005,8018,7744,7185,7633,7825,7753,7728,7940|
03/04/2026 11:08:00|8012,8616,8907,8844,8673,8454,8322,8214,7839,7504,7517,7923,7951,7993,7861,7333,7215,7261,7393,7442,7100,6695,7171,7412,7073,7246,7090,7223,7568,7579,7595,7655,7606,7534,7056,7465,7427,7291,7001,6700,7284,7684,7207,7804,7697,7976,7784,7196,7502,7301,7950,8016,8025,7737,7208,7642,7823,7767,7746,7935|
03/04/2026 11:08:01|7979,8610,8914,8865,8701,8483,8328,8210,7832,7514,7523,7916,7924,7952,7847,7320,7244,7291,7413,7462,7119,6786,7224,7425,7092,7270,7115,7258,7595,7572,7592,7665,7628,7568,7110,7447,7430,7311,7051,6746,7274,7662,7207,7777,7684,7984,7793,7196,7482,7332,7954,8023,8032,7733,7234,7652,7824,7784,7764,7924|
03/04/2026 11:08:02|7943,8603,8920,8883,8725,8505,8328,8202,7821,7520,7526,7909,7898,7911,7828,7309,7270,7317,7432,7480,7136,6870,7273,7437,7111,7293,7141,7295,7617,7563,7587,7671,7646,7601,7166,7434,7432,7330,7098,6792,7262,7636,7209,7751,7671,7982,7801,7203,7470,7364,7957,8028,8033,7727,7255,7660,7827,7802,7779,7912|
03/04/2026 11:08:03|7909,8590,8925,8896,8742,8518,8328,8191,7805,7522,7527,7902,7875,7870,7806,7299,7290,7334,7450,7495,7151,6944,7313,7445,7132,7315,7171,7328,7632,7552,7578,7669,7660,7631,7219,7424,7434,7348,7142,6839,7250,7611,7218,7728,7658,7974,7814,7218,7462,7394,7957,8030,8029,7718,7274,7662,7828,7822,7792,7904|
03/04/2026 11:08:04|7877,8570,8926,8905,8752,8527,8330,8181,7786,7527,7529,7893,7850,7828,7780,7292,7309,7349,7464,7502,7155,7005,7343,7453,7156,7335,7201,7359,7643,7545,7572,7666,7665,7651,7264,7421,7444,7365,7184,6886,7238,7590,7227,7711,7648,7968,7830,7240,7459,7425,7955,8030,8025,7710,7295,7663,7827,7838,7804,7896|
03/04/2026 11:08:05|7847,8551,8921,8910,8753,8537,8335,8171,7765,7533,7527,7878,7819,7782,7747,7286,7326,7359,7471,7497,7146,7052,7367,7462,7181,7356,7232,7387,7651,7541,7569,7661,7659,7660,7300,7427,7461,7384,7222,6932,7227,7573,7236,7699,7644,7966,7849,7267,7461,7460,7954,8027,8020,7707,7321,7664,7824,7849,7816,7888|
03/04/2026 11:08:06|7820,8532,8913,8910,8746,8547,8344,8161,7742,7540,7524,7859,7783,7735,7710,7282,7342,7367,7474,7482,7124,7086,7386,7470,7209,7378,7263,7413,7659,7541,7569,7654,7645,7658,7328,7439,7484,7403,7257,6977,7216,7559,7245,7692,7643,7966,7870,7297,7467,7498,7952,8024,8016,7708,7350,7665,7818,7856,7827,7878|
03/04/2026 11:08:07|7794,8514,8900,8907,8733,8557,8355,8150,7717,7547,7519,7836,7745,7686,7669,7280,7356,7372,7471,7458,7092,7109,7400,7478,7237,7401,7294,7438,7665,7544,7572,7647,7622,7647,7349,7458,7512,7423,7288,7020,7206,7548,7254,7689,7646,7968,7894,7331,7478,7537,7950,8018,8012,7713,7381,7667,7810,7859,7838,7868|
03/04/2026 11:08:08|7770,8496,8884,8902,8715,8567,8368,8140,7691,7555,7513,7810,7704,7636,7625,7278,7368,7374,7465,7427,7052,7123,7409,7487,7266,7423,7324,7461,7671,7548,7577,7639,7594,7629,7364,7480,7544,7443,7317,7061,7196,7540,7262,7690,7651,7972,7918,7367,7492,7578,7948,8012,8009,7720,7415,7669,7800,7858,7847,7858|
03/04/2026 11:08:09|7748,8480,8866,8893,8691,8577,8383,8131,7665,7564,7505,7782,7661,7587,7579,7278,7380,7374,7456,7389,7004,7127,7414,7495,7296,7445,7354,7482,7675,7555,7583,7629,7560,7604,7373,7507,7579,7463,7342,7100,7187,7535,7269,7695,7660,7978,7943,7405,7509,7619,7946,8005,8005,7729,7450,7671,7789,7855,7856,7848|
03/04/2026 11:08:10|7728,8464,8845,8883,8664,8586,8399,8121,7638,7573,7497,7753,7616,7537,7531,7279,7389,7372,7443,7347,6951,7124,7416,7502,7325,7467,7384,7501,7678,7564,7592,7620,7521,7574,7377,7537,7617,7483,7364,7137,7178,7532,7276,7702,7670,7985,7969,7444,7527,7660,7944,7997,8002,7740,7486,7673,7778,7849,7865,7837|
03/04/2026 11:08:11|7710,8449,8823,8871,8634,8596,8415,8112,7611,7582,7488,7722,7572,7489,7483,7281,7398,7369,7429,7302,6894,7115,7415,7510,7354,7488,7412,7518,7681,7574,7601,7610,7480,7540,7376,7569,7657,7503,7384,7172,7170,7532,7283,7712,7682,7993,7995,7483,7548,7701,7941,7988,7999,7753,7522,7675,7765,7841,7872,7827|
03/04/2026 11:08:12|7693,8435,8800,8857,8602,8605,8433,8104,7585,7590,7478,7690,7527,7441,7435,7284,7406,7364,7412,7253,6833,7100,7411,7517,7383,7509,7439,7534,7682,7585,7612,7600,7436,7502,7372,7603,7698,7522,7401,7205,7163,7533,7289,7724,7696,8002,8021,7522,7570,7742,7939,7979,7996,7767,7558,7677,7752,7832,7879,7817|
03/04/2026 11:08:13|7680,8423,8777,8842,8570,8614,8449,8096,7559,7599,7467,7660,7485,7398,7391,7288,7411,7359,7395,7205,6774,7083,7406,7522,7411,7529,7465,7550,7684,7596,7623,7590,7394,7466,7365,7635,7736,7541,7418,7236,7155,7533,7296,7736,7709,8011,8045,7559,7588,7778,7935,7969,7991,7780,7591,7679,7740,7820,7883,7807|
03/04/2026 11:08:14|7674,8414,8755,8817,8538,8619,8459,8087,7533,7602,7460,7636,7451,7361,7356,7299,7416,7355,7381,7164,6728,7071,7399,7523,7436,7544,7490,7563,7687,7609,7631,7579,7358,7436,7360,7660,7767,7560,7438,7266,7149,7536,7310,7749,7720,8017,8060,7591,7602,7805,7931,7956,7974,7786,7619,7683,7734,7812,7883,7801|
03/04/2026 11:08:15|7674,8409,8736,8791,8509,8618,8465,8077,7498,7593,7458,7622,7426,7333,7332,7314,7422,7350,7370,7134,6697,7066,7389,7517,7458,7557,7510,7573,7690,7622,7632,7565,7325,7411,7358,7678,7792,7580,7459,7295,7152,7547,7332,7761,7732,8022,8071,7621,7615,7828,7926,7941,7950,7790,7648,7687,7730,7812,7888,7803|
03/04/2026 11:08:16|7678,8407,8719,8765,8481,8611,8467,8066,7454,7573,7462,7614,7407,7315,7318,7333,7428,7343,7360,7113,6681,7066,7376,7505,7477,7568,7527,7581,7694,7635,7627,7549,7297,7389,7359,7691,7814,7601,7481,7320,7165,7565,7361,7773,7743,8025,8080,7650,7629,7848,7921,7923,7920,7792,7676,7692,7727,7817,7899,7811|
03/04/2026 11:08:17|7687,8408,8704,8739,8456,8600,8466,8054,7404,7542,7471,7614,7395,7305,7314,7356,7434,7336,7353,7100,6678,7072,7360,7490,7492,7576,7541,7587,7698,7647,7616,7531,7272,7370,7362,7700,7831,7622,7503,7343,7185,7589,7394,7783,7755,8028,8086,7677,7643,7864,7916,7904,7885,7792,7705,7697,7726,7827,7913,7825|
03/04/2026 11:08:18|7699,8411,8691,8714,8433,8585,8461,8041,7347,7504,7483,7619,7389,7302,7317,7381,7440,7328,7347,7094,6686,7081,7342,7470,7505,7583,7552,7592,7703,7659,7601,7513,7251,7354,7368,7704,7845,7643,7525,7364,7211,7618,7432,7793,7766,8030,8090,7702,7658,7878,7911,7883,7847,7791,7733,7702,7727,7842,7931,7843|
03/04/2026 11:08:19|7714,8417,8681,8690,8412,8567,8455,8027,7286,7458,7499,7630,7388,7305,7327,7409,7446,7319,7343,7095,6704,7094,7322,7448,7515,7588,7561,7594,7708,7670,7582,7493,7232,7341,7375,7704,7855,7664,7547,7382,7243,7650,7473,7801,7777,8031,8092,7725,7672,7889,7906,7861,7806,7788,7761,7707,7729,7860,7952,7865|
03/04/2026 11:08:20|7731,8424,8672,8667,8393,8547,8446,8014,7223,7407,7517,7644,7391,7313,7343,7437,7452,7310,7341,7101,6729,7110,7301,7423,7522,7591,7567,7595,7713,7681,7559,7473,7216,7331,7384,7702,7863,7684,7568,7398,7279,7686,7517,7809,7788,8032,8092,7747,7687,7898,7901,7839,7764,7785,7787,7712,7731,7881,7975,7890|
03/04/2026 11:08:21|7750,8433,8664,8645,8376,8524,8436,7999,7157,7352,7537,7662,7398,7326,7363,7467,7458,7300,7340,7111,6762,7128,7280,7397,7528,7593,7571,7595,7718,7692,7534,7453,7203,7322,7394,7696,7867,7704,7589,7412,7319,7724,7562,7816,7798,8032,8091,7767,7700,7904,7896,7816,7720,7780,7813,7718,7735,7905,7999,7918|
03/04/2026 11:08:22|7771,8443,8658,8625,8361,8500,8424,7985,7090,7294,7559,7683,7408,7342,7388,7498,7463,7291,7339,7126,6799,7148,7257,7369,7532,7594,7573,7593,7724,7701,7507,7432,7193,7316,7405,7689,7870,7723,7610,7425,7361,7763,7608,7822,7808,8031,8088,7785,7714,7909,7891,7794,7675,7775,7838,7723,7739,7931,8025,7948|
03/04/2026 11:08:23|7793,8453,8654,8605,8347,8475,8412,7972,7022,7234,7582,7706,7421,7362,7415,7529,7469,7281,7340,7143,6841,7169,7235,7340,7534,7593,7574,7591,7729,7711,7479,7412,7184,7312,7417,7679,7870,7742,7629,7435,7405,7804,7655,7828,7818,8030,8084,7802,7727,7912,7887,7772,7631,7769,7861,7728,7744,7957,8052,7979|
03/04/2026 11:08:24|7816,8465,8651,8587,8335,8449,8398,7958,6955,7172,7606,7730,7436,7384,7445,7559,7474,7272,7342,7163,6887,7192,7212,7310,7535,7592,7573,7588,7735,7719,7450,7392,7177,7309,7429,7668,7869,7760,7648,7444,7450,7845,7701,7833,7827,8029,8080,7817,7740,7914,7883,7750,7587,7763,7883,7733,7749,7985,8079,8011|
03/04/2026 11:08:25|7838,8477,8648,8569,8325,8423,8384,7945,6889,7110,7630,7756,7452,7407,7478,7590,7479,7262,7344,7186,6935,7215,7190,7281,7534,7590,7571,7584,7740,7727,7420,7373,7172,7307,7441,7656,7866,7777,7666,7452,7495,7886,7747,7837,7835,8027,8074,7831,7752,7915,7879,7728,7543,7757,7904,7738,7755,8013,8107,8043|
03/04/2026 11:08:26|7861,8489,8647,8554,8316,8397,8370,7932,6824,7049,7654,7783,7470,7433,7511,7619,7483,7253,7347,7210,6985,7239,7168,7252,7533,7588,7568,7580,7745,7735,7390,7354,7169,7307,7454,7643,7862,7792,7683,7458,7540,7926,7792,7840,7843,8025,8069,7843,7763,7914,7875,7708,7501,7750,7924,7742,7761,8042,8134,8075|
03/04/2026 11:08:27|7884,8501,8647,8539,8308,8371,8356,7920,6762,6988,7679,7810,7489,7459,7545,7648,7488,7244,7350,7235,7035,7262,7147,7223,7530,7584,7564,7575,7750,7741,7360,7336,7167,7308,7466,7629,7857,7807,7699,7463,7585,7966,7836,7843,7850,8023,8062,7854,7773,7912,7872,7688,7459,7743,7942,7747,7766,8070,8161,8107|
03/04/2026 11:08:28|7907,8514,8647,8525,8302,8345,8341,7908,6701,6928,7703,7837,7509,7486,7580,7676,7492,7236,7354,7260,7086,7285,7126,7195,7527,7581,7560,7570,7755,7747,7331,7319,7166,7309,7479,7615,7851,7821,7714,7466,7630,8005,7878,7846,7857,8021,8055,7863,7783,7910,7868,7669,7420,7736,7959,7751,7772,8098,8187,8139|
03/04/2026 11:08:29|7929,8526,8648,8513,8296,8320,8327,7897,6643,6870,7726,7865,7529,7513,7614,7702,7495,7228,7358,7287,7137,7308,7106,7167,7523,7577,7554,7565,7759,7753,7302,7302,7167,7312,7491,7600,7845,7834,7727,7469,7673,8043,7919,7848,7863,8019,8048,7872,7793,7907,7865,7651,7382,7729,7975,7755,7778,8125,8212,8169|
03/04/2026 11:08:30|7958,8545,8656,8508,8299,8304,8320,7893,6600,6823,7753,7896,7554,7545,7652,7731,7504,7226,7366,7315,7185,7333,7093,7147,7522,7574,7549,7561,7765,7761,7279,7290,7171,7317,7504,7588,7839,7848,7742,7470,7712,8077,7956,7849,7869,8014,8037,7876,7801,7903,7863,7633,7350,7721,7982,7758,7786,8151,8233,8198|
03/04/2026 11:08:31|8007,8582,8679,8522,8324,8309,8333,7910,6590,6804,7789,7936,7588,7585,7695,7767,7520,7239,7387,7352,7237,7366,7095,7144,7529,7572,7541,7562,7775,7774,7266,7285,7177,7322,7517,7585,7841,7864,7761,7476,7749,8103,7978,7848,7876,8006,8019,7875,7810,7902,7865,7624,7334,7717,7984,7763,7799,8178,8248,8221|
03/04/2026 11:08:32|8074,8637,8717,8554,8363,8329,8362,7947,6607,6816,7833,7985,7629,7636,7744,7806,7545,7264,7415,7399,7296,7404,7109,7154,7540,7572,7535,7569,7788,7788,7264,7284,7178,7324,7528,7584,7841,7880,7782,7490,7790,8127,7991,7845,7884,8002,8007,7877,7826,7908,7870,7627,7335,7716,7983,7771,7819,8202,8257,8236|
03/04/2026 11:08:33|8152,8703,8767,8600,8414,8363,8406,8001,6652,6855,7883,8040,7681,7698,7799,7850,7578,7299,7451,7452,7359,7448,7132,7170,7553,7576,7532,7582,7802,7806,7274,7287,7174,7327,7536,7581,7834,7895,7802,7503,7830,8151,8004,7847,7896,7999,8000,7875,7848,7920,7880,7635,7347,7720,7982,7784,7844,8225,8265,8249|
03/04/2026 11:08:34|8235,8774,8818,8647,8470,8404,8450,8059,6714,6908,7935,8096,7735,7759,7851,7891,7609,7335,7489,7507,7414,7493,7163,7190,7568,7584,7537,7599,7819,7826,7292,7290,7169,7331,7542,7572,7825,7909,7821,7511,7860,8163,8014,7851,7903,7995,7994,7879,7874,7935,7892,7647,7366,7727,7984,7802,7872,8247,8272,8262|
03/04/2026 11:08:35|8308,8832,8856,8685,8518,8439,8481,8101,6771,6959,7979,8145,7782,7802,7889,7921,7630,7362,7522,7557,7451,7528,7191,7209,7586,7594,7540,7619,7837,7845,7316,7298,7169,7336,7543,7564,7817,7916,7827,7515,7885,8158,8022,7856,7908,7997,7994,7889,7902,7953,7902,7664,7389,7738,7988,7818,7895,8268,8281,8278|
03/04/2026 11:08:36|8369,8876,8882,8714,8556,8466,8502,8125,6818,7003,8016,8185,7820,7826,7916,7944,7641,7381,7552,7601,7481,7552,7214,7228,7606,7606,7540,7642,7855,7863,7343,7314,7177,7342,7539,7559,7810,7914,7818,7517,7905,8136,8029,7861,7916,8004,7999,7902,7927,7971,7910,7686,7419,7753,7994,7832,7910,8288,8296,8298|
03/04/2026 11:08:37|8419,8907,8899,8737,8585,8487,8513,8134,6855,7041,8045,8219,7852,7834,7935,7959,7644,7393,7580,7641,7503,7566,7233,7246,7627,7619,7536,7667,7872,7879,7373,7334,7191,7349,7531,7558,7805,7902,7797,7518,7922,8098,8034,7866,7925,8016,8009,7918,7951,7989,7917,7712,7454,7771,8001,7845,7917,8308,8316,8323|
03/04/2026 11:08:38|8458,8927,8907,8754,8605,8502,8515,8129,6885,7074,8068,8247,7877,7826,7945,7967,7640,7398,7604,7676,7520,7571,7247,7262,7650,7632,7530,7693,7889,7894,7406,7359,7210,7356,7520,7560,7801,7884,7765,7518,7936,8047,8038,7870,7937,8033,8022,7937,7973,8008,7923,7742,7493,7790,8010,7855,7917,8327,8340,8350|
03/04/2026 11:08:39|8489,8937,8907,8765,8618,8511,8511,8113,6907,7102,8084,8269,7897,7806,7948,7969,7631,7399,7626,7707,7531,7568,7258,7278,7673,7647,7522,7720,7906,7908,7441,7388,7233,7363,7506,7564,7799,7860,7723,7517,7947,7986,8041,7875,7949,8053,8039,7958,7993,8026,7929,7774,7536,7812,8020,7864,7912,8346,8368,8379|
03/04/2026 11:08:40|8511,8939,8901,8772,8625,8516,8498,8088,6922,7126,8096,8286,7911,7777,7944,7967,7615,7394,7644,7733,7538,7559,7266,7292,7696,7661,7511,7747,7921,7919,7476,7420,7260,7370,7489,7571,7797,7831,7675,7515,7956,7917,8043,7879,7962,8074,8057,7980,8011,8044,7932,7808,7580,7835,8031,7873,7903,8362,8398,8410|
03/04/2026 11:08:41|8518,8932,8889,8772,8627,8516,8473,8054,6938,7147,8102,8295,7923,7746,7934,7957,7589,7379,7653,7752,7540,7549,7274,7301,7710,7664,7497,7767,7930,7920,7506,7450,7284,7376,7475,7576,7793,7801,7628,7512,7957,7846,8041,7884,7972,8088,8067,7995,8020,8050,7931,7835,7616,7854,8042,7881,7896,8373,8426,8435|
03/04/2026 11:08:42|8514,8919,8868,8764,8620,8507,8441,8015,6958,7167,8101,8291,7924,7717,7921,7940,7559,7356,7652,7761,7537,7537,7281,7306,7714,7662,7482,7780,7930,7911,7524,7476,7308,7381,7458,7572,7783,7770,7584,7507,7948,7774,8033,7889,7978,8094,8070,8003,8017,8044,7925,7851,7642,7861,8051,7884,7892,8381,8448,8454|
03/04/2026 11:08:43|8504,8899,8839,8752,8605,8490,8391,7977,6982,7187,8090,8272,7913,7678,7898,7914,7531,7338,7648,7760,7526,7520,7288,7307,7707,7646,7466,7787,7920,7887,7532,7497,7329,7384,7442,7562,7768,7732,7542,7500,7934,7702,8013,7890,7980,8092,8063,8000,8011,8037,7917,7860,7664,7857,8058,7891,7894,8383,8459,8460|
03/04/2026 11:08:44|8488,8871,8802,8736,8587,8465,8319,7941,7010,7208,8069,8235,7891,7626,7865,7880,7506,7326,7642,7749,7507,7498,7293,7304,7686,7612,7448,7788,7899,7849,7531,7511,7347,7389,7428,7549,7746,7684,7498,7489,7917,7629,7981,7887,7980,8084,8045,7985,8005,8033,7909,7864,7681,7847,8064,7905,7901,8378,8462,8454|
03/04/2026 11:08:45|8467,8839,8758,8716,8566,8435,8229,7905,7040,7229,8040,8185,7859,7564,7823,7837,7484,7319,7633,7731,7484,7472,7296,7297,7654,7563,7429,7785,7871,7799,7522,7519,7363,7393,7416,7535,7719,7628,7453,7476,7897,7557,7940,7882,7979,8071,8019,7961,7998,8029,7899,7865,7695,7831,8070,7924,7913,8369,8458,8438|
03/04/2026 11:08:46|8442,8802,8710,8694,8542,8400,8124,7870,7073,7250,8004,8122,7819,7493,7774,7789,7465,7317,7623,7706,7455,7444,7299,7286,7612,7501,7408,7778,7835,7738,7506,7522,7377,7398,7406,7520,7688,7565,7408,7461,7874,7485,7891,7874,7976,8053,7985,7928,7991,8026,7889,7862,7705,7811,8075,7947,7929,8355,8448,8413|
03/04/2026 11:08:47|8413,8761,8657,8670,8517,8361,8007,7838,7107,7272,7962,8050,7773,7416,7719,7736,7448,7319,7612,7676,7423,7413,7301,7273,7562,7430,7387,7767,7794,7669,7483,7520,7389,7403,7399,7504,7654,7498,7363,7444,7849,7414,7836,7864,7973,8032,7945,7888,7985,8025,7878,7856,7711,7788,8080,7973,7949,8337,8432,8381|
03/04/2026 11:08:48|8382,8718,8601,8645,8490,8319,7882,7807,7141,7293,7916,7970,7721,7334,7660,7680,7434,7325,7600,7641,7387,7381,7302,7258,7506,7350,7366,7753,7747,7593,7456,7515,7399,7409,7393,7487,7617,7427,7319,7426,7824,7346,7776,7853,7968,8007,7900,7842,7978,8024,7867,7848,7715,7762,8083,8002,7971,8316,8412,8342|
03/04/2026 11:08:49|8349,8673,8544,8618,8462,8275,7749,7777,7177,7314,7867,7884,7665,7248,7597,7621,7422,7334,7587,7603,7349,7347,7302,7241,7445,7264,7345,7738,7698,7513,7425,7505,7407,7414,7389,7469,7578,7354,7276,7406,7797,7279,7712,7840,7963,7980,7851,7792,7971,8024,7856,7838,7717,7733,8086,8033,7995,8292,8389,8299|
03/04/2026 11:08:50|8314,8627,8485,8591,8434,8229,7612,7750,7212,7335,7815,7794,7606,7160,7533,7561,7412,7345,7573,7563,7310,7313,7302,7223,7380,7173,7323,7720,7646,7429,7391,7493,7414,7420,7386,7452,7538,7280,7234,7387,7769,7216,7645,7826,7958,7951,7799,7739,7965,8025,7845,7826,7716,7703,8089,8066,8021,8267,8362,8252|
03/04/2026 11:08:51|8278,8581,8426,8564,8406,8183,7473,7724,7247,7354,7761,7701,7545,7071,7467,7499,7404,7358,7559,7520,7270,7278,7301,7204,7312,7079,7303,7701,7592,7343,7354,7479,7419,7425,7385,7434,7497,7204,7193,7366,7742,7155,7577,7811,7952,7921,7745,7683,7959,8026,7833,7813,7714,7672,8091,8099,8048,8240,8334,8202|
03/04/2026 11:08:52|8242,8534,8368,8537,8377,8136,7332,7700,7281,7374,7707,7607,7482,6982,7401,7438,7397,7372,7545,7476,7229,7244,7299,7184,7243,6984,7282,7681,7537,7257,7316,7463,7423,7431,7384,7417,7457,7130,7154,7346,7715,7098,7508,7796,7945,7891,7691,7626,7952,8028,7823,7799,7709,7640,8093,8133,8075,8213,8303,8150|
03/04/2026 11:08:53|8207,8488,8310,8510,8350,8091,7193,7678,7314,7392,7653,7513,7420,6894,7335,7378,7392,7389,7532,7432,7189,7210,7298,7165,7174,6888,7262,7660,7482,7170,7276,7445,7425,7436,7385,7399,7416,7057,7117,7326,7687,7043,7439,7781,7938,7859,7636,7568,7947,8030,7812,7784,7704,7607,8094,8167,8103,8184,8272,8097|
03/04/2026 11:08:54|8172,8449,8264,8492,8332,8054,7064,7659,7348,7413,7604,7429,7365,6818,7277,7327,7393,7407,7520,7393,7149,7181,7302,7152,7113,6798,7242,7630,7432,7093,7236,7426,7419,7439,7385,7383,7379,6992,7083,7308,7660,6996,7369,7763,7926,7827,7588,7506,7943,8031,7802,7766,7693,7574,8094,8197,8127,8159,8241,8041|
03/04/2026 11:08:55|8139,8419,8231,8484,8326,8030,6947,7642,7382,7436,7562,7359,7319,6756,7229,7288,7399,7427,7511,7361,7112,7160,7311,7148,7061,6716,7221,7590,7386,7028,7194,7405,7403,7439,7384,7367,7346,6938,7053,7292,7631,6955,7298,7742,7909,7792,7549,7441,7942,8033,7792,7743,7677,7538,8093,8223,8148,8137,8211,7983|
03/04/2026 11:08:56|8109,8396,8211,8486,8330,8016,6842,7628,7416,7462,7527,7302,7281,6707,7190,7260,7411,7449,7504,7336,7076,7144,7327,7152,7019,6641,7200,7541,7347,6974,7152,7383,7378,7437,7382,7352,7316,6894,7025,7280,7602,6922,7227,7718,7886,7757,7518,7374,7942,8034,7782,7718,7656,7501,8090,8243,8164,8118,8183,7924|
03/04/2026 11:08:57|8080,8381,8201,8495,8344,8011,6749,7617,7449,7489,7499,7256,7251,6669,7158,7241,7427,7472,7500,7316,7043,7133,7346,7163,6985,6574,7179,7485,7312,6931,7110,7361,7346,7432,7380,7337,7290,6859,7000,7269,7573,6894,7157,7693,7859,7721,7494,7304,7945,8035,7773,7691,7631,7464,8086,8260,8178,8102,8156,7865|
03/04/2026 11:08:58|8053,8371,8200,8512,8364,8014,6667,7607,7482,7517,7475,7221,7228,6642,7134,7231,7447,7496,7497,7301,7011,7127,7370,7180,6959,6514,7158,7424,7282,6896,7069,7338,7307,7425,7377,7324,7267,6832,6978,7261,7545,6872,7089,7667,7829,7685,7477,7234,7949,8036,7765,7661,7603,7427,8081,8274,8188,8089,8131,7805|
03/04/2026 11:08:59|8029,8368,8208,8534,8391,8024,6595,7600,7514,7547,7457,7195,7210,6625,7117,7228,7470,7520,7496,7290,6982,7125,7397,7201,6940,6460,7138,7358,7256,6870,7028,7316,7264,7417,7374,7311,7248,6813,6959,7255,7517,6855,7022,7640,7796,7649,7466,7165,7954,8036,7757,7631,7572,7390,8075,8283,8196,8078,8108,7746|
03/04/2026 11:09:00|8006,8369,8223,8560,8424,8040,6533,7594,7544,7576,7444,7177,7199,6616,7106,7232,7496,7545,7497,7284,6955,7127,7425,7226,6927,6413,7118,7290,7234,6852,6989,7293,7216,7408,7370,7300,7231,6800,6942,7250,7489,6843,6958,7612,7762,7614,7460,7096,7961,8036,7749,7599,7540,7353,8069,8290,8201,8069,8086,7689|
03/04/2026 11:09:01|7985,8374,8244,8591,8460,8061,6479,7589,7574,7606,7434,7166,7192,6614,7099,7241,7523,7569,7498,7282,6930,7131,7456,7255,6920,6372,7099,7219,7215,6840,6950,7271,7166,7398,7366,7289,7217,6792,6928,7247,7463,6834,6896,7584,7726,7579,7459,7028,7968,8036,7742,7567,7506,7317,8063,8295,8204,8063,8066,7632|
03/04/2026 11:09:02|7968,8383,8270,8625,8501,8087,6436,7588,7604,7636,7430,7164,7191,6620,7099,7256,7552,7594,7502,7283,6908,7140,7488,7286,6918,6338,7081,7149,7201,6834,6915,7250,7116,7387,7361,7279,7206,6790,6916,7246,7437,6830,6837,7557,7690,7546,7462,6963,7976,8036,7736,7535,7472,7282,8055,8297,8205,8058,8047,7578|
03/04/2026 11:09:03|7965,8405,8307,8665,8547,8124,6422,7602,7644,7678,7442,7180,7207,6646,7115,7283,7588,7624,7513,7294,6900,7158,7526,7323,6928,6323,7073,7092,7190,6836,6889,7238,7077,7382,7349,7268,7196,6794,6911,7247,7416,6831,6791,7535,7659,7515,7468,6910,7982,8033,7726,7502,7436,7250,8044,8296,8205,8053,8025,7530|
03/04/2026 11:09:04|7973,8436,8350,8710,8597,8168,6436,7629,7692,7726,7463,7204,7228,6681,7137,7313,7622,7653,7529,7307,6902,7185,7564,7356,6942,6325,7073,7050,7183,6845,6875,7233,7047,7378,7333,7257,7188,6801,6907,7245,7397,6839,6760,7522,7638,7488,7476,6871,7987,8030,7716,7473,7404,7222,8021,8285,8195,8045,8007,7491|
03/04/2026 11:09:05|7989,8472,8400,8757,8648,8217,6472,7666,7744,7776,7487,7228,7244,6719,7158,7339,7650,7675,7544,7320,6913,7218,7600,7384,6959,6340,7077,7024,7185,6859,6872,7233,7022,7374,7315,7244,7182,6813,6904,7237,7380,6852,6743,7516,7625,7471,7485,6846,7994,8029,7712,7454,7379,7201,7984,8262,8175,8035,7994,7463|
03/04/2026 11:09:06|8012,8513,8454,8806,8699,8270,6528,7710,7800,7828,7514,7252,7258,6758,7179,7362,7672,7693,7560,7333,6930,7255,7634,7407,6977,6366,7084,7010,7193,6878,6879,7238,7002,7371,7297,7231,7176,6827,6900,7225,7365,6867,6738,7518,7621,7461,7495,6832,8001,8031,7712,7443,7360,7186,7935,8229,8146,8024,7985,7446|
03/04/2026 11:09:07|8039,8557,8511,8857,8750,8325,6600,7760,7859,7881,7543,7276,7269,6798,7199,7382,7689,7706,7575,7344,6953,7296,7666,7425,6997,6401,7095,7008,7207,6900,6894,7247,6986,7368,7278,7218,7172,6844,6897,7209,7351,6886,6745,7526,7623,7459,7506,6828,8010,8034,7716,7439,7345,7176,7877,8187,8109,8011,7979,7437|
03/04/2026 11:09:08|8068,8599,8567,8904,8797,8377,6680,7810,7915,7930,7570,7296,7278,6838,7219,7401,7702,7717,7591,7355,6978,7335,7692,7436,7016,6441,7106,7013,7225,6925,6912,7257,6973,7363,7258,7205,7171,6864,6895,7191,7339,6908,6761,7539,7631,7461,7518,6833,8015,8036,7721,7439,7336,7172,7816,8140,8068,7996,7976,7436|
03/04/2026 11:09:09|8093,8635,8615,8944,8833,8416,6754,7849,7958,7963,7589,7313,7288,6880,7243,7418,7714,7731,7607,7366,6999,7368,7711,7443,7035,6485,7119,7022,7243,6951,6931,7266,6966,7357,7238,7200,7179,6889,6896,7176,7331,6934,6783,7551,7635,7466,7529,6847,8010,8032,7724,7441,7333,7179,7765,8094,8028,7979,7970,7438|
03/04/2026 11:09:10|8119,8666,8648,8970,8856,8445,6831,7877,7987,7974,7602,7331,7300,6925,7270,7430,7724,7745,7623,7375,7022,7402,7729,7452,7059,6539,7135,7039,7269,6986,6953,7279,6972,7356,7225,7206,7195,6917,6906,7173,7331,6965,6808,7559,7637,7475,7546,6873,8006,8027,7722,7448,7337,7192,7726,8055,7994,7963,7959,7434|
03/04/2026 11:09:11|8146,8694,8664,8985,8869,8469,6909,7894,8001,7964,7611,7351,7314,6971,7300,7438,7731,7761,7639,7378,7046,7437,7749,7465,7089,6600,7155,7064,7303,7029,6976,7298,6989,7360,7218,7224,7220,6948,6925,7181,7340,7002,6836,7561,7638,7491,7571,6912,8006,8022,7716,7459,7347,7209,7695,8023,7966,7949,7938,7422|
03/04/2026 11:09:12|8174,8718,8665,8990,8872,8488,6990,7903,8003,7935,7618,7373,7330,7017,7332,7444,7734,7778,7657,7377,7072,7474,7770,7479,7123,6668,7177,7097,7345,7079,6999,7320,7017,7369,7216,7250,7251,6981,6953,7200,7357,7044,6866,7560,7638,7512,7602,6962,8009,8018,7708,7474,7363,7227,7672,7997,7945,7937,7911,7403|
03/04/2026 11:09:13|8202,8739,8654,8986,8867,8504,7070,7904,7994,7891,7623,7396,7348,7063,7365,7446,7736,7796,7675,7372,7098,7512,7792,7495,7160,6741,7201,7135,7391,7134,7022,7347,7053,7380,7218,7284,7288,7015,6987,7227,7381,7090,6898,7555,7638,7538,7639,7020,8016,8015,7697,7492,7384,7249,7657,7976,7930,7927,7877,7378|
03/04/2026 11:09:14|8231,8756,8632,8974,8855,8516,7151,7897,7976,7834,7626,7420,7367,7107,7399,7446,7735,7814,7694,7364,7124,7550,7814,7512,7199,6818,7226,7177,7443,7194,7046,7376,7097,7395,7225,7325,7329,7051,7026,7261,7410,7139,6931,7546,7638,7568,7679,7085,8026,8012,7683,7513,7409,7272,7648,7961,7919,7919,7839,7348|
03/04/2026 11:09:15|8259,8771,8600,8955,8838,8525,7230,7885,7949,7765,7627,7445,7386,7151,7433,7444,7733,7833,7713,7353,7151,7587,7836,7531,7240,6896,7252,7223,7497,7256,7069,7407,7146,7413,7235,7370,7373,7087,7069,7301,7444,7190,6964,7535,7637,7601,7723,7156,8038,8010,7668,7535,7438,7296,7645,7950,7913,7913,7797,7315|
03/04/2026 11:09:16|8289,8785,8565,8935,8820,8533,7308,7872,7921,7693,7627,7471,7409,7196,7467,7440,7729,7847,7730,7341,7176,7620,7855,7549,7279,6973,7278,7270,7552,7319,7092,7436,7198,7433,7249,7416,7418,7124,7114,7343,7476,7241,6999,7520,7637,7634,7766,7228,8049,8006,7651,7558,7465,7321,7647,7943,7909,7908,7756,7283|
03/04/2026 11:09:17|8322,8802,8536,8918,8812,8548,7387,7865,7900,7626,7627,7501,7439,7244,7498,7435,7723,7849,7741,7331,7198,7638,7864,7566,7311,7043,7303,7315,7603,7378,7115,7456,7245,7459,7268,7456,7458,7165,7158,7378,7496,7291,7035,7496,7639,7666,7802,7294,8054,7997,7630,7579,7486,7349,7656,7937,7900,7903,7721,7262|
03/04/2026 11:09:18|8359,8823,8512,8906,8813,8569,7465,7864,7887,7567,7627,7534,7476,7295,7528,7429,7717,7841,7749,7323,7216,7644,7862,7580,7338,7104,7327,7358,7650,7433,7138,7468,7289,7489,7291,7490,7495,7209,7201,7408,7505,7339,7073,7467,7645,7695,7831,7355,8053,7983,7606,7598,7499,7380,7669,7932,7887,7900,7693,7252|
03/04/2026 11:09:19|8398,8847,8498,8900,8822,8593,7549,7875,7879,7524,7635,7574,7520,7344,7559,7423,7716,7836,7756,7323,7237,7645,7856,7594,7366,7166,7351,7404,7694,7482,7163,7484,7337,7523,7318,7523,7533,7258,7248,7439,7518,7389,7117,7448,7657,7725,7856,7417,8058,7977,7590,7614,7513,7416,7690,7933,7882,7906,7679,7255|
03/04/2026 11:09:20|8439,8877,8492,8900,8838,8618,7639,7897,7875,7501,7652,7621,7571,7390,7592,7417,7722,7839,7766,7331,7261,7645,7845,7608,7399,7231,7378,7454,7738,7526,7190,7508,7392,7562,7347,7557,7574,7313,7299,7475,7539,7442,7166,7443,7677,7757,7878,7483,8070,7981,7583,7628,7529,7457,7716,7941,7888,7922,7679,7272|
03/04/2026 11:09:21|8481,8911,8495,8906,8861,8644,7734,7929,7875,7496,7678,7673,7626,7432,7626,7412,7734,7850,7777,7347,7289,7643,7832,7622,7435,7297,7405,7507,7780,7564,7218,7539,7452,7603,7379,7592,7618,7373,7354,7514,7567,7497,7220,7451,7704,7790,7897,7550,8090,7994,7586,7639,7547,7504,7747,7956,7904,7948,7692,7300|
03/04/2026 11:09:22|8524,8948,8504,8915,8889,8671,7831,7970,7878,7505,7711,7730,7685,7471,7662,7408,7751,7868,7790,7370,7320,7641,7816,7636,7475,7365,7434,7562,7820,7596,7246,7575,7517,7647,7412,7627,7664,7436,7412,7556,7601,7554,7278,7471,7736,7825,7914,7619,8116,8015,7596,7648,7566,7554,7781,7976,7929,7981,7715,7338|
03/04/2026 11:09:23|8566,8985,8516,8925,8918,8697,7928,8012,7884,7524,7745,7787,7743,7505,7693,7403,7768,7885,7800,7393,7351,7638,7798,7647,7513,7430,7461,7615,7857,7626,7277,7612,7580,7690,7445,7660,7706,7495,7467,7598,7638,7609,7335,7497,7771,7858,7927,7685,8142,8038,7608,7656,7585,7605,7819,7998,7955,8014,7741,7382|
03/04/2026 11:09:24|8600,9012,8520,8923,8931,8718,8019,8047,7889,7542,7772,7836,7789,7533,7718,7399,7777,7895,7798,7414,7382,7635,7776,7655,7544,7486,7485,7657,7887,7656,7310,7642,7632,7718,7473,7687,7739,7540,7513,7635,7669,7657,7384,7522,7800,7884,7938,7743,8159,8053,7615,7663,7606,7651,7852,8019,7975,8038,7758,7424|
03/04/2026 11:09:25|8629,9029,8511,8907,8927,8734,8105,8081,7895,7556,7790,7877,7820,7556,7740,7397,7780,7899,7782,7435,7415,7632,7752,7661,7569,7532,7507,7692,7911,7684,7343,7661,7671,7735,7498,7709,7765,7573,7553,7668,7679,7697,7430,7547,7822,7906,7950,7796,8165,8061,7621,7671,7628,7691,7874,8037,7995,8058,7770,7466|
03/04/2026 11:09:26|8652,9040,8493,8878,8910,8744,8185,8114,7902,7566,7801,7912,7839,7576,7761,7398,7778,7896,7754,7457,7451,7632,7730,7665,7589,7569,7526,7719,7929,7712,7377,7671,7700,7743,7519,7726,7785,7595,7588,7696,7673,7727,7475,7570,7838,7925,7962,7845,8163,8064,7627,7680,7652,7723,7888,8053,8015,8076,7778,7507|
03/04/2026 11:09:27|8674,9047,8472,8849,8894,8754,8253,8140,7907,7578,7806,7936,7852,7593,7779,7401,7774,7887,7723,7475,7484,7631,7712,7671,7603,7600,7544,7742,7940,7737,7412,7680,7723,7744,7534,7731,7798,7614,7620,7721,7662,7751,7518,7591,7852,7940,7971,7887,8159,8062,7632,7689,7677,7755,7900,8066,8028,8089,7782,7548|
03/04/2026 11:09:28|8687,9048,8447,8822,8879,8761,8307,8156,7911,7594,7812,7949,7855,7602,7792,7404,7768,7876,7697,7489,7515,7629,7698,7678,7609,7619,7554,7760,7949,7758,7443,7684,7736,7741,7547,7735,7813,7634,7649,7743,7656,7772,7554,7611,7864,7947,7974,7924,8158,8064,7637,7689,7699,7787,7909,8072,8032,8096,7785,7588|
03/04/2026 11:09:29|8690,9041,8425,8798,8861,8763,8351,8165,7911,7610,7820,7957,7851,7607,7800,7405,7756,7854,7671,7504,7542,7626,7688,7687,7619,7635,7561,7775,7955,7770,7469,7688,7749,7738,7565,7743,7825,7650,7672,7755,7654,7793,7588,7634,7875,7949,7975,7950,8156,8066,7641,7685,7718,7817,7912,8070,8031,8099,7784,7625|
03/04/2026 11:09:30|8683,9027,8408,8779,8846,8765,8390,8172,7910,7625,7827,7960,7833,7607,7804,7407,7738,7814,7643,7519,7567,7627,7682,7698,7633,7653,7565,7788,7959,7776,7489,7691,7761,7727,7583,7753,7837,7663,7691,7757,7653,7816,7626,7659,7884,7950,7973,7958,8147,8063,7643,7680,7732,7845,7916,8068,8032,8102,7783,7656|
03/04/2026 11:09:31|8666,9007,8397,8765,8835,8767,8425,8177,7909,7638,7834,7958,7801,7602,7805,7411,7717,7757,7613,7534,7589,7632,7681,7709,7651,7671,7566,7799,7963,7778,7503,7696,7773,7709,7603,7764,7847,7673,7708,7752,7653,7841,7668,7685,7890,7950,7970,7951,8133,8056,7644,7674,7740,7871,7919,8065,8035,8104,7780,7681|
03/04/2026 11:09:32|8641,8983,8390,8756,8828,8769,8456,8180,7907,7649,7841,7952,7759,7592,7802,7416,7691,7686,7581,7548,7609,7639,7683,7721,7671,7690,7564,7810,7965,7777,7512,7701,7785,7686,7623,7778,7856,7681,7721,7740,7654,7869,7712,7713,7894,7949,7965,7929,8115,8045,7644,7667,7743,7896,7922,8063,8040,8106,7776,7702|
03/04/2026 11:09:33|8609,8955,8386,8751,8821,8770,8483,8181,7905,7659,7846,7941,7708,7580,7797,7422,7664,7606,7549,7562,7627,7648,7688,7732,7694,7709,7560,7819,7964,7771,7518,7705,7797,7659,7643,7792,7864,7686,7732,7724,7656,7898,7759,7740,7895,7947,7958,7895,8094,8032,7644,7659,7742,7918,7924,8061,8046,8108,7772,7718|
03/04/2026 11:09:34|8570,8920,8379,8738,8801,8763,8500,8178,7900,7660,7843,7923,7653,7567,7791,7426,7632,7529,7519,7571,7639,7650,7687,7736,7711,7722,7554,7821,7954,7758,7519,7699,7804,7634,7661,7797,7865,7691,7743,7708,7654,7923,7801,7764,7884,7940,7949,7858,8072,8021,7647,7644,7736,7936,7924,8059,8051,8107,7767,7732|
03/04/2026 11:09:35|8527,8880,8367,8715,8773,8744,8503,8169,7890,7649,7833,7901,7602,7551,7780,7421,7596,7460,7490,7575,7649,7647,7673,7726,7717,7730,7548,7817,7933,7739,7514,7683,7801,7612,7673,7790,7858,7694,7756,7695,7655,7940,7835,7782,7869,7932,7942,7826,8048,8013,7654,7630,7727,7950,7923,8055,8054,8102,7763,7748|
03/04/2026 11:09:36|8482,8840,8355,8688,8741,8714,8491,8155,7878,7637,7822,7880,7560,7526,7763,7410,7558,7400,7463,7569,7654,7640,7651,7705,7709,7736,7547,7811,7905,7714,7503,7661,7779,7590,7681,7781,7846,7694,7769,7689,7660,7954,7859,7796,7852,7922,7941,7804,8021,8004,7659,7613,7721,7964,7919,8050,8056,8092,7757,7767|
03/04/2026 11:09:37|8437,8800,8344,8659,8706,8674,8467,8135,7865,7624,7810,7861,7526,7493,7739,7393,7519,7349,7436,7556,7657,7632,7623,7673,7687,7742,7549,7804,7873,7685,7487,7634,7741,7568,7688,7771,7831,7690,7783,7690,7671,7965,7874,7805,7835,7910,7945,7791,7994,7995,7663,7595,7717,7978,7913,8045,8056,8078,7748,7786|
03/04/2026 11:09:38|8392,8762,8335,8629,8665,8624,8437,8115,7848,7613,7803,7845,7494,7456,7711,7371,7477,7300,7409,7537,7657,7625,7594,7640,7657,7742,7550,7791,7840,7660,7475,7611,7704,7547,7689,7763,7816,7688,7799,7697,7683,7969,7880,7809,7819,7898,7950,7779,7967,7982,7664,7576,7708,7989,7907,8041,8055,8060,7738,7805|
03/04/2026 11:09:39|8343,8724,8328,8600,8622,8568,8403,8093,7829,7608,7800,7830,7463,7423,7684,7351,7438,7258,7382,7521,7654,7621,7571,7616,7633,7741,7552,7772,7799,7639,7468,7590,7670,7532,7687,7754,7797,7682,7814,7708,7696,7966,7881,7810,7805,7888,7955,7769,7944,7967,7662,7551,7688,7996,7899,8037,8056,8046,7729,7819|
03/04/2026 11:09:40|8295,8686,8315,8569,8579,8508,8368,8069,7810,7607,7797,7815,7436,7396,7658,7337,7410,7226,7356,7507,7651,7615,7547,7597,7614,7734,7552,7749,7753,7619,7465,7567,7632,7513,7679,7738,7774,7674,7825,7714,7702,7955,7872,7809,7793,7881,7959,7763,7922,7945,7654,7527,7670,8001,7885,8026,8052,8037,7726,7829|
03/04/2026 11:09:41|8250,8646,8297,8535,8537,8450,8332,8038,7789,7604,7793,7798,7406,7367,7632,7325,7386,7197,7331,7491,7647,7605,7524,7580,7591,7719,7550,7729,7711,7601,7464,7547,7594,7491,7664,7714,7746,7663,7831,7713,7703,7936,7858,7803,7782,7878,7960,7759,7902,7922,7647,7509,7658,8005,7868,8008,8047,8031,7726,7834|
03/04/2026 11:09:42|8200,8601,8279,8503,8498,8386,8291,8004,7767,7600,7787,7783,7381,7339,7604,7315,7365,7172,7302,7471,7641,7595,7502,7559,7564,7700,7547,7710,7667,7578,7461,7530,7559,7470,7649,7690,7718,7649,7829,7703,7701,7914,7843,7799,7768,7873,7958,7755,7883,7906,7644,7499,7650,8008,7853,7992,8042,8026,7730,7839|
03/04/2026 11:09:43|8143,8548,8255,8473,8461,8324,8245,7967,7746,7596,7780,7771,7359,7304,7578,7310,7353,7154,7265,7447,7636,7589,7483,7537,7538,7681,7547,7690,7614,7542,7452,7514,7527,7445,7636,7670,7690,7632,7821,7691,7695,7882,7829,7798,7758,7867,7953,7747,7861,7895,7644,7493,7650,8014,7836,7975,8037,8023,7739,7845|
03/04/2026 11:09:44|8081,8489,8225,8444,8427,8262,8193,7928,7726,7593,7774,7761,7340,7264,7554,7312,7348,7143,7220,7420,7630,7587,7468,7512,7511,7662,7548,7671,7552,7495,7436,7500,7498,7417,7625,7652,7661,7611,7808,7677,7684,7843,7817,7801,7753,7861,7946,7737,7835,7888,7645,7493,7656,8022,7819,7958,8033,8021,7752,7853|
03/04/2026 11:09:45|8016,8426,8190,8416,8394,8203,8138,7887,7708,7591,7768,7753,7324,7220,7531,7319,7350,7137,7170,7390,7623,7589,7456,7486,7485,7642,7550,7652,7486,7439,7414,7487,7472,7385,7615,7636,7633,7588,7789,7663,7671,7799,7806,7806,7751,7854,7935,7723,7806,7885,7648,7495,7667,8032,7801,7941,8030,8022,7768,7863|
03/04/2026 11:09:46|7958,8366,8151,8386,8359,8146,8086,7849,7687,7588,7761,7748,7314,7184,7508,7330,7351,7138,7126,7364,7612,7590,7447,7468,7467,7623,7551,7632,7425,7385,7388,7476,7450,7352,7602,7617,7609,7569,7773,7644,7661,7760,7796,7812,7751,7846,7913,7709,7781,7885,7652,7486,7676,8040,7786,7925,8028,8024,7784,7873|
03/04/2026 11:09:47|7910,8313,8107,8353,8321,8091,8038,7816,7662,7584,7753,7745,7311,7159,7483,7345,7348,7146,7090,7342,7593,7591,7444,7460,7459,7604,7550,7613,7373,7338,7358,7466,7433,7318,7584,7596,7590,7555,7760,7621,7656,7730,7787,7816,7753,7834,7877,7696,7765,7886,7654,7462,7681,8043,7775,7911,8025,8027,7796,7885|
03/04/2026 11:09:48|7871,8266,8060,8317,8281,8039,7996,7787,7634,7580,7743,7745,7315,7145,7458,7363,7341,7159,7063,7326,7569,7592,7444,7461,7461,7586,7547,7594,7331,7298,7324,7459,7419,7284,7561,7571,7576,7546,7750,7594,7656,7708,7779,7818,7756,7820,7828,7684,7755,7890,7656,7424,7683,8043,7767,7898,8022,8030,7806,7897|
03/04/2026 11:09:49|7842,8226,8011,8279,8240,7990,7957,7761,7604,7576,7733,7748,7325,7140,7432,7384,7332,7177,7043,7313,7541,7592,7447,7470,7470,7568,7543,7576,7297,7264,7287,7452,7408,7250,7535,7544,7566,7542,7744,7565,7659,7693,7771,7820,7759,7805,7770,7673,7751,7895,7657,7375,7681,8040,7761,7887,8019,8034,7813,7910|
03/04/2026 11:09:50|7820,8191,7960,8241,8197,7944,7923,7740,7572,7572,7722,7752,7340,7144,7406,7407,7321,7199,7030,7304,7509,7591,7454,7486,7486,7552,7537,7558,7271,7236,7249,7447,7401,7216,7506,7516,7559,7541,7740,7533,7666,7686,7765,7820,7764,7788,7704,7663,7753,7902,7657,7317,7677,8034,7758,7877,8016,8039,7818,7923|
03/04/2026 11:09:51|7805,8161,7909,8201,8154,7901,7894,7722,7539,7567,7711,7758,7358,7154,7380,7431,7308,7224,7023,7298,7474,7590,7463,7507,7507,7536,7530,7540,7251,7212,7209,7443,7397,7183,7474,7486,7556,7544,7738,7499,7675,7684,7759,7820,7769,7771,7631,7653,7758,7910,7658,7251,7670,8026,7757,7868,8013,8044,7821,7936|
03/04/2026 11:09:52|7796,8137,7857,8162,8111,7861,7867,7708,7505,7562,7699,7765,7380,7170,7355,7457,7293,7251,7021,7295,7437,7588,7473,7533,7533,7521,7522,7524,7238,7194,7169,7440,7395,7150,7441,7456,7556,7550,7739,7464,7687,7686,7753,7818,7774,7753,7554,7644,7768,7918,7657,7180,7661,8016,7758,7860,8010,8050,7822,7949|
03/04/2026 11:09:53|7793,8116,7805,8123,8069,7824,7845,7696,7471,7557,7687,7773,7404,7191,7330,7483,7278,7281,7023,7295,7398,7586,7486,7563,7563,7507,7514,7508,7229,7179,7129,7438,7395,7119,7407,7425,7559,7558,7741,7428,7701,7694,7749,7816,7780,7734,7473,7636,7781,7927,7657,7105,7651,8005,7760,7854,8007,8055,7822,7962|
03/04/2026 11:09:54|7794,8100,7754,8084,8027,7790,7826,7686,7437,7552,7675,7782,7431,7216,7306,7509,7261,7311,7029,7297,7358,7584,7499,7596,7596,7494,7505,7493,7226,7169,7089,7437,7396,7089,7373,7395,7563,7568,7745,7393,7716,7704,7745,7814,7786,7715,7390,7629,7796,7937,7656,7026,7639,7992,7764,7849,8004,8061,7821,7975|
03/04/2026 11:09:55|7803,8091,7710,8051,7990,7764,7813,7685,7410,7551,7667,7792,7461,7247,7289,7539,7247,7343,7040,7302,7324,7585,7515,7629,7628,7484,7498,7480,7226,7160,7051,7439,7400,7063,7340,7367,7570,7579,7746,7360,7732,7717,7739,7812,7793,7696,7311,7623,7812,7945,7656,6951,7624,7977,7769,7844,8002,8067,7819,7988|
03/04/2026 11:09:56|7826,8098,7688,8037,7972,7759,7818,7702,7405,7566,7674,7810,7502,7293,7291,7579,7244,7380,7061,7318,7306,7598,7536,7661,7659,7480,7498,7473,7231,7158,7025,7447,7411,7049,7311,7350,7585,7593,7747,7336,7742,7727,7734,7813,7801,7678,7240,7620,7827,7952,7658,6889,7603,7957,7771,7833,8001,8071,7820,8003|
03/04/2026 11:09:57|7864,8123,7690,8043,7976,7776,7844,7737,7419,7596,7694,7840,7556,7354,7313,7628,7255,7423,7095,7343,7306,7621,7562,7696,7691,7482,7505,7475,7240,7162,7013,7463,7429,7046,7286,7346,7607,7614,7753,7319,7743,7735,7734,7821,7811,7662,7178,7617,7842,7957,7661,6841,7575,7933,7771,7812,8001,8075,7820,8018|
03/04/2026 11:09:58|7914,8161,7713,8066,7997,7810,7886,7787,7451,7640,7726,7878,7620,7425,7350,7684,7277,7470,7140,7376,7320,7654,7592,7730,7724,7489,7520,7484,7253,7173,7014,7484,7453,7052,7263,7352,7635,7640,7762,7309,7738,7740,7737,7832,7824,7648,7123,7616,7857,7960,7665,6806,7543,7906,7768,7782,7999,8077,7822,8033|
03/04/2026 11:09:59|7975,8211,7751,8097,8028,7855,7933,7843,7493,7689,7766,7923,7688,7497,7394,7739,7307,7517,7189,7415,7344,7691,7624,7761,7756,7500,7539,7497,7271,7189,7025,7507,7479,7066,7247,7362,7662,7665,7771,7306,7732,7748,7743,7840,7836,7634,7079,7615,7870,7956,7666,6774,7509,7877,7763,7747,7993,8077,7824,8044|
03/04/2026 11:10:00|8043,8271,7806,8137,8074,7912,7989,7908,7550,7748,7815,7978,7762,7576,7448,7796,7349,7569,7238,7457,7374,7727,7654,7791,7785,7510,7560,7514,7294,7209,7046,7534,7504,7081,7240,7375,7683,7688,7777,7306,7728,7757,7752,7852,7846,7624,7045,7614,7879,7950,7664,6749,7479,7852,7763,7716,7984,8075,7826,8053|
03/04/2026 11:10:01|8118,8340,7876,8192,8133,7979,8057,7982,7619,7818,7874,8042,7839,7661,7511,7856,7401,7625,7295,7503,7407,7762,7684,7819,7807,7519,7579,7535,7320,7234,7071,7561,7524,7100,7239,7387,7697,7704,7771,7303,7724,7766,7765,7865,7850,7617,7023,7609,7884,7941,7662,6737,7456,7832,7767,7692,7975,8072,7827,8063|
03/04/2026 11:10:02|8194,8415,7959,8258,8204,8057,8136,8064,7699,7897,7942,8113,7923,7752,7583,7920,7462,7688,7361,7557,7448,7800,7718,7847,7827,7526,7588,7559,7352,7266,7100,7581,7530,7120,7244,7392,7702,7712,7757,7287,7716,7777,7781,7877,7848,7607,7009,7600,7882,7922,7656,6737,7441,7811,7768,7663,7965,8071,7827,8073|
03/04/2026 11:10:03|8270,8494,8052,8335,8285,8145,8223,8151,7787,7983,8018,8191,8013,7847,7662,7988,7531,7756,7436,7619,7497,7840,7755,7877,7847,7532,7586,7584,7390,7302,7131,7595,7522,7142,7252,7390,7699,7712,7735,7261,7704,7790,7799,7888,7840,7596,7004,7587,7872,7894,7648,6747,7433,7788,7766,7632,7956,8069,7826,8082|
03/04/2026 11:10:04|8344,8575,8152,8420,8373,8241,8315,8242,7883,8075,8101,8274,8107,7945,7745,8057,7605,7829,7517,7685,7552,7883,7794,7907,7865,7537,7576,7611,7432,7342,7165,7603,7503,7164,7264,7382,7690,7706,7707,7226,7691,7805,7820,7898,7827,7583,7006,7571,7856,7858,7637,6767,7430,7764,7761,7597,7946,8069,7822,8090|
03/04/2026 11:10:05|8418,8659,8258,8511,8467,8343,8412,8336,7984,8171,8189,8360,8203,8044,7832,8128,7684,7904,7603,7756,7611,7926,7836,7938,7882,7541,7558,7638,7478,7386,7200,7606,7474,7187,7278,7368,7674,7695,7673,7184,7675,7822,7842,7907,7810,7569,7015,7551,7836,7815,7624,6794,7433,7740,7753,7560,7936,8068,7818,8097|
03/04/2026 11:10:06|8488,8743,8366,8605,8564,8448,8511,8430,8086,8267,8280,8448,8299,8143,7921,8198,7764,7979,7691,7827,7674,7970,7879,7967,7899,7544,7534,7666,7525,7432,7235,7606,7437,7211,7294,7350,7654,7680,7636,7136,7658,7838,7863,7915,7788,7554,7028,7530,7811,7768,7609,6827,7439,7714,7744,7521,7925,8068,7812,8104|
03/04/2026 11:10:07|8552,8818,8465,8690,8653,8542,8597,8512,8179,8352,8361,8526,8386,8230,8002,8260,7837,8046,7770,7886,7733,8009,7916,7991,7914,7547,7502,7689,7573,7475,7266,7603,7403,7232,7312,7335,7634,7662,7600,7092,7642,7849,7875,7919,7763,7541,7048,7515,7788,7722,7595,6861,7443,7692,7737,7483,7914,8063,7804,8108|
03/04/2026 11:10:08|8603,8882,8550,8766,8731,8623,8664,8573,8258,8425,8433,8594,8460,8302,8074,8312,7897,8102,7834,7934,7788,8044,7949,8012,7926,7548,7463,7700,7617,7516,7285,7598,7375,7246,7334,7329,7617,7644,7571,7061,7629,7849,7882,7923,7741,7533,7075,7508,7769,7680,7582,6895,7447,7677,7737,7457,7903,8054,7798,8111|
03/04/2026 11:10:09|8644,8935,8623,8832,8799,8692,8713,8614,8325,8485,8496,8652,8521,8359,8137,8356,7947,8146,7884,7975,7841,8076,7978,8029,7937,7546,7419,7699,7658,7553,7295,7591,7351,7253,7358,7330,7603,7627,7547,7042,7618,7839,7888,7927,7725,7530,7109,7510,7754,7644,7570,6930,7452,7669,7743,7442,7893,8042,7794,8115|
03/04/2026 11:10:10|8675,8979,8685,8889,8859,8749,8746,8638,8380,8535,8551,8701,8572,8403,8192,8391,7986,8180,7922,8009,7891,8105,8004,8043,7945,7543,7371,7688,7696,7588,7295,7582,7333,7254,7384,7338,7592,7611,7528,7033,7609,7822,7892,7930,7712,7530,7147,7520,7743,7612,7560,6965,7456,7667,7756,7438,7884,8027,7790,8118|
03/04/2026 11:10:11|8697,9014,8735,8939,8910,8796,8765,8648,8425,8576,8599,8742,8613,8436,8239,8420,8016,8206,7950,8036,7937,8131,8027,8056,7951,7537,7319,7668,7731,7619,7288,7572,7318,7250,7411,7352,7583,7595,7515,7034,7603,7797,7894,7934,7704,7534,7189,7535,7735,7584,7551,7000,7460,7671,7773,7442,7876,8009,7788,8121|
03/04/2026 11:10:12|8711,9041,8777,8981,8954,8833,8772,8644,8461,8608,8639,8775,8644,8459,8279,8441,8037,8223,7968,8057,7981,8154,8047,8065,7956,7530,7266,7641,7762,7648,7274,7561,7307,7241,7440,7371,7576,7580,7505,7042,7598,7767,7896,7938,7698,7540,7234,7555,7730,7560,7544,7034,7465,7679,7795,7454,7869,7989,7787,8124|
03/04/2026 11:10:13|8719,9061,8810,9016,8991,8861,8768,8630,8488,8632,8674,8802,8668,8473,8313,8457,8052,8234,7977,8073,8021,8174,8065,8073,7959,7521,7210,7609,7791,7674,7254,7549,7299,7228,7469,7394,7571,7566,7500,7057,7595,7732,7895,7941,7696,7549,7282,7579,7728,7539,7538,7067,7469,7691,7820,7472,7863,7967,7786,8127|
03/04/2026 11:10:14|8720,9075,8834,9045,9022,8882,8755,8605,8508,8649,8702,8822,8684,8478,8341,8468,8060,8238,7979,8084,8058,8192,8079,8079,7960,7512,7154,7571,7817,7697,7230,7536,7295,7211,7499,7421,7568,7553,7498,7077,7593,7693,7894,7945,7696,7561,7330,7607,7728,7522,7533,7099,7473,7707,7847,7495,7857,7944,7787,8130|
03/04/2026 11:10:15|8716,9083,8852,9068,9046,8896,8733,8573,8521,8660,8724,8836,8693,8477,8363,8474,8062,8237,7974,8091,8092,8207,8092,8083,7961,7502,7099,7530,7840,7718,7202,7523,7293,7193,7529,7450,7567,7540,7499,7102,7592,7652,7892,7948,7699,7573,7380,7637,7730,7508,7528,7129,7478,7725,7876,7523,7853,7921,7788,8133|
03/04/2026 11:10:16|8714,9091,8867,9089,9069,8909,8711,8541,8532,8668,8743,8847,8699,8470,8381,8476,8059,8235,7969,8094,8122,8221,8102,8087,7961,7493,7048,7491,7862,7738,7175,7513,7295,7172,7558,7479,7566,7532,7505,7134,7593,7608,7890,7953,7705,7589,7426,7669,7737,7501,7527,7161,7485,7746,7907,7556,7852,7901,7790,8136|
03/04/2026 11:10:17|8723,9107,8887,9112,9094,8927,8699,8521,8551,8680,8759,8854,8703,8464,8398,8474,8052,8238,7974,8094,8145,8233,8110,8095,7961,7490,7012,7466,7888,7762,7159,7513,7303,7148,7585,7507,7563,7532,7520,7175,7598,7561,7886,7961,7719,7609,7465,7700,7753,7508,7535,7195,7502,7768,7938,7596,7862,7894,7795,8142|
03/04/2026 11:10:18|8744,9131,8911,9138,9123,8952,8697,8513,8577,8695,8773,8860,8708,8456,8414,8469,8042,8247,7987,8091,8163,8245,8116,8106,7963,7493,6990,7455,7916,7787,7152,7521,7318,7124,7611,7532,7559,7540,7545,7224,7605,7513,7883,7973,7740,7633,7497,7731,7777,7529,7550,7233,7527,7792,7969,7641,7882,7897,7803,8151|
03/04/2026 11:10:19|8775,9161,8938,9165,9155,8982,8703,8516,8609,8712,8785,8863,8711,8449,8429,8462,8028,8259,8009,8087,8175,8256,8121,8120,7965,7500,6979,7455,7947,7815,7155,7536,7339,7098,7635,7555,7554,7555,7577,7280,7615,7463,7879,7988,7767,7661,7521,7760,7809,7561,7571,7273,7558,7817,8000,7690,7909,7909,7812,8162|
03/04/2026 11:10:20|8815,9199,8971,9198,9190,9018,8718,8529,8645,8733,8798,8867,8718,8445,8446,8457,8016,8275,8036,8083,8186,8267,8126,8137,7969,7514,6982,7463,7975,7843,7166,7557,7364,7078,7659,7576,7545,7571,7612,7339,7626,7418,7876,8005,7798,7691,7542,7788,7843,7596,7596,7314,7595,7844,8031,7742,7943,7929,7825,8173|
03/04/2026 11:10:21|8864,9248,9018,9240,9234,9061,8743,8550,8686,8760,8818,8879,8733,8454,8471,8460,8015,8294,8068,8088,8199,8279,8136,8156,7978,7536,6998,7475,7993,7871,7187,7583,7393,7072,7687,7596,7528,7576,7646,7392,7638,7386,7877,8024,7830,7722,7565,7813,7869,7622,7622,7358,7635,7874,8060,7791,7979,7953,7841,8183|
03/04/2026 11:10:22|8920,9305,9077,9292,9285,9110,8775,8578,8729,8792,8843,8897,8756,8473,8504,8472,8023,8313,8102,8100,8216,8292,8148,8178,7992,7565,7026,7490,8000,7897,7218,7611,7427,7081,7718,7614,7504,7571,7677,7439,7650,7366,7880,8043,7864,7753,7589,7836,7889,7639,7648,7402,7676,7907,8087,7838,8017,7981,7861,8191|
03/04/2026 11:10:23|8982,9368,9144,9351,9341,9164,8813,8613,8775,8827,8873,8920,8784,8501,8542,8490,8039,8333,8139,8118,8235,8306,8164,8201,8010,7601,7064,7506,7998,7920,7256,7642,7463,7102,7751,7631,7474,7558,7705,7481,7661,7356,7887,8064,7898,7783,7615,7856,7904,7646,7673,7447,7718,7940,8112,7883,8056,8011,7883,8198|
03/04/2026 11:10:24|9043,9432,9211,9404,9394,9214,8857,8651,8820,8863,8898,8940,8810,8527,8577,8505,8052,8344,8172,8137,8253,8314,8178,8221,8029,7639,7106,7518,7988,7933,7296,7669,7493,7126,7781,7649,7446,7547,7728,7516,7668,7352,7893,8081,7928,7805,7638,7873,7913,7648,7697,7487,7751,7969,8125,7923,8091,8034,7906,8203|
03/04/2026 11:10:25|9081,9488,9268,9434,9437,9258,8895,8677,8855,8892,8907,8943,8819,8538,8599,8513,8055,8344,8195,8143,8262,8312,8182,8234,8044,7674,7149,7523,7972,7943,7336,7691,7517,7147,7805,7666,7423,7539,7740,7542,7672,7349,7892,8083,7945,7820,7660,7886,7920,7653,7721,7518,7765,7989,8129,7957,8117,8050,7928,8204|
03/04/2026 11:10:26|9094,9533,9313,9435,9471,9293,8924,8685,8879,8916,8896,8930,8810,8533,8607,8514,8048,8339,8211,8132,8261,8301,8179,8238,8056,7708,7191,7522,7953,7952,7376,7709,7538,7164,7825,7682,7407,7533,7741,7559,7675,7348,7883,8066,7949,7830,7679,7897,7925,7659,7744,7542,7767,8003,8130,7985,8135,8062,7948,8202|
03/04/2026 11:10:27|9092,9572,9352,9419,9496,9324,8950,8682,8898,8936,8874,8905,8792,8519,8604,8510,8037,8331,8223,8113,8249,8285,8170,8235,8066,7740,7234,7519,7931,7960,7415,7724,7558,7180,7841,7698,7398,7528,7733,7569,7674,7346,7868,8036,7941,7836,7697,7903,7925,7668,7768,7561,7761,8011,8128,8007,8143,8069,7966,8196|
03/04/2026 11:10:28|9092,9605,9384,9402,9517,9350,8974,8681,8911,8953,8851,8875,8773,8501,8594,8505,8029,8321,8227,8093,8233,8268,8155,8225,8068,7771,7279,7515,7906,7960,7449,7736,7575,7197,7850,7708,7391,7520,7718,7574,7666,7337,7846,8002,7925,7833,7707,7902,7914,7675,7789,7578,7749,8015,8122,8019,8142,8074,7981,8187|
03/04/2026 11:10:29|9093,9628,9408,9387,9534,9373,8996,8685,8923,8968,8831,8848,8756,8484,8582,8497,8020,8312,8229,8075,8216,8253,8140,8213,8068,7800,7324,7514,7880,7950,7477,7744,7579,7211,7854,7715,7387,7512,7702,7580,7658,7328,7821,7965,7905,7823,7709,7889,7896,7675,7799,7589,7734,8011,8108,8021,8133,8074,7992,8177|
03/04/2026 11:10:30|9097,9649,9430,9375,9547,9392,9016,8693,8933,8980,8814,8823,8739,8469,8571,8488,8016,8304,8231,8058,8201,8237,8129,8201,8065,7826,7366,7506,7856,7938,7505,7751,7581,7224,7858,7721,7385,7503,7682,7584,7649,7319,7794,7925,7878,7806,7708,7871,7875,7673,7803,7597,7718,7994,8084,8011,8114,8067,7998,8157|
03/04/2026 11:10:31|9099,9659,9441,9357,9550,9401,9025,8695,8931,8979,8787,8788,8715,8450,8554,8475,8006,8286,8225,8037,8184,8217,8112,8173,8051,7845,7402,7490,7833,7922,7529,7753,7581,7239,7856,7720,7380,7490,7660,7584,7635,7311,7765,7878,7844,7784,7695,7847,7850,7664,7798,7600,7702,7972,8053,7995,8086,8050,7992,8123|
03/04/2026 11:10:32|9094,9658,9443,9340,9547,9402,9030,8696,8925,8967,8755,8750,8688,8425,8532,8460,7994,8263,8214,8013,8167,8194,8090,8140,8034,7860,7433,7476,7812,7899,7546,7748,7579,7254,7846,7717,7379,7479,7636,7578,7612,7303,7734,7828,7808,7756,7666,7821,7822,7650,7785,7597,7681,7940,8017,7972,8052,8027,7977,8083|
03/04/2026 11:10:33|9083,9649,9438,9322,9542,9399,9031,8697,8911,8951,8725,8713,8657,8388,8507,8439,7986,8243,8200,7989,8148,8172,8065,8106,8014,7871,7462,7468,7791,7875,7556,7737,7569,7266,7832,7710,7376,7465,7611,7569,7582,7294,7701,7779,7771,7725,7632,7795,7793,7635,7770,7590,7656,7901,7980,7947,8013,8002,7959,8042|
03/04/2026 11:10:34|9070,9638,9428,9299,9532,9386,9027,8696,8888,8931,8693,8671,8621,8347,8478,8413,7978,8224,8184,7967,8125,8149,8036,8074,7995,7877,7487,7464,7771,7842,7566,7727,7553,7269,7813,7700,7370,7447,7590,7563,7552,7284,7660,7725,7735,7693,7591,7765,7763,7619,7751,7581,7631,7853,7941,7920,7971,7972,7938,7993|
03/04/2026 11:10:35|9055,9627,9419,9274,9519,9369,9017,8687,8862,8910,8661,8625,8585,8306,8448,8387,7972,8207,8167,7950,8102,8121,8001,8044,7979,7872,7511,7462,7749,7804,7575,7717,7530,7265,7789,7682,7361,7422,7573,7563,7527,7276,7617,7665,7699,7663,7546,7732,7735,7601,7727,7568,7611,7808,7904,7892,7927,7935,7914,7941|
03/04/2026 11:10:36|9040,9617,9413,9250,9499,9346,9004,8677,8832,8886,8630,8580,8551,8273,8422,8363,7965,8189,8155,7939,8077,8090,7967,8019,7967,7870,7539,7465,7731,7767,7580,7703,7508,7265,7763,7661,7356,7403,7560,7567,7507,7264,7579,7612,7665,7637,7510,7705,7705,7581,7706,7561,7597,7768,7869,7858,7884,7900,7891,7893|
03/04/2026 11:10:37|9025,9609,9411,9226,9471,9320,8988,8666,8799,8857,8600,8537,8518,8247,8402,8341,7956,8170,8146,7931,8051,8059,7935,8001,7962,7874,7572,7475,7716,7730,7580,7683,7486,7270,7737,7638,7357,7391,7552,7573,7491,7246,7544,7568,7632,7617,7485,7683,7674,7561,7690,7559,7589,7731,7837,7818,7843,7868,7869,7849|
03/04/2026 11:10:38|9011,9601,9411,9203,9438,9290,8971,8654,8765,8825,8570,8496,8488,8229,8388,8322,7945,8149,8141,7928,8026,8027,7905,7989,7963,7883,7609,7490,7705,7695,7575,7658,7463,7280,7711,7612,7364,7387,7549,7581,7479,7222,7514,7531,7600,7600,7468,7665,7641,7539,7677,7561,7587,7699,7807,7771,7802,7838,7848,7809|
03/04/2026 11:10:39|8997,9594,9413,9180,9400,9258,8953,8643,8729,8790,8542,8457,8460,8216,8378,8305,7933,8127,8140,7927,8001,7994,7878,7981,7970,7898,7648,7510,7696,7661,7566,7629,7441,7294,7686,7586,7375,7388,7549,7590,7470,7194,7487,7501,7569,7587,7460,7652,7609,7517,7667,7567,7590,7670,7779,7720,7764,7811,7827,7773|
