Time,Spectra_1,Spectra_2,Spectra_3,Spectra_4,Spectra_5,Spectra_6,Spectra_7,Spectra_8,Spectra_9,Spectra_10,Spectra_11,Spectra_12,Spectra_13,Spectra_14,Spectra_15,Spectra_16,Spectra_17,Spectra_18,Spectra_19,Spectra_20,Spectra_21,Spectra_22,Spectra_23,Spectra_24,Spectra_25,Spectra_26,Spectra_27,Spectra_28,Spectra_29,Spectra_30,Spectra_31,Spectra_32,Spectra_33,Spectra_34,Spectra_35,Spectra_36,Spectra_37,Spectra_38,Spectra_39,Spectra_40,Spectra_41,Spectra_42,Spectra_43,Spectra_44,Spectra_45,Spectra_46,Spectra_47,Spectra_48,Spectra_49,Spectra_50,Spectra_51,Spectra_52,Spectra_53,Spectra_54,Spectra_55,Spectra_56,Spectra_57,Spectra_58,Spectra_59,Spectra_60
2026-03-04 10:35:21,0.0,0.0,0.0,0.0,0.0,0.0,0.0,0.0,0.0,0.0,0.0,0.0,0.0,0.0,0.0,0.0,0.0,0.0,0.0,0.0,0.0,0.0,0.0,0.0,0.0,0.0,0.0,0.0,0.0,0.0,0.0,0.0,0.0,0.0,0.0,0.0,0.0,0.0,0.0,0.0,0.0,0.0,0.0,0.0,0.0,0.0,0.0,0.0,0.0,0.0,0.0,0.0,0.0,0.0,0.0,0.0,0.0,0.0,0.0,0.0
2026-03-04 10:35:22,0.0,0.0,0.0,0.0,0.0,0.0,0.0,0.0,0.0,0.0,0.0,0.0,0.0,0.0,0.0,0.0,0.0,0.0,0.0,0.0,0.0,0.0,0.0,0.0,0.0,0.0,0.0,0.0,0.0,0.0,0.0,0.0,0.0,0.0,0.0,0.0,0.0,0.0,0.0,0.0,0.0,0.0,0.0,0.0,0.0,0.0,0.0,0.0,0.0,0.0,0.0,0.0,0.0,0.0,0.0,0.0,0.0,0.0,0.0,0.0
2026-03-04 10:35:23,0.0,0.0,0.0,0.0,0.0,0.0,0.0,0.0,0.0,0.0,0.0,0.0,0.0,0.0,0.0,0.0,0.0,0.0,0.0,0.0,0.0,0.0,0.0,0.0,0.0,0.0,0.0,0.0,0.0,0.0,0.0,0.0,0.0,0.0,0.0,0.0,0.0,0.0,0.0,0.0,0.0,0.0,0.0,0.0,0.0,0.0,0.0,0.0,0.0,0.0,0.0,0.0,0.0,0.0,0.0,0.0,0.0,0.0,0.0,0.0
2026-03-04 10:35:24,0.0,0.0,0.0,0.0,0.0,0.0,0.0,0.0,0.0,0.0,0.0,0.0,0.0,0.0,0.0,0.0,0.0,0.0,0.0,0.0,0.0,0.0,0.0,0.0,0.0,0.0,0.0,0.0,0.0,0.0,0.0,0.0,0.0,0.0,0.0,0.0,0.0,0.0,0.0,0.0,0.0,0.0,0.0,0.0,0.0,0.0,0.0,0.0,0.0,0.0,0.0,0.0,0.0,0.0,0.0,0.0,0.0,0.0,0.0,0.0
2026-03-04 10:35:25,93.56,98.12,97.43,100.48,99.82,96.09,93.46,98.54,101.14,98.87,94.05,93.51,93.15,93.63,92.02,90.56,93.14,93.9,88.72,76.23,80.5,86.48,87.34,85.39,84.6,83.38,79.19,77.34,78.12,81.01,82.6,82.08,78.73,70.19,77.61,82.66,80.05,72.66,69.57,69.53,77.19,75.2,71.79,71.45,79.54,82.22,81.43,78.2,76.74,74.46,69.31,75.63,78.86,82.6,84.23,82.09,77.32,79.75,80.81,76.02
2026-03-04 10:35:26,93.57,98.12,97.42,100.45,99.78,96.03,93.42,98.51,101.11,98.84,94.03,93.49,93.12,93.61,91.97,90.53,93.12,93.88,88.71,76.24,80.49,86.46,87.31,85.37,84.57,83.35,79.16,77.31,78.06,80.99,82.59,82.02,78.73,70.21,77.61,82.64,80.04,72.64,69.58,69.53,77.19,75.19,71.79,71.45,79.52,82.2,81.41,78.17,76.74,74.46,69.31,75.62,78.83,82.58,84.2,82.02,77.3,79.74,80.79,76.0
2026-03-04 10:35:27,93.57,98.11,97.36,100.34,99.67,95.88,93.34,98.42,101.0,98.76,93.95,93.39,93.02,93.55,91.85,90.45,93.04,93.77,88.67,76.32,80.47,86.39,87.23,85.31,84.48,83.22,79.06,77.22,77.89,80.89,82.54,81.91,78.72,70.2,77.53,82.53,80.01,72.63,69.61,69.5,77.17,75.17,71.77,71.48,79.46,82.11,81.29,78.12,76.75,74.4,69.25,75.61,78.76,82.46,84.08,81.82,77.24,79.69,80.73,75.94
2026-03-04 10:35:28,93.56,98.08,97.23,100.16,99.5,95.72,93.27,98.28,100.81,98.62,93.84,93.23,92.89,93.47,91.71,90.3,92.89,93.59,88.6,76.46,80.47,86.3,87.12,85.23,84.33,83.01,78.92,77.09,77.64,80.72,82.46,81.8,78.68,70.12,77.37,82.35,79.94,72.65,69.68,69.4,77.13,75.14,71.72,71.52,79.34,81.92,81.06,78.09,76.78,74.28,69.1,75.59,78.65,82.26,83.86,81.53,77.12,79.6,80.65,75.86
2026-03-04 10:35:29,93.53,98.01,97.05,99.93,99.28,95.55,93.19,98.08,100.55,98.43,93.7,93.0,92.72,93.37,91.54,90.09,92.68,93.33,88.5,76.66,80.47,86.18,86.99,85.11,84.12,82.73,78.75,76.93,77.33,80.48,82.35,81.69,78.63,69.98,77.14,82.09,79.86,72.71,69.78,69.25,77.06,75.12,71.67,71.58,79.19,81.66,80.73,78.07,76.82,74.12,68.88,75.56,78.52,81.99,83.56,81.17,76.97,79.48,80.54,75.78
2026-03-04 10:35:30,93.45,97.91,96.82,99.66,98.99,95.32,93.04,97.76,100.18,98.15,93.47,92.7,92.5,93.17,91.28,89.86,92.39,92.93,88.29,76.86,80.45,85.97,86.76,84.9,83.86,82.42,78.58,76.76,77.0,80.17,82.19,81.58,78.6,69.88,76.89,81.81,79.79,72.79,69.92,69.1,76.91,75.06,71.62,71.69,79.05,81.38,80.35,78.06,76.89,73.97,68.69,75.53,78.37,81.65,83.21,80.83,76.84,79.34,80.42,75.71
2026-03-04 10:35:31,93.33,97.78,96.56,99.31,98.55,95.02,92.79,97.32,99.69,97.73,93.13,92.33,92.16,92.88,90.97,89.51,91.99,92.41,88.0,77.04,80.39,85.61,86.37,84.57,83.55,82.13,78.45,76.61,76.67,79.82,81.96,81.39,78.53,69.84,76.67,81.51,79.68,72.89,70.04,68.92,76.7,74.97,71.59,71.78,78.86,81.09,79.99,78.06,76.93,73.83,68.56,75.52,78.21,81.31,82.85,80.5,76.71,79.18,80.24,75.66
2026-03-04 10:35:32,93.22,97.64,96.31,98.94,98.09,94.67,92.51,96.84,99.16,97.27,92.8,91.96,91.76,92.53,90.59,89.1,91.58,91.87,87.67,77.21,80.24,85.12,85.85,84.17,83.26,81.88,78.35,76.5,76.38,79.45,81.65,81.16,78.43,69.81,76.43,81.17,79.44,72.99,70.2,68.77,76.48,74.86,71.49,71.86,78.62,80.75,79.61,78.0,76.96,73.69,68.5,75.52,78.03,80.93,82.43,80.16,76.52,78.97,80.02,75.63
2026-03-04 10:35:33,93.13,97.52,96.03,98.57,97.68,94.29,92.22,96.34,98.56,96.79,92.5,91.59,91.37,92.16,90.15,88.7,91.2,91.34,87.3,77.38,80.03,84.5,85.22,83.69,83.01,81.71,78.31,76.4,76.16,79.1,81.26,80.9,78.3,69.72,76.11,80.78,78.98,73.09,70.42,68.71,76.27,74.76,71.26,71.98,78.41,80.38,79.2,77.88,76.97,73.58,68.55,75.55,77.82,80.52,81.88,79.78,76.25,78.67,79.8,75.61
2026-03-04 10:35:34,93.04,97.42,95.73,98.19,97.29,93.87,91.94,95.84,97.91,96.31,92.22,91.22,90.97,91.79,89.65,88.31,90.84,90.82,86.9,77.54,79.76,83.75,84.52,83.15,82.79,81.6,78.29,76.32,76.02,78.78,80.8,80.61,78.15,69.58,75.72,80.34,78.32,73.19,70.68,68.74,76.06,74.67,70.91,72.13,78.22,80.01,78.75,77.69,76.98,73.53,68.69,75.62,77.62,80.06,81.22,79.37,75.91,78.3,79.56,75.6
2026-03-04 10:35:35,92.97,97.33,95.41,97.82,96.93,93.44,91.66,95.35,97.22,95.82,91.97,90.85,90.59,91.43,89.11,87.94,90.51,90.31,86.48,77.7,79.45,82.91,83.76,82.56,82.6,81.55,78.31,76.24,75.94,78.48,80.28,80.3,77.97,69.4,75.28,79.87,77.51,73.29,70.97,68.85,75.86,74.59,70.47,72.31,78.06,79.62,78.3,77.44,76.98,73.5,68.91,75.71,77.41,79.58,80.48,78.93,75.52,77.86,79.31,75.61
2026-03-04 10:35:36,92.91,97.27,95.09,97.45,96.6,92.98,91.39,94.86,96.5,95.33,91.74,90.49,90.21,91.07,88.54,87.59,90.19,89.82,86.06,77.85,79.11,82.01,82.95,81.93,82.44,81.55,78.36,76.18,75.91,78.22,79.71,79.97,77.78,69.19,74.81,79.37,76.56,73.38,71.29,69.03,75.67,74.52,69.95,72.49,77.92,79.23,77.83,77.16,76.97,73.51,69.2,75.81,77.19,79.08,79.66,78.48,75.08,77.38,79.07,75.62
2026-03-04 10:35:37,92.85,97.17,94.77,97.07,96.22,92.5,91.08,94.38,95.75,94.77,91.43,90.08,89.83,90.69,87.96,87.19,89.8,89.3,85.62,77.99,78.81,81.15,82.16,81.3,82.27,81.55,78.36,76.08,75.92,77.98,79.15,79.65,77.6,69.03,74.38,78.89,75.6,73.47,71.58,69.27,75.48,74.42,69.46,72.64,77.77,78.83,77.38,76.91,76.92,73.52,69.52,75.92,76.96,78.6,78.87,78.04,74.63,76.92,78.84,75.63
2026-03-04 10:35:38,92.74,97.01,94.41,96.59,95.76,91.96,90.72,93.87,94.97,94.13,91.06,89.65,89.44,90.26,87.33,86.69,89.3,88.71,85.12,78.07,78.53,80.38,81.38,80.5,82.05,81.5,78.29,75.88,75.92,77.77,78.64,79.36,77.47,68.96,74.04,78.47,74.8,73.62,71.89,69.54,75.29,74.33,69.11,72.83,77.66,78.5,77.01,76.72,76.89,73.45,69.88,76.04,76.74,78.2,78.19,77.68,74.28,76.54,78.6,75.57
2026-03-04 10:35:39,92.54,96.8,93.99,96.02,95.23,91.37,90.34,93.37,94.15,93.45,90.65,89.21,89.04,89.77,86.65,86.12,88.72,88.04,84.57,78.11,78.27,79.68,80.64,79.51,81.8,81.41,78.13,75.59,75.91,77.57,78.19,79.12,77.37,68.97,73.77,78.12,74.15,73.82,72.21,69.85,75.09,74.24,68.88,73.07,77.61,78.24,76.72,76.61,76.89,73.27,70.26,76.16,76.55,77.88,77.63,77.4,74.05,76.24,78.35,75.44
2026-03-04 10:35:40,92.28,96.53,93.53,95.35,94.65,90.74,89.95,92.86,93.32,92.73,90.22,88.78,88.64,89.24,85.93,85.47,88.06,87.31,83.98,78.11,78.02,79.05,79.93,78.36,81.52,81.28,77.91,75.21,75.89,77.39,77.8,78.91,77.3,69.06,73.55,77.84,73.63,74.06,72.54,70.18,74.88,74.15,68.76,73.36,77.6,78.04,76.49,76.55,76.9,73.0,70.67,76.28,76.39,77.63,77.18,77.2,73.92,76.02,78.08,75.26
2026-03-04 10:35:41,91.96,96.23,93.03,94.63,94.03,90.08,89.54,92.36,92.48,91.99,89.77,88.35,88.25,88.68,85.19,84.78,87.35,86.54,83.35,78.09,77.78,78.49,79.26,77.09,81.22,81.13,77.63,74.76,75.87,77.22,77.45,78.74,77.26,69.21,73.39,77.6,73.23,74.34,72.87,70.53,74.68,74.06,68.74,73.68,77.63,77.89,76.31,76.54,76.93,72.65,71.08,76.4,76.25,77.45,76.83,77.07,73.89,75.85,77.8,75.02
2026-03-04 10:35:42,91.6,95.9,92.5,93.85,93.39,89.4,89.14,91.86,91.65,91.23,89.31,87.93,87.86,88.1,84.44,84.04,86.6,85.73,82.7,78.04,77.55,77.99,78.64,75.72,80.91,80.94,77.3,74.26,75.83,77.06,77.15,78.6,77.26,69.41,73.28,77.42,72.94,74.64,73.21,70.89,74.48,73.97,68.8,74.02,77.7,77.8,76.2,76.57,76.98,72.24,71.51,76.52,76.14,77.33,76.57,77.01,73.95,75.75,77.51,74.75
2026-03-04 10:35:43,91.22,95.56,91.98,93.04,92.74,88.75,88.74,91.39,90.84,90.49,88.84,87.52,87.49,87.53,83.71,83.27,85.83,84.92,82.06,77.99,77.35,77.55,78.07,74.38,80.6,80.75,76.96,73.76,75.79,76.88,76.85,78.45,77.27,69.68,73.22,77.28,72.72,74.92,73.52,71.24,74.28,73.88,68.93,74.4,77.8,77.73,76.1,76.63,77.03,71.83,71.91,76.62,76.05,77.25,76.36,76.97,74.05,75.68,77.22,74.46
2026-03-04 10:35:44,90.8,95.18,91.49,92.22,92.13,88.11,88.36,90.92,90.09,89.77,88.36,87.05,87.06,86.97,83.05,82.49,85.09,84.16,81.45,77.96,77.19,77.15,77.57,73.22,80.3,80.59,76.66,73.33,75.72,76.69,76.55,78.27,77.29,70.02,73.24,77.1,72.52,75.11,73.79,71.6,74.08,73.74,69.1,74.76,77.91,77.63,75.97,76.64,77.1,71.51,72.28,76.73,76.01,77.18,76.14,76.9,74.16,75.62,76.96,74.23
2026-03-04 10:35:45,90.32,94.77,91.0,91.43,91.51,87.37,87.94,90.45,89.35,89.02,87.82,86.51,86.54,86.36,82.41,81.69,84.36,83.42,80.87,77.91,77.06,76.8,77.12,72.19,79.99,80.43,76.39,72.92,75.67,76.53,76.29,78.06,77.27,70.29,73.25,76.86,72.31,75.23,74.0,71.93,73.89,73.64,69.31,75.05,78.0,77.49,75.84,76.65,77.2,71.29,72.59,76.79,75.98,77.08,75.87,76.77,74.25,75.6,76.77,74.04
2026-03-04 10:35:46,89.84,94.34,90.42,90.66,90.91,86.62,87.45,89.92,88.58,88.26,87.26,85.95,85.98,85.75,81.8,80.91,83.62,82.73,80.34,77.86,76.96,76.52,76.73,71.3,79.7,80.22,76.13,72.54,75.61,76.4,76.07,77.88,77.24,70.52,73.25,76.62,72.14,75.34,74.17,72.21,73.7,73.57,69.53,75.27,78.09,77.35,75.78,76.7,77.25,71.08,72.78,76.76,75.94,76.98,75.57,76.57,74.35,75.63,76.65,73.88
2026-03-04 10:35:47,89.36,93.88,89.78,89.9,90.28,85.91,86.94,89.32,87.78,87.53,86.69,85.37,85.42,85.14,81.18,80.16,82.85,82.04,79.82,77.76,76.78,76.24,76.38,70.58,79.44,79.96,75.87,72.21,75.53,76.2,75.84,77.69,77.18,70.77,73.3,76.39,72.01,75.37,74.32,72.47,73.56,73.56,69.76,75.39,78.16,77.22,75.76,76.78,77.26,70.88,72.88,76.7,75.89,76.89,75.29,76.34,74.47,75.68,76.54,73.75
2026-03-04 10:35:48,88.85,93.41,89.19,89.15,89.63,85.23,86.4,88.71,87.0,86.81,86.1,84.74,84.85,84.53,80.58,79.45,82.04,81.38,79.34,77.64,76.57,76.0,76.04,69.95,79.19,79.69,75.64,71.98,75.43,75.98,75.59,77.51,77.12,71.06,73.36,76.13,71.86,75.3,74.46,72.76,73.48,73.53,69.99,75.36,78.14,77.02,75.68,76.82,77.25,70.76,73.0,76.65,75.85,76.82,75.06,76.1,74.6,75.68,76.36,73.6
2026-03-04 10:35:49,88.34,92.94,88.67,88.39,89.02,84.62,85.88,88.1,86.28,86.12,85.49,84.09,84.25,83.9,80.04,78.81,81.24,80.78,78.92,77.54,76.35,75.78,75.73,69.46,78.92,79.4,75.4,71.83,75.39,75.76,75.4,77.35,77.02,71.33,73.41,75.89,71.74,75.23,74.55,73.03,73.41,73.52,70.23,75.3,78.07,76.78,75.6,76.82,77.23,70.72,73.09,76.57,75.79,76.8,74.91,75.89,74.74,75.66,76.15,73.41
2026-03-04 10:35:50,87.8,92.4,88.17,87.7,88.39,84.05,85.39,87.47,85.58,85.43,84.86,83.41,83.63,83.26,79.52,78.22,80.48,80.18,78.49,77.41,76.11,75.55,75.46,69.12,78.59,79.1,75.17,71.72,75.37,75.57,75.25,77.19,76.84,71.55,73.5,75.69,71.65,75.18,74.62,73.26,73.25,73.5,70.5,75.27,77.96,76.53,75.51,76.79,77.19,70.72,73.14,76.41,75.71,76.74,74.78,75.7,74.84,75.63,75.93,73.23
2026-03-04 10:35:51,87.32,91.89,87.75,87.14,87.82,83.56,85.0,86.88,84.92,84.77,84.27,82.8,83.06,82.69,79.09,77.72,79.7,79.6,78.1,77.33,75.96,75.36,75.26,68.94,78.34,78.83,74.96,71.6,75.36,75.39,75.14,77.06,76.65,71.8,73.58,75.46,71.53,75.16,74.71,73.46,73.1,73.49,70.78,75.25,77.79,76.22,75.41,76.7,77.11,70.71,73.17,76.21,75.65,76.71,74.72,75.56,74.95,75.61,75.67,72.95
2026-03-04 10:35:52,86.94,91.42,87.36,86.7,87.31,83.17,84.7,86.29,84.26,84.12,83.78,82.31,82.54,82.16,78.74,77.32,78.72,79.0,77.79,77.36,75.92,75.16,75.12,68.83,78.15,78.58,74.77,71.55,75.38,75.15,75.07,76.95,76.48,72.08,73.69,75.24,71.34,75.18,74.83,73.59,72.94,73.49,71.01,75.24,77.55,75.85,75.28,76.54,76.95,70.6,73.13,76.0,75.64,76.75,74.75,75.45,75.1,75.65,75.45,72.5
2026-03-04 10:35:53,86.64,90.99,87.02,86.35,86.85,82.85,84.49,85.69,83.61,83.51,83.37,81.93,82.06,81.68,78.45,76.98,77.58,78.38,77.54,77.49,75.98,74.95,75.03,68.77,78.01,78.37,74.61,71.56,75.43,74.87,75.04,76.87,76.32,72.41,73.82,75.03,71.07,75.22,74.96,73.67,72.78,73.49,71.19,75.23,77.26,75.43,75.13,76.3,76.71,70.41,73.02,75.77,75.67,76.86,74.85,75.36,75.28,75.74,75.26,71.9
2026-03-04 10:35:54,86.43,90.6,86.7,86.1,86.42,82.6,84.34,85.1,82.98,82.91,83.03,81.65,81.62,81.23,78.23,76.72,76.3,77.76,77.35,77.69,76.13,74.73,74.99,68.77,77.92,78.18,74.47,71.63,75.5,74.54,75.04,76.8,76.18,72.76,73.97,74.83,70.76,75.3,75.12,73.69,72.62,73.49,71.33,75.22,76.93,74.98,74.96,76.02,76.41,70.13,72.87,75.52,75.72,77.02,75.03,75.3,75.48,75.87,75.11,71.18
2026-03-04 10:35:55,86.29,90.24,86.42,85.93,86.04,82.41,84.26,84.52,82.37,82.35,82.77,81.46,81.22,80.83,78.07,76.53,74.9,77.14,77.22,77.96,76.34,74.51,74.98,68.81,77.88,78.01,74.35,71.74,75.59,74.17,75.06,76.76,76.04,73.13,74.13,74.64,70.39,75.39,75.29,73.68,72.46,73.48,71.43,75.22,76.57,74.5,74.78,75.68,76.06,69.79,72.67,75.26,75.8,77.22,75.27,75.26,75.71,76.04,74.98,70.36
2026-03-04 10:35:56,86.22,89.92,86.18,85.83,85.69,82.28,84.24,83.95,81.78,81.81,82.56,81.34,80.86,80.46,77.95,76.38,73.43,76.53,77.14,78.28,76.62,74.28,75.01,68.88,77.87,77.87,74.25,71.9,75.7,73.79,75.11,76.73,75.92,73.52,74.3,74.46,69.99,75.5,75.46,73.62,72.29,73.48,71.49,75.21,76.18,74.0,74.58,75.31,75.66,69.4,72.43,74.99,75.9,77.47,75.55,75.23,75.95,76.24,74.87,69.46
2026-03-04 10:35:57,86.2,89.63,85.96,85.8,85.38,82.2,84.26,83.4,81.22,81.31,82.41,81.3,80.53,80.12,77.88,76.29,71.91,75.93,77.1,78.65,76.95,74.06,75.07,68.98,77.89,77.75,74.17,72.08,75.81,73.39,75.17,76.72,75.81,73.91,74.47,74.29,69.57,75.63,75.65,73.53,72.13,73.47,71.53,75.21,75.76,73.49,74.37,74.91,75.23,68.97,72.17,74.72,76.03,77.74,75.87,75.22,76.2,76.46,74.79,68.5
2026-03-04 10:35:58,86.23,89.38,85.77,85.82,85.11,82.16,84.33,82.87,80.69,80.84,82.3,81.31,80.24,79.82,77.85,76.24,70.35,75.35,77.09,79.06,77.32,73.83,75.15,69.11,77.94,77.65,74.11,72.3,75.94,72.97,75.26,76.72,75.72,74.31,74.66,74.13,69.12,75.77,75.83,73.42,71.97,73.47,71.53,75.21,75.34,72.98,74.16,74.49,74.78,68.51,71.88,74.45,76.16,78.04,76.22,75.23,76.45,76.69,74.74,67.5
2026-03-04 10:35:59,86.3,89.15,85.61,85.88,84.87,82.16,84.44,82.36,80.18,80.4,82.24,81.37,79.99,79.56,77.85,76.23,68.78,74.78,77.12,79.49,77.72,73.61,75.26,69.27,78.01,77.57,74.06,72.53,76.08,72.55,75.35,76.73,75.63,74.71,74.84,73.99,68.66,75.92,76.02,73.28,71.81,73.47,71.52,75.21,74.91,72.46,73.95,74.06,74.31,68.02,71.58,74.18,76.31,78.36,76.59,75.25,76.71,76.94,74.69,66.47
2026-03-04 10:36:00,86.4,88.95,85.47,85.99,84.66,82.2,84.57,81.88,79.71,79.99,82.22,81.48,79.76,79.32,77.89,76.26,67.21,74.24,77.18,79.94,78.15,73.4,75.38,69.43,78.1,77.5,74.02,72.78,76.22,72.13,75.45,76.76,75.55,75.11,75.02,73.85,68.2,76.07,76.21,73.13,71.66,73.46,71.48,75.21,74.48,71.96,73.74,73.61,73.83,67.52,71.26,73.91,76.46,78.68,76.98,75.27,76.97,77.2,74.67,65.43
2026-03-04 10:36:01,86.54,88.78,85.35,86.13,84.48,82.26,84.73,81.42,79.26,79.61,82.23,81.63,79.56,79.11,77.95,76.31,65.66,73.72,77.26,80.4,78.58,73.19,75.51,69.61,78.21,77.45,73.99,73.04,76.36,71.71,75.56,76.78,75.49,75.49,75.21,73.72,67.74,76.22,76.39,72.96,71.52,73.46,71.43,75.21,74.05,71.46,73.53,73.17,73.35,67.01,70.94,73.66,76.62,79.02,77.38,75.31,77.22,77.47,74.66,64.39
2026-03-04 10:36:02,86.7,88.64,85.26,86.3,84.33,82.35,84.91,80.99,78.85,79.27,82.27,81.81,79.39,78.93,78.03,76.39,64.15,73.23,77.36,80.86,79.03,72.99,75.65,69.8,78.33,77.41,73.98,73.31,76.5,71.3,75.68,76.82,75.43,75.87,75.39,73.61,67.28,76.38,76.57,72.78,71.38,73.45,71.36,75.22,73.63,70.98,73.32,72.73,72.87,66.49,70.62,73.41,76.79,79.36,77.78,75.35,77.48,77.73,74.66,63.36
2026-03-04 10:36:03,86.88,88.51,85.17,86.49,84.21,82.46,85.1,80.59,78.48,78.96,82.33,82.01,79.25,78.78,78.13,76.49,62.69,72.76,77.48,81.33,79.48,72.81,75.81,70.01,78.46,77.39,73.98,73.57,76.64,70.91,75.8,76.87,75.38,76.24,75.56,73.51,66.83,76.54,76.74,72.6,71.26,73.45,71.28,75.22,73.21,70.52,73.12,72.29,72.4,66.0,70.3,73.18,76.95,79.69,78.17,75.4,77.72,77.99,74.68,62.35
2026-03-04 10:36:04,87.08,88.44,85.09,86.72,84.2,82.64,85.35,80.35,78.26,78.74,82.38,82.27,79.23,78.68,78.3,76.68,61.53,72.31,77.64,81.8,79.9,72.73,76.03,70.28,78.58,77.4,74.02,73.77,76.79,70.64,75.97,76.93,75.36,76.62,75.74,73.44,66.54,76.7,76.81,72.49,71.21,73.48,71.19,75.15,72.71,70.15,72.95,71.88,71.99,65.62,70.07,73.0,77.13,79.99,78.42,75.48,77.96,78.21,74.67,61.46
2026-03-04 10:36:05,87.3,88.41,84.99,86.99,84.32,82.91,85.64,80.3,78.23,78.64,82.41,82.59,79.35,78.65,78.56,76.97,60.74,71.87,77.85,82.28,80.29,72.77,76.33,70.66,78.7,77.46,74.1,73.89,76.94,70.53,76.2,77.03,75.36,77.03,75.93,73.4,66.42,76.86,76.75,72.46,71.27,73.56,71.09,75.02,72.1,69.9,72.81,71.5,71.66,65.41,69.94,72.91,77.32,80.23,78.46,75.58,78.18,78.38,74.65,60.71
2026-03-04 10:36:06,87.55,88.44,84.91,87.29,84.54,83.26,85.96,80.38,78.36,78.63,82.42,82.93,79.54,78.66,78.84,77.3,60.25,71.46,78.09,82.74,80.63,72.92,76.66,71.09,78.82,77.54,74.23,73.97,77.1,70.54,76.46,77.12,75.4,77.41,76.14,73.41,66.46,76.99,76.6,72.49,71.41,73.68,71.02,74.88,71.5,69.76,72.71,71.19,71.41,65.33,69.9,72.87,77.53,80.44,78.38,75.72,78.4,78.52,74.64,60.15
2026-03-04 10:36:07,87.79,88.51,84.92,87.61,84.8,83.65,86.3,80.56,78.56,78.67,82.39,83.23,79.75,78.7,79.06,77.59,59.91,71.17,78.33,83.11,80.95,73.12,76.87,71.52,78.91,77.62,74.39,74.1,77.28,70.65,76.75,77.24,75.47,77.76,76.37,73.47,66.58,77.08,76.45,72.58,71.6,73.8,71.0,74.82,71.09,69.74,72.65,71.02,71.23,65.39,69.91,72.88,77.73,80.66,78.34,75.91,78.64,78.67,74.68,59.85
2026-03-04 10:36:08,88.03,88.62,85.02,87.95,85.11,84.1,86.68,80.85,78.83,78.78,82.37,83.49,80.0,78.81,79.3,77.89,59.81,71.03,78.61,83.44,81.23,73.32,76.83,71.9,78.92,77.68,74.5,74.24,77.44,70.82,77.1,77.45,75.62,78.11,76.61,73.52,66.78,77.15,76.38,72.76,71.82,73.87,71.02,74.85,70.85,69.78,72.56,70.98,71.2,65.63,70.05,72.95,77.87,80.88,78.38,76.1,78.87,78.86,74.76,59.73
2026-03-04 10:36:09,88.26,88.78,85.2,88.3,85.48,84.58,87.09,81.24,79.14,78.94,82.36,83.71,80.29,78.98,79.56,78.21,59.93,71.03,78.9,83.73,81.48,73.52,76.55,72.23,78.85,77.74,74.59,74.38,77.56,71.04,77.48,77.72,75.83,78.46,76.87,73.55,67.05,77.23,76.4,73.04,72.05,73.9,71.06,74.94,70.75,69.87,72.42,71.07,71.32,66.02,70.29,73.09,77.95,81.12,78.48,76.28,79.09,79.06,74.87,59.76
2026-03-04 10:36:10,88.47,88.96,85.46,88.66,85.88,85.09,87.52,81.7,79.49,79.14,82.37,83.91,80.61,79.19,79.83,78.53,60.24,71.15,79.21,83.98,81.7,73.72,76.08,72.51,78.71,77.78,74.63,74.52,77.66,71.29,77.89,78.05,76.1,78.8,77.12,73.56,67.37,77.29,76.5,73.39,72.29,73.89,71.13,75.1,70.78,70.0,72.25,71.27,71.56,66.54,70.62,73.27,77.98,81.35,78.64,76.46,79.28,79.28,75.01,59.92
2026-03-04 10:36:11,88.67,89.17,85.77,89.02,86.31,85.63,87.97,82.23,79.87,79.39,82.39,84.07,80.95,79.45,80.1,78.86,60.72,71.37,79.53,84.2,81.89,73.92,75.45,72.75,78.52,77.81,74.65,74.67,77.73,71.57,78.32,78.42,76.4,79.14,77.38,73.56,67.74,77.35,76.65,73.79,72.54,73.84,71.22,75.31,70.91,70.17,72.05,71.56,71.91,67.17,71.02,73.5,77.97,81.59,78.85,76.63,79.47,79.51,75.17,60.2
2026-03-04 10:36:12,88.86,89.4,86.12,89.38,86.76,86.17,88.43,82.8,80.27,79.66,82.42,84.21,81.3,79.74,80.39,79.19,61.32,71.68,79.85,84.38,82.05,74.1,74.67,72.95,78.28,77.84,74.65,74.81,77.79,71.87,78.76,78.84,76.75,79.46,77.63,73.55,68.15,77.41,76.86,74.25,72.79,73.77,71.32,75.56,71.13,70.36,71.84,71.93,72.34,67.89,71.49,73.77,77.91,81.82,79.09,76.79,79.63,79.75,75.35,60.56
2026-03-04 10:36:13,89.05,89.65,86.5,89.75,87.23,86.72,88.85,83.37,80.65,79.91,82.46,84.33,81.66,80.03,80.64,79.49,62.02,72.05,80.16,84.51,82.16,74.29,73.87,73.13,78.03,77.84,74.61,74.95,77.83,72.2,79.2,79.24,77.12,79.78,77.89,73.52,68.61,77.48,77.1,74.73,73.08,73.73,71.5,75.86,71.45,70.62,71.67,72.36,72.85,68.66,72.02,74.09,77.87,82.04,79.38,76.99,79.82,80.01,75.58,61.06
2026-03-04 10:36:14,89.25,89.93,86.86,90.12,87.73,87.24,89.17,83.84,80.96,80.09,82.5,84.46,82.0,80.27,80.79,79.7,62.76,72.45,80.42,84.51,82.15,74.46,73.22,73.33,77.78,77.81,74.55,75.13,77.91,72.58,79.62,79.56,77.51,80.14,78.17,73.45,69.16,77.61,77.37,75.21,73.45,73.86,71.83,76.23,71.88,71.0,71.65,72.88,73.41,69.44,72.64,74.52,77.92,82.24,79.74,77.32,80.1,80.29,75.88,61.78
2026-03-04 10:36:15,89.46,90.22,87.19,90.5,88.25,87.73,89.4,84.21,81.2,80.2,82.53,84.61,82.33,80.48,80.86,79.84,63.53,72.87,80.63,84.4,82.04,74.62,72.73,73.54,77.57,77.75,74.45,75.32,78.0,73.0,80.0,79.79,77.93,80.52,78.48,73.35,69.78,77.79,77.65,75.69,73.9,74.14,72.3,76.66,72.42,71.5,71.77,73.46,74.01,70.23,73.34,75.05,78.05,82.42,80.16,77.76,80.46,80.61,76.25,62.7
2026-03-04 10:36:16,89.68,90.54,87.5,90.89,88.78,88.19,89.54,84.49,81.37,80.24,82.57,84.75,82.65,80.65,80.84,79.91,64.31,73.31,80.79,84.19,81.84,74.77,72.37,73.77,77.37,77.66,74.33,75.54,78.12,73.45,80.35,79.96,78.36,80.91,78.81,73.22,70.46,78.02,77.94,76.15,74.42,74.55,72.9,77.14,73.03,72.1,72.02,74.09,74.64,71.01,74.1,75.65,78.26,82.58,80.63,78.29,80.89,80.95,76.68,63.79
2026-03-04 10:36:17,89.91,90.85,87.79,91.27,89.32,88.63,89.61,84.7,81.48,80.22,82.6,84.9,82.94,80.79,80.77,79.92,65.09,73.75,80.91,83.91,81.58,74.92,72.13,74.0,77.19,77.56,74.2,75.78,78.25,73.92,80.65,80.05,78.8,81.31,79.15,73.07,71.18,78.27,78.22,76.6,74.98,75.05,73.58,77.64,73.7,72.76,72.37,74.75,75.29,71.79,74.89,76.3,78.53,82.72,81.14,78.9,81.37,81.3,77.15,64.98
2026-03-04 10:36:18,90.11,91.13,88.08,91.59,89.82,89.02,89.63,84.88,81.57,80.2,82.65,85.03,83.22,80.94,80.69,79.93,65.88,74.18,80.97,83.63,81.31,75.12,72.06,74.28,77.06,77.49,74.14,76.02,78.39,74.34,80.83,80.11,79.21,81.67,79.46,72.92,71.83,78.51,78.46,77.03,75.53,75.55,74.26,78.13,74.37,73.45,72.79,75.39,75.92,72.56,75.68,76.93,78.78,82.81,81.62,79.51,81.83,81.61,77.59,66.14
2026-03-04 10:36:19,90.31,91.42,88.38,91.85,90.21,89.35,89.65,85.06,81.68,80.25,82.75,85.12,83.48,81.11,80.62,79.99,66.72,74.64,81.06,83.38,81.1,75.4,72.14,74.63,76.99,77.47,74.15,76.28,78.53,74.74,80.95,80.14,79.62,81.99,79.79,72.88,72.48,78.74,78.7,77.44,76.1,76.07,74.89,78.59,75.01,74.09,73.25,75.97,76.49,73.3,76.38,77.48,78.99,82.84,81.98,80.03,82.14,81.72,77.96,67.26
2026-03-04 10:36:20,90.53,91.73,88.7,92.05,90.54,89.63,89.63,85.23,81.84,80.35,82.81,85.13,83.7,81.26,80.56,80.07,67.59,75.09,81.17,83.15,80.93,75.76,72.36,75.03,76.87,77.5,74.24,76.57,78.66,75.13,81.04,80.15,79.99,82.27,80.08,72.97,73.17,79.0,78.96,77.82,76.68,76.58,75.45,78.97,75.59,74.65,73.66,76.44,76.88,73.99,77.0,77.9,79.14,82.78,82.15,80.4,82.26,81.61,78.26,68.39
2026-03-04 10:36:21,90.79,92.08,89.04,92.18,90.83,89.88,89.56,85.4,82.05,80.48,82.81,85.06,83.87,81.38,80.5,80.14,68.45,75.55,81.3,82.94,80.77,76.17,72.69,75.46,76.61,77.57,74.44,76.87,78.77,75.48,81.11,80.16,80.33,82.51,80.35,73.14,73.89,79.29,79.22,78.16,77.27,77.04,75.94,79.28,76.09,75.12,74.0,76.83,77.06,74.63,77.57,78.19,79.21,82.65,82.11,80.62,82.23,81.34,78.5,69.54
2026-03-04 10:36:22,91.06,92.45,89.38,92.25,91.09,90.09,89.44,85.56,82.29,80.64,82.75,84.91,84.01,81.47,80.44,80.2,69.3,76.0,81.44,82.74,80.63,76.62,73.13,75.91,76.24,77.67,74.71,77.19,78.85,75.8,81.15,80.17,80.65,82.71,80.58,73.39,74.62,79.61,79.48,78.47,77.84,77.47,76.36,79.52,76.52,75.49,74.28,77.15,77.04,75.21,78.07,78.39,79.21,82.45,81.91,80.71,82.05,80.93,78.69,70.68
2026-03-04 10:36:23,91.3,92.77,89.72,92.28,91.26,90.27,89.27,85.73,82.56,80.79,82.68,84.74,84.12,81.55,80.4,80.26,70.15,76.44,81.6,82.58,80.51,77.07,73.63,76.38,75.85,77.79,75.02,77.49,78.9,76.09,81.15,80.17,80.92,82.88,80.78,73.69,75.35,79.93,79.73,78.76,78.4,77.85,76.71,79.69,76.9,75.81,74.52,77.4,76.92,75.74,78.49,78.49,79.18,82.22,81.58,80.7,81.81,80.45,78.83,71.79
2026-03-04 10:36:24,91.45,92.99,89.99,92.28,91.34,90.42,89.11,85.9,82.81,80.91,82.66,84.58,84.16,81.59,80.36,80.32,71.02,76.88,81.71,82.43,80.34,77.4,74.15,76.87,75.6,77.94,75.35,77.74,78.93,76.36,81.09,80.07,81.08,82.95,80.91,73.95,75.98,80.14,79.85,78.99,78.87,78.15,76.96,79.75,77.24,76.14,74.78,77.59,76.8,76.17,78.81,78.53,79.15,82.01,81.22,80.66,81.59,80.02,78.91,72.81
2026-03-04 10:36:25,91.54,93.13,90.13,92.16,91.27,90.47,88.88,85.94,82.97,80.96,82.56,84.35,84.07,81.55,80.28,80.32,71.82,77.24,81.77,82.24,80.08,77.65,74.63,77.3,75.4,78.06,75.64,77.9,78.92,76.58,80.96,79.85,81.1,82.86,80.91,74.18,76.49,80.22,79.88,79.14,79.2,78.32,77.08,79.73,77.52,76.46,75.07,77.75,76.68,76.54,79.05,78.53,79.1,81.81,80.88,80.62,81.38,79.57,78.9,73.7
2026-03-04 10:36:26,91.51,93.14,90.04,91.87,91.03,90.37,88.54,85.85,83.01,80.87,82.25,83.97,83.88,81.42,80.07,80.22,72.48,77.53,81.73,82.02,79.74,77.82,75.0,77.58,75.15,78.1,75.86,78.0,78.85,76.66,80.73,79.58,81.02,82.62,80.8,74.35,76.82,80.18,79.86,79.23,79.42,78.37,77.1,79.63,77.74,76.71,75.31,77.85,76.51,76.82,79.17,78.46,79.02,81.6,80.57,80.58,81.14,79.11,78.77,74.48
2026-03-04 10:36:27,91.35,92.95,89.81,91.46,90.66,90.13,88.11,85.66,82.97,80.73,81.87,83.54,83.62,81.25,79.81,80.05,73.09,77.74,81.58,81.73,79.38,77.91,75.23,77.76,74.86,78.08,75.98,78.03,78.71,76.68,80.42,79.27,80.86,82.23,80.64,74.48,77.01,80.05,79.76,79.23,79.5,78.33,77.04,79.48,77.91,76.89,75.47,77.84,76.29,76.96,79.12,78.3,78.85,81.33,80.2,80.44,80.79,78.61,78.57,75.15
2026-03-04 10:36:28,91.09,92.66,89.46,90.99,90.17,89.77,87.58,85.41,82.88,80.58,81.49,83.07,83.23,81.08,79.56,79.76,73.63,77.86,81.32,81.31,78.99,77.92,75.38,77.88,74.44,78.01,76.04,78.0,78.48,76.61,79.99,78.91,80.65,81.78,80.43,74.55,77.1,79.87,79.63,79.16,79.46,78.2,76.95,79.33,78.03,76.99,75.53,77.77,76.08,76.99,78.83,78.08,78.64,80.99,79.74,80.13,80.38,78.1,78.32,75.69
2026-03-04 10:36:29,90.76,92.28,89.02,90.46,89.57,89.28,86.97,85.1,82.75,80.42,81.11,82.57,82.72,80.9,79.3,79.36,74.12,77.92,80.98,80.79,78.57,77.86,75.48,77.94,73.92,77.91,76.05,77.91,78.18,76.47,79.46,78.51,80.4,81.28,80.18,74.56,77.09,79.65,79.46,79.04,79.33,78.02,76.85,79.16,78.11,77.02,75.51,77.65,75.86,76.93,78.35,77.81,78.39,80.6,79.2,79.7,79.94,77.59,78.03,76.11
2026-03-04 10:36:30,90.33,91.76,88.47,89.88,88.9,88.64,86.29,84.72,82.51,80.14,80.7,82.03,82.12,80.63,79.04,78.94,74.53,77.88,80.54,80.22,78.17,77.78,75.53,77.9,73.42,77.74,75.98,77.77,77.82,76.28,78.88,78.1,80.12,80.73,79.84,74.48,77.0,79.39,79.28,78.89,79.15,77.78,76.74,78.96,78.14,76.99,75.42,77.48,75.66,76.83,77.81,77.51,78.1,80.15,78.63,79.2,79.4,77.09,77.72,76.4
2026-03-04 10:36:31,89.76,91.13,87.85,89.22,88.19,87.86,85.55,84.29,82.18,79.78,80.27,81.45,81.49,80.32,78.76,78.55,74.82,77.71,80.02,79.61,77.75,77.64,75.49,77.73,72.98,77.57,75.89,77.61,77.43,76.05,78.3,77.66,79.76,80.1,79.34,74.23,76.82,79.1,79.05,78.66,78.87,77.49,76.61,78.71,78.06,76.88,75.3,77.28,75.48,76.71,77.26,77.17,77.79,79.67,78.06,78.7,78.86,76.63,77.4,76.52
2026-03-04 10:36:32,89.13,90.49,87.27,88.55,87.48,86.99,84.81,83.89,81.86,79.44,79.83,80.83,80.84,79.99,78.5,78.21,75.1,77.55,79.5,78.97,77.31,77.42,75.33,77.45,72.61,77.42,75.77,77.39,76.97,75.78,77.72,77.17,79.39,79.49,78.77,73.95,76.6,78.76,78.78,78.38,78.59,77.22,76.46,78.44,77.9,76.71,75.16,77.04,75.27,76.55,76.75,76.82,77.45,79.13,77.53,78.21,78.33,76.17,77.06,76.49
2026-03-04 10:36:33,88.44,89.85,86.74,87.91,86.79,86.09,84.09,83.53,81.55,79.11,79.4,80.17,80.16,79.65,78.28,77.94,75.38,77.42,78.97,78.29,76.87,77.16,75.09,77.12,72.32,77.3,75.66,77.09,76.45,75.45,77.11,76.61,79.02,78.91,78.2,73.68,76.36,78.37,78.48,78.12,78.34,76.96,76.3,78.16,77.7,76.51,75.03,76.75,75.05,76.41,76.28,76.49,77.09,78.56,77.03,77.71,77.8,75.7,76.71,76.35
2026-03-04 10:36:34,87.71,89.22,86.27,87.29,86.11,85.15,83.4,83.2,81.24,78.81,78.97,79.49,79.46,79.3,78.1,77.73,75.68,77.33,78.46,77.58,76.43,76.87,74.77,76.75,72.09,77.21,75.55,76.74,75.88,75.08,76.49,75.99,78.66,78.36,77.62,73.42,76.13,77.95,78.18,77.88,78.12,76.72,76.14,77.88,77.45,76.29,74.9,76.44,74.81,76.29,75.87,76.17,76.72,77.96,76.58,77.22,77.28,75.22,76.36,76.13
2026-03-04 10:36:35,86.95,88.61,85.86,86.7,85.46,84.21,82.72,82.9,80.95,78.53,78.55,78.8,78.76,78.95,77.95,77.57,75.98,77.27,77.95,76.86,75.99,76.54,74.39,76.34,71.92,77.13,75.45,76.33,75.27,74.68,75.87,75.32,78.31,77.85,77.06,73.17,75.88,77.5,77.87,77.66,77.93,76.5,75.97,77.59,77.18,76.05,74.77,76.1,74.57,76.17,75.5,75.88,76.33,77.35,76.16,76.74,76.76,74.75,76.01,75.84
2026-03-04 10:36:36,86.17,88.01,85.49,86.14,84.84,83.26,82.08,82.63,80.68,78.26,78.15,78.11,78.06,78.61,77.84,77.46,76.29,77.24,77.46,76.12,75.57,76.2,73.96,75.92,71.8,77.08,75.36,75.88,74.62,74.25,75.25,74.63,77.98,77.37,76.5,72.93,75.64,77.03,77.56,77.46,77.76,76.3,75.79,77.3,76.87,75.8,74.65,75.75,74.31,76.06,75.17,75.6,75.94,76.74,75.79,76.26,76.27,74.28,75.66,75.5
2026-03-04 10:36:37,85.38,87.44,85.18,85.61,84.25,82.32,81.47,82.4,80.41,78.02,77.76,77.43,77.37,78.26,77.75,77.39,76.59,77.23,76.99,75.39,75.15,75.83,73.49,75.48,71.73,77.04,75.28,75.4,73.96,73.8,74.64,73.92,77.66,76.93,75.95,72.71,75.41,76.55,77.25,77.27,77.62,76.12,75.62,77.02,76.55,75.54,74.54,75.38,74.06,75.97,74.89,75.35,75.54,76.12,75.45,75.8,75.78,73.82,75.33,75.1
2026-03-04 10:36:38,84.6,86.89,84.9,85.12,83.69,81.4,80.9,82.2,80.17,77.8,77.38,76.75,76.69,77.93,77.68,77.36,76.89,77.24,76.53,74.66,74.76,75.46,72.99,75.03,71.7,77.02,75.2,74.9,73.3,73.35,74.04,73.2,77.35,76.53,75.42,72.5,75.17,76.06,76.93,77.1,77.5,75.95,75.44,76.74,76.21,75.28,74.43,75.01,73.8,75.89,74.64,75.11,75.15,75.51,75.16,75.36,75.32,73.37,75.0,74.67
2026-03-04 10:36:39,83.82,86.37,84.67,84.66,83.16,80.5,80.35,82.02,79.94,77.6,77.02,76.09,76.03,77.6,77.64,77.36,77.18,77.27,76.1,73.95,74.37,75.09,72.47,74.57,71.71,77.02,75.12,74.39,72.62,72.89,73.46,72.47,77.07,76.15,74.92,72.3,74.95,75.57,76.63,76.95,77.39,75.8,75.27,76.46,75.86,75.02,74.33,74.63,73.54,75.81,74.43,74.9,74.76,74.91,74.89,74.93,74.88,72.94,74.68,74.21
2026-03-04 10:36:40,83.06,85.87,84.47,84.23,82.67,79.63,79.85,81.87,79.72,77.41,76.69,75.45,75.4,77.29,77.62,77.39,77.46,77.32,75.69,73.25,74.01,74.71,71.94,74.12,71.74,77.02,75.06,73.87,71.96,72.43,72.9,71.76,76.8,75.82,74.43,72.11,74.73,75.09,76.33,76.82,77.31,75.67,75.1,76.2,75.51,74.75,74.23,74.26,73.29,75.75,74.25,74.7,74.38,74.33,74.66,74.53,74.47,72.52,74.38,73.73
2026-03-04 10:36:41,82.31,85.41,84.31,83.84,82.21,78.79,79.38,81.74,79.53,77.25,76.37,74.84,74.78,76.99,77.61,77.45,77.73,77.37,75.3,72.58,73.67,74.34,71.4,73.67,71.81,77.04,75.0,73.36,71.3,71.97,72.36,71.05,76.55,75.51,73.98,71.94,74.52,74.61,76.05,76.7,77.24,75.55,74.93,75.95,75.16,74.49,74.14,73.89,73.05,75.69,74.1,74.52,74.02,73.77,74.45,74.14,74.07,72.13,74.09,73.24
2026-03-04 10:36:42,81.6,84.97,84.18,83.48,81.78,77.99,78.94,81.63,79.34,77.1,76.07,74.25,74.2,76.7,77.62,77.52,77.99,77.44,74.94,71.94,73.34,73.97,70.86,73.23,71.89,77.06,74.94,72.84,70.67,71.52,71.85,70.36,76.32,75.24,73.54,71.79,74.32,74.15,75.77,76.59,77.19,75.44,74.77,75.71,74.81,74.24,74.06,73.53,72.81,75.65,73.97,74.36,73.66,73.22,74.28,73.78,73.71,71.75,73.81,72.74
2026-03-04 10:36:43,80.91,84.56,84.07,83.15,81.39,77.23,78.54,81.54,79.18,76.97,75.8,73.69,73.65,76.43,77.64,77.62,78.24,77.52,74.61,71.32,73.04,73.61,70.33,72.8,72.0,77.1,74.89,72.34,70.05,71.09,71.37,69.7,76.1,74.99,73.13,71.64,74.12,73.7,75.51,76.5,77.15,75.35,74.62,75.48,74.47,73.99,73.98,73.18,72.59,75.6,73.87,74.21,73.33,72.71,74.13,73.44,73.36,71.4,73.55,72.24
2026-03-04 10:36:44,80.25,84.18,84.0,82.85,81.03,76.51,78.17,81.47,79.02,76.85,75.54,73.16,73.13,76.17,77.67,77.72,78.48,77.6,74.29,70.74,72.75,73.27,69.81,72.39,72.12,77.13,74.85,71.84,69.45,70.67,70.91,69.05,75.9,74.77,72.75,71.51,73.94,73.27,75.26,76.41,77.12,75.27,74.47,75.26,74.14,73.75,73.91,72.85,72.37,75.57,73.8,74.08,73.0,72.22,74.0,73.13,73.04,71.06,73.31,71.75
2026-03-04 10:36:45,79.66,83.85,83.93,82.57,80.66,75.85,77.82,81.4,78.87,76.74,75.31,72.67,72.66,75.93,77.69,77.83,78.7,77.7,74.04,70.22,72.52,72.96,69.34,72.04,72.26,77.16,74.81,71.4,68.94,70.32,70.53,68.5,75.75,74.6,72.44,71.43,73.81,72.9,75.05,76.36,77.15,75.25,74.38,75.09,73.86,73.57,73.87,72.56,72.22,75.59,73.78,73.99,72.73,71.79,73.94,72.88,72.79,70.79,73.11,71.32
2026-03-04 10:36:46,79.19,83.55,83.79,82.29,80.32,75.32,77.5,81.32,78.7,76.65,75.11,72.24,72.28,75.69,77.67,77.9,78.81,77.8,73.88,69.84,72.38,72.77,69.02,71.79,72.43,77.18,74.82,71.06,68.64,70.15,70.29,68.16,75.69,74.5,72.23,71.44,73.78,72.67,74.91,76.37,77.26,75.34,74.38,75.02,73.75,73.54,73.87,72.43,72.22,75.73,73.9,74.01,72.58,71.51,73.99,72.74,72.66,70.66,73.02,71.09
2026-03-04 10:36:47,78.8,83.3,83.62,82.01,80.02,74.89,77.21,81.23,78.52,76.58,74.94,71.84,71.98,75.48,77.62,77.93,78.79,77.85,73.73,69.55,72.31,72.65,68.82,71.57,72.59,77.17,74.82,70.78,68.49,70.1,70.18,67.94,75.61,74.42,72.1,71.49,73.75,72.51,74.76,76.39,77.38,75.44,74.42,75.01,73.71,73.6,73.94,72.33,72.28,75.86,74.03,74.07,72.52,71.31,74.12,72.69,72.64,70.64,73.0,70.97
2026-03-04 10:36:48,78.42,83.01,83.45,81.7,79.73,74.54,76.95,81.1,78.35,76.51,74.78,71.5,71.72,75.3,77.57,77.91,78.74,77.9,73.62,69.38,72.31,72.53,68.67,71.36,72.71,77.09,74.72,70.49,68.42,70.1,70.09,67.79,75.46,74.33,72.02,71.6,73.75,72.39,74.65,76.4,77.42,75.54,74.52,75.04,73.72,73.66,74.01,72.25,72.3,75.95,74.13,74.14,72.5,71.22,74.33,72.71,72.68,70.66,72.95,70.88
2026-03-04 10:36:49,78.04,82.68,83.29,81.33,79.44,74.27,76.73,80.94,78.18,76.44,74.6,71.21,71.51,75.15,77.51,77.87,78.67,77.96,73.59,69.35,72.37,72.43,68.56,71.18,72.81,76.95,74.5,70.17,68.4,70.12,69.99,67.69,75.23,74.23,71.97,71.77,73.78,72.3,74.59,76.41,77.37,75.65,74.7,75.15,73.78,73.69,74.06,72.2,72.27,75.97,74.2,74.21,72.5,71.24,74.6,72.78,72.77,70.74,72.86,70.79
2026-03-04 10:36:50,77.67,82.31,83.14,80.92,79.17,74.09,76.54,80.75,78.02,76.38,74.41,70.95,71.32,75.02,77.46,77.8,78.59,78.03,73.64,69.44,72.49,72.34,68.48,71.03,72.87,76.78,74.19,69.82,68.43,70.16,69.88,67.64,74.93,74.13,71.96,72.01,73.83,72.23,74.58,76.42,77.23,75.78,74.94,75.3,73.9,73.72,74.09,72.16,72.2,75.94,74.24,74.3,72.53,71.35,74.94,72.89,72.89,70.86,72.74,70.7
2026-03-04 10:36:51,77.31,81.9,82.98,80.47,78.92,73.98,76.39,80.54,77.86,76.31,74.21,70.72,71.16,74.91,77.4,77.71,78.5,78.11,73.74,69.63,72.65,72.26,68.44,70.9,72.92,76.56,73.8,69.45,68.49,70.22,69.76,67.63,74.59,74.03,71.98,72.28,73.91,72.19,74.61,76.44,77.03,75.91,75.22,75.51,74.06,73.72,74.1,72.15,72.09,75.86,74.26,74.39,72.59,71.54,75.32,73.03,73.04,71.03,72.6,70.61
2026-03-04 10:36:52,76.99,81.5,82.82,80.02,78.68,73.92,76.26,80.31,77.68,76.23,73.98,70.51,71.02,74.82,77.3,77.57,78.38,78.16,73.86,69.89,72.83,72.16,68.4,70.79,72.91,76.31,73.37,69.1,68.57,70.29,69.66,67.64,74.22,73.89,72.03,72.6,74.0,72.16,74.66,76.46,76.76,76.04,75.52,75.71,74.23,73.72,74.12,72.17,71.97,75.75,74.29,74.48,72.65,71.8,75.74,73.22,73.23,71.21,72.44,70.55
2026-03-04 10:36:53,76.79,81.16,82.64,79.63,78.47,73.87,76.15,80.09,77.43,76.11,73.69,70.25,70.87,74.71,77.09,77.37,78.22,78.09,73.94,70.15,72.98,71.99,68.31,70.66,72.8,75.99,72.98,68.84,68.64,70.35,69.6,67.65,73.88,73.66,72.13,72.94,74.09,72.15,74.71,76.49,76.44,76.18,75.81,75.86,74.34,73.7,74.15,72.22,71.88,75.65,74.36,74.59,72.72,72.11,76.17,73.46,73.44,71.37,72.33,70.57
2026-03-04 10:36:54,76.7,80.9,82.42,79.3,78.31,73.83,76.06,79.87,77.14,75.95,73.35,69.96,70.71,74.59,76.77,77.09,78.03,77.93,73.98,70.42,73.09,71.76,68.18,70.52,72.59,75.63,72.63,68.65,68.7,70.42,69.59,67.65,73.56,73.34,72.28,73.3,74.18,72.14,74.74,76.52,76.06,76.32,76.08,75.93,74.4,73.67,74.2,72.29,71.81,75.57,74.48,74.71,72.79,72.44,76.61,73.74,73.68,71.52,72.24,70.67
2026-03-04 10:36:55,76.71,80.69,82.19,79.02,78.17,73.8,75.99,79.66,76.8,75.75,72.97,69.63,70.55,74.47,76.36,76.75,77.8,77.67,73.97,70.69,73.18,71.47,68.01,70.36,72.29,75.22,72.31,68.53,68.75,70.48,69.6,67.64,73.26,72.96,72.46,73.67,74.27,72.14,74.78,76.55,75.65,76.46,76.33,75.96,74.41,73.64,74.27,72.39,71.77,75.5,74.64,74.85,72.85,72.81,77.06,74.07,73.94,71.66,72.19,70.83
2026-03-04 10:36:56,76.8,80.53,81.94,78.78,78.06,73.78,75.94,79.46,76.43,75.53,72.55,69.28,70.38,74.33,75.88,76.37,77.55,77.33,73.94,70.95,73.25,71.14,67.81,70.19,71.93,74.78,72.03,68.48,68.79,70.53,69.65,67.63,73.0,72.52,72.68,74.05,74.36,72.15,74.8,76.59,75.2,76.59,76.57,75.93,74.38,73.6,74.35,72.51,71.74,75.43,74.84,74.99,72.92,73.19,77.51,74.43,74.22,71.78,72.16,71.04
2026-03-04 10:36:57,76.96,80.42,81.68,78.6,77.98,73.77,75.91,79.26,76.03,75.29,72.1,68.92,70.21,74.19,75.34,75.95,77.29,76.94,73.88,71.21,73.29,70.78,67.58,70.02,71.51,74.32,71.78,68.48,68.81,70.59,69.73,67.62,72.75,72.03,72.92,74.43,74.45,72.16,74.82,76.63,74.74,76.73,76.78,75.86,74.32,73.56,74.45,72.65,71.74,75.38,75.05,75.13,72.98,73.58,77.95,74.81,74.5,71.88,72.16,71.3
2026-03-04 10:36:58,77.19,80.35,81.41,78.45,77.92,73.76,75.88,79.07,75.61,75.03,71.64,68.55,70.04,74.05,74.75,75.5,77.01,76.49,73.79,71.46,73.32,70.39,67.34,69.84,71.05,73.85,71.56,68.53,68.83,70.64,69.83,67.6,72.53,71.51,73.18,74.8,74.53,72.18,74.83,76.67,74.26,76.86,76.98,75.76,74.22,73.51,74.55,72.79,71.75,75.33,75.29,75.27,73.04,73.99,78.38,75.21,74.8,71.97,72.18,71.59
2026-03-04 10:36:59,77.46,80.32,81.14,78.34,77.89,73.76,75.87,78.89,75.18,74.77,71.17,68.17,69.87,73.91,74.13,75.04,76.72,76.01,73.68,71.71,73.32,69.99,67.08,69.67,70.55,73.36,71.38,68.62,68.85,70.69,69.94,67.59,72.34,70.97,73.45,75.18,74.6,72.2,74.84,76.71,73.77,76.98,77.16,75.62,74.1,73.46,74.65,72.95,71.78,75.29,75.55,75.42,73.1,74.39,78.8,75.62,75.09,72.05,72.21,71.91
2026-03-04 10:37:00,77.78,80.34,80.89,78.27,77.89,73.79,75.88,78.74,74.76,74.51,70.71,67.81,69.71,73.78,73.51,74.57,76.44,75.51,73.57,71.94,73.32,69.57,66.83,69.5,70.05,72.89,71.22,68.75,68.86,70.74,70.07,67.57,72.16,70.42,73.73,75.54,74.69,72.23,74.85,76.75,73.29,77.11,77.33,75.48,73.97,73.42,74.76,73.12,71.82,75.26,75.81,75.57,73.17,74.8,79.21,76.03,75.39,72.13,72.26,72.25
2026-03-04 10:37:01,78.24,80.55,80.82,78.4,78.08,74.0,76.09,78.77,74.53,74.41,70.47,67.62,69.71,73.76,73.01,74.21,76.23,75.09,73.52,72.2,73.39,69.25,66.69,69.42,69.68,72.52,71.19,69.0,68.99,70.85,70.17,67.62,72.05,69.95,73.99,75.9,74.82,72.34,74.91,76.8,72.92,77.24,77.51,75.4,73.91,73.43,74.9,73.32,71.9,75.23,76.04,75.75,73.32,75.24,79.57,76.46,75.71,72.24,72.32,72.61
2026-03-04 10:37:02,78.88,80.99,80.98,78.72,78.49,74.47,76.51,79.02,74.55,74.51,70.49,67.69,69.9,73.88,72.68,73.98,76.11,74.75,73.56,72.5,73.57,69.1,66.71,69.48,69.51,72.35,71.3,69.36,69.2,70.97,70.36,67.81,72.02,69.61,74.26,76.23,75.01,72.53,75.04,76.86,72.71,77.4,77.69,75.43,73.95,73.51,75.13,73.62,72.07,75.25,76.31,75.98,73.55,75.69,79.9,76.91,76.05,72.37,72.43,73.02
2026-03-04 10:37:03,79.67,81.63,81.36,79.24,79.11,75.17,77.09,79.45,74.79,74.76,70.71,68.04,70.32,74.15,72.56,73.86,76.14,74.55,73.71,72.89,73.83,69.06,66.88,69.65,69.47,72.27,71.49,69.75,69.48,71.12,70.62,68.13,72.08,69.45,74.57,76.51,75.21,72.81,75.26,76.94,72.6,77.54,77.86,75.54,74.08,73.65,75.39,73.96,72.3,75.33,76.61,76.23,73.8,76.12,80.18,77.37,76.42,72.53,72.59,73.44
2026-03-04 10:37:04,80.58,82.43,81.88,79.89,79.86,76.06,77.81,80.06,75.27,75.18,71.12,68.61,70.92,74.6,72.67,73.91,76.32,74.51,73.98,73.35,74.13,69.15,67.19,69.94,69.54,72.28,71.72,70.21,69.86,71.39,70.97,68.56,72.23,69.44,74.92,76.78,75.4,73.14,75.52,77.08,72.62,77.73,78.02,75.69,74.27,73.82,75.62,74.31,72.6,75.47,76.91,76.49,74.08,76.48,80.37,77.8,76.81,72.72,72.76,73.85
2026-03-04 10:37:05,81.52,83.26,82.41,80.6,80.66,77.04,78.6,80.77,75.9,75.7,71.65,69.27,71.62,75.15,72.93,74.08,76.58,74.59,74.3,73.83,74.46,69.39,67.66,70.32,69.66,72.37,71.98,70.71,70.33,71.75,71.39,69.03,72.45,69.55,75.29,77.07,75.59,73.42,75.76,77.22,72.7,77.93,78.17,75.88,74.45,73.88,75.82,74.69,72.94,75.59,77.12,76.73,74.38,76.79,80.52,78.21,77.19,72.93,72.97,74.28
2026-03-04 10:37:06,82.4,83.97,82.91,81.32,81.42,77.96,79.43,81.47,76.53,76.22,72.17,69.91,72.32,75.65,73.24,74.26,76.73,74.71,74.59,74.19,74.77,69.7,68.21,70.75,69.81,72.46,72.17,71.16,70.82,72.09,71.8,69.45,72.72,69.69,75.66,77.31,75.78,73.69,76.01,77.3,72.8,78.12,78.27,76.08,74.62,73.91,76.01,75.01,73.14,75.59,77.24,76.84,74.69,77.1,80.63,78.59,77.52,73.15,73.16,74.71
2026-03-04 10:37:07,83.23,84.55,83.4,82.04,82.11,78.76,80.27,82.16,77.1,76.69,72.69,70.51,73.03,76.03,73.56,74.44,76.73,74.86,74.87,74.46,75.05,70.02,68.8,71.21,70.03,72.56,72.26,71.55,71.32,72.35,72.17,69.8,73.01,69.83,76.02,77.49,75.98,74.01,76.27,77.32,72.9,78.3,78.32,76.28,74.78,73.95,76.18,75.25,73.14,75.48,77.26,76.8,74.99,77.4,80.72,78.93,77.83,73.38,73.32,75.11
2026-03-04 10:37:08,84.0,85.0,83.86,82.76,82.72,79.43,81.12,82.83,77.63,77.12,73.21,71.07,73.73,76.31,73.9,74.61,76.6,75.01,75.14,74.62,75.3,70.36,69.41,71.69,70.31,72.66,72.27,71.89,71.81,72.53,72.5,70.07,73.34,69.98,76.36,77.63,76.19,74.36,76.55,77.31,73.02,78.47,78.32,76.5,74.95,73.99,76.35,75.43,72.98,75.27,77.2,76.62,75.28,77.7,80.79,79.25,78.11,73.62,73.46,75.5
2026-03-04 10:37:09,84.73,85.39,84.32,83.49,83.31,80.06,81.99,83.47,78.16,77.55,73.76,71.64,74.45,76.56,74.27,74.8,76.43,75.18,75.38,74.75,75.54,70.72,70.03,72.19,70.65,72.77,72.25,72.22,72.32,72.71,72.82,70.32,73.7,70.18,76.69,77.73,76.41,74.72,76.83,77.28,73.15,78.64,78.32,76.75,75.14,74.08,76.54,75.6,72.78,75.03,77.11,76.41,75.6,78.0,80.86,79.51,78.33,73.86,73.59,75.86
2026-03-04 10:37:10,85.43,85.81,84.84,84.29,83.97,80.8,82.88,84.09,78.78,78.12,74.46,72.36,75.21,76.91,74.75,75.13,76.42,75.41,75.65,74.95,75.83,71.17,70.66,72.69,71.04,72.92,72.31,72.57,72.82,72.88,73.15,70.6,74.05,70.46,77.0,77.87,76.61,75.05,77.1,77.29,73.31,78.82,78.36,77.03,75.4,74.26,76.81,75.83,72.7,74.88,77.07,76.25,75.95,78.29,80.95,79.7,78.49,74.09,73.71,76.18
2026-03-04 10:37:11,86.13,86.3,85.42,85.14,84.67,81.62,83.78,84.72,79.48,78.77,75.27,73.13,76.01,77.33,75.33,75.58,76.53,75.69,75.97,75.21,76.16,71.65,71.27,73.14,71.43,73.06,72.43,72.95,73.27,73.02,73.47,70.94,74.38,70.8,77.3,78.02,76.77,75.26,77.32,77.29,73.44,78.93,78.39,77.31,75.65,74.52,77.11,76.09,72.71,74.81,77.08,76.15,76.31,78.61,81.05,79.84,78.6,74.28,73.79,76.46
2026-03-04 10:37:12,86.8,86.85,86.06,85.98,85.38,82.44,84.66,85.37,80.22,79.47,76.07,73.82,76.8,77.81,75.95,76.09,76.71,75.94,76.32,75.54,76.49,72.15,71.89,73.56,71.81,73.25,72.61,73.32,73.72,73.19,73.78,71.33,74.72,71.19,77.58,78.15,76.85,75.36,77.47,77.25,73.52,78.93,78.42,77.59,75.95,74.83,77.4,76.33,72.76,74.79,77.12,76.12,76.68,78.92,81.1,79.94,78.7,74.47,73.9,76.7
2026-03-04 10:37:13,87.43,87.45,86.74,86.79,86.08,83.27,85.51,86.0,80.94,80.18,76.86,74.44,77.56,78.32,76.62,76.61,76.93,76.18,76.69,75.9,76.78,72.67,72.52,73.88,72.2,73.5,72.86,73.63,74.13,73.36,74.1,71.78,75.06,71.63,77.87,78.27,76.93,75.47,77.62,77.16,73.55,78.82,78.47,77.91,76.27,75.17,77.67,76.53,72.85,74.83,77.21,76.14,77.02,79.18,81.05,80.02,78.83,74.71,74.07,76.93
2026-03-04 10:37:14,88.03,88.08,87.44,87.57,86.77,84.12,86.34,86.59,81.64,80.89,77.62,75.0,78.3,78.86,77.3,77.15,77.2,76.43,77.08,76.27,77.02,73.21,73.13,74.12,72.61,73.8,73.16,73.88,74.51,73.54,74.42,72.28,75.43,72.11,78.17,78.4,77.03,75.6,77.77,77.03,73.54,78.61,78.55,78.25,76.62,75.54,77.92,76.71,72.99,74.94,77.33,76.22,77.33,79.36,80.91,80.07,78.99,75.02,74.3,77.17
2026-03-04 10:37:15,88.63,88.76,88.18,88.35,87.47,84.96,87.1,87.14,82.36,81.64,78.42,75.6,79.04,79.39,77.96,77.71,77.52,76.74,77.52,76.69,77.28,73.75,73.75,74.38,73.04,74.11,73.46,74.09,74.89,73.74,74.75,72.8,75.83,72.66,78.49,78.56,77.17,75.74,77.94,76.91,73.54,78.35,78.63,78.57,76.99,75.91,78.12,76.88,73.19,75.11,77.49,76.38,77.66,79.5,80.76,80.13,79.15,75.36,74.61,77.43
2026-03-04 10:37:16,89.22,89.47,88.92,89.08,88.15,85.74,87.8,87.64,83.08,82.37,79.19,76.22,79.76,79.92,78.6,78.26,77.83,77.06,78.0,77.16,77.57,74.3,74.38,74.71,73.52,74.46,73.78,74.35,75.27,73.97,75.07,73.34,76.25,73.26,78.87,78.78,77.36,75.92,78.16,76.85,73.59,78.12,78.73,78.87,77.36,76.27,78.32,77.1,73.48,75.31,77.68,76.61,77.99,79.58,80.63,80.2,79.31,75.73,74.98,77.73
2026-03-04 10:37:17,89.81,90.21,89.66,89.79,88.81,86.51,88.49,88.09,83.84,83.06,79.92,76.89,80.49,80.47,79.27,78.75,78.2,77.44,78.47,77.67,77.88,74.85,75.06,75.09,74.06,74.9,74.06,74.69,75.69,74.23,75.33,73.91,76.71,73.87,79.25,79.06,77.62,76.16,78.44,76.87,73.69,77.93,78.87,79.19,77.77,76.65,78.52,77.34,73.84,75.56,77.91,76.86,78.26,79.58,80.51,80.31,79.53,76.18,75.42,78.05
2026-03-04 10:37:18,90.41,90.98,90.39,90.49,89.45,87.32,89.19,88.49,84.63,83.69,80.63,77.6,81.22,81.04,79.99,79.16,78.64,77.86,78.92,78.21,78.2,75.4,75.8,75.53,74.64,75.4,74.29,75.1,76.16,74.54,75.52,74.51,77.22,74.5,79.62,79.4,77.96,76.46,78.78,76.96,73.81,77.75,79.07,79.53,78.21,77.08,78.71,77.56,74.24,75.85,78.16,77.11,78.46,79.51,80.36,80.44,79.79,76.72,75.93,78.34
2026-03-04 10:37:19,91.0,91.76,91.09,91.16,90.08,88.14,89.89,88.83,85.43,84.26,81.3,78.35,81.94,81.61,80.72,79.5,79.14,78.32,79.33,78.76,78.52,75.94,76.59,76.01,75.25,75.97,74.45,75.57,76.66,74.88,75.64,75.13,77.77,75.15,79.98,79.79,78.36,76.8,79.15,77.11,73.95,77.6,79.3,79.89,78.67,77.53,78.88,77.77,74.68,76.16,78.42,77.35,78.59,79.38,80.2,80.59,80.07,77.33,76.48,78.61
2026-03-04 10:37:20,91.58,92.55,91.77,91.8,90.69,88.96,90.58,89.12,86.24,84.77,81.94,79.11,82.64,82.18,81.48,79.77,79.7,78.8,79.71,79.31,78.84,76.46,77.41,76.52,75.89,76.58,74.56,76.08,77.18,75.24,75.71,75.76,78.34,75.8,80.32,80.21,78.81,77.19,79.56,77.31,74.11,77.46,79.57,80.25,79.15,78.0,79.04,77.96,75.14,76.49,78.7,77.58,78.67,79.2,80.03,80.76,80.37,77.98,77.07,78.86
2026-03-04 10:37:21,92.11,93.3,92.4,92.4,91.26,89.76,91.22,89.36,87.01,85.22,82.55,79.87,83.28,82.71,82.2,79.97,80.24,79.27,80.03,79.84,79.12,76.95,78.21,77.01,76.44,77.18,74.63,76.58,77.7,75.61,75.71,76.36,78.89,76.41,80.63,80.63,79.27,77.57,79.91,77.53,74.28,77.32,79.82,80.58,79.61,78.44,79.18,78.15,75.62,76.84,78.97,77.78,78.7,78.99,79.84,80.89,80.63,78.62,77.66,79.08
2026-03-04 10:37:22,92.44,93.88,92.92,92.86,91.75,90.4,91.71,89.5,87.62,85.47,83.05,80.54,83.71,83.11,82.8,80.09,80.65,79.65,80.25,80.22,79.33,77.37,78.9,77.42,76.8,77.64,74.69,77.0,78.13,75.93,75.67,76.89,79.36,76.91,80.84,80.91,79.6,77.9,80.17,77.68,74.44,77.14,80.0,80.8,79.97,78.81,79.28,78.34,76.07,77.15,79.19,77.91,78.62,78.8,79.65,80.89,80.77,79.11,78.21,79.31
2026-03-04 10:37:23,92.47,94.25,93.34,93.24,92.13,90.84,92.03,89.55,88.08,85.55,83.42,81.11,83.98,83.38,83.27,80.14,80.94,79.93,80.36,80.49,79.45,77.69,79.51,77.76,76.99,77.99,74.74,77.34,78.4,76.2,75.59,77.32,79.73,77.3,80.94,80.96,79.8,78.17,80.39,77.83,74.63,76.98,80.12,80.93,80.24,79.13,79.39,78.53,76.43,77.34,79.34,77.97,78.55,78.66,79.45,80.81,80.82,79.39,78.69,79.55
2026-03-04 10:37:24,92.22,94.44,93.66,93.55,92.43,91.1,92.18,89.52,88.4,85.48,83.68,81.59,84.11,83.51,83.64,80.14,81.14,80.14,80.37,80.67,79.49,77.93,80.05,78.03,77.02,78.26,74.79,77.62,78.52,76.42,75.49,77.68,80.02,77.6,80.95,80.8,79.88,78.4,80.59,78.0,74.85,76.86,80.17,81.0,80.43,79.42,79.49,78.71,76.72,77.4,79.43,77.96,78.51,78.56,79.24,80.67,80.81,79.48,79.11,79.8
2026-03-04 10:37:25,91.73,94.47,93.91,93.8,92.64,91.21,92.2,89.41,88.59,85.29,83.84,82.0,84.11,83.55,83.91,80.1,81.25,80.27,80.3,80.77,79.46,78.09,80.51,78.24,76.93,78.45,74.84,77.83,78.52,76.58,75.37,77.96,80.24,77.82,80.87,80.46,79.88,78.58,80.77,78.17,75.09,76.76,80.18,81.0,80.55,79.67,79.6,78.89,76.93,77.37,79.45,77.9,78.48,78.49,79.04,80.47,80.73,79.41,79.48,80.05
2026-03-04 10:37:26,91.04,94.35,94.07,94.0,92.78,91.17,92.1,89.25,88.67,84.99,83.9,82.33,84.0,83.48,84.09,80.02,81.29,80.34,80.16,80.8,79.36,78.18,80.91,78.4,76.72,78.57,74.89,77.99,78.4,76.7,75.24,78.19,80.4,77.96,80.71,79.96,79.78,78.71,80.92,78.35,75.35,76.68,80.15,80.94,80.61,79.88,79.7,79.06,77.07,77.25,79.42,77.78,78.47,78.47,78.83,80.22,80.6,79.2,79.78,80.31
2026-03-04 10:37:27,90.17,94.12,94.18,94.15,92.86,91.01,91.9,89.04,88.66,84.6,83.89,82.59,83.8,83.34,84.19,79.9,81.26,80.35,79.96,80.77,79.21,78.21,81.26,78.51,76.41,78.62,74.93,78.09,78.2,76.79,75.1,78.35,80.49,78.03,80.49,79.34,79.62,78.81,81.06,78.53,75.62,76.63,80.08,80.84,80.62,80.07,79.81,79.22,77.15,77.05,79.34,77.62,78.48,78.47,78.62,79.94,80.43,78.87,80.04,80.57
2026-03-04 10:37:28,89.17,93.78,94.22,94.25,92.89,90.75,91.62,88.78,88.56,84.14,83.82,82.79,83.52,83.13,84.23,79.76,81.18,80.31,79.71,80.68,79.02,78.19,81.54,78.59,76.02,78.63,74.98,78.15,77.91,76.84,74.95,78.46,80.54,78.05,80.23,78.61,79.39,78.88,81.17,78.71,75.89,76.6,79.97,80.7,80.58,80.23,79.91,79.38,77.18,76.79,79.23,77.43,78.49,78.5,78.42,79.62,80.22,78.44,80.26,80.82
2026-03-04 10:37:29,88.07,93.36,94.22,94.32,92.87,90.41,91.26,88.49,88.4,83.61,83.68,82.94,83.18,82.86,84.2,79.6,81.04,80.22,79.42,80.55,78.8,78.12,81.78,78.62,75.57,78.58,75.01,78.17,77.56,76.86,74.79,78.53,80.54,78.02,79.92,77.8,79.11,78.91,81.27,78.89,76.18,76.59,79.84,80.53,80.5,80.36,80.01,79.52,77.17,76.48,79.08,77.21,78.52,78.55,78.22,79.29,79.98,77.92,80.43,81.07
2026-03-04 10:37:30,86.87,92.87,94.17,94.35,92.8,89.99,90.84,88.18,88.17,83.04,83.5,83.04,82.78,82.55,84.13,79.42,80.87,80.11,79.09,80.38,78.54,78.01,81.97,78.62,75.07,78.5,75.05,78.15,77.16,76.85,74.63,78.55,80.5,77.95,79.58,76.92,78.8,78.93,81.35,79.06,76.46,76.59,79.69,80.33,80.39,80.47,80.11,79.66,77.12,76.12,78.91,76.97,78.56,78.63,78.03,78.93,79.72,77.35,80.57,81.32
2026-03-04 10:37:31,85.62,92.32,94.09,94.35,92.7,89.52,90.37,87.84,87.9,82.44,83.28,83.1,82.34,82.2,84.01,79.22,80.66,79.96,78.74,80.18,78.27,77.88,82.12,78.6,74.52,78.38,75.08,78.11,76.71,76.82,74.47,78.54,80.43,77.84,79.21,76.0,78.45,78.91,81.42,79.23,76.74,76.6,79.52,80.11,80.24,80.55,80.2,79.79,77.03,75.73,78.72,76.72,78.6,78.71,77.85,78.57,79.44,76.71,80.67,81.55
2026-03-04 10:37:32,84.33,91.73,93.98,94.33,92.57,89.0,89.87,87.49,87.58,81.81,83.02,83.12,81.87,81.82,83.85,79.02,80.43,79.79,78.37,79.95,77.97,77.71,82.23,78.55,73.94,78.24,75.11,78.04,76.23,76.77,74.31,78.5,80.33,77.69,78.82,75.04,78.07,78.88,81.47,79.4,77.01,76.63,79.34,79.88,80.08,80.62,80.29,79.91,76.92,75.32,78.5,76.45,78.65,78.81,77.67,78.2,79.15,76.04,80.74,81.78
2026-03-04 10:37:33,83.01,91.11,93.83,94.28,92.41,88.45,89.35,87.14,87.24,81.17,82.74,83.11,81.38,81.42,83.67,78.81,80.18,79.6,77.99,79.7,77.67,77.52,82.31,78.48,73.35,78.07,75.14,77.95,75.73,76.7,74.15,78.43,80.21,77.53,78.42,74.07,77.68,78.84,81.51,79.56,77.28,76.67,79.15,79.63,79.89,80.66,80.37,80.02,76.78,74.89,78.28,76.17,78.7,78.92,77.5,77.83,78.85,75.35,80.78,81.99
2026-03-04 10:37:34,81.69,90.47,93.67,94.21,92.24,87.88,88.8,86.78,86.87,80.52,82.44,83.07,80.87,81.0,83.46,78.59,79.91,79.4,77.6,79.44,77.36,77.32,82.36,78.39,72.74,77.89,75.17,77.84,75.21,76.62,74.0,78.34,80.07,77.34,78.02,73.09,77.28,78.78,81.54,79.71,77.54,76.71,78.96,79.38,79.69,80.7,80.45,80.13,76.63,74.45,78.05,75.89,78.76,79.04,77.34,77.46,78.55,74.63,80.81,82.2
2026-03-04 10:37:35,80.38,89.82,93.49,94.13,92.05,87.29,88.25,86.42,86.48,79.87,82.13,83.0,80.35,80.58,83.23,78.38,79.63,79.18,77.21,79.17,77.04,77.11,82.38,78.29,72.13,77.69,75.19,77.72,74.68,76.53,73.85,78.24,79.91,77.14,77.61,72.11,76.87,78.71,81.56,79.85,77.79,76.76,78.76,79.12,79.49,80.71,80.53,80.22,76.46,74.01,77.82,75.61,78.82,79.16,77.2,77.1,78.25,73.91,80.81,82.39
2026-03-04 10:37:36,79.08,89.16,93.3,94.04,91.85,86.69,87.69,86.06,86.09,79.23,81.8,82.92,79.83,80.15,82.99,78.16,79.34,78.96,76.82,78.89,76.73,76.88,82.38,78.18,71.52,77.48,75.21,77.59,74.15,76.44,73.7,78.12,79.74,76.93,77.21,71.15,76.46,78.63,81.57,79.99,78.04,76.81,78.55,78.86,79.27,80.72,80.6,80.3,76.28,73.56,77.58,75.34,78.88,79.29,77.06,76.75,77.95,73.19,80.79,82.57
2026-03-04 10:37:37,77.81,88.51,93.1,93.93,91.64,86.09,87.14,85.71,85.68,78.6,81.48,82.81,79.32,79.73,82.74,77.95,79.05,78.73,76.44,78.61,76.41,76.65,82.36,78.06,70.92,77.26,75.23,77.44,73.63,76.33,73.56,77.99,79.57,76.71,76.81,70.21,76.06,78.54,81.57,80.12,78.26,76.87,78.35,78.6,79.05,80.72,80.66,80.38,76.09,73.12,77.34,75.06,78.95,79.42,76.93,76.4,77.65,72.48,80.76,82.74
2026-03-04 10:37:38,76.61,87.88,92.9,93.83,91.44,85.51,86.6,85.38,85.29,78.01,81.16,82.71,78.82,79.32,82.49,77.76,78.77,78.51,76.08,78.34,76.12,76.43,82.32,77.94,70.34,77.05,75.25,77.3,73.12,76.22,73.43,77.85,79.39,76.48,76.43,69.31,75.66,78.44,81.57,80.24,78.48,76.93,78.16,78.35,78.83,80.7,80.71,80.45,75.9,72.69,77.11,74.8,79.0,79.53,76.81,76.08,77.35,71.79,80.72,82.9
2026-03-04 10:37:39,75.66,87.4,92.74,93.75,91.29,85.03,86.16,85.14,84.95,77.54,80.93,82.64,78.42,78.92,82.31,77.67,78.57,78.31,75.81,78.17,75.93,76.28,82.27,77.84,69.92,76.93,75.35,77.18,72.67,76.13,73.33,77.74,79.23,76.24,76.12,68.58,75.33,78.31,81.54,80.33,78.66,76.97,77.96,78.06,78.6,80.66,80.72,80.48,75.79,72.37,76.93,74.62,78.97,79.57,76.76,75.84,77.01,71.24,80.72,83.06
2026-03-04 10:37:40,75.03,87.09,92.56,93.68,91.2,84.61,85.81,84.99,84.64,77.22,80.81,82.61,78.1,78.38,82.2,77.71,78.48,78.08,75.65,78.09,75.86,76.22,82.17,77.76,69.67,76.91,75.55,77.14,72.27,76.03,73.26,77.67,79.11,76.06,75.91,68.06,75.07,78.21,81.49,80.35,78.76,76.92,77.74,77.65,78.33,80.6,80.7,80.49,75.77,72.21,76.86,74.56,78.94,79.59,76.78,75.73,76.75,70.89,80.79,83.25
2026-03-04 10:37:41,74.69,86.93,92.36,93.61,91.16,84.26,85.54,84.92,84.34,77.04,80.78,82.61,77.86,77.72,82.15,77.87,78.47,77.83,75.57,78.11,75.89,76.23,82.03,77.66,69.56,76.99,75.84,77.17,71.9,75.92,73.19,77.61,79.0,75.94,75.79,67.72,74.89,78.14,81.41,80.3,78.8,76.81,77.51,77.15,78.03,80.52,80.68,80.48,75.84,72.21,76.88,74.6,78.91,79.59,76.87,75.72,76.58,70.71,80.92,83.46
2026-03-04 10:37:42,74.58,86.87,92.15,93.51,91.12,83.95,85.31,84.89,84.03,76.94,80.8,82.65,77.69,77.09,82.1,78.09,78.53,77.6,75.58,78.15,75.97,76.24,81.8,77.55,69.58,77.14,76.17,77.23,71.65,75.84,73.1,77.52,78.88,75.87,75.73,67.57,74.79,78.12,81.34,80.22,78.82,76.71,77.35,76.7,77.71,80.41,80.67,80.47,75.99,72.33,76.89,74.7,78.9,79.55,76.98,75.72,76.46,70.69,81.09,83.64
2026-03-04 10:37:43,74.66,86.91,91.91,93.36,91.03,83.66,85.1,84.88,83.75,76.88,80.75,82.69,77.55,76.53,81.99,78.31,78.57,77.36,75.62,78.18,76.08,76.22,81.52,77.43,69.68,77.3,76.46,77.24,71.51,75.83,73.08,77.44,78.69,75.81,75.66,67.53,74.69,78.12,81.29,80.11,78.8,76.61,77.22,76.33,77.43,80.25,80.65,80.42,76.22,72.53,76.82,74.81,78.91,79.54,77.1,75.67,76.37,70.78,81.25,83.76
2026-03-04 10:37:44,74.91,87.01,91.66,93.16,90.91,83.38,84.91,84.89,83.5,76.86,80.65,82.74,77.42,76.03,81.81,78.52,78.6,77.08,75.7,78.18,76.19,76.16,81.19,77.3,69.86,77.48,76.73,77.22,71.48,75.87,73.13,77.36,78.42,75.76,75.57,67.59,74.6,78.12,81.26,79.97,78.75,76.49,77.13,76.02,77.17,80.06,80.62,80.34,76.5,72.78,76.69,74.94,78.94,79.54,77.23,75.59,76.3,70.95,81.42,83.83
2026-03-04 10:37:45,75.29,87.17,91.4,92.93,90.76,83.11,84.73,84.91,83.28,76.86,80.49,82.8,77.32,75.59,81.58,78.72,78.62,76.79,75.8,78.17,76.31,76.07,80.83,77.17,70.09,77.66,76.96,77.16,71.52,75.97,73.24,77.29,78.1,75.72,75.47,67.73,74.51,78.14,81.26,79.82,78.65,76.36,77.06,75.78,76.94,79.84,80.59,80.23,76.83,73.1,76.5,75.08,78.98,79.57,77.36,75.48,76.24,71.21,81.57,83.84
2026-03-04 10:37:46,75.78,87.39,91.14,92.67,90.58,82.86,84.56,84.94,83.09,76.9,80.3,82.85,77.24,75.21,81.3,78.92,78.63,76.47,75.93,78.15,76.44,75.95,80.44,77.04,70.38,77.85,77.17,77.08,71.65,76.1,73.4,77.22,77.74,75.67,75.34,67.94,74.42,78.16,81.28,79.65,78.53,76.21,77.01,75.59,76.73,79.59,80.55,80.09,77.2,73.45,76.27,75.24,79.04,79.61,77.49,75.34,76.19,71.53,81.72,83.81
2026-03-04 10:37:47,76.37,87.65,90.87,92.38,90.38,82.63,84.41,84.98,82.93,76.95,80.07,82.91,77.17,74.88,80.98,79.1,78.63,76.15,76.08,78.12,76.58,75.81,80.04,76.92,70.71,78.04,77.34,76.96,71.84,76.28,73.59,77.16,77.34,75.64,75.21,68.2,74.33,78.19,81.32,79.47,78.38,76.06,76.99,75.46,76.55,79.33,80.51,79.93,77.6,73.84,76.01,75.4,79.11,79.66,77.62,75.18,76.16,71.9,81.87,83.74
2026-03-04 10:37:48,77.04,87.94,90.6,92.08,90.16,82.4,84.28,85.03,82.8,77.02,79.82,82.97,77.11,74.59,80.64,79.28,78.61,75.83,76.24,78.08,76.72,75.65,79.62,76.79,71.08,78.23,77.49,76.83,72.08,76.48,73.83,77.1,76.91,75.61,75.07,68.52,74.24,78.22,81.36,79.28,78.21,75.9,76.99,75.36,76.4,79.05,80.47,79.75,78.01,74.25,75.72,75.57,79.19,79.72,77.75,75.01,76.14,72.32,82.01,83.63
2026-03-04 10:37:49,77.77,88.26,90.33,91.77,89.93,82.2,84.16,85.09,82.68,77.11,79.55,83.02,77.07,74.36,80.27,79.44,78.6,75.5,76.41,78.02,76.86,75.48,79.2,76.67,71.46,78.42,77.62,76.68,72.36,76.7,74.08,77.05,76.47,75.58,74.93,68.88,74.16,78.26,81.42,79.09,78.02,75.74,77.0,75.31,76.26,78.76,80.43,79.56,78.44,74.68,75.4,75.74,79.28,79.79,77.88,74.82,76.13,72.77,82.14,83.5
2026-03-04 10:37:50,78.54,88.59,90.07,91.44,89.69,82.01,84.05,85.15,82.59,77.21,79.26,83.08,77.04,74.16,79.89,79.6,78.57,75.17,76.59,77.97,76.99,75.3,78.78,76.55,71.87,78.61,77.72,76.52,72.68,76.95,74.36,77.0,76.01,75.55,74.78,69.26,74.09,78.3,81.49,78.89,77.83,75.58,77.02,75.29,76.15,78.47,80.38,79.37,78.88,75.12,75.07,75.9,79.37,79.87,78.01,74.63,76.13,73.24,82.26,83.35
2026-03-04 10:37:51,79.34,88.95,89.81,91.12,89.45,81.83,83.95,85.22,82.52,77.32,78.96,83.14,77.03,74.0,79.5,79.74,78.54,74.84,76.77,77.9,77.13,75.11,78.36,76.44,72.28,78.79,77.81,76.35,73.03,77.2,74.65,76.96,75.54,75.53,74.63,69.67,74.01,78.35,81.57,78.7,77.62,75.41,77.06,75.31,76.05,78.18,80.34,79.16,79.32,75.56,74.73,76.07,79.46,79.96,78.14,74.43,76.13,73.72,82.37,83.18
2026-03-04 10:37:52,80.17,89.31,89.56,90.79,89.21,81.67,83.86,85.29,82.46,77.43,78.66,83.19,77.02,73.87,79.11,79.87,78.51,74.53,76.96,77.84,77.27,74.92,77.94,76.33,72.71,78.96,77.87,76.17,73.39,77.47,74.96,76.92,75.08,75.51,74.48,70.09,73.95,78.39,81.65,78.5,77.41,75.25,77.11,75.35,75.97,77.89,80.29,78.96,79.76,76.01,74.38,76.24,79.56,80.04,78.26,74.23,76.14,74.22,82.48,83.0
2026-03-04 10:37:53,81.0,89.67,89.32,90.47,88.97,81.53,83.79,85.36,82.42,77.56,78.35,83.24,77.01,73.77,78.71,79.99,78.47,74.22,77.14,77.77,77.4,74.72,77.54,76.22,73.13,79.13,77.93,75.99,73.77,77.73,75.26,76.89,74.62,75.5,74.34,70.52,73.88,78.44,81.74,78.31,77.2,75.1,77.16,75.41,75.9,77.61,80.25,78.75,80.2,76.45,74.03,76.4,79.66,80.13,78.37,74.02,76.16,74.71,82.58,82.81
2026-03-04 10:37:54,81.82,90.03,89.1,90.15,88.73,81.4,83.73,85.43,82.39,77.68,78.04,83.29,77.02,73.7,78.33,80.1,78.43,73.93,77.33,77.7,77.52,74.53,77.15,76.13,73.55,79.3,77.96,75.8,74.16,78.0,75.58,76.86,74.17,75.49,74.19,70.96,73.82,78.48,81.83,78.13,76.99,74.94,77.22,75.49,75.85,77.33,80.2,78.55,80.62,76.88,73.69,76.56,79.76,80.23,78.48,73.82,76.19,75.21,82.67,82.61
2026-03-04 10:37:55,82.68,90.43,88.94,89.9,88.56,81.35,83.73,85.55,82.44,77.87,77.82,83.39,77.09,73.72,78.01,80.24,78.44,73.71,77.53,77.66,77.67,74.35,76.78,76.05,73.96,79.46,78.0,75.65,74.56,78.29,75.89,76.84,73.74,75.48,74.05,71.38,73.81,78.55,81.9,77.95,76.81,74.82,77.31,75.6,75.83,77.08,80.16,78.36,81.04,77.33,73.39,76.71,79.85,80.31,78.58,73.65,76.21,75.69,82.74,82.42
2026-03-04 10:37:56,83.62,90.92,88.93,89.81,88.57,81.54,83.89,85.78,82.64,78.23,77.84,83.61,77.31,73.91,77.86,80.47,78.59,73.69,77.81,77.73,77.86,74.29,76.52,76.06,74.42,79.66,78.07,75.61,75.02,78.63,76.22,76.81,73.39,75.46,73.94,71.78,73.89,78.69,81.97,77.79,76.66,74.7,77.42,75.74,75.86,76.87,80.09,78.19,81.45,77.78,73.22,76.89,79.95,80.32,78.66,73.56,76.29,76.16,82.79,82.25
2026-03-04 10:37:57,84.61,91.46,89.05,89.85,88.68,81.9,84.18,86.14,82.99,78.71,78.06,83.91,77.66,74.29,77.87,80.79,78.85,73.85,78.16,77.88,78.09,74.35,76.39,76.15,74.95,79.93,78.15,75.65,75.49,78.98,76.52,76.79,73.09,75.43,73.88,72.17,74.05,78.89,82.01,77.63,76.57,74.62,77.53,75.88,75.93,76.68,80.02,78.06,81.75,78.1,73.09,77.1,80.07,80.34,78.75,73.58,76.46,76.65,82.81,82.05
2026-03-04 10:37:58,85.66,92.09,89.29,89.99,88.86,82.41,84.63,86.61,83.44,79.29,78.43,84.3,78.18,74.83,77.99,81.13,79.22,74.17,78.6,78.13,78.29,74.48,76.37,76.33,75.54,80.2,78.23,75.71,75.98,79.35,76.82,76.76,72.87,75.44,73.91,72.59,74.27,79.12,82.03,77.48,76.55,74.63,77.65,76.04,76.03,76.55,79.96,77.98,81.99,78.37,73.02,77.27,80.22,80.37,78.82,73.63,76.68,77.16,82.81,81.81
2026-03-04 10:37:59,86.73,92.79,89.64,90.24,89.14,83.05,85.22,87.18,83.97,79.94,78.89,84.74,78.79,75.44,78.23,81.51,79.66,74.58,79.09,78.47,78.55,74.7,76.41,76.57,76.15,80.46,78.33,75.81,76.46,79.73,77.13,76.71,72.77,75.51,74.02,73.04,74.51,79.33,82.04,77.36,76.58,74.73,77.78,76.23,76.18,76.47,79.91,77.93,82.18,78.65,73.01,77.46,80.38,80.38,78.86,73.73,76.91,77.64,82.76,81.55
2026-03-04 10:38:00,87.83,93.53,90.07,90.55,89.5,83.76,85.89,87.79,84.54,80.56,79.37,85.02,79.38,76.08,78.47,81.91,80.1,75.03,79.56,78.79,78.86,75.01,76.43,76.78,76.71,80.68,78.43,75.97,76.91,80.07,77.39,76.68,72.78,75.63,74.13,73.48,74.7,79.45,82.01,77.27,76.62,74.88,77.89,76.45,76.38,76.47,79.84,77.85,82.27,78.86,73.02,77.67,80.54,80.39,78.87,73.82,77.13,78.06,82.65,81.31
2026-03-04 10:38:01,88.95,94.32,90.56,90.97,89.97,84.57,86.63,88.39,85.14,81.26,79.9,85.29,79.97,76.79,78.8,82.35,80.57,75.5,79.99,79.07,79.16,75.38,76.52,77.03,77.24,80.87,78.5,76.11,77.37,80.39,77.62,76.67,72.9,75.81,74.28,73.93,74.94,79.57,82.0,77.28,76.69,75.06,78.02,76.71,76.62,76.57,79.8,77.8,82.35,79.06,73.12,77.9,80.71,80.43,78.88,73.89,77.32,78.44,82.5,81.1
2026-03-04 10:38:02,90.02,95.06,91.02,91.4,90.47,85.41,87.36,88.95,85.69,81.95,80.46,85.58,80.58,77.53,79.2,82.77,81.01,75.95,80.34,79.34,79.46,75.76,76.62,77.29,77.67,81.07,78.58,76.26,77.8,80.65,77.86,76.67,73.06,76.02,74.47,74.38,75.26,79.72,82.0,77.35,76.77,75.24,78.18,77.0,76.9,76.73,79.78,77.82,82.48,79.31,73.27,78.12,80.82,80.45,78.93,74.0,77.46,78.79,82.38,80.92
2026-03-04 10:38:03,91.0,95.74,91.48,91.83,90.94,86.23,88.05,89.48,86.21,82.62,81.05,85.88,81.17,78.27,79.64,83.17,81.41,76.37,80.65,79.64,79.74,76.14,76.8,77.56,78.03,81.25,78.66,76.45,78.25,80.91,78.1,76.7,73.27,76.22,74.7,74.84,75.58,79.86,82.0,77.47,76.92,75.43,78.3,77.29,77.17,76.96,79.81,77.89,82.62,79.56,73.49,78.35,80.87,80.42,78.99,74.19,77.59,79.12,82.3,80.82
2026-03-04 10:38:04,91.86,96.33,91.88,92.2,91.31,86.99,88.64,89.92,86.65,83.23,81.64,86.19,81.73,78.96,80.12,83.53,81.78,76.75,80.94,79.95,79.96,76.49,77.02,77.82,78.35,81.36,78.72,76.65,78.74,81.22,78.37,76.81,73.5,76.37,74.91,75.24,75.83,80.0,81.98,77.63,77.14,75.65,78.4,77.56,77.44,77.21,79.85,77.99,82.78,79.79,73.78,78.55,80.95,80.42,79.06,74.47,77.76,79.43,82.24,80.75
2026-03-04 10:38:05,92.55,96.79,92.18,92.46,91.57,87.65,89.05,90.23,87.01,83.75,82.15,86.43,82.22,79.57,80.55,83.77,82.08,77.08,81.19,80.24,80.16,76.83,77.23,78.08,78.63,81.43,78.78,76.9,79.22,81.53,78.65,76.95,73.75,76.54,75.07,75.57,76.05,80.12,81.94,77.76,77.38,75.91,78.5,77.78,77.64,77.43,79.86,78.1,82.92,80.04,74.12,78.72,81.03,80.46,79.2,74.82,77.98,79.73,82.19,80.68
2026-03-04 10:38:06,93.15,97.14,92.42,92.7,91.77,88.2,89.35,90.51,87.32,84.24,82.64,86.64,82.71,80.14,80.98,83.95,82.35,77.41,81.44,80.58,80.43,77.2,77.43,78.36,78.89,81.47,78.83,77.17,79.67,81.82,78.94,77.09,74.05,76.76,75.28,75.92,76.31,80.24,81.85,77.79,77.6,76.17,78.51,77.96,77.84,77.65,79.84,78.2,83.03,80.32,74.54,78.92,81.14,80.57,79.42,75.22,78.24,80.0,82.15,80.62
2026-03-04 10:38:07,93.67,97.41,92.62,92.93,91.95,88.67,89.63,90.78,87.56,84.73,83.15,86.87,83.2,80.69,81.42,84.1,82.61,77.73,81.7,80.99,80.75,77.6,77.66,78.65,79.15,81.48,78.86,77.45,80.08,82.08,79.23,77.25,74.39,77.05,75.57,76.32,76.64,80.38,81.73,77.7,77.79,76.43,78.38,78.14,78.05,77.88,79.81,78.28,83.13,80.63,75.04,79.18,81.32,80.74,79.7,75.68,78.52,80.21,82.12,80.56
2026-03-04 10:38:08,94.13,97.61,92.78,93.16,92.1,89.08,89.89,91.04,87.75,85.23,83.66,87.1,83.69,81.2,81.88,84.24,82.85,78.06,81.96,81.45,81.14,78.03,77.9,78.96,79.41,81.48,78.86,77.73,80.45,82.33,79.52,77.42,74.76,77.38,75.92,76.76,77.01,80.54,81.57,77.51,77.96,76.68,78.12,78.3,78.27,78.12,79.77,78.34,83.21,80.97,75.6,79.48,81.53,80.98,80.05,76.17,78.82,80.37,82.09,80.5
2026-03-04 10:38:09,94.53,97.73,92.91,93.38,92.22,89.42,90.12,91.29,87.89,85.71,84.17,87.33,84.17,81.68,82.35,84.35,83.06,78.37,82.22,81.95,81.56,78.47,78.15,79.28,79.66,81.47,78.84,78.0,80.77,82.55,79.8,77.61,75.15,77.75,76.32,77.22,77.41,80.71,81.39,77.23,78.11,76.93,77.77,78.44,78.5,78.37,79.71,78.4,83.27,81.33,76.21,79.83,81.79,81.27,80.44,76.69,79.13,80.48,82.07,80.44
2026-03-04 10:38:10,94.87,97.8,93.01,93.6,92.33,89.71,90.34,91.53,87.99,86.18,84.67,87.56,84.64,82.13,82.81,84.44,83.27,78.68,82.47,82.49,82.02,78.93,78.41,79.61,79.91,81.44,78.8,78.28,81.06,82.76,80.07,77.79,75.56,78.15,76.77,77.71,77.85,80.89,81.18,76.88,78.24,77.16,77.33,78.58,78.74,78.62,79.65,78.44,83.31,81.7,76.85,80.2,82.08,81.59,80.86,77.23,79.45,80.54,82.05,80.39
2026-03-04 10:38:11,95.16,97.81,93.09,93.81,92.42,89.94,90.55,91.76,88.04,86.64,85.17,87.78,85.11,82.54,83.27,84.51,83.45,78.97,82.72,83.04,82.51,79.38,78.67,79.94,80.14,81.41,78.75,78.54,81.32,82.94,80.34,77.99,75.97,78.57,77.24,78.2,78.3,81.08,80.96,76.47,78.35,77.38,76.82,78.7,78.97,78.87,79.58,78.47,83.35,82.08,77.53,80.6,82.38,81.95,81.32,77.78,79.78,80.56,82.03,80.34
2026-03-04 10:38:12,95.4,97.78,93.14,94.01,92.49,90.13,90.73,91.97,88.07,87.08,85.65,88.0,85.55,82.93,83.72,84.57,83.62,79.25,82.97,83.61,83.01,79.84,78.94,80.27,80.37,81.36,78.69,78.8,81.54,83.1,80.59,78.18,76.38,79.01,77.74,78.7,78.77,81.26,80.73,76.01,78.44,77.58,76.26,78.81,79.2,79.12,79.51,78.49,83.37,82.46,78.21,81.01,82.71,82.33,81.79,78.33,80.1,80.55,82.01,80.29
2026-03-04 10:38:13,95.59,97.71,93.18,94.2,92.55,90.27,90.89,92.17,88.06,87.5,86.12,88.22,85.98,83.28,84.16,84.61,83.77,79.52,83.2,84.18,83.52,80.29,79.2,80.59,80.58,81.31,78.62,79.05,81.73,83.25,80.83,78.37,76.8,79.45,78.25,79.2,79.25,81.45,80.49,75.51,78.52,77.78,75.66,78.91,79.44,79.37,79.44,78.5,83.38,82.84,78.9,81.43,83.04,82.73,82.28,78.89,80.42,80.51,82.0,80.25
2026-03-04 10:38:14,95.74,97.6,93.19,94.38,92.59,90.37,91.04,92.35,88.03,87.91,86.57,88.42,86.39,83.6,84.59,84.64,83.91,79.78,83.42,84.75,84.03,80.74,79.46,80.91,80.78,81.25,78.54,79.29,81.89,83.38,81.06,78.56,77.21,79.89,78.77,79.7,79.73,81.64,80.24,74.99,78.58,77.96,75.03,79.0,79.66,79.6,79.36,78.51,83.38,83.22,79.59,81.86,83.39,83.14,82.77,79.43,80.74,80.45,81.99,80.21
2026-03-04 10:38:15,95.86,97.47,93.19,94.54,92.62,90.44,91.17,92.52,87.97,88.29,87.0,88.62,86.78,83.9,85.0,84.66,84.03,80.01,83.64,85.32,84.54,81.17,79.71,81.22,80.97,81.19,78.45,79.51,82.03,83.49,81.28,78.75,77.61,80.33,79.29,80.19,80.2,81.83,79.99,74.46,78.63,78.13,74.37,79.08,79.88,79.83,79.28,78.51,83.38,83.59,80.27,82.28,83.73,83.56,83.26,79.97,81.05,80.36,81.98,80.17
2026-03-04 10:38:16,95.95,97.31,93.17,94.7,92.64,90.48,91.29,92.68,87.9,88.64,87.41,88.81,87.14,84.16,85.39,84.66,84.14,80.24,83.84,85.88,85.05,81.59,79.95,81.51,81.15,81.13,78.37,79.73,82.14,83.59,81.49,78.93,77.99,80.77,79.81,80.66,80.67,82.01,79.75,73.91,78.67,78.29,73.71,79.15,80.09,80.06,79.2,78.5,83.37,83.94,80.94,82.7,84.07,83.97,83.74,80.49,81.34,80.26,81.97,80.13
2026-03-04 10:38:17,96.03,97.18,93.19,94.88,92.69,90.54,91.43,92.85,87.86,89.0,87.8,88.99,87.49,84.4,85.74,84.67,84.23,80.46,84.03,86.39,85.49,81.99,80.2,81.79,81.31,81.05,78.29,79.94,82.24,83.67,81.67,79.11,78.39,81.2,80.3,81.1,81.1,82.17,79.52,73.39,78.7,78.43,73.11,79.23,80.31,80.28,79.14,78.49,83.34,84.25,81.57,83.08,84.38,84.35,84.2,81.0,81.62,80.17,81.98,80.12
2026-03-04 10:38:18,96.11,97.06,93.24,95.05,92.75,90.6,91.56,93.0,87.83,89.34,88.14,89.08,87.78,84.61,86.01,84.63,84.25,80.65,84.21,86.81,85.81,82.34,80.44,82.02,81.42,80.95,78.26,80.18,82.33,83.74,81.85,79.32,78.78,81.59,80.73,81.46,81.45,82.28,79.32,72.99,78.74,78.59,72.68,79.35,80.55,80.5,79.09,78.5,83.28,84.47,82.1,83.33,84.53,84.59,84.59,81.45,81.82,80.08,82.02,80.15
2026-03-04 10:38:19,96.08,96.89,93.25,95.1,92.71,90.58,91.62,93.04,87.7,89.55,88.31,89.0,87.89,84.73,86.14,84.5,84.11,80.74,84.31,87.1,86.02,82.58,80.55,82.11,81.48,80.85,78.24,80.37,82.32,83.76,81.99,79.47,79.09,81.87,81.08,81.71,81.71,82.3,79.15,72.71,78.75,78.73,72.36,79.41,80.75,80.65,79.05,78.53,83.2,84.6,82.46,83.44,84.54,84.69,84.81,81.8,81.9,79.95,82.01,80.18
2026-03-04 10:38:20,95.93,96.68,93.2,94.95,92.52,90.41,91.55,92.94,87.48,89.62,88.36,88.81,87.85,84.7,86.14,84.31,83.89,80.7,84.27,87.23,86.13,82.75,80.55,82.11,81.48,80.76,78.23,80.46,82.22,83.69,82.03,79.61,79.37,82.08,81.33,81.86,81.87,82.29,78.99,72.49,78.7,78.81,72.09,79.45,80.96,80.82,79.03,78.55,83.08,84.63,82.71,83.48,84.47,84.68,84.9,82.08,81.89,79.8,81.96,80.2
2026-03-04 10:38:21,95.64,96.38,93.08,94.7,92.28,90.18,91.34,92.7,87.18,89.59,88.32,88.57,87.71,84.62,86.08,84.07,83.61,80.6,84.16,87.24,86.17,82.88,80.52,82.04,81.44,80.68,78.27,80.5,82.02,83.58,82.01,79.72,79.6,82.21,81.44,81.9,81.94,82.19,78.78,72.26,78.52,78.77,71.85,79.45,81.17,80.99,79.04,78.58,82.94,84.57,82.85,83.41,84.36,84.62,84.91,82.31,81.83,79.63,81.9,80.21
2026-03-04 10:38:22,95.23,96.0,92.88,94.39,91.99,89.92,91.05,92.34,86.8,89.48,88.19,88.29,87.54,84.45,85.9,83.77,83.31,80.49,84.0,87.15,86.07,82.93,80.48,81.87,81.37,80.56,78.25,80.41,81.7,83.38,81.91,79.76,79.7,82.22,81.42,81.82,81.93,82.02,78.55,72.1,78.33,78.68,71.6,79.46,81.35,81.13,79.06,78.61,82.73,84.41,82.87,83.28,84.19,84.45,84.85,82.46,81.73,79.45,81.79,80.22
2026-03-04 10:38:23,94.71,95.53,92.64,94.02,91.67,89.64,90.73,91.93,86.42,89.29,88.0,87.97,87.31,84.21,85.62,83.47,83.0,80.32,83.83,87.02,85.9,82.94,80.45,81.64,81.28,80.4,78.17,80.25,81.36,83.13,81.71,79.72,79.77,82.19,81.35,81.64,81.89,81.82,78.35,71.99,78.16,78.6,71.46,79.46,81.47,81.17,79.04,78.58,82.47,84.17,82.82,83.13,83.96,84.19,84.7,82.54,81.6,79.24,81.62,80.17
2026-03-04 10:38:24,94.16,95.05,92.36,93.55,91.33,89.32,90.34,91.5,86.09,89.06,87.75,87.57,87.01,83.96,85.34,83.21,82.71,80.17,83.62,86.85,85.74,82.97,80.42,81.37,81.17,80.28,78.09,80.07,81.01,82.87,81.5,79.65,79.81,82.11,81.26,81.43,81.84,81.66,78.18,71.92,78.01,78.57,71.46,79.41,81.49,81.13,79.01,78.49,82.17,83.91,82.73,82.97,83.72,83.96,84.55,82.59,81.48,79.02,81.43,80.06
2026-03-04 10:38:25,93.58,94.54,91.96,93.03,90.93,88.94,89.84,91.01,85.8,88.77,87.41,87.07,86.62,83.68,85.01,82.88,82.35,79.97,83.4,86.62,85.49,82.96,80.42,81.11,81.05,80.18,77.97,79.88,80.64,82.57,81.28,79.56,79.78,81.96,81.16,81.24,81.77,81.53,78.04,71.94,77.84,78.54,71.54,79.35,81.52,81.09,78.98,78.39,81.86,83.66,82.62,82.75,83.45,83.72,84.35,82.63,81.37,78.81,81.25,79.95
2026-03-04 10:38:26,92.95,93.97,91.47,92.4,90.52,88.57,89.33,90.52,85.52,88.41,86.97,86.5,86.18,83.39,84.62,82.49,81.94,79.79,83.17,86.26,85.18,82.92,80.42,80.85,80.92,80.06,77.84,79.7,80.29,82.25,81.03,79.38,79.7,81.76,81.06,81.05,81.68,81.4,77.93,71.99,77.7,78.5,71.65,79.23,81.54,81.05,78.92,78.31,81.58,83.4,82.47,82.5,83.16,83.46,84.07,82.56,81.18,78.63,81.06,79.85
2026-03-04 10:38:27,92.3,93.37,90.94,91.54,90.09,88.21,88.84,90.02,85.25,88.0,86.48,85.9,85.68,83.09,84.26,82.14,81.57,79.65,82.95,85.69,84.82,82.84,80.39,80.57,80.73,79.9,77.7,79.52,79.97,81.96,80.77,79.09,79.56,81.56,80.96,80.85,81.48,81.26,77.84,71.98,77.57,78.44,71.77,78.87,81.54,81.02,78.88,78.25,81.32,83.1,82.29,82.25,82.88,83.17,83.69,82.27,80.8,78.42,80.81,79.73
2026-03-04 10:38:28,91.63,92.76,90.39,90.48,89.64,87.84,88.38,89.52,84.98,87.55,85.95,85.29,85.14,82.78,83.92,81.82,81.25,79.55,82.72,84.91,84.44,82.72,80.33,80.26,80.5,79.7,77.56,79.35,79.69,81.7,80.5,78.7,79.38,81.34,80.86,80.63,81.17,81.12,77.76,71.92,77.47,78.36,71.9,78.28,81.5,81.0,78.85,78.23,81.07,82.74,82.08,82.0,82.61,82.87,83.24,81.78,80.23,78.2,80.52,79.61
2026-03-04 10:38:29,90.96,92.15,89.85,89.32,89.2,87.45,87.87,89.0,84.71,87.08,85.42,84.71,84.61,82.47,83.57,81.53,80.95,79.45,82.46,84.03,84.05,82.57,80.26,79.96,80.25,79.49,77.41,79.18,79.44,81.45,80.22,78.27,79.19,81.11,80.75,80.41,80.81,80.97,77.7,71.85,77.38,78.28,72.07,77.61,81.45,81.0,78.85,78.24,80.82,82.36,81.88,81.78,82.39,82.59,82.77,81.16,79.54,77.99,80.24,79.51
2026-03-04 10:38:30,90.31,91.59,89.34,88.22,88.78,87.06,87.32,88.43,84.4,86.56,84.92,84.21,84.13,82.17,83.2,81.22,80.59,79.27,82.14,83.18,83.67,82.4,80.15,79.71,80.03,79.23,77.21,78.97,79.2,81.18,79.92,77.82,78.94,80.82,80.61,80.18,80.47,80.84,77.68,71.79,77.31,78.2,72.29,77.01,81.37,80.99,78.9,78.31,80.6,82.01,81.71,81.6,82.22,82.39,82.34,80.58,78.87,77.83,80.05,79.48
2026-03-04 10:38:31,89.72,91.05,88.88,87.18,88.39,86.71,86.75,87.85,84.05,86.02,84.41,83.72,83.66,81.83,82.85,80.92,80.18,79.03,81.83,82.43,83.3,82.16,79.99,79.45,79.83,78.92,76.94,78.69,79.0,80.94,79.55,77.39,78.64,80.48,80.4,79.91,80.14,80.66,77.66,71.74,77.22,78.12,72.54,76.43,81.24,80.96,78.95,78.37,80.41,81.69,81.53,81.33,82.08,82.22,81.96,80.11,78.28,77.66,79.88,79.43
2026-03-04 10:38:32,89.21,90.57,88.43,86.24,87.96,86.35,86.15,87.27,83.64,85.52,83.92,83.2,83.12,81.43,82.47,80.66,79.81,78.75,81.56,81.78,82.91,81.83,79.75,79.11,79.62,78.61,76.63,78.4,78.87,80.74,79.12,77.06,78.42,80.15,80.15,79.66,79.84,80.39,77.64,71.75,77.06,78.01,72.83,75.93,81.1,80.97,79.0,78.38,80.2,81.33,81.32,81.04,81.91,82.07,81.66,79.76,77.82,77.41,79.69,79.34
2026-03-04 10:38:33,88.78,90.16,87.99,85.4,87.52,85.99,85.55,86.69,83.18,85.05,83.46,82.66,82.54,80.99,82.08,80.43,79.46,78.43,81.32,81.21,82.49,81.42,79.45,78.72,79.41,78.32,76.29,78.11,78.78,80.59,78.62,76.81,78.26,79.85,79.88,79.45,79.55,80.05,77.61,71.81,76.83,77.88,73.17,75.52,80.93,81.01,79.06,78.33,80.0,80.94,81.09,80.73,81.73,81.92,81.42,79.51,77.46,77.1,79.49,79.22
2026-03-04 10:38:34,88.42,89.82,87.56,84.62,87.1,85.67,84.98,86.11,82.72,84.64,83.07,82.12,81.98,80.53,81.69,80.18,79.08,78.06,81.02,80.61,81.99,80.95,79.12,78.35,79.23,78.07,76.01,77.87,78.66,80.45,78.16,76.63,78.2,79.62,79.63,79.24,79.21,79.66,77.56,71.88,76.64,77.8,73.54,75.18,80.78,81.04,79.07,78.25,79.83,80.58,80.83,80.43,81.54,81.75,81.22,79.33,77.2,76.84,79.33,79.12
2026-03-04 10:38:35,88.07,89.51,87.19,83.94,86.74,85.41,84.51,85.56,82.31,84.32,82.76,81.6,81.44,80.16,81.36,79.99,78.76,77.73,80.7,80.04,81.48,80.52,78.8,78.04,79.08,77.87,75.8,77.69,78.59,80.33,77.78,76.52,78.19,79.41,79.42,79.04,78.78,79.29,77.5,71.98,76.49,77.79,73.94,74.9,80.66,81.07,79.04,78.22,79.72,80.26,80.59,80.16,81.38,81.58,81.07,79.22,77.03,76.66,79.23,79.08
2026-03-04 10:38:36,87.72,89.19,86.87,83.4,86.44,85.19,84.12,85.04,81.95,84.07,82.54,81.11,80.9,79.84,81.07,79.87,78.55,77.5,80.45,79.55,81.01,80.08,78.44,77.8,78.95,77.69,75.59,77.58,78.55,80.25,77.46,76.42,78.2,79.23,79.29,78.84,78.36,78.96,77.48,72.11,76.35,77.84,74.37,74.71,80.59,81.11,79.01,78.25,79.6,79.97,80.36,79.98,81.27,81.43,80.91,79.11,76.96,76.57,79.13,79.07
2026-03-04 10:38:37,87.41,88.89,86.58,82.94,86.16,84.98,83.76,84.51,81.56,83.81,82.31,80.65,80.41,79.5,80.82,79.81,78.42,77.36,80.24,79.1,80.54,79.61,78.13,77.59,78.82,77.5,75.34,77.49,78.48,80.12,77.19,76.36,78.23,79.13,79.23,78.71,78.0,78.62,77.5,72.27,76.22,77.94,74.85,74.57,80.52,81.08,78.96,78.34,79.47,79.73,80.18,79.89,81.22,81.28,80.78,79.03,76.97,76.54,79.11,79.11
2026-03-04 10:38:38,87.18,88.67,86.3,82.54,85.91,84.79,83.41,83.98,81.12,83.54,82.06,80.23,79.95,79.12,80.61,79.81,78.37,77.3,80.09,78.68,80.07,79.12,77.87,77.4,78.66,77.27,75.09,77.41,78.41,79.92,76.96,76.36,78.29,79.09,79.23,78.64,77.7,78.27,77.53,72.44,76.13,78.1,75.36,74.44,80.43,80.96,78.88,78.47,79.42,79.53,80.05,79.9,81.23,81.11,80.67,79.01,77.07,76.53,79.17,79.21
2026-03-04 10:38:39,87.02,88.5,86.06,82.22,85.68,84.61,83.08,83.45,80.67,83.25,81.79,79.83,79.53,78.7,80.42,79.86,78.38,77.31,79.97,78.28,79.59,78.64,77.67,77.22,78.5,77.03,74.84,77.33,78.34,79.66,76.75,76.4,78.36,79.1,79.28,78.62,77.43,77.91,77.58,72.63,76.07,78.3,75.89,74.33,80.32,80.76,78.76,78.62,79.42,79.36,79.95,79.99,81.28,80.92,80.58,79.03,77.23,76.53,79.3,79.35
2026-03-04 10:38:40,86.87,88.36,85.88,82.02,85.44,84.53,82.88,83.03,80.27,82.94,81.48,79.49,79.13,78.27,80.22,79.89,78.38,77.31,79.84,77.86,79.11,78.17,77.47,77.09,78.4,76.85,74.63,77.24,78.25,79.31,76.55,76.35,78.43,79.12,79.31,78.56,77.14,77.56,77.64,72.85,76.03,78.48,76.4,74.28,80.2,80.56,78.64,78.72,79.39,79.13,79.81,80.08,81.31,80.74,80.56,79.09,77.3,76.48,79.43,79.51
2026-03-04 10:38:41,86.71,88.23,85.78,81.96,85.17,84.58,82.85,82.76,79.96,82.58,81.12,79.21,78.75,77.85,79.99,79.89,78.35,77.29,79.69,77.4,78.62,77.73,77.26,77.0,78.37,76.76,74.48,77.12,78.14,78.89,76.34,76.17,78.5,79.14,79.3,78.42,76.79,77.24,77.71,73.09,76.01,78.59,76.86,74.28,80.06,80.36,78.51,78.71,79.3,78.81,79.6,80.16,81.3,80.58,80.6,79.18,77.24,76.36,79.54,79.68
2026-03-04 10:38:42,86.54,88.12,85.76,82.02,84.9,84.74,82.97,82.62,79.74,82.22,80.74,79.0,78.39,77.46,79.74,79.87,78.29,77.25,79.52,76.92,78.13,77.33,77.05,76.95,78.41,76.74,74.4,76.98,78.01,78.41,76.14,75.89,78.56,79.15,79.25,78.24,76.41,76.93,77.79,73.34,76.01,78.66,77.28,74.34,79.9,80.19,78.38,78.64,79.17,78.43,79.35,80.21,81.25,80.43,80.69,79.28,77.08,76.17,79.63,79.85
2026-03-04 10:38:43,86.44,88.1,85.83,82.22,84.72,85.01,83.22,82.6,79.66,81.97,80.46,78.91,78.12,77.21,79.56,79.9,78.33,77.24,79.41,76.56,77.71,77.04,76.92,76.9,78.48,76.78,74.38,76.84,77.91,77.98,76.0,75.68,78.64,79.17,79.23,78.07,76.08,76.67,77.79,73.58,76.01,78.68,77.66,74.44,79.73,80.04,78.23,78.55,79.07,78.09,79.09,80.23,81.17,80.31,80.8,79.36,76.88,75.97,79.66,80.04
2026-03-04 10:38:44,86.44,88.18,86.02,82.52,84.7,85.36,83.57,82.73,79.73,81.88,80.35,78.95,78.01,77.13,79.48,80.01,78.49,77.34,79.36,76.33,77.39,76.88,76.89,76.91,78.62,76.88,74.39,76.66,77.82,77.63,75.94,75.55,78.71,79.21,79.27,77.95,75.85,76.49,77.73,73.85,76.02,78.73,78.0,74.57,79.58,79.87,78.1,78.53,79.04,77.82,78.84,80.21,81.02,80.21,80.95,79.44,76.73,75.85,79.73,80.26
2026-03-04 10:38:45,86.53,88.38,86.33,82.9,84.77,85.74,83.97,82.95,79.93,81.89,80.35,79.11,78.0,77.15,79.47,80.2,78.74,77.55,79.39,76.22,77.21,76.8,76.99,77.03,78.84,77.02,74.45,76.5,77.6,77.33,75.93,75.43,78.71,79.25,79.35,77.89,75.76,76.4,77.72,74.19,76.12,78.84,78.32,74.76,79.52,79.78,78.07,78.62,79.11,77.66,78.63,80.22,80.91,80.13,81.08,79.51,76.61,75.81,79.84,80.47
2026-03-04 10:38:46,86.72,88.71,86.73,83.35,84.94,86.16,84.42,83.24,80.26,81.99,80.43,79.36,78.12,77.24,79.51,80.46,79.06,77.85,79.5,76.26,77.15,76.76,77.21,77.28,79.15,77.18,74.57,76.4,77.23,77.05,75.95,75.31,78.69,79.3,79.45,77.85,75.79,76.43,77.78,74.59,76.3,79.03,78.62,74.99,79.54,79.79,78.15,78.8,79.28,77.6,78.45,80.26,80.83,80.04,81.19,79.54,76.51,75.85,79.98,80.63
2026-03-04 10:38:47,86.97,89.11,87.18,83.82,85.15,86.58,84.89,83.58,80.66,82.16,80.57,79.67,78.31,77.39,79.6,80.74,79.42,78.21,79.67,76.39,77.18,76.75,77.49,77.58,79.47,77.35,74.74,76.34,76.8,76.81,75.99,75.19,78.63,79.33,79.58,77.84,75.91,76.53,77.89,75.02,76.51,79.24,78.9,75.25,79.6,79.84,78.3,79.02,79.47,77.62,78.31,80.29,80.78,79.95,81.26,79.57,76.44,75.93,80.14,80.75
2026-03-04 10:38:48,87.22,89.5,87.59,84.21,85.38,86.97,85.27,83.92,81.06,82.35,80.7,79.95,78.49,77.58,79.75,81.04,79.73,78.59,79.88,76.62,77.29,76.83,77.79,77.87,79.72,77.52,74.97,76.31,76.45,76.63,76.05,75.13,78.57,79.38,79.74,77.84,76.07,76.66,78.05,75.48,76.77,79.47,79.2,75.53,79.66,79.89,78.46,79.23,79.64,77.7,78.25,80.29,80.7,79.88,81.33,79.65,76.42,76.04,80.3,80.88
2026-03-04 10:38:49,87.46,89.88,87.94,84.57,85.63,87.32,85.61,84.26,81.45,82.53,80.78,80.17,78.64,77.77,79.95,81.33,80.01,78.92,80.1,76.92,77.46,76.93,78.12,78.16,79.98,77.75,75.26,76.29,76.19,76.49,76.19,75.18,78.55,79.46,79.92,77.85,76.28,76.83,78.27,75.95,77.08,79.74,79.52,75.86,79.7,79.96,78.64,79.45,79.79,77.77,78.17,80.26,80.62,79.82,81.4,79.78,76.48,76.16,80.46,80.97
2026-03-04 10:38:50,87.67,90.2,88.23,84.93,85.88,87.62,85.86,84.51,81.79,82.7,80.85,80.36,78.78,77.88,80.11,81.6,80.28,79.24,80.31,77.26,77.69,77.0,78.45,78.45,80.23,78.0,75.55,76.33,76.04,76.4,76.38,75.34,78.59,79.55,80.07,77.9,76.53,77.03,78.5,76.4,77.4,80.0,79.82,76.2,79.64,79.98,78.8,79.66,79.94,77.84,78.08,80.2,80.52,79.7,81.48,79.93,76.61,76.32,80.6,81.02
2026-03-04 10:38:51,87.78,90.4,88.46,85.25,86.12,87.87,86.02,84.69,82.07,82.86,80.96,80.56,78.95,77.92,80.22,81.81,80.52,79.57,80.47,77.57,77.91,77.11,78.79,78.72,80.46,78.27,75.85,76.37,75.94,76.35,76.55,75.53,78.69,79.63,80.23,77.97,76.79,77.25,78.74,76.82,77.69,80.23,80.09,76.55,79.55,80.02,78.99,79.84,80.03,77.92,78.03,80.16,80.38,79.58,81.61,80.12,76.77,76.47,80.71,81.06
2026-03-04 10:38:52,87.8,90.51,88.65,85.56,86.3,88.05,86.04,84.77,82.34,83.03,81.13,80.78,79.12,77.98,80.29,81.96,80.74,79.92,80.63,77.84,78.1,77.21,79.04,78.97,80.66,78.55,76.12,76.47,75.95,76.35,76.7,75.78,78.84,79.72,80.4,77.92,76.97,77.46,78.95,77.18,77.97,80.43,80.32,76.92,79.5,80.08,79.19,79.96,80.1,78.02,78.06,80.17,80.24,79.53,81.78,80.33,76.91,76.64,80.82,81.1
2026-03-04 10:38:53,87.77,90.54,88.77,85.86,86.48,88.15,86.02,84.86,82.62,83.19,81.34,81.04,79.34,78.11,80.41,82.1,81.0,80.32,80.83,78.17,78.35,77.33,79.23,79.2,80.85,78.88,76.48,76.67,76.08,76.39,76.92,76.13,79.05,79.87,80.62,77.88,77.15,77.7,79.17,77.48,78.21,80.63,80.54,77.27,79.47,80.15,79.4,80.1,80.21,78.19,78.16,80.21,80.14,79.55,81.99,80.57,77.1,76.83,80.99,81.23
2026-03-04 10:38:54,87.72,90.51,88.85,86.13,86.64,88.19,85.98,84.92,82.89,83.33,81.57,81.35,79.61,78.33,80.58,82.24,81.26,80.71,81.06,78.53,78.57,77.46,79.4,79.43,81.03,79.24,76.9,76.93,76.3,76.48,77.12,76.47,79.26,79.98,80.84,77.89,77.35,77.97,79.41,77.76,78.44,80.8,80.76,77.6,79.42,80.19,79.55,80.26,80.36,78.41,78.26,80.26,80.01,79.55,82.14,80.79,77.35,77.03,81.11,81.39
2026-03-04 10:38:55,87.67,90.42,88.9,86.31,86.78,88.18,85.94,84.92,83.11,83.43,81.79,81.63,79.92,78.58,80.76,82.42,81.53,81.08,81.31,78.86,78.79,77.63,79.56,79.62,81.21,79.59,77.35,77.23,76.61,76.65,77.31,76.8,79.48,80.03,81.03,77.91,77.52,78.24,79.57,78.03,78.71,81.01,80.99,77.94,79.38,80.22,79.65,80.4,80.53,78.65,78.41,80.33,79.86,79.53,82.26,81.0,77.63,77.28,81.24,81.57
2026-03-04 10:38:56,87.63,90.36,88.95,86.4,86.87,88.15,85.87,84.86,83.26,83.5,81.93,81.88,80.22,78.79,80.95,82.65,81.81,81.42,81.51,79.16,79.0,77.8,79.7,79.77,81.37,79.95,77.82,77.55,76.98,76.89,77.47,77.12,79.75,80.16,81.23,78.0,77.72,78.54,79.7,78.29,79.03,81.26,81.28,78.28,79.24,80.23,79.76,80.58,80.72,78.88,78.66,80.48,79.8,79.52,82.37,81.18,77.95,77.62,81.44,81.78
2026-03-04 10:38:57,87.59,90.28,89.0,86.5,86.95,88.11,85.75,84.71,83.32,83.55,82.03,82.06,80.46,78.92,81.1,82.85,82.03,81.73,81.63,79.43,79.17,77.93,79.77,79.85,81.44,80.24,78.24,77.82,77.37,77.17,77.62,77.38,79.97,80.31,81.44,78.14,77.95,78.86,79.81,78.54,79.32,81.51,81.59,78.62,79.12,80.27,79.86,80.74,80.91,79.1,78.97,80.69,79.8,79.53,82.43,81.33,78.26,77.93,81.59,82.02
2026-03-04 10:38:58,87.58,90.23,89.09,86.64,87.07,88.06,85.66,84.55,83.3,83.58,82.09,82.14,80.65,79.04,81.22,82.96,82.15,81.99,81.65,79.65,79.3,77.99,79.77,79.85,81.45,80.43,78.56,78.04,77.74,77.4,77.68,77.56,80.1,80.46,81.64,78.32,78.19,79.18,79.94,78.81,79.58,81.76,81.92,78.98,79.02,80.34,79.96,80.9,81.14,79.4,79.33,80.88,79.75,79.48,82.39,81.42,78.53,78.13,81.62,82.21
2026-03-04 10:38:59,87.61,90.25,89.22,86.78,87.2,88.01,85.61,84.4,83.24,83.58,82.12,82.07,80.79,79.16,81.31,83.0,82.24,82.2,81.55,79.8,79.39,77.99,79.71,79.74,81.4,80.54,78.77,78.25,78.08,77.55,77.66,77.68,80.16,80.6,81.82,78.54,78.47,79.51,80.07,79.09,79.79,81.98,82.27,79.37,78.94,80.42,80.09,81.05,81.39,79.76,79.75,81.06,79.6,79.34,82.21,81.45,78.76,78.22,81.54,82.34
2026-03-04 10:39:00,87.66,90.33,89.4,86.94,87.34,87.95,85.59,84.26,83.13,83.58,82.14,81.89,80.88,79.3,81.38,82.97,82.29,82.36,81.36,79.91,79.46,77.92,79.6,79.54,81.29,80.57,78.89,78.45,78.39,77.64,77.58,77.74,80.16,80.72,82.0,78.78,78.78,79.84,80.22,79.38,79.96,82.18,82.64,79.78,78.88,80.52,80.23,81.2,81.67,80.17,80.2,81.23,79.37,79.1,81.93,81.43,78.95,78.23,81.37,82.42
2026-03-04 10:39:01,87.74,90.46,89.61,87.11,87.5,87.9,85.6,84.14,83.0,83.56,82.14,81.62,80.94,79.44,81.43,82.88,82.31,82.49,81.08,79.97,79.5,77.81,79.46,79.28,81.14,80.54,78.94,78.64,78.67,77.68,77.45,77.76,80.1,80.83,82.16,79.04,79.1,80.15,80.38,79.68,80.09,82.35,83.0,80.2,78.85,80.64,80.38,81.34,81.96,80.62,80.67,81.38,79.09,78.81,81.57,81.36,79.11,78.16,81.13,82.46
2026-03-04 10:39:02,87.87,90.66,89.86,87.31,87.7,87.88,85.67,84.08,82.9,83.58,82.16,81.39,81.05,79.63,81.5,82.82,82.33,82.56,80.83,80.04,79.51,77.71,79.32,79.05,81.0,80.47,78.91,78.75,78.92,77.72,77.31,77.75,80.04,80.93,82.31,79.27,79.36,80.41,80.5,79.91,80.17,82.5,83.32,80.6,78.85,80.73,80.51,81.45,82.22,81.01,81.11,81.52,78.83,78.55,81.16,81.26,79.29,78.14,80.91,82.45
2026-03-04 10:39:03,88.04,90.9,90.13,87.52,87.94,87.91,85.79,84.06,82.85,83.63,82.24,81.25,81.21,79.84,81.62,82.8,82.36,82.61,80.6,80.1,79.49,77.6,79.24,78.9,80.86,80.35,78.84,78.8,79.13,77.72,77.14,77.73,80.01,81.03,82.41,79.46,79.6,80.63,80.58,80.05,80.21,82.59,83.55,80.97,78.92,80.78,80.59,81.53,82.44,81.36,81.49,81.65,78.62,78.33,80.69,81.13,79.47,78.16,80.78,82.45
2026-03-04 10:39:04,88.23,91.17,90.42,87.79,88.23,88.01,86.0,84.14,82.92,83.78,82.38,81.22,81.42,80.12,81.78,82.84,82.42,82.7,80.45,80.19,79.52,77.53,79.19,78.81,80.78,80.24,78.78,78.86,79.32,77.69,77.0,77.74,79.98,81.13,82.48,79.6,79.78,80.8,80.66,80.18,80.26,82.66,83.75,81.34,79.03,80.77,80.61,81.56,82.64,81.68,81.83,81.75,78.46,78.18,80.23,81.03,79.63,78.23,80.72,82.49
2026-03-04 10:39:05,88.48,91.47,90.76,88.13,88.55,88.18,86.29,84.34,83.08,84.0,82.55,81.3,81.67,80.4,81.93,82.94,82.53,82.83,80.3,80.32,79.64,77.55,79.15,78.72,80.74,80.17,78.72,78.94,79.47,77.61,76.89,77.76,79.92,81.18,82.49,79.71,79.95,80.97,80.75,80.29,80.26,82.7,83.94,81.68,79.15,80.71,80.58,81.52,82.76,81.97,82.16,81.87,78.34,78.1,79.87,80.96,79.76,78.3,80.7,82.56
2026-03-04 10:39:06,88.77,91.81,91.11,88.58,88.95,88.41,86.61,84.67,83.38,84.3,82.74,81.49,82.02,80.74,82.02,83.08,82.72,83.0,80.12,80.47,79.84,77.65,79.11,78.56,80.74,80.17,78.72,79.05,79.57,77.55,76.82,77.77,79.77,81.07,82.32,79.73,80.05,81.14,80.87,80.36,80.22,82.72,84.1,81.99,79.22,80.53,80.45,81.44,82.81,82.24,82.47,82.0,78.23,78.1,79.57,80.88,79.84,78.39,80.75,82.68
2026-03-04 10:39:07,89.11,92.17,91.44,89.1,89.42,88.7,86.97,85.12,83.79,84.66,82.92,81.77,82.43,81.13,82.08,83.23,82.96,83.2,79.93,80.64,80.1,77.83,79.08,78.35,80.77,80.23,78.79,79.15,79.62,77.52,76.79,77.78,79.55,80.83,82.0,79.68,80.08,81.32,80.99,80.41,80.14,82.72,84.23,82.26,79.24,80.24,80.24,81.32,82.79,82.48,82.76,82.13,78.13,78.14,79.32,80.79,79.88,78.49,80.86,82.82
2026-03-04 10:39:08,89.45,92.53,91.77,89.62,89.85,89.01,87.34,85.61,84.21,85.01,83.07,82.09,82.84,81.55,82.16,83.34,83.23,83.42,79.8,80.83,80.37,78.02,79.11,78.18,80.81,80.32,78.89,79.17,79.66,77.52,76.8,77.81,79.32,80.58,81.68,79.63,80.09,81.5,81.07,80.44,80.06,82.73,84.31,82.45,79.26,79.91,80.04,81.23,82.74,82.68,82.98,82.21,78.06,78.18,79.09,80.66,79.88,78.62,81.01,82.91
2026-03-04 10:39:09,89.81,92.92,92.14,90.17,90.29,89.39,87.79,86.17,84.68,85.39,83.3,82.51,83.31,82.01,82.31,83.43,83.52,83.69,79.79,81.05,80.61,78.24,79.21,78.11,80.87,80.43,79.01,79.21,79.76,77.58,76.87,77.86,79.08,80.31,81.33,79.51,80.12,81.67,81.1,80.49,80.02,82.75,84.3,82.54,79.25,79.6,79.89,81.17,82.7,82.85,83.15,82.27,77.97,78.24,78.91,80.53,79.87,78.78,81.19,82.96
2026-03-04 10:39:10,90.19,93.36,92.57,90.74,90.76,89.82,88.31,86.8,85.22,85.83,83.63,83.01,83.84,82.54,82.52,83.56,83.84,84.02,79.9,81.31,80.85,78.48,79.35,78.09,80.93,80.55,79.11,79.25,79.9,77.72,77.01,77.93,78.82,80.02,80.96,79.28,80.17,81.84,81.09,80.55,80.03,82.77,84.22,82.54,79.23,79.32,79.79,81.15,82.67,82.97,83.3,82.32,77.86,78.32,78.81,80.44,79.88,78.99,81.39,82.94
2026-03-04 10:39:11,90.58,93.84,93.05,91.33,91.27,90.31,88.88,87.47,85.83,86.31,84.05,83.58,84.43,83.1,82.79,83.73,84.19,84.38,80.11,81.6,81.09,78.74,79.52,78.14,81.01,80.66,79.21,79.31,80.1,77.91,77.19,78.01,78.54,79.72,80.56,78.97,80.24,82.0,81.04,80.63,80.09,82.81,84.1,82.47,79.19,79.06,79.72,81.15,82.64,83.04,83.43,82.37,77.73,78.41,78.78,80.4,79.89,79.23,81.6,82.88
2026-03-04 10:39:12,90.96,94.35,93.55,91.94,91.79,90.84,89.51,88.19,86.47,86.84,84.53,84.21,85.06,83.7,83.1,83.93,84.56,84.77,80.41,81.9,81.31,79.02,79.73,78.23,81.09,80.77,79.31,79.37,80.33,78.16,77.41,78.09,78.25,79.41,80.14,78.59,80.31,82.15,80.96,80.72,80.18,82.84,83.94,82.34,79.13,78.84,79.69,81.18,82.62,83.08,83.54,82.42,77.59,78.51,78.81,80.4,79.92,79.49,81.84,82.78
2026-03-04 10:39:13,91.35,94.88,94.09,92.55,92.33,91.39,90.16,88.93,87.15,87.38,85.07,84.88,85.72,84.32,83.45,84.16,84.93,85.19,80.77,82.23,81.52,79.31,79.96,78.36,81.17,80.88,79.4,79.45,80.59,78.45,77.67,78.19,77.95,79.09,79.72,78.14,80.41,82.29,80.85,80.81,80.3,82.88,83.73,82.15,79.06,78.64,79.69,81.23,82.6,83.09,83.63,82.47,77.43,78.63,78.9,80.43,79.95,79.77,82.08,82.65
2026-03-04 10:39:14,91.74,95.42,94.63,93.15,92.86,91.96,90.84,89.69,87.85,87.95,85.64,85.57,86.39,84.94,83.82,84.4,85.31,85.62,81.19,82.55,81.72,79.61,80.21,78.53,81.26,80.99,79.48,79.53,80.87,78.77,77.93,78.29,77.65,78.77,79.3,77.66,80.5,82.42,80.71,80.91,80.45,82.92,83.5,81.92,78.99,78.47,79.72,81.3,82.6,83.08,83.71,82.52,77.28,78.75,79.03,80.48,79.99,80.06,82.32,82.48
2026-03-04 10:39:15,92.14,95.94,95.09,93.66,93.28,92.48,91.49,90.4,88.48,88.46,86.15,86.19,86.98,85.5,84.15,84.6,85.62,85.94,81.58,82.82,81.87,79.89,80.43,78.69,81.32,81.03,79.51,79.6,81.14,79.05,78.11,78.36,77.37,78.49,78.9,77.22,80.58,82.54,80.59,80.98,80.58,82.93,83.24,81.67,78.93,78.34,79.8,81.42,82.61,83.07,83.77,82.55,77.18,78.91,79.19,80.57,80.03,80.32,82.53,82.34
2026-03-04 10:39:16,92.49,96.37,95.49,94.07,93.57,92.91,92.04,91.01,89.0,88.86,86.48,86.68,87.44,85.93,84.4,84.73,85.83,86.09,81.89,83.01,81.97,80.17,80.62,78.86,81.36,81.02,79.5,79.66,81.39,79.26,78.28,78.42,77.07,78.22,78.53,76.87,80.58,82.6,80.51,81.05,80.7,82.91,82.97,81.44,78.9,78.23,79.83,81.51,82.63,83.08,83.77,82.51,77.14,79.09,79.34,80.69,80.07,80.56,82.7,82.16
2026-03-04 10:39:17,92.79,96.78,95.9,94.48,93.82,93.31,92.56,91.59,89.5,89.24,86.77,87.12,87.87,86.34,84.63,84.8,85.94,86.19,82.19,83.19,82.06,80.41,80.72,79.04,81.41,81.02,79.49,79.74,81.63,79.44,78.46,78.46,76.8,77.94,78.2,76.59,80.55,82.58,80.41,81.1,80.82,82.78,82.7,81.25,78.92,78.15,79.8,81.54,82.64,83.11,83.77,82.42,77.15,79.24,79.48,80.85,80.14,80.76,82.73,81.89
2026-03-04 10:39:18,93.06,97.19,96.35,94.92,94.07,93.68,93.07,92.17,90.0,89.61,87.06,87.54,88.27,86.72,84.85,84.81,85.99,86.26,82.49,83.37,82.15,80.61,80.71,79.21,81.45,81.05,79.5,79.81,81.86,79.62,78.64,78.5,76.57,77.64,77.91,76.39,80.5,82.51,80.27,81.13,80.91,82.52,82.46,81.11,78.99,78.09,79.71,81.52,82.62,83.15,83.78,82.28,77.17,79.35,79.6,81.05,80.25,80.91,82.61,81.56
2026-03-04 10:39:19,93.3,97.61,96.81,95.35,94.32,94.03,93.57,92.73,90.5,89.97,87.33,87.93,88.64,87.08,85.05,84.79,85.97,86.3,82.77,83.55,82.24,80.77,80.59,79.36,81.5,81.1,79.52,79.88,82.07,79.81,78.82,78.54,76.37,77.32,77.66,76.26,80.44,82.39,80.09,81.14,80.98,82.16,82.22,81.01,79.1,78.06,79.58,81.44,82.57,83.21,83.81,82.11,77.2,79.45,79.7,81.27,80.4,81.02,82.37,81.19
2026-03-04 10:39:20,93.5,97.94,97.1,95.71,94.53,94.31,93.96,93.18,90.9,90.24,87.55,88.25,88.92,87.34,85.14,84.68,85.89,86.28,82.96,83.65,82.31,80.92,80.49,79.52,81.51,81.16,79.56,79.95,82.23,80.0,79.02,78.61,76.25,77.05,77.48,76.24,80.42,82.27,79.94,81.17,81.07,81.78,82.0,80.94,79.19,78.05,79.44,81.37,82.57,83.31,83.86,81.94,77.29,79.58,79.85,81.52,80.58,81.14,82.14,80.83
2026-03-04 10:39:21,93.64,98.16,97.15,95.94,94.68,94.51,94.24,93.47,91.15,90.39,87.69,88.5,89.1,87.45,85.08,84.47,85.78,86.22,83.03,83.67,82.35,81.07,80.46,79.68,81.47,81.22,79.6,80.0,82.35,80.2,79.26,78.71,76.19,76.86,77.39,76.32,80.46,82.18,79.84,81.23,81.17,81.44,81.77,80.88,79.22,78.06,79.31,81.35,82.63,83.46,83.93,81.8,77.42,79.79,80.08,81.8,80.8,81.28,81.96,80.5
2026-03-04 10:39:22,93.74,98.28,97.01,96.06,94.79,94.65,94.4,93.64,91.28,90.44,87.77,88.69,89.19,87.45,84.9,84.19,85.63,86.11,83.0,83.61,82.37,81.21,80.48,79.85,81.4,81.27,79.66,80.04,82.42,80.4,79.53,78.84,76.2,76.73,77.38,76.51,80.55,82.11,79.78,81.3,81.29,81.14,81.54,80.82,79.21,78.08,79.19,81.35,82.74,83.65,84.02,81.69,77.59,80.05,80.37,82.1,81.04,81.44,81.84,80.22
2026-03-04 10:39:23,93.8,98.31,96.69,96.1,94.86,94.72,94.47,93.69,91.31,90.4,87.79,88.81,89.2,87.34,84.6,83.84,85.46,85.95,82.87,83.49,82.37,81.35,80.54,80.03,81.29,81.33,79.72,80.07,82.45,80.6,79.81,79.0,76.27,76.66,77.42,76.77,80.69,82.05,79.76,81.39,81.43,80.86,81.32,80.78,79.16,78.12,79.07,81.38,82.9,83.86,84.13,81.6,77.8,80.36,80.72,82.42,81.3,81.62,81.76,79.97
2026-03-04 10:39:24,93.83,98.27,96.22,96.05,94.89,94.75,94.45,93.64,91.24,90.28,87.76,88.87,89.14,87.15,84.22,83.44,85.25,85.77,82.66,83.3,82.35,81.48,80.65,80.2,81.15,81.39,79.8,80.09,82.44,80.8,80.11,79.18,76.38,76.65,77.53,77.1,80.86,82.01,79.77,81.49,81.58,80.62,81.11,80.74,79.08,78.17,78.96,81.43,83.1,84.1,84.25,81.53,78.04,80.71,81.11,82.75,81.57,81.82,81.72,79.75
2026-03-04 10:39:25,93.82,98.17,95.63,95.94,94.88,94.72,94.36,93.5,91.09,90.09,87.68,88.89,89.03,86.88,83.76,83.0,85.04,85.56,82.39,83.07,82.31,81.61,80.79,80.37,80.99,81.45,79.87,80.1,82.4,81.0,80.42,79.37,76.53,76.67,77.68,77.49,81.05,81.99,79.81,81.61,81.73,80.41,80.9,80.72,78.98,78.22,78.86,81.5,83.33,84.36,84.39,81.48,78.3,81.09,81.53,83.09,81.86,82.02,81.72,79.56
2026-03-04 10:39:26,93.79,98.01,94.94,95.76,94.85,94.66,94.2,93.29,90.87,89.85,87.58,88.87,88.86,86.55,83.25,82.52,84.8,85.34,82.06,82.8,82.26,81.73,80.96,80.54,80.81,81.5,79.95,80.11,82.33,81.2,80.73,79.57,76.71,76.74,77.86,77.93,81.28,81.98,79.88,81.73,81.89,80.22,80.7,80.7,78.85,78.28,78.76,81.59,83.58,84.63,84.53,81.45,78.58,81.49,81.98,83.43,82.15,82.22,81.74,79.4
2026-03-04 10:39:27,93.74,97.8,94.17,95.54,94.8,94.56,94.0,93.02,90.59,89.57,87.44,88.82,88.65,86.17,82.69,82.03,84.56,85.09,81.69,82.5,82.2,81.85,81.15,80.7,80.62,81.55,80.04,80.11,82.25,81.39,81.04,79.78,76.92,76.83,78.08,78.39,81.52,81.99,79.96,81.86,82.05,80.06,80.51,80.68,78.7,78.35,78.68,81.69,83.85,84.92,84.67,81.43,78.87,81.9,82.45,83.76,82.44,82.43,81.8,79.26
2026-03-04 10:39:28,93.67,97.56,93.34,95.27,94.73,94.43,93.75,92.7,90.27,89.24,87.28,88.73,88.41,85.75,82.09,81.51,84.31,84.84,81.29,82.18,82.13,81.96,81.35,80.86,80.42,81.6,80.12,80.1,82.14,81.57,81.35,80.0,77.15,76.95,78.33,78.89,81.77,82.0,80.06,82.0,82.21,79.93,80.34,80.68,78.53,78.42,78.6,81.8,84.14,85.2,84.82,81.42,79.17,82.32,82.92,84.1,82.74,82.64,81.88,79.15
2026-03-04 10:39:29,93.58,97.29,92.46,94.98,94.64,94.28,93.47,92.34,89.91,88.89,87.09,88.62,88.14,85.3,81.47,80.99,84.06,84.57,80.86,81.84,82.06,82.06,81.57,81.02,80.21,81.65,80.21,80.09,82.02,81.74,81.66,80.22,77.4,77.1,78.59,79.4,82.04,82.02,80.18,82.13,82.37,79.81,80.17,80.67,78.36,78.5,78.53,81.92,84.43,85.49,84.97,81.43,79.47,82.75,83.4,84.42,83.03,82.85,81.97,79.06
2026-03-04 10:39:30,93.47,97.0,91.57,94.67,94.54,94.11,93.17,91.96,89.54,88.53,86.91,88.49,87.86,84.84,80.84,80.48,83.82,84.31,80.42,81.5,81.98,82.15,81.81,81.17,80.01,81.7,80.29,80.09,81.9,81.92,81.96,80.44,77.66,77.27,78.87,79.91,82.3,82.05,80.31,82.27,82.52,79.72,80.01,80.67,78.19,78.58,78.47,82.05,84.73,85.77,85.11,81.44,79.77,83.17,83.88,84.73,83.31,83.05,82.07,78.98
2026-03-04 10:39:31,93.36,96.77,90.85,94.41,94.48,94.02,92.95,91.64,89.23,88.27,86.81,88.43,87.64,84.47,80.35,80.09,83.63,84.11,80.07,81.22,81.93,82.25,82.05,81.31,79.83,81.74,80.39,80.13,81.84,82.11,82.27,80.68,77.96,77.46,79.17,80.41,82.56,82.08,80.37,82.33,82.63,79.66,79.91,80.68,78.04,78.68,78.41,82.17,85.01,85.98,85.21,81.39,80.06,83.57,84.32,84.99,83.55,83.23,82.12,78.88
2026-03-04 10:39:32,93.3,96.64,90.34,94.27,94.51,94.01,92.83,91.43,89.06,88.14,86.83,88.44,87.51,84.22,80.04,79.86,83.52,83.99,79.84,81.06,81.91,82.36,82.27,81.43,79.63,81.75,80.46,80.19,81.82,82.28,82.55,80.94,78.3,77.66,79.4,80.84,82.78,82.03,80.31,82.31,82.67,79.63,79.81,80.66,77.91,78.75,78.33,82.22,85.17,86.05,85.23,81.31,80.31,83.87,84.69,85.17,83.67,83.37,82.17,78.8
2026-03-04 10:39:33,93.32,96.63,90.02,94.24,94.59,94.09,92.8,91.34,88.98,88.1,86.97,88.52,87.42,84.08,79.93,79.79,83.46,83.94,79.75,80.98,81.95,82.47,82.45,81.58,79.5,81.76,80.52,80.27,81.76,82.36,82.76,81.19,78.59,77.84,79.57,81.2,82.95,81.94,80.2,82.23,82.68,79.59,79.66,80.6,77.79,78.84,78.27,82.17,85.14,85.94,85.21,81.25,80.5,84.07,84.96,85.27,83.72,83.43,82.19,78.74
2026-03-04 10:39:34,93.4,96.65,89.85,94.27,94.67,94.21,92.82,91.31,88.97,88.14,87.16,88.63,87.38,84.03,79.96,79.85,83.43,83.94,79.74,80.95,82.01,82.53,82.61,81.72,79.42,81.78,80.57,80.34,81.66,82.38,82.89,81.4,78.8,77.98,79.69,81.52,83.09,81.84,80.06,82.14,82.65,79.52,79.44,80.51,77.71,78.97,78.26,82.07,84.98,85.76,85.18,81.18,80.67,84.21,85.16,85.32,83.68,83.45,82.19,78.68
2026-03-04 10:39:35,93.53,96.71,89.8,94.36,94.82,94.38,92.89,91.36,89.07,88.25,87.41,88.79,87.4,84.08,80.11,80.03,83.42,83.97,79.81,80.94,82.06,82.58,82.72,81.82,79.35,81.74,80.52,80.32,81.48,82.31,82.9,81.5,78.94,78.07,79.77,81.77,83.16,81.71,79.9,82.03,82.56,79.39,79.2,80.41,77.65,79.04,78.26,81.99,84.79,85.51,85.06,81.13,80.83,84.22,85.26,85.28,83.54,83.41,82.18,78.62
2026-03-04 10:39:36,93.74,96.87,89.85,94.55,95.04,94.52,93.05,91.51,89.24,88.46,87.74,89.0,87.5,84.2,80.3,80.3,83.45,83.99,79.96,80.97,82.05,82.64,82.83,81.89,79.28,81.7,80.45,80.26,81.23,82.17,82.8,81.54,78.99,78.13,79.83,82.0,83.19,81.55,79.74,81.91,82.48,79.25,78.92,80.27,77.61,79.09,78.29,81.91,84.6,85.24,84.83,81.06,80.97,84.13,85.29,85.2,83.39,83.32,82.1,78.51
2026-03-04 10:39:37,94.01,97.05,89.95,94.8,95.34,94.66,93.27,91.71,89.47,88.7,88.12,89.2,87.63,84.37,80.55,80.63,83.5,84.03,80.14,81.04,82.03,82.66,82.97,81.99,79.27,81.66,80.33,80.15,81.03,82.03,82.65,81.57,79.01,78.21,79.92,82.22,83.23,81.4,79.58,81.78,82.38,79.15,78.69,80.14,77.56,79.15,78.32,81.81,84.31,84.97,84.6,80.97,81.08,83.97,85.22,85.07,83.17,83.11,81.97,78.42
2026-03-04 10:39:38,94.29,97.3,90.16,95.12,95.69,94.83,93.55,91.97,89.75,88.97,88.51,89.41,87.82,84.64,80.88,80.99,83.61,84.13,80.39,81.14,82.02,82.68,83.12,82.15,79.35,81.66,80.2,79.94,80.83,81.9,82.53,81.6,79.03,78.29,80.0,82.44,83.29,81.25,79.44,81.62,82.24,79.01,78.46,80.03,77.51,79.17,78.32,81.63,83.94,84.71,84.34,80.9,81.12,83.77,85.09,84.95,82.99,82.88,81.85,78.41
2026-03-04 10:39:39,94.56,97.55,90.49,95.49,96.08,95.05,93.88,92.27,90.05,89.28,88.89,89.64,88.07,85.0,81.29,81.39,83.76,84.28,80.65,81.27,82.05,82.67,83.26,82.34,79.5,81.69,80.09,79.69,80.62,81.77,82.38,81.61,79.07,78.34,79.99,82.63,83.32,81.06,79.35,81.51,82.11,78.84,78.17,79.94,77.52,79.21,78.36,81.49,83.56,84.5,84.13,80.84,81.12,83.61,84.95,84.85,82.84,82.65,81.75,78.46
2026-03-04 10:39:40,94.84,97.78,90.92,95.92,96.5,95.33,94.24,92.6,90.36,89.61,89.26,89.89,88.34,85.41,81.76,81.83,83.94,84.44,80.91,81.42,82.12,82.61,83.39,82.56,79.72,81.73,80.0,79.38,80.38,81.63,82.21,81.58,79.14,78.37,79.9,82.78,83.3,80.8,79.28,81.44,81.99,78.65,77.79,79.88,77.6,79.29,78.47,81.4,83.14,84.36,83.98,80.8,81.12,83.47,84.85,84.77,82.69,82.42,81.68,78.53
2026-03-04 10:39:41,95.13,98.0,91.44,96.38,96.93,95.65,94.61,92.95,90.66,89.95,89.63,90.15,88.63,85.88,82.28,82.3,84.15,84.6,81.17,81.59,82.24,82.51,83.51,82.79,79.99,81.8,79.91,79.03,80.12,81.48,82.0,81.53,79.23,78.37,79.75,82.91,83.24,80.48,79.25,81.41,81.88,78.47,77.35,79.82,77.72,79.41,78.64,81.35,82.71,84.27,83.87,80.77,81.12,83.36,84.79,84.73,82.56,82.18,81.64,78.64
2026-03-04 10:39:42,95.42,98.2,92.02,96.87,97.38,96.01,95.0,93.32,90.96,90.32,89.98,90.41,88.93,86.37,82.85,82.8,84.37,84.77,81.42,81.77,82.38,82.38,83.61,83.05,80.3,81.89,79.84,78.66,79.85,81.33,81.78,81.46,79.34,78.35,79.54,83.02,83.14,80.11,79.25,81.42,81.78,78.27,76.84,79.79,77.89,79.56,78.86,81.35,82.26,84.24,83.81,80.75,81.11,83.28,84.76,84.7,82.43,81.94,81.62,78.77
2026-03-04 10:39:43,95.7,98.39,92.65,97.38,97.83,96.39,95.4,93.69,91.25,90.68,90.31,90.68,89.24,86.9,83.44,83.31,84.61,84.95,81.67,81.97,82.56,82.22,83.7,83.31,80.65,82.0,79.77,78.26,79.58,81.18,81.53,81.37,79.46,78.31,79.28,83.11,83.0,79.7,79.27,81.45,81.68,78.08,76.3,79.76,78.1,79.73,79.12,81.37,81.8,84.25,83.78,80.73,81.1,83.22,84.76,84.7,82.32,81.7,81.61,78.92
2026-03-04 10:39:44,95.96,98.54,93.26,97.81,98.22,96.74,95.74,94.02,91.49,90.96,90.6,90.92,89.5,87.41,84.01,83.78,84.83,85.08,81.87,82.12,82.73,82.05,83.75,83.57,81.01,82.11,79.72,77.86,79.31,81.05,81.24,81.29,79.62,78.29,79.03,83.2,82.88,79.33,79.33,81.51,81.59,77.91,75.78,79.77,78.34,79.91,79.39,81.43,81.37,84.28,83.76,80.74,81.09,83.17,84.79,84.72,82.18,81.5,81.65,79.11
2026-03-04 10:39:45,96.14,98.61,93.74,97.99,98.45,96.93,95.93,94.22,91.58,90.98,90.75,91.06,89.61,87.82,84.48,84.09,84.96,85.12,81.94,82.14,82.87,81.86,83.7,83.8,81.36,82.24,79.71,77.5,79.06,80.95,80.84,81.27,79.83,78.34,78.89,83.35,82.86,79.11,79.46,81.6,81.48,77.8,75.44,79.85,78.63,80.09,79.64,81.51,81.05,84.29,83.67,80.78,81.08,83.12,84.86,84.8,81.99,81.39,81.75,79.38
2026-03-04 10:39:46,96.24,98.62,94.09,97.94,98.52,96.98,95.97,94.29,91.54,90.77,90.8,91.11,89.59,88.14,84.84,84.25,85.01,85.06,81.91,82.04,82.98,81.68,83.57,84.01,81.7,82.37,79.73,77.19,78.84,80.89,80.35,81.31,80.09,78.46,78.84,83.55,82.91,79.02,79.65,81.7,81.36,77.77,75.26,79.99,78.95,80.25,79.87,81.61,80.83,84.28,83.54,80.84,81.07,83.06,84.98,84.91,81.74,81.36,81.92,79.71
2026-03-04 10:39:47,96.22,98.48,94.34,97.78,98.48,96.93,95.92,94.24,91.42,90.47,90.76,91.07,89.46,88.33,85.12,84.3,85.01,84.87,81.84,81.89,83.06,81.54,83.4,84.2,82.01,82.48,79.79,76.93,78.63,80.8,79.91,81.39,80.34,78.55,78.8,83.71,82.98,78.99,79.84,81.78,81.18,77.74,75.2,80.18,79.3,80.41,80.04,81.64,80.63,84.21,83.32,80.87,81.01,82.97,85.07,84.99,81.46,81.3,82.06,80.04
2026-03-04 10:39:48,96.03,98.19,94.44,97.51,98.34,96.81,95.75,93.99,91.17,90.13,90.69,90.94,89.26,88.39,85.31,84.27,84.97,84.64,81.79,81.78,83.14,81.45,83.24,84.32,82.28,82.57,79.86,76.72,78.43,80.66,79.54,81.46,80.55,78.58,78.72,83.76,83.04,79.02,80.05,81.84,80.97,77.69,75.18,80.34,79.58,80.49,80.14,81.58,80.4,84.05,83.08,80.85,80.93,82.87,85.1,85.04,81.2,81.17,82.18,80.36
2026-03-04 10:39:49,95.6,97.72,94.34,97.09,98.1,96.62,95.48,93.63,90.82,89.75,90.56,90.73,88.95,88.32,85.39,84.2,84.9,84.43,81.76,81.66,83.21,81.38,83.1,84.41,82.52,82.67,79.91,76.54,78.27,80.52,79.21,81.54,80.73,78.6,78.64,83.76,83.07,79.04,80.2,81.84,80.74,77.62,75.14,80.47,79.83,80.52,80.18,81.52,80.21,83.79,82.85,80.86,80.84,82.77,85.06,85.07,80.98,81.06,82.3,80.67
2026-03-04 10:39:50,95.03,97.12,94.08,96.57,97.75,96.37,95.15,93.24,90.45,89.3,90.29,90.42,88.58,88.13,85.41,84.13,84.79,84.21,81.72,81.45,83.24,81.3,82.93,84.39,82.71,82.76,79.92,76.43,78.15,80.39,78.96,81.6,80.85,78.59,78.6,83.73,82.98,78.95,80.21,81.78,80.53,77.53,75.06,80.5,80.06,80.57,80.23,81.51,80.1,83.56,82.62,80.86,80.79,82.7,85.0,85.05,80.75,80.94,82.33,80.96
2026-03-04 10:39:51,94.36,96.42,93.72,95.96,97.34,96.07,94.8,92.86,90.09,88.82,89.85,89.99,88.16,87.86,85.37,84.06,84.67,83.98,81.65,81.11,83.24,81.22,82.73,84.22,82.81,82.81,79.87,76.39,78.08,80.29,78.79,81.64,80.91,78.59,78.6,83.67,82.77,78.72,80.06,81.7,80.34,77.43,74.94,80.39,80.25,80.65,80.32,81.55,80.08,83.38,82.39,80.87,80.77,82.64,84.92,84.95,80.49,80.78,82.25,81.22
2026-03-04 10:39:52,93.61,95.64,93.27,95.3,96.86,95.74,94.41,92.49,89.72,88.31,89.28,89.48,87.7,87.52,85.29,83.98,84.52,83.74,81.57,80.67,83.21,81.14,82.5,83.93,82.85,82.83,79.78,76.4,78.06,80.21,78.67,81.67,80.93,78.59,78.64,83.58,82.46,78.37,79.78,81.61,80.17,77.33,74.76,80.17,80.4,80.75,80.46,81.63,80.12,83.25,82.17,80.86,80.78,82.61,84.83,84.79,80.22,80.61,82.06,81.45
2026-03-04 10:39:53,92.81,94.8,92.75,94.59,96.34,95.37,94.02,92.12,89.37,87.77,88.6,88.89,87.2,87.13,85.17,83.9,84.37,83.5,81.47,80.14,83.15,81.06,82.25,83.54,82.83,82.83,79.64,76.45,78.06,80.15,78.62,81.67,80.92,78.6,78.7,83.46,82.06,77.93,79.39,81.49,80.02,77.22,74.56,79.86,80.53,80.87,80.62,81.74,80.22,83.16,81.94,80.84,80.82,82.59,84.72,84.58,79.92,80.42,81.8,81.66
2026-03-04 10:39:54,91.95,93.92,92.17,93.85,95.78,94.99,93.61,91.76,89.02,87.23,87.84,88.24,86.68,86.69,85.02,83.82,84.2,83.26,81.36,79.53,83.06,80.98,81.99,83.05,82.75,82.8,79.48,76.55,78.1,80.1,78.61,81.66,80.87,78.61,78.8,83.33,81.59,77.4,78.91,81.36,79.9,77.12,74.32,79.47,80.62,81.0,80.82,81.88,80.37,83.1,81.72,80.82,80.89,82.58,84.59,84.32,79.61,80.21,81.47,81.85
2026-03-04 10:39:55,91.07,93.0,91.55,93.09,95.2,94.58,93.2,91.41,88.68,86.68,87.0,87.55,86.15,86.22,84.84,83.74,84.02,83.02,81.24,78.87,82.95,80.89,81.71,82.5,82.63,82.76,79.28,76.69,78.16,80.07,78.64,81.64,80.8,78.62,78.91,83.18,81.06,76.82,78.36,81.22,79.79,77.01,74.06,79.01,80.69,81.15,81.03,82.04,80.57,83.08,81.5,80.8,80.98,82.59,84.46,84.03,79.3,79.99,81.08,82.02
2026-03-04 10:39:56,90.17,92.07,90.89,92.31,94.61,94.17,92.79,91.08,88.36,86.13,86.12,86.83,85.61,85.73,84.65,83.67,83.84,82.78,81.11,78.17,82.83,80.81,81.43,81.89,82.47,82.71,79.07,76.85,78.24,80.05,78.71,81.6,80.71,78.64,79.04,83.02,80.48,76.18,77.74,81.08,79.7,76.9,73.79,78.5,80.74,81.31,81.26,82.22,80.8,83.09,81.29,80.77,81.08,82.6,84.33,83.72,78.99,79.77,80.64,82.16
2026-03-04 10:39:57,89.27,91.14,90.21,91.54,94.0,93.75,92.39,90.77,88.05,85.59,85.2,86.08,85.06,85.22,84.43,83.59,83.65,82.55,80.98,77.44,82.7,80.73,81.15,81.25,82.28,82.64,78.83,77.03,78.34,80.05,78.8,81.56,80.59,78.65,79.18,82.85,79.87,75.51,77.08,80.92,79.62,76.8,73.5,77.95,80.77,81.47,81.5,82.42,81.06,83.12,81.09,80.73,81.2,82.63,84.19,83.38,78.67,79.55,80.17,82.29
2026-03-04 10:39:58,88.44,90.27,89.59,90.83,93.44,93.36,92.03,90.49,87.79,85.09,84.33,85.37,84.55,84.7,84.23,83.52,83.49,82.35,80.87,76.76,82.56,80.61,80.88,80.61,82.07,82.54,78.6,77.23,78.45,80.04,78.92,81.49,80.46,78.67,79.28,82.61,79.23,74.84,76.44,80.78,79.54,76.65,73.2,77.35,80.77,81.63,81.75,82.63,81.33,83.13,80.91,80.71,81.32,82.65,84.04,83.03,78.37,79.32,79.71,82.41
2026-03-04 10:39:59,87.83,89.58,89.14,90.29,92.97,93.02,91.78,90.28,87.64,84.71,83.64,84.79,84.1,84.19,84.08,83.43,83.39,82.19,80.82,76.24,82.44,80.39,80.68,80.05,81.82,82.39,78.37,77.43,78.58,80.04,79.02,81.37,80.34,78.65,79.27,82.18,78.55,74.27,75.92,80.65,79.44,76.37,72.91,76.66,80.71,81.75,82.0,82.85,81.57,83.06,80.78,80.7,81.44,82.64,83.85,82.66,78.09,79.09,79.33,82.52
2026-03-04 10:40:00,87.43,89.06,88.87,89.91,92.61,92.74,91.63,90.14,87.58,84.43,83.14,84.32,83.72,83.69,83.97,83.34,83.36,82.09,80.82,75.88,82.33,80.07,80.53,79.59,81.55,82.19,78.16,77.63,78.71,80.03,79.1,81.19,80.21,78.62,79.14,81.59,77.85,73.77,75.53,80.55,79.32,75.98,72.61,75.88,80.59,81.86,82.25,83.07,81.8,82.9,80.69,80.71,81.56,82.61,83.64,82.29,77.85,78.86,79.04,82.64
2026-03-04 10:40:01,87.2,88.69,88.74,89.67,92.34,92.52,91.56,90.05,87.6,84.26,82.8,83.97,83.4,83.2,83.91,83.24,83.36,82.04,80.85,75.66,82.23,79.67,80.42,79.2,81.26,81.95,77.97,77.83,78.84,80.0,79.18,80.98,80.09,78.58,78.91,80.87,77.13,73.36,75.24,80.44,79.17,75.51,72.32,75.07,80.44,81.93,82.49,83.3,82.0,82.68,80.63,80.73,81.67,82.55,83.39,81.91,77.64,78.64,78.82,82.74
2026-03-04 10:40:02,87.09,88.42,88.67,89.52,92.1,92.34,91.55,90.0,87.66,84.16,82.56,83.69,83.17,82.73,83.86,83.12,83.33,81.96,80.81,75.51,82.11,79.26,80.28,78.84,80.92,81.68,77.84,78.07,78.99,79.86,79.28,80.81,80.0,78.55,78.64,80.18,76.51,73.05,75.01,80.21,79.02,75.11,72.02,74.38,80.27,81.98,82.72,83.47,82.07,82.38,80.55,80.74,81.76,82.49,83.13,81.57,77.51,78.46,78.64,82.85
2026-03-04 10:40:03,87.05,88.23,88.64,89.43,91.85,92.2,91.58,89.96,87.72,84.13,82.39,83.49,83.02,82.27,83.83,82.98,83.22,81.86,80.63,75.39,81.96,78.88,80.1,78.47,80.54,81.38,77.76,78.35,79.15,79.57,79.44,80.73,79.96,78.53,78.36,79.58,76.04,72.84,74.83,79.81,78.86,74.82,71.7,73.87,80.1,82.01,82.93,83.57,82.0,82.02,80.4,80.72,81.83,82.41,82.86,81.28,77.47,78.33,78.51,82.95
2026-03-04 10:40:04,87.05,88.1,88.64,89.39,91.62,92.1,91.63,89.93,87.78,84.15,82.28,83.33,82.92,81.81,83.8,82.84,83.08,81.76,80.42,75.32,81.81,78.52,79.86,78.13,80.16,81.09,77.74,78.65,79.32,79.21,79.63,80.71,79.94,78.51,78.06,79.07,75.7,72.74,74.67,79.32,78.72,74.64,71.42,73.53,79.96,82.02,83.12,83.6,81.83,81.57,80.24,80.67,81.87,82.34,82.58,81.04,77.5,78.26,78.42,83.05
2026-03-04 10:40:05,87.04,88.01,88.7,89.39,91.45,92.04,91.71,89.91,87.85,84.19,82.2,83.19,82.79,81.32,83.75,82.75,82.97,81.71,80.29,75.34,81.69,78.22,79.6,77.88,79.9,80.86,77.78,78.95,79.49,78.89,79.81,80.73,79.95,78.46,77.71,78.61,75.48,72.74,74.54,78.91,78.62,74.53,71.25,73.32,79.89,82.05,83.29,83.56,81.63,80.99,80.11,80.61,81.83,82.28,82.36,80.86,77.56,78.21,78.38,83.14
2026-03-04 10:40:06,87.01,87.95,88.81,89.4,91.32,92.03,91.82,89.89,87.92,84.26,82.14,83.07,82.64,80.8,83.69,82.68,82.89,81.7,80.26,75.44,81.6,77.96,79.3,77.71,79.73,80.67,77.86,79.23,79.65,78.62,79.99,80.77,79.98,78.4,77.34,78.22,75.39,72.82,74.44,78.57,78.55,74.47,71.17,73.24,79.87,82.09,83.43,83.44,81.43,80.31,80.01,80.54,81.74,82.24,82.18,80.72,77.64,78.2,78.39,83.22
2026-03-04 10:40:07,86.98,87.91,88.94,89.44,91.23,92.04,91.89,89.79,87.92,84.31,82.12,82.98,82.51,80.34,83.59,82.59,82.76,81.64,80.23,75.58,81.5,77.71,79.04,77.6,79.55,80.5,77.94,79.47,79.82,78.45,80.23,80.86,80.04,78.4,77.06,77.88,75.37,72.98,74.41,78.34,78.54,74.47,71.22,73.24,79.89,82.17,83.55,83.3,81.26,79.7,79.95,80.47,81.63,82.26,82.09,80.64,77.79,78.26,78.43,83.31
2026-03-04 10:40:08,86.95,87.83,89.02,89.48,91.14,92.05,91.93,89.65,87.82,84.33,82.12,82.92,82.43,79.95,83.39,82.41,82.6,81.45,80.2,75.74,81.36,77.54,78.86,77.51,79.36,80.34,77.99,79.63,79.99,78.4,80.5,80.97,80.11,78.49,76.87,77.52,75.39,73.19,74.5,78.21,78.57,74.53,71.39,73.35,79.94,82.26,83.67,83.2,81.19,79.26,79.9,80.39,81.51,82.31,82.08,80.65,78.01,78.41,78.48,83.4
2026-03-04 10:40:09,86.9,87.72,89.06,89.51,91.06,92.08,91.95,89.49,87.63,84.3,82.13,82.91,82.41,79.63,83.11,82.17,82.4,81.13,80.16,75.92,81.19,77.42,78.75,77.45,79.15,80.21,77.99,79.7,80.16,78.45,80.81,81.1,80.17,78.66,76.77,77.12,75.43,73.45,74.67,78.18,78.65,74.66,71.66,73.55,80.02,82.37,83.78,83.15,81.2,78.97,79.87,80.3,81.37,82.38,82.15,80.72,78.29,78.63,78.55,83.5
2026-03-04 10:40:10,86.85,87.58,89.07,89.55,90.99,92.11,91.95,89.31,87.36,84.24,82.16,82.93,82.43,79.38,82.76,81.87,82.18,80.72,80.11,76.12,80.99,77.37,78.69,77.4,78.93,80.09,77.96,79.71,80.34,78.57,81.14,81.25,80.22,78.9,76.74,76.69,75.48,73.76,74.93,78.24,78.77,74.84,72.02,73.82,80.12,82.49,83.89,83.13,81.3,78.81,79.85,80.19,81.22,82.48,82.28,80.86,78.62,78.91,78.63,83.61
2026-03-04 10:40:11,86.79,87.41,89.05,89.59,90.93,92.14,91.94,89.11,87.02,84.15,82.2,82.98,82.49,79.18,82.35,81.53,81.94,80.23,80.06,76.32,80.78,77.36,78.69,77.37,78.7,79.99,77.89,79.65,80.52,78.77,81.49,81.41,80.27,79.19,76.78,76.25,75.55,74.1,75.25,78.37,78.92,75.06,72.45,74.17,80.24,82.62,83.99,83.15,81.46,78.78,79.84,80.08,81.05,82.59,82.47,81.04,78.98,79.23,78.71,83.73
2026-03-04 10:40:12,86.73,87.23,89.01,89.63,90.88,92.18,91.91,88.91,86.64,84.03,82.26,83.05,82.58,79.04,81.89,81.15,81.68,79.67,80.0,76.53,80.55,77.4,78.74,77.35,78.47,79.91,77.81,79.55,80.7,79.02,81.86,81.57,80.31,79.52,76.87,75.8,75.64,74.46,75.62,78.56,79.1,75.32,72.93,74.56,80.37,82.76,84.09,83.19,81.68,78.84,79.84,79.96,80.88,82.71,82.7,81.26,79.38,79.59,78.81,83.84
2026-03-04 10:40:13,86.68,87.05,88.95,89.64,90.82,92.21,91.85,88.68,86.23,83.9,82.26,83.14,82.7,78.94,81.45,80.77,81.45,79.13,79.96,76.75,80.33,77.49,78.82,77.33,78.25,79.78,77.72,79.42,80.87,79.31,82.23,81.74,80.37,79.86,77.02,75.39,75.74,74.86,76.01,78.78,79.3,75.63,73.49,75.0,80.5,82.9,84.19,83.26,81.92,78.99,79.86,79.83,80.7,82.84,82.96,81.51,79.74,79.97,78.91,83.96
2026-03-04 10:40:14,86.62,86.89,88.88,89.62,90.74,92.19,91.75,88.44,85.81,83.74,82.22,83.17,82.78,78.83,81.07,80.46,81.28,78.71,79.95,76.97,80.08,77.63,78.93,77.31,78.1,79.62,77.69,79.28,81.03,79.64,82.59,81.87,80.45,80.18,77.24,75.14,75.91,75.29,76.4,78.99,79.49,75.98,74.09,75.5,80.6,83.04,84.27,83.3,82.11,79.15,79.88,79.7,80.56,82.93,83.2,81.76,80.05,80.3,78.94,84.05
2026-03-04 10:40:15,86.53,86.77,88.83,89.62,90.69,92.17,91.68,88.28,85.4,83.55,82.19,83.19,82.87,78.76,80.75,80.25,81.17,78.4,79.94,77.1,79.72,77.79,79.08,77.31,78.04,79.51,77.71,79.16,81.19,79.97,82.81,81.98,80.55,80.44,77.46,75.03,76.14,75.73,76.8,79.17,79.64,76.34,74.73,76.04,80.73,83.19,84.3,83.18,82.25,79.31,79.91,79.63,80.47,82.97,83.36,81.92,80.23,80.53,78.87,84.08
2026-03-04 10:40:16,86.42,86.7,88.85,89.71,90.71,92.18,91.69,88.2,85.05,83.33,82.2,83.22,83.0,78.79,80.53,80.15,81.1,78.21,79.95,77.12,79.32,77.95,79.27,77.3,78.05,79.49,77.8,79.04,81.34,80.26,82.87,82.08,80.67,80.64,77.67,75.03,76.41,76.2,77.22,79.31,79.73,76.72,75.42,76.65,80.92,83.36,84.33,82.89,82.35,79.47,79.98,79.65,80.41,82.94,83.45,81.98,80.25,80.67,78.73,84.04
2026-03-04 10:40:17,86.3,86.68,88.94,89.85,90.79,92.21,91.76,88.2,84.73,83.1,82.24,83.26,83.18,78.89,80.4,80.14,81.08,78.11,79.97,77.05,78.87,78.12,79.5,77.28,78.13,79.54,77.95,78.94,81.48,80.53,82.78,82.2,80.8,80.79,77.88,75.12,76.72,76.69,77.66,79.4,79.76,77.11,76.13,77.3,81.16,83.56,84.34,82.43,82.41,79.62,80.07,79.72,80.4,82.85,83.47,81.95,80.14,80.72,78.53,83.96
2026-03-04 10:40:18,86.16,86.7,89.08,90.06,90.91,92.27,91.89,88.27,84.46,82.85,82.31,83.31,83.38,79.07,80.34,80.21,81.09,78.09,80.0,76.89,78.39,78.29,79.77,77.26,78.26,79.65,78.15,78.85,81.6,80.77,82.57,82.31,80.95,80.9,78.09,75.29,77.05,77.19,78.11,79.45,79.75,77.51,76.87,77.99,81.45,83.77,84.35,81.85,82.45,79.76,80.19,79.85,80.41,82.71,83.43,81.85,79.91,80.7,78.29,83.83
2026-03-04 10:40:19,86.02,86.76,89.26,90.31,91.07,92.34,92.07,88.4,84.23,82.58,82.39,83.37,83.62,79.3,80.35,80.36,81.12,78.14,80.04,76.66,77.89,78.46,80.05,77.24,78.44,79.82,78.38,78.78,81.72,80.99,82.25,82.43,81.11,80.96,78.28,75.54,77.41,77.69,78.57,79.48,79.7,77.92,77.62,78.69,81.77,83.99,84.34,81.16,82.45,79.9,80.33,80.03,80.45,82.53,83.34,81.68,79.59,80.61,78.01,83.67
2026-03-04 10:40:20,85.87,86.86,89.47,90.59,91.27,92.44,92.28,88.57,84.03,82.31,82.5,83.44,83.87,79.58,80.41,80.56,81.19,78.26,80.09,76.38,77.38,78.63,80.35,77.22,78.66,80.04,78.65,78.71,81.82,81.18,81.84,82.55,81.27,80.99,78.47,75.84,77.78,78.2,79.03,79.47,79.61,78.32,78.37,79.41,82.11,84.22,84.33,80.38,82.44,80.04,80.49,80.25,80.52,82.31,83.2,81.46,79.18,80.47,77.69,83.47
2026-03-04 10:40:21,85.71,86.98,89.72,90.91,91.49,92.54,92.52,88.79,83.86,82.04,82.61,83.51,84.14,79.9,80.52,80.81,81.27,78.43,80.14,76.04,76.87,78.79,80.66,77.19,78.92,80.29,78.93,78.65,81.91,81.35,81.36,82.67,81.44,80.99,78.64,76.18,78.15,78.69,79.48,79.44,79.49,78.72,79.11,80.14,82.48,84.46,84.31,79.54,82.41,80.17,80.66,80.5,80.6,82.07,83.03,81.2,78.71,80.29,77.36,83.26
2026-03-04 10:40:22,85.56,87.13,89.99,91.25,91.74,92.66,92.79,89.05,83.73,81.78,82.75,83.59,84.42,80.25,80.68,81.11,81.38,78.64,80.21,75.68,76.35,78.95,80.98,77.17,79.2,80.57,79.25,78.61,81.99,81.5,80.84,82.79,81.62,80.97,78.81,76.57,78.53,79.18,79.93,79.39,79.36,79.11,79.83,80.85,82.86,84.69,84.29,78.66,82.36,80.29,80.84,80.76,80.7,81.81,82.84,80.9,78.19,80.07,77.01,83.02
2026-03-04 10:40:23,85.46,87.32,90.27,91.59,92.0,92.8,93.08,89.35,83.71,81.63,82.97,83.71,84.75,80.64,80.9,81.44,81.51,78.87,80.28,75.41,75.91,79.12,81.29,77.21,79.49,80.86,79.6,78.64,82.03,81.61,80.38,82.93,81.79,80.98,79.01,76.96,78.89,79.67,80.37,79.39,79.25,79.48,80.48,81.51,83.2,84.88,84.24,77.87,82.35,80.46,81.02,81.0,80.83,81.62,82.7,80.64,77.73,79.91,76.75,82.8
2026-03-04 10:40:24,85.37,87.46,90.41,91.87,92.21,92.87,93.28,89.63,83.73,81.45,83.21,83.8,85.07,81.04,81.13,81.75,81.62,79.08,80.36,75.24,75.58,79.28,81.54,77.27,79.76,81.12,79.95,78.69,82.02,81.67,79.99,83.0,81.91,80.97,79.21,77.33,79.21,80.14,80.79,79.42,79.21,79.87,81.09,82.09,83.51,84.97,84.2,77.23,82.33,80.6,81.15,81.25,80.96,81.46,82.58,80.37,77.33,79.81,76.57,82.55
2026-03-04 10:40:25,85.36,87.65,90.61,92.18,92.43,92.89,93.46,89.92,83.84,81.39,83.48,83.85,85.39,81.47,81.4,82.07,81.73,79.26,80.48,75.2,75.38,79.43,81.67,77.34,80.04,81.35,80.19,78.68,81.97,81.72,79.69,83.05,81.96,80.87,79.37,77.7,79.51,80.56,81.15,79.49,79.21,80.27,81.65,82.52,83.73,84.97,84.15,76.71,82.24,80.71,81.33,81.55,81.08,81.3,82.48,80.1,76.99,79.78,76.47,82.3
2026-03-04 10:40:26,85.44,87.96,90.91,92.55,92.65,92.87,93.64,90.26,84.08,81.48,83.77,83.84,85.69,81.96,81.73,82.42,81.87,79.41,80.63,75.28,75.31,79.57,81.65,77.44,80.32,81.57,80.32,78.62,81.9,81.78,79.49,83.1,81.98,80.68,79.5,78.05,79.8,80.92,81.44,79.6,79.23,80.64,82.14,82.8,83.88,84.88,84.09,76.3,82.06,80.79,81.57,81.91,81.19,81.15,82.39,79.83,76.74,79.83,76.48,82.09
2026-03-04 10:40:27,85.6,88.36,91.28,92.94,92.89,92.81,93.81,90.62,84.41,81.7,84.08,83.79,85.99,82.46,82.1,82.79,82.01,79.53,80.8,75.47,75.36,79.69,81.52,77.57,80.61,81.77,80.35,78.53,81.81,81.83,79.38,83.16,81.99,80.42,79.59,78.4,80.1,81.21,81.67,79.74,79.27,80.99,82.58,82.95,83.98,84.73,84.03,75.98,81.83,80.84,81.85,82.3,81.28,81.03,82.33,79.59,76.57,79.94,76.58,81.92
2026-03-04 10:40:28,85.86,88.84,91.69,93.34,93.11,92.73,93.9,90.94,84.78,81.97,84.39,83.73,86.18,82.89,82.45,83.07,82.03,79.61,80.97,75.72,75.49,79.76,81.36,77.72,80.89,81.98,80.4,78.41,81.75,81.9,79.28,83.22,81.97,80.17,79.66,78.78,80.43,81.47,81.9,79.93,79.31,81.23,82.96,83.1,84.09,84.62,84.02,75.81,81.62,80.92,82.17,82.7,81.41,80.93,82.3,79.41,76.55,80.15,76.75,81.81
2026-03-04 10:40:29,86.23,89.38,92.12,93.7,93.3,92.62,93.88,91.17,85.16,82.29,84.68,83.67,86.25,83.21,82.73,83.23,81.89,79.64,81.11,76.02,75.68,79.74,81.21,77.9,81.17,82.21,80.49,78.28,81.74,81.98,79.17,83.29,81.92,79.95,79.71,79.19,80.8,81.71,82.15,80.17,79.36,81.33,83.29,83.28,84.25,84.59,84.07,75.79,81.47,81.04,82.51,83.08,81.6,80.88,82.31,79.31,76.7,80.45,76.97,81.79
2026-03-04 10:40:30,86.69,89.98,92.56,94.04,93.46,92.49,93.78,91.33,85.54,82.64,84.95,83.61,86.21,83.42,82.95,83.29,81.61,79.63,81.23,76.35,75.93,79.66,81.07,78.1,81.44,82.47,80.62,78.15,81.77,82.07,79.04,83.34,81.84,79.76,79.75,79.63,81.22,81.93,82.42,80.45,79.41,81.31,83.58,83.48,84.45,84.63,84.18,75.91,81.36,81.19,82.85,83.45,81.83,80.85,82.36,79.29,76.99,80.83,77.23,81.83
2026-03-04 10:40:31,87.22,90.61,93.01,94.36,93.59,92.34,93.6,91.43,85.91,83.01,85.2,83.56,86.07,83.53,83.13,83.25,81.23,79.59,81.34,76.71,76.23,79.51,80.95,78.31,81.7,82.74,80.78,78.02,81.83,82.16,78.9,83.4,81.74,79.59,79.78,80.08,81.66,82.13,82.7,80.77,79.46,81.19,83.82,83.71,84.68,84.74,84.35,76.14,81.29,81.36,83.21,83.81,82.09,80.84,82.43,79.33,77.41,81.28,77.52,81.93
2026-03-04 10:40:32,87.8,91.27,93.46,94.65,93.71,92.19,93.37,91.48,86.29,83.4,85.44,83.51,85.87,83.58,83.26,83.14,80.75,79.52,81.43,77.09,76.56,79.33,80.84,78.54,81.95,83.01,80.97,77.89,81.93,82.26,78.76,83.46,81.63,79.46,79.79,80.54,82.11,82.3,82.98,81.11,79.51,80.98,84.0,83.95,84.93,84.89,84.55,76.47,81.26,81.56,83.56,84.14,82.38,80.86,82.51,79.42,77.92,81.78,77.84,82.08
2026-03-04 10:40:33,88.4,91.93,93.88,94.95,93.84,92.11,93.17,91.55,86.71,83.8,85.71,83.5,85.72,83.65,83.41,83.04,80.33,79.5,81.52,77.48,76.91,79.18,80.73,78.76,82.15,83.24,81.14,77.79,82.04,82.31,78.66,83.5,81.52,79.37,79.82,80.95,82.43,82.45,83.23,81.42,79.56,80.7,84.06,84.12,85.1,84.98,84.7,76.83,81.25,81.75,83.87,84.37,82.6,80.86,82.52,79.51,78.4,82.22,78.13,82.23
2026-03-04 10:40:34,89.0,92.59,94.27,95.25,93.99,92.13,93.07,91.68,87.17,84.22,86.02,83.55,85.66,83.77,83.59,82.98,80.03,79.56,81.66,77.9,77.27,79.13,80.63,78.98,82.33,83.48,81.32,77.76,82.19,82.32,78.54,83.5,81.46,79.36,79.84,81.3,82.65,82.57,83.46,81.68,79.63,80.42,84.03,84.22,85.16,84.95,84.73,77.16,81.21,81.87,84.07,84.45,82.74,80.88,82.52,79.6,78.85,82.59,78.4,82.37
2026-03-04 10:40:35,89.52,93.21,94.61,95.48,94.14,92.2,92.99,91.81,87.59,84.6,86.31,83.62,85.64,83.95,83.77,82.93,79.76,79.65,81.83,78.33,77.62,79.15,80.58,79.19,82.47,83.66,81.45,77.78,82.34,82.31,78.44,83.44,81.38,79.39,79.86,81.59,82.77,82.66,83.63,81.86,79.69,80.19,83.95,84.28,85.17,84.86,84.64,77.46,81.11,81.94,84.18,84.46,82.84,80.95,82.56,79.72,79.29,82.92,78.65,82.44
2026-03-04 10:40:36,90.0,93.83,94.97,95.67,94.28,92.3,92.93,91.96,88.02,85.0,86.63,83.77,85.67,84.18,83.99,82.95,79.63,79.82,82.02,78.78,77.99,79.23,80.58,79.41,82.58,83.82,81.51,77.86,82.48,82.28,78.34,83.31,81.28,79.44,79.88,81.82,82.85,82.73,83.71,81.98,79.73,80.0,83.86,84.3,85.15,84.71,84.46,77.72,80.96,81.98,84.2,84.46,82.91,80.99,82.58,79.81,79.68,83.2,78.89,82.5
2026-03-04 10:40:37,90.39,94.37,95.24,95.73,94.3,92.29,92.81,91.99,88.38,85.32,86.87,83.92,85.71,84.39,84.18,82.97,79.55,79.96,82.17,79.17,78.31,79.25,80.55,79.59,82.63,83.91,81.55,78.0,82.58,82.23,78.27,83.12,81.13,79.5,79.88,81.99,82.91,82.81,83.72,82.1,79.81,79.84,83.77,84.3,85.08,84.46,84.11,77.92,80.82,81.95,84.15,84.35,82.97,81.06,82.61,79.8,79.98,83.38,79.1,82.49
2026-03-04 10:40:38,90.64,94.75,95.34,95.66,94.2,92.19,92.59,91.94,88.65,85.53,86.93,83.93,85.68,84.52,84.29,82.94,79.45,80.01,82.26,79.46,78.54,79.16,80.36,79.6,82.54,83.91,81.6,78.15,82.63,82.16,78.13,82.88,80.95,79.55,79.88,82.15,82.93,82.85,83.69,82.17,79.86,79.69,83.69,84.3,84.98,84.17,83.71,78.12,80.7,81.9,84.06,84.19,82.99,81.11,82.58,79.73,80.15,83.42,79.23,82.41
2026-03-04 10:40:39,90.68,94.87,95.27,95.48,93.98,91.96,92.25,91.74,88.75,85.57,86.85,83.84,85.56,84.54,84.25,82.87,79.34,80.02,82.26,79.66,78.68,79.03,80.04,79.54,82.39,83.86,81.56,78.28,82.63,82.05,77.99,82.6,80.73,79.57,79.91,82.3,82.89,82.79,83.59,82.22,79.9,79.52,83.6,84.29,84.84,83.86,83.27,78.25,80.59,81.84,83.95,84.04,82.96,81.07,82.46,79.63,80.23,83.38,79.29,82.31
2026-03-04 10:40:40,90.51,94.78,95.05,95.18,93.66,91.64,91.85,91.41,88.73,85.44,86.69,83.65,85.38,84.5,84.14,82.8,79.25,80.02,82.19,79.8,78.81,78.87,79.66,79.44,82.23,83.73,81.49,78.32,82.59,81.91,77.9,82.32,80.54,79.6,79.94,82.41,82.82,82.7,83.43,82.25,79.92,79.3,83.47,84.23,84.64,83.53,82.84,78.34,80.48,81.76,83.81,83.9,82.93,81.04,82.34,79.49,80.28,83.32,79.38,82.25
2026-03-04 10:40:41,90.25,94.59,94.74,94.79,93.26,91.26,91.41,91.03,88.63,85.23,86.5,83.46,85.12,84.4,83.96,82.68,79.15,79.99,82.08,79.93,78.94,78.67,79.25,79.35,82.06,83.51,81.37,78.3,82.48,81.77,77.86,82.06,80.34,79.63,79.97,82.43,82.67,82.55,83.24,82.23,79.86,79.06,83.3,84.17,84.43,83.2,82.34,78.39,80.41,81.73,83.7,83.78,82.88,81.05,82.22,79.38,80.33,83.29,79.51,82.22
2026-03-04 10:40:42,89.93,94.32,94.38,94.35,92.8,90.77,90.91,90.61,88.47,84.97,86.27,83.28,84.82,84.19,83.66,82.47,79.0,79.9,81.96,80.07,79.06,78.44,78.83,79.23,81.9,83.28,81.25,78.28,82.36,81.65,77.84,81.84,80.14,79.53,80.01,82.43,82.51,82.4,83.05,82.2,79.78,78.83,83.12,84.1,84.25,82.91,81.82,78.41,80.37,81.69,83.59,83.66,82.84,81.1,82.09,79.28,80.4,83.3,79.64,82.16
2026-03-04 10:40:43,89.55,93.97,93.97,93.89,92.28,90.19,90.39,90.19,88.21,84.62,85.98,83.1,84.48,83.8,83.23,82.17,78.76,79.68,81.8,80.2,79.16,78.18,78.44,79.13,81.75,82.99,81.1,78.21,82.19,81.49,77.79,81.64,79.97,79.31,80.06,82.45,82.33,82.25,82.9,82.19,79.74,78.64,82.92,84.04,84.11,82.66,81.29,78.44,80.34,81.62,83.49,83.55,82.79,81.15,81.95,79.16,80.44,83.32,79.76,82.07
2026-03-04 10:40:44,89.13,93.54,93.52,93.43,91.71,89.51,89.86,89.77,87.88,84.21,85.65,82.92,84.12,83.25,82.68,81.78,78.45,79.33,81.61,80.34,79.25,77.9,78.07,79.07,81.6,82.64,80.94,78.1,81.97,81.3,77.72,81.47,79.83,79.01,80.12,82.49,82.13,82.11,82.76,82.21,79.75,78.5,82.72,83.99,84.02,82.45,80.76,78.49,80.32,81.51,83.4,83.44,82.73,81.2,81.79,79.03,80.44,83.35,79.88,81.95
2026-03-04 10:40:45,88.67,93.06,93.04,92.96,91.12,88.76,89.32,89.35,87.49,83.75,85.29,82.73,83.73,82.58,82.03,81.33,78.09,78.88,81.38,80.47,79.33,77.59,77.73,79.03,81.47,82.25,80.76,77.96,81.71,81.08,77.63,81.33,79.72,78.64,80.18,82.54,81.92,81.96,82.65,82.24,79.8,78.39,82.51,83.96,83.96,82.27,80.24,78.55,80.31,81.38,83.32,83.33,82.67,81.25,81.63,78.88,80.4,83.39,79.98,81.81
2026-03-04 10:40:46,88.19,92.52,92.54,92.49,90.5,87.97,88.78,88.94,87.05,83.26,84.9,82.54,83.33,81.81,81.31,80.83,77.68,78.35,81.14,80.59,79.39,77.27,77.43,79.01,81.34,81.82,80.57,77.8,81.42,80.85,77.51,81.22,79.62,78.22,80.24,82.6,81.7,81.82,82.56,82.29,79.88,78.32,82.29,83.94,83.93,82.13,79.73,78.62,80.32,81.23,83.25,83.23,82.6,81.3,81.47,78.73,80.34,83.43,80.09,81.66
2026-03-04 10:40:47,87.72,91.92,92.04,92.02,89.89,87.22,88.27,88.51,86.59,82.76,84.49,82.33,82.89,81.04,80.55,80.38,77.34,77.88,80.91,80.72,79.45,77.02,77.2,79.01,81.21,81.35,80.38,77.69,81.18,80.65,77.4,81.11,79.52,77.81,80.29,82.61,81.45,81.66,82.49,82.35,79.95,78.26,82.06,83.88,83.88,81.97,79.28,78.7,80.3,81.09,83.2,83.15,82.58,81.37,81.27,78.59,80.25,83.47,80.23,81.54
2026-03-04 10:40:48,87.33,91.41,91.59,91.56,89.32,86.53,87.76,88.05,86.12,82.28,84.07,82.12,82.46,80.37,79.84,79.99,77.1,77.52,80.69,80.8,79.5,76.84,77.02,79.02,81.07,80.86,80.2,77.62,80.95,80.44,77.36,81.02,79.4,77.45,80.31,82.59,81.2,81.49,82.42,82.38,80.0,78.2,81.81,83.74,83.77,81.76,78.88,78.78,80.27,80.97,83.12,83.09,82.58,81.41,81.07,78.47,80.17,83.51,80.42,81.47
2026-03-04 10:40:49,86.95,90.99,91.2,91.09,88.73,85.87,87.22,87.49,85.66,81.86,83.61,81.92,82.07,79.74,79.16,79.65,76.91,77.22,80.47,80.83,79.46,76.68,76.84,78.99,80.92,80.38,80.01,77.55,80.71,80.24,77.37,80.91,79.19,77.12,80.29,82.56,81.01,81.34,82.31,82.34,79.98,78.1,81.54,83.54,83.56,81.41,78.53,78.9,80.29,80.93,83.07,83.02,82.56,81.41,80.91,78.28,80.07,83.48,80.63,81.41
2026-03-04 10:40:50,86.56,90.64,90.88,90.62,88.13,85.25,86.67,86.81,85.21,81.47,83.09,81.76,81.74,79.13,78.54,79.35,76.8,76.94,80.24,80.83,79.32,76.54,76.7,78.92,80.75,79.88,79.81,77.48,80.51,80.09,77.44,80.8,78.9,76.81,80.22,82.5,80.89,81.23,82.18,82.21,79.89,77.97,81.27,83.3,83.25,80.88,78.24,79.06,80.4,80.95,83.06,82.97,82.52,81.43,80.78,78.01,79.96,83.37,80.83,81.37
2026-03-04 10:40:51,86.16,90.36,90.62,90.17,87.54,84.66,86.11,86.05,84.79,81.13,82.54,81.63,81.44,78.54,77.97,79.1,76.73,76.69,80.02,80.82,79.1,76.41,76.59,78.8,80.57,79.39,79.59,77.41,80.34,80.0,77.57,80.68,78.53,76.52,80.1,82.42,80.82,81.15,82.03,82.01,79.72,77.81,81.0,83.02,82.85,80.2,78.0,79.28,80.56,81.05,83.09,82.93,82.47,81.46,80.68,77.68,79.82,83.19,81.02,81.35
2026-03-04 10:40:52,85.75,90.14,90.41,89.73,86.95,84.11,85.55,85.23,84.38,80.84,81.96,81.54,81.19,77.98,77.45,78.9,76.72,76.47,79.81,80.79,78.81,76.3,76.5,78.65,80.38,78.89,79.37,77.35,80.19,79.94,77.73,80.55,78.1,76.25,79.94,82.33,80.8,81.09,81.86,81.75,79.5,77.63,80.73,82.71,82.38,79.4,77.81,79.52,80.79,81.2,83.14,82.9,82.42,81.5,80.6,77.29,79.68,82.95,81.2,81.34
2026-03-04 10:40:53,85.35,89.96,90.25,89.3,86.37,83.6,85.0,84.35,84.0,80.58,81.35,81.47,80.98,77.44,76.97,78.73,76.75,76.28,79.6,80.75,78.47,76.2,76.44,78.47,80.18,78.4,79.13,77.3,80.07,79.93,77.93,80.43,77.62,76.01,79.76,82.23,80.82,81.05,81.68,81.44,79.23,77.43,80.47,82.38,81.86,78.5,77.68,79.79,81.05,81.39,83.23,82.88,82.36,81.55,80.56,76.86,79.53,82.65,81.37,81.34
2026-03-04 10:40:54,84.95,89.84,90.14,88.89,85.8,83.13,84.45,83.44,83.64,80.35,80.74,81.43,80.8,76.93,76.54,78.59,76.82,76.11,79.4,80.7,78.08,76.11,76.41,78.27,79.98,77.91,78.9,77.25,79.97,79.95,78.16,80.3,77.1,75.78,79.55,82.12,80.88,81.03,81.49,81.09,78.92,77.23,80.22,82.03,81.3,77.52,77.58,80.09,81.36,81.63,83.33,82.87,82.29,81.6,80.53,76.4,79.37,82.32,81.53,81.36
2026-03-04 10:40:55,84.56,89.75,90.06,88.5,85.25,82.69,83.91,82.51,83.31,80.16,80.13,81.41,80.65,76.46,76.16,78.49,76.92,75.97,79.2,80.63,77.66,76.04,76.39,78.05,79.79,77.45,78.67,77.2,79.89,79.99,78.39,80.17,76.57,75.59,79.33,82.01,80.97,81.02,81.29,80.71,78.59,77.01,79.96,81.67,80.71,76.5,77.52,80.39,81.68,81.88,83.44,82.86,82.23,81.66,80.53,75.92,79.21,81.95,81.68,81.37
2026-03-04 10:40:56,84.2,89.63,89.96,88.11,84.72,82.31,83.37,81.61,82.99,79.97,79.61,81.4,80.49,76.04,75.83,78.41,77.04,75.85,79.02,80.57,77.26,76.01,76.4,77.84,79.6,77.05,78.48,77.16,79.78,79.98,78.49,80.01,76.12,75.47,79.14,81.91,81.02,80.96,81.07,80.38,78.28,76.82,79.65,81.29,80.18,75.59,77.51,80.68,81.94,82.11,83.52,82.88,82.2,81.73,80.58,75.55,79.0,81.56,81.79,81.37
2026-03-04 10:40:57,83.87,89.49,89.84,87.71,84.25,81.98,82.81,80.76,82.66,79.67,79.19,81.44,80.36,75.72,75.62,78.36,77.17,75.7,78.83,80.49,76.88,76.02,76.39,77.62,79.42,76.73,78.34,77.1,79.62,79.9,78.41,79.86,75.82,75.44,78.98,81.85,81.03,80.79,80.87,80.12,78.08,76.72,79.37,80.87,79.74,74.88,77.57,80.97,82.16,82.28,83.58,82.95,82.23,81.83,80.7,75.31,78.63,81.17,81.87,81.4
2026-03-04 10:40:58,83.58,89.34,89.69,87.31,83.83,81.7,82.23,79.98,82.33,79.27,78.87,81.5,80.24,75.51,75.51,78.34,77.28,75.5,78.63,80.4,76.51,76.06,76.36,77.38,79.26,76.49,78.25,77.02,79.41,79.76,78.18,79.73,75.65,75.49,78.85,81.81,81.01,80.54,80.69,79.94,77.97,76.7,79.14,80.4,79.38,74.35,77.69,81.25,82.34,82.41,83.64,83.07,82.3,81.94,80.86,75.19,78.12,80.78,81.92,81.45
2026-03-04 10:40:59,83.33,89.16,89.52,86.91,83.46,81.48,81.64,79.26,81.99,78.79,78.63,81.59,80.14,75.39,75.49,78.34,77.39,75.28,78.44,80.3,76.15,76.13,76.31,77.13,79.11,76.32,78.2,76.93,79.16,79.55,77.83,79.61,75.6,75.61,78.75,81.8,80.97,80.22,80.52,79.83,77.95,76.75,78.94,79.91,79.09,73.98,77.86,81.54,82.5,82.49,83.69,83.21,82.42,82.06,81.07,75.16,77.48,80.4,81.96,81.52
2026-03-04 10:41:00,83.1,88.98,89.35,86.52,83.13,81.3,81.06,78.6,81.66,78.27,78.47,81.69,80.05,75.35,75.56,78.37,77.49,75.04,78.24,80.21,75.81,76.22,76.26,76.88,78.97,76.21,78.19,76.84,78.88,79.32,77.39,79.51,75.64,75.78,78.66,81.82,80.9,79.85,80.37,79.77,78.0,76.86,78.78,79.4,78.86,73.76,78.08,81.81,82.62,82.53,83.73,83.38,82.57,82.2,81.31,75.22,76.76,80.03,81.97,81.6
2026-03-04 10:41:01,82.9,88.8,89.13,86.16,82.77,81.1,80.55,78.06,81.41,77.83,78.35,81.72,79.97,75.38,75.68,78.42,77.63,74.88,78.12,80.14,75.53,76.37,76.27,76.68,78.8,76.16,78.24,76.81,78.63,79.11,77.02,79.46,75.73,75.98,78.62,81.82,80.78,79.51,80.26,79.71,78.11,77.02,78.68,78.97,78.71,73.65,78.29,82.05,82.71,82.52,83.72,83.53,82.72,82.28,81.5,75.3,76.08,79.63,81.98,81.68
2026-03-04 10:41:02,82.78,88.64,88.8,85.83,82.43,80.85,80.12,77.68,81.27,77.56,78.26,81.63,79.89,75.5,75.84,78.47,77.8,74.84,78.06,80.07,75.27,76.56,76.37,76.55,78.65,76.18,78.35,76.87,78.42,78.95,76.8,79.5,75.83,76.17,78.61,81.77,80.55,79.22,80.21,79.69,78.28,77.27,78.66,78.66,78.61,73.64,78.49,82.24,82.76,82.49,83.65,83.64,82.83,82.32,81.63,75.41,75.49,79.25,81.99,81.79
2026-03-04 10:41:03,82.75,88.5,88.36,85.53,82.12,80.56,79.78,77.45,81.22,77.41,78.2,81.42,79.82,75.68,76.03,78.53,78.02,74.89,78.06,79.99,75.01,76.79,76.55,76.51,78.54,76.26,78.53,77.0,78.25,78.82,76.71,79.6,75.93,76.34,78.62,81.67,80.21,78.98,80.21,79.72,78.51,77.59,78.72,78.43,78.55,73.73,78.69,82.4,82.79,82.43,83.54,83.71,82.92,82.33,81.73,75.55,74.98,78.9,82.02,81.91
2026-03-04 10:41:04,82.8,88.39,87.84,85.25,81.82,80.22,79.51,77.35,81.26,77.38,78.15,81.12,79.75,75.92,76.25,78.58,78.26,75.04,78.12,79.92,74.75,77.06,76.8,76.52,78.46,76.39,78.75,77.2,78.09,78.73,76.73,79.77,76.02,76.5,78.65,81.53,79.79,78.79,80.26,79.79,78.78,77.96,78.85,78.28,78.52,73.91,78.88,82.53,82.79,82.36,83.38,83.75,82.98,82.3,81.79,75.71,74.54,78.58,82.06,82.05
2026-03-04 10:41:05,82.9,88.29,87.24,84.99,81.54,79.85,79.31,77.36,81.38,77.46,78.12,80.73,79.69,76.2,76.5,78.64,78.53,75.26,78.22,79.84,74.5,77.35,77.1,76.6,78.41,76.57,79.02,77.45,77.97,78.67,76.85,79.98,76.12,76.64,78.7,81.35,79.29,78.64,80.35,79.89,79.08,78.39,79.03,78.21,78.52,74.15,79.06,82.63,82.78,82.28,83.19,83.76,83.03,82.25,81.82,75.89,74.18,78.29,82.1,82.2
2026-03-04 10:41:06,83.07,88.22,86.59,84.75,81.28,79.46,79.16,77.47,81.55,77.62,78.11,80.28,79.64,76.52,76.75,78.7,78.81,75.54,78.35,79.76,74.26,77.67,77.45,76.72,78.38,76.79,79.32,77.74,77.87,78.63,77.06,80.23,76.21,76.77,78.76,81.14,78.74,78.53,80.48,80.02,79.42,78.85,79.26,78.2,78.55,74.45,79.24,82.7,82.74,82.18,82.97,83.74,83.06,82.17,81.82,76.08,73.87,78.03,82.15,82.36
2026-03-04 10:41:07,83.27,88.16,85.9,84.54,81.05,79.05,79.07,77.66,81.78,77.86,78.11,79.78,79.58,76.87,77.02,78.75,79.11,75.87,78.52,79.69,74.04,77.99,77.84,76.88,78.38,77.03,79.64,78.07,77.78,78.62,77.33,80.52,76.3,76.89,78.83,80.91,78.14,78.45,80.63,80.17,79.78,79.34,79.53,78.24,78.61,74.8,79.41,82.75,82.69,82.08,82.72,83.71,83.07,82.08,81.8,76.29,73.62,77.79,82.21,82.52
2026-03-04 10:41:08,83.52,88.12,85.19,84.35,80.83,78.65,79.02,77.92,82.04,78.15,78.12,79.24,79.54,77.23,77.29,78.8,79.42,76.24,78.71,79.62,73.83,78.33,78.25,77.07,78.38,77.29,79.98,78.42,77.72,78.62,77.65,80.83,76.38,77.0,78.92,80.66,77.52,78.4,80.8,80.34,80.15,79.84,79.83,78.33,78.68,75.19,79.56,82.78,82.63,81.97,82.47,83.65,83.07,81.97,81.76,76.5,73.42,77.59,82.27,82.69
2026-03-04 10:41:09,83.81,88.15,84.6,84.21,80.67,78.34,79.05,78.23,82.31,78.48,78.15,78.78,79.5,77.56,77.59,78.88,79.74,76.63,78.92,79.6,73.74,78.66,78.62,77.23,78.38,77.47,80.3,78.75,77.63,78.62,77.95,81.09,76.45,77.11,79.0,80.39,76.94,78.33,80.91,80.49,80.48,80.25,80.06,78.38,78.72,75.58,79.67,82.77,82.55,81.84,82.23,83.59,83.02,81.86,81.71,76.69,73.3,77.43,82.33,82.8
2026-03-04 10:41:10,84.16,88.27,84.15,84.14,80.66,78.25,79.21,78.63,82.63,78.89,78.31,78.5,79.54,77.9,77.97,79.06,80.11,77.04,79.14,79.67,73.82,78.98,78.95,77.39,78.42,77.66,80.58,79.0,77.54,78.62,78.21,81.26,76.45,77.19,79.05,80.13,76.47,78.26,80.84,80.62,80.77,80.55,80.21,78.36,78.72,75.91,79.7,82.7,82.45,81.67,81.97,83.49,82.83,81.74,81.67,76.88,73.26,77.35,82.36,82.81
2026-03-04 10:41:11,84.56,88.48,83.84,84.12,80.78,78.35,79.5,79.11,82.99,79.38,78.59,78.38,79.63,78.25,78.42,79.35,80.52,77.45,79.37,79.81,74.03,79.28,79.24,77.58,78.5,77.86,80.81,79.17,77.44,78.63,78.44,81.34,76.38,77.25,79.07,79.9,76.1,78.2,80.62,80.74,81.03,80.76,80.29,78.28,78.68,76.21,79.63,82.6,82.31,81.45,81.68,83.34,82.51,81.62,81.63,77.08,73.3,77.34,82.38,82.74
2026-03-04 10:41:12,85.0,88.76,83.65,84.16,81.02,78.61,79.9,79.66,83.38,79.92,78.97,78.4,79.78,78.61,78.91,79.71,80.95,77.86,79.61,80.0,74.35,79.57,79.49,77.77,78.61,78.08,81.01,79.27,77.33,78.64,78.64,81.36,76.26,77.28,79.06,79.68,75.82,78.15,80.28,80.85,81.25,80.88,80.31,78.16,78.6,76.46,79.51,82.46,82.16,81.21,81.38,83.17,82.09,81.51,81.6,77.27,73.42,77.39,82.38,82.58
2026-03-04 10:41:13,85.42,89.05,83.52,84.25,81.28,78.95,80.35,80.2,83.75,80.46,79.35,78.47,79.95,78.91,79.31,80.05,81.3,78.22,79.83,80.19,74.71,79.85,79.73,77.98,78.73,78.26,81.16,79.3,77.17,78.64,78.83,81.35,76.14,77.29,79.09,79.52,75.61,78.1,79.93,80.96,81.46,80.99,80.34,78.06,78.52,76.71,79.38,82.32,82.01,80.96,81.1,83.01,81.71,81.41,81.6,77.54,73.65,77.5,82.38,82.4
2026-03-04 10:41:14,85.78,89.33,83.49,84.45,81.65,79.38,80.87,80.77,84.14,81.02,79.78,78.63,80.18,79.23,79.67,80.37,81.59,78.55,80.09,80.41,75.15,80.14,79.91,78.19,78.88,78.42,81.23,79.31,76.97,78.65,78.99,81.32,76.03,77.34,79.17,79.4,75.45,78.07,79.64,81.07,81.68,81.14,80.41,78.02,78.51,77.0,79.26,82.11,81.87,80.77,80.84,82.84,81.37,81.24,81.55,77.88,74.0,77.64,82.33,82.1
2026-03-04 10:41:15,86.13,89.62,83.6,84.77,82.15,79.93,81.46,81.38,84.55,81.62,80.28,78.89,80.46,79.59,80.05,80.69,81.85,78.89,80.38,80.69,75.67,80.44,80.05,78.41,79.05,78.57,81.24,79.31,76.75,78.66,79.13,81.27,75.97,77.45,79.28,79.29,75.38,78.1,79.4,81.19,81.92,81.34,80.55,78.03,78.57,77.33,79.15,81.83,81.75,80.66,80.65,82.62,81.05,80.96,81.43,78.26,74.45,77.8,82.23,81.66
2026-03-04 10:41:16,86.46,89.93,83.82,85.19,82.75,80.58,82.11,82.02,84.99,82.27,80.83,79.23,80.8,80.0,80.46,81.02,82.06,79.24,80.72,81.04,76.26,80.75,80.16,78.63,79.25,78.7,81.18,79.3,76.5,78.67,79.26,81.21,75.94,77.61,79.43,79.19,75.37,78.16,79.22,81.3,82.16,81.58,80.73,78.09,78.67,77.71,79.06,81.5,81.65,80.62,80.51,82.37,80.75,80.61,81.26,78.68,74.96,77.98,82.11,81.13
2026-03-04 10:41:17,86.8,90.26,84.15,85.66,83.39,81.3,82.79,82.65,85.43,82.94,81.42,79.59,81.17,80.44,80.87,81.32,82.28,79.59,81.05,81.39,76.85,81.04,80.26,78.87,79.42,78.79,81.07,79.26,76.26,78.71,79.43,81.18,75.96,77.76,79.59,79.1,75.45,78.25,79.1,81.44,82.4,81.78,80.87,78.15,78.79,78.13,79.06,81.2,81.56,80.61,80.38,82.12,80.52,80.3,81.09,79.1,75.49,78.18,82.03,80.7
2026-03-04 10:41:18,87.16,90.57,84.54,86.11,84.02,82.0,83.47,83.21,85.81,83.58,81.96,79.96,81.56,80.87,81.19,81.61,82.46,79.9,81.33,81.68,77.38,81.31,80.37,79.09,79.56,78.81,80.96,79.21,76.05,78.76,79.66,81.2,76.05,77.89,79.75,79.03,75.59,78.37,79.0,81.56,82.62,81.91,80.93,78.19,78.93,78.61,79.15,80.91,81.44,80.6,80.24,81.91,80.4,80.1,80.98,79.51,76.0,78.38,81.96,80.4
2026-03-04 10:41:19,87.55,90.94,85.03,86.61,84.68,82.75,84.18,83.8,86.2,84.21,82.51,80.37,81.97,81.31,81.47,81.9,82.65,80.23,81.63,81.97,77.95,81.62,80.51,79.34,79.72,78.87,80.89,79.23,75.93,78.89,79.93,81.29,76.23,78.04,79.88,78.97,75.8,78.51,78.89,81.67,82.82,82.01,80.95,78.2,79.04,79.1,79.3,80.67,81.38,80.64,80.11,81.72,80.26,79.93,80.9,79.92,76.57,78.64,81.91,80.12
2026-03-04 10:41:20,87.96,91.37,85.62,87.16,85.4,83.57,84.94,84.44,86.62,84.85,83.1,80.84,82.41,81.77,81.77,82.21,82.87,80.6,81.96,82.31,78.57,81.96,80.7,79.62,79.94,78.97,80.86,79.32,75.96,79.1,80.22,81.44,76.51,78.22,79.98,78.92,76.06,78.68,78.81,81.78,83.02,82.06,80.96,78.21,79.15,79.6,79.51,80.49,81.39,80.73,79.99,81.57,80.03,79.73,80.84,80.36,77.2,78.97,81.88,79.84
2026-03-04 10:41:21,88.4,91.85,86.29,87.76,86.16,84.43,85.75,85.11,87.07,85.48,83.7,81.36,82.88,82.23,82.08,82.52,83.11,81.0,82.32,82.69,79.23,82.33,80.93,79.94,80.2,79.09,80.87,79.46,76.1,79.37,80.53,81.63,76.86,78.43,80.06,78.88,76.36,78.88,78.74,81.88,83.21,82.08,80.95,78.23,79.23,80.11,79.77,80.37,81.47,80.85,79.89,81.44,79.75,79.53,80.78,80.81,77.88,79.36,81.88,79.56
2026-03-04 10:41:22,88.85,92.37,87.03,88.4,86.94,85.33,86.57,85.82,87.54,86.11,84.33,81.92,83.36,82.7,82.38,82.84,83.36,81.41,82.71,83.09,79.91,82.73,81.18,80.29,80.5,79.24,80.92,79.66,76.34,79.7,80.85,81.86,77.27,78.65,80.12,78.85,76.71,79.09,78.68,81.99,83.39,82.07,80.94,78.25,79.31,80.61,80.06,80.3,81.59,81.02,79.8,81.34,79.41,79.32,80.74,81.28,78.59,79.8,81.9,79.27
2026-03-04 10:41:23,89.3,92.91,87.81,89.06,87.73,86.24,87.41,86.54,88.02,86.72,84.95,82.5,83.84,83.16,82.69,83.17,83.62,81.84,83.11,83.51,80.61,83.14,81.46,80.66,80.82,79.4,80.98,79.9,76.66,80.07,81.17,82.12,77.74,78.88,80.15,78.83,77.08,79.32,78.64,82.09,83.57,82.04,80.91,78.27,79.38,81.11,80.39,80.28,81.76,81.21,79.72,81.27,79.03,79.1,80.71,81.74,79.33,80.29,81.94,78.99
2026-03-04 10:41:24,89.75,93.47,88.62,89.72,88.51,87.15,88.23,87.24,88.49,87.32,85.57,83.09,84.31,83.61,82.99,83.48,83.88,82.27,83.51,83.93,81.3,83.54,81.75,81.03,81.15,79.57,81.07,80.17,77.04,80.47,81.5,82.39,78.23,79.11,80.17,78.81,77.47,79.56,78.61,82.18,83.72,81.97,80.88,78.29,79.43,81.59,80.72,80.29,81.96,81.42,79.66,81.21,78.63,78.88,80.69,82.21,80.06,80.79,81.99,78.72
2026-03-04 10:41:25,90.12,93.92,89.33,90.32,89.19,87.94,88.88,87.73,88.88,87.83,86.12,83.6,84.63,83.99,83.25,83.77,84.09,82.62,83.83,84.27,81.93,83.89,81.97,81.34,81.39,79.7,81.1,80.38,77.37,80.79,81.75,82.61,78.67,79.33,80.16,78.8,77.86,79.81,78.62,82.21,83.7,81.8,80.76,78.3,79.45,81.94,80.91,80.24,82.09,81.58,79.64,81.18,78.3,78.72,80.68,82.62,80.73,81.25,82.05,78.5
2026-03-04 10:41:26,90.36,94.22,89.84,90.81,89.76,88.57,89.35,88.06,89.18,88.25,86.57,84.03,84.84,84.25,83.32,83.97,84.23,82.87,84.07,84.52,82.48,84.14,82.07,81.52,81.56,79.76,81.02,80.47,77.66,81.06,81.92,82.77,79.05,79.53,80.18,78.82,78.22,80.04,78.59,82.18,83.57,81.55,80.58,78.27,79.43,82.1,80.99,80.1,82.12,81.63,79.6,81.16,78.06,78.64,80.67,82.97,81.34,81.62,82.11,78.34
2026-03-04 10:41:27,90.51,94.38,90.14,91.18,90.24,89.06,89.66,88.28,89.4,88.56,86.93,84.4,84.96,84.39,83.16,84.07,84.29,83.04,84.25,84.72,82.96,84.3,82.04,81.58,81.66,79.75,80.82,80.44,77.93,81.27,82.05,82.91,79.37,79.7,80.23,78.88,78.57,80.25,78.5,82.08,83.35,81.25,80.36,78.24,79.37,82.06,80.96,79.92,82.09,81.53,79.53,81.1,77.92,78.62,80.62,83.24,81.88,81.92,82.17,78.24
2026-03-04 10:41:28,90.59,94.45,90.29,91.45,90.64,89.45,89.84,88.38,89.55,88.8,87.21,84.71,85.03,84.44,82.83,84.09,84.29,83.15,84.38,84.87,83.38,84.39,81.92,81.56,81.72,79.71,80.54,80.32,78.18,81.47,82.18,83.02,79.63,79.84,80.3,78.95,78.86,80.4,78.36,81.94,83.1,80.96,80.16,78.19,79.29,81.91,80.9,79.74,82.02,81.36,79.46,81.05,77.87,78.67,80.57,83.46,82.4,82.17,82.24,78.19
2026-03-04 10:41:29,90.68,94.52,90.41,91.63,90.98,89.77,89.87,88.38,89.62,88.98,87.41,84.96,85.08,84.44,82.49,84.03,84.18,83.11,84.46,84.97,83.7,84.38,81.72,81.47,81.73,79.66,80.29,80.19,78.44,81.7,82.31,83.09,79.87,79.91,80.37,79.05,79.08,80.49,78.22,81.81,82.91,80.75,80.05,78.15,79.27,81.82,80.89,79.61,81.95,81.18,79.44,81.04,77.92,78.8,80.53,83.66,82.83,82.42,82.34,78.19
2026-03-04 10:41:30,90.76,94.55,90.44,91.71,91.24,90.04,89.85,88.33,89.56,89.04,87.5,85.14,85.04,84.39,82.15,83.84,83.9,82.92,84.42,84.94,83.9,84.32,81.48,81.32,81.67,79.59,80.09,80.07,78.68,81.86,82.38,83.11,80.11,79.97,80.48,79.2,79.22,80.56,78.08,81.67,82.75,80.61,79.98,78.13,79.29,81.73,80.89,79.52,81.9,81.06,79.49,81.07,78.02,78.98,80.56,83.85,83.18,82.62,82.38,78.24
2026-03-04 10:41:31,90.75,94.46,90.39,91.71,91.43,90.27,89.82,88.28,89.43,88.98,87.49,85.27,84.91,84.31,81.85,83.59,83.59,82.64,84.31,84.78,84.0,84.2,81.24,81.16,81.54,79.56,79.92,79.96,78.9,81.92,82.34,83.08,80.36,80.06,80.62,79.33,79.28,80.63,77.98,81.51,82.61,80.55,79.98,78.11,79.32,81.62,80.89,79.42,81.84,81.01,79.59,81.13,78.19,79.2,80.62,84.01,83.45,82.8,82.4,78.24
2026-03-04 10:41:32,90.53,94.18,90.25,91.61,91.5,90.41,89.67,88.18,89.21,88.78,87.36,85.32,84.72,84.07,81.53,83.21,83.26,82.38,84.19,84.54,83.97,83.98,80.96,81.04,81.42,79.52,79.56,79.85,79.1,81.94,82.25,83.01,80.59,80.17,80.74,79.4,79.26,80.68,77.92,81.37,82.47,80.52,79.99,78.07,79.33,81.51,80.84,79.3,81.78,80.98,79.64,81.15,78.41,79.43,80.67,84.13,83.59,82.93,82.43,78.28
2026-03-04 10:41:33,90.09,93.71,90.04,91.44,91.48,90.45,89.37,88.02,88.87,88.42,87.1,85.31,84.49,83.66,81.2,82.67,82.93,82.13,84.04,84.24,83.79,83.65,80.63,80.93,81.32,79.45,78.96,79.74,79.3,81.97,82.17,82.91,80.81,80.31,80.84,79.42,79.17,80.69,77.92,81.26,82.35,80.49,79.99,78.01,79.33,81.41,80.79,79.18,81.72,80.97,79.63,81.12,78.65,79.67,80.74,84.21,83.63,83.01,82.45,78.35
2026-03-04 10:41:34,89.5,93.12,89.77,91.23,91.4,90.39,88.96,87.76,88.46,87.95,86.75,85.22,84.23,83.17,80.84,82.02,82.56,81.89,83.88,83.89,83.5,83.26,80.25,80.83,81.23,79.34,78.23,79.57,79.48,82.0,82.08,82.79,81.0,80.44,80.92,79.39,79.02,80.64,77.92,81.17,82.22,80.44,79.97,77.95,79.32,81.29,80.7,79.07,81.64,80.94,79.57,81.06,78.88,79.88,80.76,84.24,83.55,82.97,82.44,78.44
2026-03-04 10:41:35,88.9,92.53,89.47,91.01,91.32,90.31,88.54,87.43,88.04,87.47,86.41,85.1,84.01,82.74,80.51,81.39,82.17,81.65,83.69,83.55,83.21,82.83,79.85,80.74,81.11,79.18,77.53,79.33,79.6,81.98,81.98,82.6,81.11,80.45,80.93,79.34,78.8,80.49,77.86,81.05,82.05,80.34,79.91,77.88,79.29,81.15,80.57,78.92,81.52,80.87,79.48,80.95,79.03,80.03,80.68,84.17,83.43,82.86,82.36,78.51
2026-03-04 10:41:36,88.35,91.95,89.18,90.78,91.23,90.21,88.15,87.14,87.65,87.01,86.05,85.0,83.83,82.34,80.19,80.8,81.8,81.42,83.46,83.14,82.89,82.36,79.44,80.66,81.02,79.06,76.95,79.13,79.71,81.88,81.78,82.33,81.13,80.4,80.92,79.29,78.57,80.3,77.76,80.89,81.86,80.22,79.82,77.79,79.23,81.0,80.4,78.75,81.36,80.77,79.35,80.81,79.09,80.14,80.6,84.05,83.34,82.77,82.27,78.58
2026-03-04 10:41:37,87.82,91.39,88.91,90.59,91.11,90.0,87.73,86.9,87.3,86.52,85.66,84.89,83.64,81.94,79.84,80.25,81.48,81.21,83.14,82.62,82.51,81.87,79.0,80.58,80.94,79.0,76.5,78.96,79.82,81.74,81.43,81.95,81.03,80.35,80.9,79.17,78.36,80.13,77.69,80.75,81.67,80.06,79.63,77.68,79.19,80.87,80.11,78.54,81.18,80.66,79.24,80.67,79.07,80.23,80.54,83.85,83.25,82.68,82.18,78.59
2026-03-04 10:41:38,87.32,90.84,88.68,90.44,90.96,89.69,87.27,86.7,86.98,86.0,85.24,84.76,83.45,81.55,79.46,79.73,81.19,81.0,82.76,82.0,82.09,81.35,78.51,80.52,80.88,78.98,76.17,78.82,79.94,81.55,80.95,81.47,80.84,80.3,80.85,79.0,78.15,79.97,77.66,80.62,81.49,79.86,79.37,77.55,79.15,80.73,79.7,78.3,80.98,80.54,79.18,80.55,78.99,80.28,80.52,83.58,83.17,82.59,82.09,78.54
2026-03-04 10:41:39,86.85,90.31,88.47,90.32,90.77,89.3,86.79,86.54,86.7,85.47,84.8,84.63,83.27,81.17,79.06,79.24,80.94,80.81,82.33,81.3,81.62,80.82,78.0,80.46,80.83,79.0,75.93,78.72,80.07,81.32,80.35,80.92,80.56,80.24,80.79,78.77,77.96,79.83,77.66,80.52,81.31,79.62,79.03,77.41,79.11,80.61,79.19,78.04,80.76,80.42,79.15,80.45,78.86,80.3,80.52,83.24,83.08,82.5,81.99,78.44
2026-03-04 10:41:40,86.4,89.81,88.29,90.22,90.56,88.84,86.29,86.42,86.42,84.93,84.34,84.49,83.08,80.8,78.65,78.78,80.73,80.62,81.86,80.55,81.12,80.28,77.47,80.4,80.79,79.05,75.78,78.64,80.19,81.07,79.67,80.31,80.21,80.18,80.72,78.51,77.79,79.71,77.69,80.43,81.14,79.36,78.65,77.27,79.08,80.5,78.62,77.77,80.53,80.3,79.14,80.36,78.68,80.3,80.54,82.87,83.01,82.41,81.89,78.29
2026-03-04 10:41:41,85.97,89.34,88.15,90.13,90.29,88.36,85.8,86.3,86.11,84.43,83.91,84.29,82.91,80.47,78.32,78.39,80.52,80.42,81.38,79.86,80.65,79.78,76.96,80.31,80.72,79.1,75.66,78.58,80.26,80.84,79.05,79.72,79.84,80.07,80.6,78.23,77.6,79.58,77.74,80.35,81.01,79.13,78.31,77.16,79.06,80.38,78.07,77.53,80.27,80.11,79.07,80.25,78.51,80.26,80.6,82.53,82.93,82.3,81.8,78.14
2026-03-04 10:41:42,85.53,88.9,88.02,89.96,89.95,87.86,85.32,86.17,85.82,83.98,83.43,84.03,82.74,80.16,78.02,78.05,80.31,80.16,80.87,79.25,80.21,79.29,76.48,80.19,80.6,79.06,75.55,78.5,80.24,80.63,78.51,79.13,79.44,79.9,80.45,77.91,77.3,79.34,77.74,80.25,80.84,78.9,78.01,77.02,78.98,80.2,77.54,77.3,79.97,79.87,78.97,80.13,78.33,80.17,80.65,82.24,82.79,82.14,81.72,78.05
2026-03-04 10:41:43,85.09,88.48,87.79,89.7,89.53,87.34,84.83,86.01,85.55,83.53,82.87,83.67,82.51,79.84,77.71,77.7,80.03,79.82,80.32,78.65,79.76,78.79,76.04,80.03,80.45,78.95,75.45,78.39,80.11,80.39,78.0,78.55,79.06,79.71,80.28,77.57,76.93,79.02,77.7,80.12,80.58,78.62,77.72,76.79,78.85,79.98,77.03,77.08,79.58,79.63,78.87,80.03,78.14,80.04,80.72,81.98,82.59,81.93,81.66,78.01
2026-03-04 10:41:44,84.54,88.05,87.48,89.35,89.09,86.79,84.38,85.86,85.28,83.05,82.33,83.29,82.28,79.52,77.38,77.36,79.73,79.44,79.78,78.07,79.29,78.33,75.62,79.82,80.28,78.81,75.36,78.16,79.84,80.1,77.54,78.02,78.69,79.52,80.05,77.18,76.6,78.66,77.65,79.98,80.24,78.33,77.47,76.57,78.67,79.72,76.57,76.88,79.13,79.38,78.6,79.98,78.02,79.94,80.79,81.75,82.36,81.69,81.55,77.98
2026-03-04 10:41:45,83.84,87.6,87.14,88.93,88.63,86.2,83.97,85.73,84.99,82.54,81.83,82.93,82.07,79.23,77.01,77.05,79.44,79.02,79.26,77.55,78.85,77.92,75.21,79.56,80.1,78.68,75.26,77.81,79.44,79.78,77.15,77.54,78.35,79.32,79.75,76.74,76.31,78.28,77.6,79.85,79.83,78.05,77.26,76.35,78.42,79.42,76.14,76.69,78.69,79.11,78.1,79.94,77.98,79.87,80.84,81.53,82.13,81.43,81.39,77.96
2026-03-04 10:41:46,83.02,87.13,86.76,88.44,88.16,85.61,83.62,85.62,84.68,81.98,81.37,82.6,81.89,78.96,76.61,76.76,79.16,78.57,78.76,77.06,78.42,77.55,74.81,79.26,79.92,78.54,75.15,77.37,78.93,79.45,76.81,77.11,78.03,79.1,79.39,76.27,76.06,77.87,77.53,79.72,79.35,77.78,77.11,76.14,78.12,79.09,75.75,76.52,78.24,78.83,77.39,79.92,78.0,79.82,80.89,81.32,81.9,81.15,81.18,77.95
2026-03-04 10:41:47,82.1,86.66,86.36,87.91,87.69,85.0,83.31,85.52,84.36,81.41,80.96,82.28,81.73,78.7,76.19,76.49,78.89,78.12,78.28,76.63,78.0,77.23,74.43,78.93,79.75,78.41,75.04,76.84,78.34,79.1,76.52,76.73,77.73,78.89,78.98,75.78,75.84,77.45,77.46,79.6,78.82,77.52,76.99,75.95,77.77,78.74,75.38,76.36,77.81,78.56,76.52,79.92,78.08,79.79,80.92,81.12,81.68,80.86,80.93,77.93
2026-03-04 10:41:48,81.11,86.19,85.95,87.34,87.22,84.38,83.04,85.43,84.04,80.82,80.58,81.99,81.59,78.47,75.75,76.25,78.62,77.65,77.82,76.23,77.61,76.94,74.06,78.58,79.57,78.28,74.94,76.24,77.69,78.74,76.28,76.39,77.46,78.67,78.54,75.28,75.65,77.01,77.38,79.48,78.25,77.27,76.91,75.76,77.38,78.36,75.05,76.22,77.39,78.28,75.51,79.93,78.21,79.77,80.95,80.93,81.47,80.55,80.65,77.92
2026-03-04 10:41:49,80.05,85.72,85.52,86.74,86.75,83.77,82.82,85.35,83.71,80.23,80.24,81.72,81.46,78.25,75.3,76.02,78.37,77.18,77.39,75.87,77.24,76.69,73.7,78.22,79.4,78.15,74.83,75.59,76.98,78.38,76.08,76.09,77.21,78.45,78.07,74.77,75.5,76.57,77.29,79.36,77.66,77.03,76.86,75.58,76.96,77.97,74.74,76.09,76.97,78.0,74.4,79.96,78.38,79.77,80.97,80.76,81.26,80.24,80.35,77.91
2026-03-04 10:41:50,78.96,85.26,85.09,86.13,86.3,83.17,82.62,85.29,83.38,79.64,79.94,81.47,81.36,78.06,74.84,75.82,78.13,76.71,76.98,75.55,76.9,76.47,73.37,77.84,79.24,78.03,74.72,74.91,76.23,78.02,75.92,75.84,76.98,78.23,77.58,74.26,75.37,76.13,77.21,79.25,77.04,76.81,76.84,75.42,76.53,77.58,74.47,75.98,76.58,77.72,73.2,79.99,78.58,79.79,80.98,80.6,81.06,79.94,80.03,77.91
2026-03-04 10:41:51,77.86,84.82,84.67,85.51,85.86,82.59,82.46,85.23,83.05,79.05,79.66,81.24,81.27,77.87,74.39,75.63,77.9,76.25,76.61,75.27,76.57,76.28,73.06,77.47,79.08,77.91,74.61,74.2,75.46,77.66,75.79,75.62,76.76,78.01,77.09,73.75,75.26,75.7,77.12,79.13,76.42,76.6,76.84,75.26,76.09,77.18,74.22,75.87,76.2,77.45,71.96,80.03,78.8,79.81,80.98,80.44,80.87,79.63,79.7,77.9
2026-03-04 10:41:52,76.93,84.46,84.3,84.91,85.43,82.02,82.3,85.14,82.67,78.49,79.36,80.97,81.13,77.6,73.93,75.42,77.66,75.82,76.27,74.99,76.25,76.14,72.83,77.13,78.91,77.79,74.53,73.57,74.75,77.31,75.64,75.44,76.57,77.8,76.62,73.3,75.18,75.3,77.02,78.93,75.85,76.4,76.8,75.09,75.64,76.77,73.99,75.78,75.84,77.18,70.85,80.02,79.0,79.83,80.94,80.28,80.7,79.34,79.41,77.91
2026-03-04 10:41:53,76.11,84.16,83.99,84.35,84.95,81.42,82.11,85.02,82.3,77.96,79.04,80.69,80.95,77.25,73.49,75.25,77.44,75.41,75.98,74.73,76.02,76.06,72.69,76.86,78.76,77.7,74.47,73.05,74.15,76.96,75.5,75.3,76.4,77.63,76.21,72.92,75.11,74.95,76.89,78.67,75.32,76.25,76.78,74.91,75.22,76.39,73.81,75.72,75.51,76.91,69.93,79.93,79.16,79.84,80.9,80.14,80.57,79.08,79.13,77.9
2026-03-04 10:41:54,75.38,83.88,83.72,83.81,84.44,80.85,81.89,84.85,81.94,77.49,78.75,80.43,80.8,76.9,73.12,75.12,77.24,75.04,75.72,74.52,75.83,76.01,72.64,76.65,78.61,77.57,74.42,72.6,73.61,76.59,75.34,75.18,76.22,77.48,75.87,72.61,75.08,74.67,76.8,78.39,74.85,76.16,76.78,74.77,74.85,76.1,73.73,75.71,75.22,76.7,69.25,79.84,79.26,79.8,80.84,80.0,80.41,78.86,78.83,77.82
2026-03-04 10:41:55,74.82,83.66,83.53,83.31,83.93,80.31,81.68,84.66,81.57,77.07,78.45,80.13,80.64,76.59,72.81,74.99,76.99,74.7,75.43,74.35,75.68,75.96,72.68,76.49,78.35,77.4,74.41,72.27,73.14,76.26,75.21,75.11,76.09,77.36,75.64,72.41,75.09,74.45,76.7,78.07,74.45,76.1,76.78,74.67,74.58,75.89,73.7,75.65,74.99,76.58,68.79,79.78,79.29,79.72,80.77,79.83,80.2,78.66,78.57,77.7
2026-03-04 10:41:56,74.47,83.55,83.41,82.89,83.47,79.79,81.47,84.46,81.24,76.69,78.05,79.79,80.45,76.33,72.6,74.87,76.65,74.35,75.07,74.21,75.58,75.96,72.79,76.35,77.92,77.24,74.47,72.05,72.75,76.02,75.19,75.14,76.03,77.26,75.52,72.32,75.07,74.29,76.59,77.75,74.08,76.02,76.7,74.65,74.43,75.75,73.69,75.43,74.81,76.52,68.48,79.72,79.25,79.63,80.7,79.66,79.92,78.42,78.34,77.54
2026-03-04 10:41:57,74.3,83.53,83.36,82.55,83.06,79.3,81.27,84.25,80.95,76.34,77.56,79.44,80.23,76.11,72.47,74.77,76.24,73.99,74.64,74.09,75.54,76.01,72.97,76.21,77.35,77.09,74.59,71.94,72.42,75.86,75.26,75.27,76.04,77.18,75.5,72.34,75.03,74.18,76.47,77.44,73.72,75.91,76.54,74.68,74.37,75.68,73.72,75.07,74.69,76.51,68.28,79.68,79.16,79.52,80.63,79.48,79.56,78.14,78.13,77.34
2026-03-04 10:41:58,74.29,83.58,83.37,82.27,82.68,78.83,81.08,84.05,80.69,76.03,77.0,79.07,80.0,75.93,72.41,74.68,75.76,73.61,74.15,74.0,75.55,76.1,73.2,76.09,76.66,76.95,74.76,71.92,72.15,75.78,75.42,75.48,76.09,77.11,75.55,72.45,74.96,74.12,76.34,77.12,73.39,75.8,76.32,74.75,74.4,75.66,73.76,74.59,74.62,76.55,68.18,79.65,79.02,79.4,80.56,79.31,79.15,77.84,77.95,77.11
2026-03-04 10:41:59,74.42,83.7,83.42,82.06,82.34,78.39,80.91,83.85,80.47,75.75,76.39,78.7,79.75,75.77,72.42,74.6,75.23,73.24,73.62,73.91,75.6,76.23,73.47,75.98,75.87,76.82,74.97,71.97,71.94,75.77,75.66,75.76,76.2,77.05,75.67,72.63,74.87,74.11,76.19,76.82,73.07,75.67,76.05,74.88,74.51,75.69,73.83,74.01,74.6,76.62,68.17,79.63,78.83,79.26,80.48,79.14,78.69,77.52,77.79,76.86
2026-03-04 10:42:00,74.67,83.87,83.51,81.91,82.05,77.98,80.75,83.65,80.27,75.51,75.73,78.32,79.49,75.64,72.49,74.54,74.67,72.86,73.06,73.85,75.68,76.39,73.78,75.89,75.01,76.7,75.22,72.1,71.78,75.81,75.95,76.1,76.34,77.0,75.85,72.87,74.77,74.13,76.05,76.52,72.78,75.52,75.73,75.03,74.68,75.76,73.92,73.35,74.61,76.72,68.25,79.62,78.61,79.12,80.41,78.98,78.2,77.19,77.65,76.58
2026-03-04 10:42:01,75.02,84.09,83.64,81.8,81.78,77.59,80.6,83.46,80.1,75.29,75.04,77.94,79.22,75.55,72.6,74.48,74.08,72.49,72.48,73.8,75.79,76.57,74.12,75.8,74.09,76.59,75.5,72.28,71.67,75.89,76.3,76.49,76.51,76.96,76.08,73.17,74.65,74.18,75.89,76.24,72.51,75.38,75.39,75.22,74.9,75.87,74.01,72.63,74.65,76.85,68.38,79.61,78.37,78.97,80.34,78.82,77.69,76.85,77.53,76.3
2026-03-04 10:42:02,75.46,84.35,83.8,81.74,81.55,77.23,80.46,83.27,79.96,75.1,74.34,77.57,78.95,75.47,72.76,74.43,73.47,72.12,71.88,73.76,75.93,76.76,74.47,75.73,73.13,76.49,75.8,72.51,71.6,76.02,76.68,76.91,76.71,76.94,76.35,73.52,74.53,74.26,75.74,75.97,72.26,75.22,75.01,75.43,75.17,76.0,74.12,71.87,74.73,77.0,68.58,79.61,78.1,78.82,80.27,78.67,77.16,76.5,77.43,76.0
2026-03-04 10:42:03,75.96,84.64,83.98,81.72,81.35,76.9,80.33,83.09,79.84,74.93,73.62,77.21,78.68,75.42,72.95,74.4,72.86,71.77,71.28,73.73,76.09,76.98,74.85,75.67,72.15,76.4,76.11,72.78,71.56,76.19,77.09,77.36,76.93,76.92,76.65,73.89,74.39,74.36,75.59,75.71,72.04,75.07,74.62,75.66,75.48,76.16,74.24,71.07,74.82,77.16,68.82,79.62,77.82,78.66,80.2,78.52,76.62,76.15,77.35,75.69
2026-03-04 10:42:04,76.51,84.96,84.18,81.73,81.18,76.6,80.22,82.92,79.74,74.79,72.9,76.86,78.41,75.38,73.17,74.36,72.24,71.43,70.68,73.71,76.26,77.2,75.23,75.61,71.16,76.32,76.44,73.08,71.56,76.38,77.53,77.83,77.17,76.91,76.98,74.29,74.25,74.47,75.44,75.47,71.83,74.91,74.21,75.9,75.81,76.34,74.36,70.25,74.94,77.34,69.1,79.63,77.52,78.51,80.14,78.38,76.07,75.81,77.28,75.39
2026-03-04 10:42:05,77.11,85.29,84.4,81.77,81.04,76.32,80.11,82.75,79.66,74.67,72.19,76.52,78.15,75.36,73.4,74.34,71.63,71.1,70.08,73.71,76.45,77.43,75.61,75.56,70.16,76.25,76.77,73.4,71.58,76.6,77.98,78.31,77.42,76.9,77.32,74.71,74.11,74.61,75.29,75.24,71.64,74.76,73.8,76.15,76.16,76.53,74.49,69.42,75.07,77.53,69.41,79.64,77.22,78.35,80.08,78.25,75.53,75.47,77.22,75.09
2026-03-04 10:42:06,77.74,85.63,84.62,81.83,80.92,76.07,80.02,82.6,79.6,74.58,71.49,76.2,77.89,75.36,73.66,74.33,71.02,70.78,69.5,73.71,76.64,77.66,75.99,75.52,69.17,76.19,77.1,73.75,71.63,76.83,78.44,78.8,77.68,76.91,77.68,75.14,73.96,74.75,75.14,75.03,71.48,74.6,73.38,76.41,76.53,76.73,74.62,68.59,75.22,77.72,69.74,79.65,76.92,78.2,80.02,78.13,75.0,75.14,77.18,74.79
2026-03-04 10:42:07,78.38,85.98,84.86,81.92,80.82,75.84,79.93,82.45,79.55,74.5,70.81,75.89,77.64,75.37,73.92,74.31,70.43,70.48,68.93,73.71,76.84,77.89,76.37,75.49,68.2,76.13,77.43,74.1,71.69,77.07,78.9,79.29,77.94,76.91,78.04,75.58,73.82,74.9,75.0,74.83,71.33,74.45,72.97,76.67,76.91,76.94,74.75,67.77,75.37,77.92,70.09,79.67,76.61,78.06,79.96,78.02,74.48,74.82,77.15,74.5
2026-03-04 10:42:08,79.04,86.34,85.09,82.02,80.74,75.64,79.86,82.32,79.52,74.43,70.15,75.59,77.41,75.39,74.2,74.31,69.86,70.2,68.38,73.73,77.04,78.12,76.75,75.47,67.26,76.08,77.75,74.46,71.77,77.33,79.36,79.77,78.2,76.92,78.41,76.02,73.68,75.06,74.87,74.64,71.19,74.31,72.56,76.93,77.29,77.16,74.88,66.96,75.53,78.12,70.45,79.69,76.32,77.92,79.91,77.91,73.97,74.51,77.12,74.21
2026-03-04 10:42:09,79.7,86.69,85.33,82.13,80.68,75.46,79.79,82.19,79.51,74.39,69.51,75.32,77.18,75.42,74.47,74.31,69.31,69.94,67.85,73.74,77.24,78.35,77.11,75.45,66.34,76.04,78.07,74.83,71.87,77.58,79.81,80.25,78.46,76.94,78.77,76.45,73.54,75.22,74.74,74.47,71.07,74.17,72.17,77.19,77.67,77.37,75.01,66.17,75.69,78.31,70.81,79.72,76.02,77.78,79.86,77.82,73.48,74.22,77.11,73.94
2026-03-04 10:42:10,80.36,87.03,85.56,82.26,80.64,75.3,79.73,82.08,79.5,74.35,68.91,75.06,76.96,75.45,74.75,74.31,68.78,69.69,67.35,73.77,77.44,78.57,77.46,75.43,65.46,76.01,78.38,75.19,71.98,77.84,80.25,80.71,78.71,76.96,79.14,76.88,73.4,75.39,74.62,74.32,70.97,74.03,71.78,77.44,78.05,77.59,75.14,65.41,75.86,78.51,71.18,79.74,75.74,77.65,79.81,77.73,73.02,73.94,77.11,73.68
2026-03-04 10:42:11,81.0,87.37,85.8,82.4,80.62,75.16,79.69,81.97,79.5,74.33,68.34,74.82,76.76,75.5,75.03,74.32,68.29,69.47,66.88,73.79,77.64,78.79,77.8,75.42,64.63,75.98,78.68,75.55,72.1,78.1,80.68,81.15,78.96,76.98,79.49,77.29,73.27,75.55,74.51,74.18,70.89,73.91,71.42,77.68,78.42,77.8,75.26,64.69,76.03,78.7,71.55,79.76,75.47,77.54,79.77,77.64,72.58,73.68,77.11,73.43
2026-03-04 10:42:12,81.66,87.73,86.08,82.61,80.67,75.13,79.67,81.91,79.53,74.4,67.93,74.63,76.62,75.56,75.28,74.39,67.91,69.35,66.53,73.82,77.8,79.03,78.14,75.44,63.97,75.99,78.97,75.92,72.23,78.34,81.0,81.51,79.17,77.02,79.85,77.71,73.18,75.7,74.47,74.14,70.88,73.84,71.16,77.94,78.8,78.01,75.41,64.16,76.23,78.92,71.97,79.76,75.31,77.51,79.75,77.49,72.23,73.52,77.13,73.28
2026-03-04 10:42:13,82.31,88.11,86.42,82.9,80.82,75.23,79.73,81.89,79.67,74.61,67.75,74.53,76.58,75.7,75.5,74.55,67.76,69.43,66.4,73.92,77.92,79.27,78.48,75.46,63.45,76.05,79.27,76.29,72.28,78.55,81.24,81.69,79.23,76.97,80.18,78.12,73.15,75.81,74.51,74.19,70.98,73.88,71.08,78.25,79.19,78.21,75.56,63.85,76.44,79.18,72.48,79.82,75.3,77.6,79.76,77.27,72.01,73.47,77.18,73.25
2026-03-04 10:42:14,82.96,88.52,86.82,83.26,81.05,75.45,79.85,81.93,79.89,74.96,67.8,74.51,76.64,75.91,75.68,74.78,67.83,69.67,66.49,74.08,77.98,79.53,78.81,75.48,63.04,76.13,79.58,76.67,72.27,78.74,81.39,81.73,79.17,76.86,80.47,78.54,73.18,75.88,74.61,74.34,71.2,74.02,71.17,78.61,79.59,78.4,75.73,63.74,76.68,79.47,73.05,79.93,75.41,77.79,79.81,76.99,71.91,73.54,77.25,73.34
2026-03-04 10:42:15,83.59,88.95,87.27,83.68,81.36,75.77,80.02,82.01,80.19,75.42,68.03,74.56,76.79,76.18,75.83,75.07,68.08,70.06,66.75,74.28,78.01,79.8,79.13,75.51,62.73,76.24,79.9,77.04,72.19,78.9,81.47,81.62,78.99,76.68,80.74,78.95,73.27,75.92,74.76,74.56,71.49,74.24,71.39,79.0,79.99,78.57,75.9,63.79,76.93,79.78,73.67,80.08,75.63,78.06,79.89,76.67,71.89,73.7,77.35,73.52
2026-03-04 10:42:16,84.2,89.36,87.7,84.12,81.69,76.15,80.23,82.11,80.54,75.92,68.4,74.69,77.02,76.49,75.98,75.41,68.47,70.56,67.16,74.53,78.01,80.05,79.42,75.54,62.57,76.37,80.17,77.38,72.08,79.0,81.48,81.43,78.73,76.46,80.96,79.33,73.38,75.94,74.95,74.83,71.86,74.53,71.7,79.39,80.36,78.73,76.08,63.98,77.17,80.08,74.31,80.21,75.89,78.36,79.98,76.34,71.97,73.93,77.43,73.74
2026-03-04 10:42:17,84.74,89.69,88.0,84.44,81.97,76.5,80.39,82.17,80.84,76.37,68.83,74.83,77.26,76.77,76.15,75.75,68.9,71.09,67.65,74.75,77.99,80.25,79.6,75.57,62.59,76.49,80.3,77.65,71.97,78.99,81.41,81.17,78.44,76.27,81.06,79.63,73.51,75.94,75.15,75.09,72.17,74.82,72.02,79.66,80.67,78.89,76.26,64.24,77.41,80.34,74.9,80.19,76.07,78.55,80.0,76.06,72.12,74.19,77.46,73.99
2026-03-04 10:42:18,85.17,89.91,88.18,84.63,82.16,76.78,80.46,82.13,81.05,76.69,69.21,74.86,77.39,76.82,76.27,76.03,69.33,71.6,68.1,74.82,77.93,80.35,79.59,75.6,62.75,76.55,80.23,77.82,71.88,78.93,81.27,80.76,78.15,76.08,81.04,79.84,73.64,75.9,75.32,75.29,72.25,75.08,72.33,79.84,80.92,79.01,76.45,64.61,77.61,80.56,75.45,79.95,76.21,78.68,79.97,75.83,72.33,74.48,77.32,74.27
2026-03-04 10:42:19,85.49,90.04,88.26,84.73,82.28,76.98,80.44,81.99,81.17,76.91,69.53,74.76,77.43,76.66,76.33,76.26,69.74,72.07,68.52,74.76,77.83,80.37,79.43,75.62,63.03,76.56,79.98,77.91,71.82,78.82,81.06,80.23,77.84,75.9,80.93,79.99,73.77,75.84,75.45,75.44,72.12,75.3,72.64,79.92,81.12,79.1,76.62,65.07,77.79,80.76,75.96,79.53,76.3,78.76,79.89,75.65,72.57,74.78,77.02,74.58
2026-03-04 10:42:20,85.71,90.09,88.26,84.74,82.32,77.13,80.35,81.77,81.21,77.03,69.81,74.58,77.39,76.34,76.35,76.43,70.15,72.51,68.9,74.58,77.69,80.32,79.15,75.65,63.41,76.52,79.59,77.93,71.78,78.67,80.8,79.6,77.54,75.74,80.74,80.07,73.9,75.75,75.56,75.56,71.83,75.5,72.95,79.92,81.26,79.17,76.78,65.59,77.95,80.93,76.42,78.95,76.37,78.81,79.78,75.5,72.84,75.08,76.6,74.9
2026-03-04 10:42:21,85.89,90.11,88.22,84.72,82.37,77.26,80.25,81.52,81.2,77.12,70.1,74.39,77.36,76.03,76.36,76.6,70.58,72.93,69.21,74.33,77.52,80.22,78.82,75.66,63.82,76.4,79.14,77.91,71.76,78.51,80.51,78.96,77.26,75.61,80.53,80.16,74.04,75.67,75.69,75.66,71.54,75.65,73.26,79.89,81.36,79.22,76.9,66.1,78.12,81.1,76.85,78.32,76.44,78.83,79.66,75.41,73.12,75.37,76.2,75.2
2026-03-04 10:42:22,85.97,90.09,88.21,84.66,82.43,77.42,80.19,81.32,81.19,77.18,70.39,74.26,77.36,75.8,76.36,76.75,71.04,73.34,69.55,74.1,77.32,80.11,78.51,75.64,64.28,76.27,78.72,77.89,71.77,78.35,80.23,78.44,77.04,75.53,80.37,80.26,74.23,75.68,75.88,75.74,71.3,75.79,73.55,79.87,81.45,79.25,77.0,66.67,78.27,81.27,77.26,77.8,76.5,78.86,79.52,75.38,73.39,75.64,75.92,75.53
2026-03-04 10:42:23,85.9,90.04,88.21,84.63,82.49,77.59,80.18,81.18,81.2,77.18,70.68,74.19,77.42,75.66,76.38,76.88,71.5,73.79,69.87,73.92,77.18,80.01,78.26,75.66,64.79,76.2,78.33,77.86,71.84,78.23,80.0,78.08,76.91,75.5,80.21,80.36,74.46,75.77,76.11,75.74,71.14,75.93,73.79,79.83,81.53,79.27,77.13,67.31,78.4,81.42,77.61,77.37,76.63,78.94,79.3,75.44,73.7,75.91,75.79,75.88
2026-03-04 10:42:24,85.71,89.97,88.23,84.62,82.55,77.79,80.2,81.1,81.23,77.12,70.95,74.19,77.54,75.6,76.42,76.98,71.98,74.27,70.2,73.79,77.08,79.91,78.07,75.73,65.34,76.17,77.98,77.84,71.97,78.15,79.81,77.85,76.88,75.53,80.07,80.44,74.71,75.93,76.38,75.66,71.06,76.08,74.0,79.77,81.62,79.28,77.28,68.0,78.51,81.55,77.9,77.04,76.82,79.07,79.0,75.56,74.02,76.18,75.78,76.23
2026-03-04 10:42:25,85.42,89.86,88.26,84.65,82.61,77.99,80.26,81.07,81.29,77.01,71.21,74.25,77.71,75.61,76.49,77.04,72.46,74.76,70.51,73.71,77.03,79.82,77.95,75.84,65.9,76.18,77.66,77.81,72.15,78.11,79.66,77.76,76.93,75.6,79.93,80.52,74.98,76.15,76.68,75.51,71.04,76.23,74.17,79.7,81.71,79.29,77.45,68.73,78.6,81.65,78.14,76.79,77.06,79.23,78.64,75.75,74.36,76.46,75.89,76.58
2026-03-04 10:42:26,85.05,89.74,88.31,84.7,82.67,78.21,80.36,81.09,81.36,76.86,71.46,74.36,77.93,75.68,76.57,77.09,72.94,75.26,70.81,73.66,77.01,79.74,77.87,75.98,66.48,76.22,77.38,77.78,72.36,78.1,79.55,77.77,77.05,75.71,79.8,80.58,75.27,76.43,77.01,75.31,71.08,76.38,74.31,79.62,81.8,79.29,77.63,69.47,78.67,81.73,78.33,76.62,77.33,79.42,78.23,75.99,74.71,76.73,76.1,76.94
2026-03-04 10:42:27,84.6,89.6,88.37,84.77,82.73,78.44,80.47,81.14,81.44,76.68,71.7,74.51,78.18,75.8,76.66,77.11,73.41,75.77,71.09,73.65,77.04,79.66,77.84,76.14,67.07,76.3,77.12,77.75,72.61,78.11,79.48,77.87,77.23,75.85,79.67,80.64,75.57,76.74,77.34,75.07,71.17,76.54,74.41,79.52,81.89,79.29,77.82,70.24,78.73,81.8,78.48,76.5,77.64,79.63,77.78,76.28,75.06,77.0,76.39,77.28
2026-03-04 10:42:28,84.09,89.45,88.44,84.85,82.78,78.67,80.61,81.22,81.54,76.47,71.92,74.69,78.46,75.97,76.77,77.11,73.87,76.27,71.36,73.66,77.08,79.59,77.84,76.32,67.65,76.4,76.89,77.71,72.88,78.15,79.43,78.06,77.46,76.01,79.56,80.68,75.87,77.09,77.69,74.79,71.3,76.69,74.5,79.43,81.98,79.28,78.02,71.0,78.77,81.85,78.59,76.45,77.98,79.87,77.3,76.59,75.42,77.25,76.75,77.62
2026-03-04 10:42:29,83.59,89.3,88.53,84.96,82.83,78.92,80.75,81.34,81.64,76.25,72.14,74.87,78.73,76.17,76.88,77.1,74.3,76.71,71.62,73.7,77.14,79.5,77.87,76.51,68.24,76.51,76.68,77.69,73.18,78.16,79.37,78.28,77.7,76.19,79.44,80.72,76.19,77.43,78.03,74.51,71.47,76.86,74.59,79.32,82.06,79.28,78.22,71.75,78.78,81.86,78.66,76.45,78.31,80.09,76.81,76.9,75.77,77.51,77.14,77.96
2026-03-04 10:42:30,83.14,89.19,88.65,85.08,82.89,79.23,80.95,81.51,81.77,76.12,72.45,75.09,79.02,76.38,76.98,77.1,74.7,77.04,71.88,73.76,77.18,79.34,77.82,76.66,68.83,76.6,76.49,77.72,73.53,78.15,79.29,78.52,77.97,76.42,79.36,80.74,76.52,77.78,78.32,74.34,71.74,77.09,74.74,79.2,82.07,79.27,78.4,72.42,78.75,81.82,78.71,76.47,78.61,80.28,76.41,77.18,76.14,77.76,77.55,78.31
2026-03-04 10:42:31,82.74,89.11,88.81,85.22,82.97,79.6,81.22,81.75,81.92,76.11,72.88,75.42,79.37,76.6,77.09,77.16,75.1,77.32,72.18,73.85,77.22,79.13,77.65,76.71,69.41,76.72,76.28,77.81,73.97,78.18,79.25,78.78,78.29,76.73,79.34,80.74,76.87,78.14,78.54,74.31,72.14,77.41,74.91,79.09,82.03,79.23,78.57,73.01,78.7,81.78,78.78,76.52,78.86,80.47,76.14,77.48,76.56,78.08,78.0,78.71
2026-03-04 10:42:32,82.37,89.07,89.0,85.4,83.06,80.0,81.54,82.03,82.09,76.22,73.41,75.86,79.76,76.82,77.2,77.28,75.51,77.55,72.5,73.99,77.26,78.86,77.38,76.67,69.99,76.88,76.04,77.96,74.48,78.25,79.25,79.07,78.64,77.12,79.4,80.7,77.24,78.53,78.68,74.4,72.67,77.8,75.09,78.98,81.95,79.17,78.73,73.52,78.62,81.74,78.86,76.58,79.07,80.66,75.97,77.79,77.03,78.45,78.49,79.14
2026-03-04 10:42:33,82.03,89.06,89.22,85.6,83.16,80.44,81.9,82.36,82.28,76.42,74.03,76.39,80.19,77.03,77.31,77.45,75.92,77.75,72.84,74.15,77.29,78.55,77.03,76.56,70.56,77.07,75.78,78.15,75.05,78.35,79.26,79.37,79.03,77.56,79.5,80.64,77.61,78.92,78.76,74.6,73.31,78.25,75.27,78.87,81.82,79.09,78.87,73.96,78.53,81.69,78.94,76.65,79.25,80.86,75.9,78.1,77.54,78.87,79.01,79.6
2026-03-04 10:42:34,81.72,89.08,89.46,85.81,83.27,80.89,82.3,82.73,82.48,76.7,74.72,76.98,80.64,77.23,77.42,77.66,76.32,77.9,73.19,74.34,77.32,78.22,76.6,76.38,71.12,77.28,75.51,78.38,75.67,78.48,79.3,79.69,79.44,78.05,79.65,80.56,77.98,79.33,78.79,74.89,74.04,78.75,75.46,78.76,81.66,79.0,79.0,74.34,78.43,81.66,79.04,76.74,79.39,81.06,75.91,78.42,78.07,79.33,79.54,80.07
2026-03-04 10:42:35,81.45,89.12,89.71,86.03,83.39,81.36,82.72,83.11,82.7,77.04,75.44,77.61,81.11,77.43,77.53,77.9,76.7,78.02,73.55,74.54,77.35,77.86,76.12,76.15,71.65,77.5,75.23,78.64,76.31,78.62,79.36,80.0,79.86,78.56,79.83,80.46,78.35,79.72,78.75,75.24,74.82,79.28,75.65,78.65,81.48,78.9,79.11,74.66,78.32,81.62,79.14,76.84,79.51,81.25,76.0,78.72,78.62,79.8,80.08,80.55
2026-03-04 10:42:36,81.26,89.18,89.89,86.24,83.55,81.84,83.14,83.51,82.92,77.39,76.09,78.18,81.51,77.64,77.66,78.14,77.06,78.11,73.89,74.73,77.38,77.5,75.63,75.91,72.16,77.7,75.01,78.9,76.86,78.73,79.41,80.25,80.2,78.97,79.99,80.33,78.58,80.04,78.66,75.57,75.57,79.64,75.83,78.48,81.25,78.77,79.2,74.96,78.28,81.58,79.23,76.99,79.62,81.34,76.13,79.02,79.14,80.25,80.56,80.96
2026-03-04 10:42:37,81.19,89.28,89.91,86.44,83.77,82.31,83.56,83.91,83.17,77.75,76.62,78.63,81.82,77.83,77.8,78.31,77.41,78.21,74.25,74.95,77.42,77.1,75.12,75.65,72.64,77.87,74.88,79.11,77.19,78.78,79.45,80.44,80.43,79.26,80.1,80.19,78.68,80.25,78.59,75.9,76.24,79.54,75.98,78.26,81.0,78.67,79.29,75.19,78.29,81.52,79.32,77.2,79.74,81.34,76.26,79.31,79.65,80.67,81.01,81.35
2026-03-04 10:42:38,81.24,89.4,89.8,86.65,84.03,82.78,83.96,84.3,83.45,78.13,77.03,78.99,82.05,78.02,77.92,78.41,77.75,78.31,74.63,75.19,77.47,76.66,74.6,75.38,73.09,78.02,74.83,79.3,77.33,78.78,79.48,80.56,80.58,79.44,80.18,80.04,78.67,80.36,78.54,76.22,76.84,79.0,76.08,78.0,80.72,78.61,79.38,75.36,78.37,81.44,79.41,77.46,79.84,81.26,76.39,79.6,80.13,81.07,81.43,81.71
2026-03-04 10:42:39,81.39,89.54,89.57,86.85,84.33,83.25,84.35,84.7,83.73,78.52,77.33,79.26,82.2,78.2,78.03,78.45,78.08,78.42,75.02,75.45,77.52,76.2,74.08,75.11,73.5,78.15,74.85,79.46,77.3,78.72,79.5,80.62,80.64,79.51,80.22,79.88,78.55,80.39,78.5,76.53,77.38,78.1,76.15,77.71,80.43,78.58,79.48,75.48,78.49,81.35,79.49,77.76,79.95,81.12,76.52,79.89,80.58,81.45,81.83,82.05
2026-03-04 10:42:40,81.62,89.7,89.23,87.04,84.65,83.7,84.72,85.09,84.03,78.91,77.54,79.45,82.29,78.36,78.14,78.43,78.4,78.54,75.41,75.73,77.57,75.71,73.55,74.82,73.87,78.26,74.93,79.59,77.12,78.62,79.51,80.64,80.64,79.49,80.23,79.72,78.34,80.35,78.49,76.83,77.85,76.88,76.19,77.4,80.13,78.58,79.58,75.54,78.65,81.24,79.58,78.09,80.06,80.92,76.65,80.16,81.01,81.81,82.19,82.38
2026-03-04 10:42:41,81.9,89.87,88.9,87.28,85.01,84.17,85.12,85.49,84.35,79.35,77.74,79.62,82.38,78.57,78.27,78.44,78.75,78.69,75.82,76.06,77.67,75.26,73.1,74.61,74.25,78.37,75.09,79.72,76.89,78.53,79.55,80.63,80.59,79.43,80.22,79.53,78.08,80.27,78.49,77.11,78.26,75.55,76.21,77.08,79.86,78.62,79.68,75.59,78.83,81.13,79.65,78.42,80.14,80.69,76.78,80.42,81.41,82.12,82.52,82.68
2026-03-04 10:42:42,82.26,90.1,88.74,87.64,85.47,84.74,85.61,85.97,84.76,79.93,78.1,79.89,82.59,78.93,78.52,78.59,79.21,78.96,76.32,76.51,77.89,75.0,72.88,74.58,74.7,78.53,75.35,79.9,76.73,78.52,79.64,80.63,80.52,79.32,80.2,79.31,77.79,80.2,78.52,77.35,78.55,74.38,76.14,76.83,79.68,78.73,79.85,75.73,79.05,81.04,79.63,78.67,80.18,80.4,76.9,80.62,81.77,82.4,82.83,82.98
2026-03-04 10:42:43,82.7,90.41,88.74,88.12,86.04,85.38,86.18,86.53,85.27,80.63,78.59,80.27,82.91,79.41,78.89,78.87,79.78,79.35,76.92,77.06,78.22,74.94,72.89,74.72,75.22,78.73,75.69,80.1,76.63,78.57,79.79,80.64,80.44,79.16,80.16,79.08,77.49,80.14,78.59,77.58,78.73,73.35,75.96,76.64,79.59,78.93,80.08,75.98,79.32,80.96,79.49,78.86,80.15,80.04,76.98,80.8,82.11,82.69,83.15,83.29
2026-03-04 10:42:44,83.22,90.76,88.86,88.68,86.68,86.09,86.81,87.13,85.85,81.4,79.19,80.72,83.32,80.0,79.35,79.25,80.39,79.79,77.56,77.69,78.63,75.03,73.07,75.01,75.8,78.95,76.06,80.33,76.61,78.68,79.93,80.64,80.35,78.99,80.12,78.85,77.21,80.09,78.67,77.78,78.82,72.47,75.73,76.53,79.56,79.16,80.35,76.33,79.63,80.9,79.3,78.98,80.1,79.65,77.05,80.95,82.43,82.99,83.47,83.57
2026-03-04 10:42:45,83.79,91.15,89.05,89.28,87.37,86.85,87.48,87.76,86.44,82.18,79.86,81.21,83.75,80.65,79.86,79.67,80.99,80.23,78.18,78.34,79.07,75.21,73.37,75.35,76.38,79.12,76.43,80.58,76.69,78.81,80.06,80.65,80.27,78.9,80.13,78.64,76.97,79.96,78.7,77.96,78.9,71.75,75.56,76.49,79.57,79.4,80.61,76.71,79.97,80.89,79.14,79.06,80.07,79.3,77.12,81.13,82.69,83.29,83.75,83.81
2026-03-04 10:42:46,84.32,91.52,89.26,89.8,88.02,87.57,88.11,88.35,86.98,82.91,80.5,81.64,84.12,81.22,80.29,79.99,81.51,80.62,78.73,78.96,79.48,75.41,73.74,75.72,76.93,79.27,76.73,80.75,76.76,78.93,80.17,80.63,80.2,78.88,80.14,78.45,76.75,79.74,78.66,78.14,78.98,71.23,75.44,76.5,79.6,79.59,80.86,77.07,80.31,80.88,78.98,79.13,80.03,79.0,77.22,81.32,82.85,83.55,83.97,84.04
2026-03-04 10:42:47,84.8,91.86,89.48,90.27,88.59,88.28,88.67,88.89,87.43,83.56,81.04,82.03,84.41,81.74,80.65,80.25,81.96,80.96,79.27,79.55,79.85,75.61,74.12,76.07,77.42,79.33,76.97,80.85,76.78,79.01,80.23,80.5,80.11,78.87,80.09,78.3,76.59,79.54,78.66,78.35,79.07,70.89,75.39,76.59,79.69,79.8,81.13,77.47,80.62,80.85,78.84,79.23,80.06,78.78,77.35,81.5,82.99,83.79,84.16,84.24
2026-03-04 10:42:48,85.3,92.2,89.73,90.76,89.12,88.99,89.19,89.43,87.85,84.23,81.6,82.47,84.73,82.28,81.05,80.55,82.41,81.28,79.81,80.11,80.2,75.84,74.52,76.39,77.83,79.37,77.2,80.95,76.81,79.08,80.28,80.35,80.0,78.84,80.02,78.13,76.44,79.39,78.65,78.51,79.15,70.71,75.42,76.69,79.78,80.05,81.42,77.87,80.9,80.8,78.72,79.32,80.11,78.65,77.53,81.69,83.14,84.02,84.32,84.41
2026-03-04 10:42:49,85.76,92.56,90.0,91.23,89.62,89.67,89.68,89.94,88.25,84.9,82.19,82.93,85.07,82.82,81.46,80.88,82.84,81.6,80.34,80.63,80.54,76.1,74.96,76.65,78.18,79.42,77.41,81.07,76.87,79.07,80.29,80.2,79.88,78.8,79.89,77.94,76.34,79.29,78.67,78.66,79.19,70.67,75.51,76.85,79.88,80.32,81.69,78.24,81.15,80.75,78.65,79.41,80.19,78.58,77.73,81.87,83.29,84.19,84.41,84.55
2026-03-04 10:42:50,86.2,92.88,90.2,91.61,90.0,90.21,90.04,90.32,88.55,85.49,82.73,83.23,85.31,83.25,81.8,81.15,83.17,81.89,80.79,81.0,80.81,76.35,75.38,76.86,78.47,79.47,77.6,81.15,76.92,79.03,80.23,79.99,79.74,78.72,79.71,77.75,76.27,79.19,78.69,78.81,79.23,70.75,75.67,77.05,80.01,80.59,81.89,78.6,81.36,80.68,78.59,79.52,80.28,78.54,77.91,82.01,83.36,84.23,84.44,84.64
2026-03-04 10:42:51,86.55,93.12,90.33,91.91,90.3,90.57,90.3,90.62,88.78,85.93,83.19,83.44,85.43,83.55,82.07,81.35,83.39,82.11,81.12,81.23,80.98,76.56,75.78,77.05,78.74,79.51,77.79,81.19,76.92,78.95,80.1,79.7,79.64,78.7,79.56,77.61,76.25,79.11,78.69,78.92,79.26,70.87,75.82,77.29,80.12,80.77,82.01,78.91,81.52,80.57,78.54,79.66,80.38,78.53,78.08,82.14,83.4,84.22,84.39,84.73
2026-03-04 10:42:52,86.8,93.27,90.4,92.14,90.52,90.75,90.48,90.85,88.96,86.23,83.57,83.56,85.44,83.76,82.27,81.5,83.53,82.26,81.35,81.4,81.07,76.71,76.14,77.25,78.99,79.54,77.98,81.17,76.87,78.85,79.93,79.38,79.57,78.76,79.49,77.54,76.29,79.07,78.67,78.96,79.29,71.02,75.94,77.54,80.22,80.88,82.06,79.16,81.62,80.43,78.5,79.84,80.52,78.55,78.26,82.27,83.44,84.17,84.26,84.8
2026-03-04 10:42:53,86.96,93.35,90.43,92.32,90.68,90.78,90.58,91.02,89.09,86.39,83.87,83.6,85.35,83.87,82.41,81.6,83.61,82.34,81.47,81.49,81.1,76.8,76.46,77.45,79.23,79.56,78.15,81.11,76.79,78.72,79.71,79.05,79.54,78.87,79.48,77.53,76.39,79.06,78.62,78.96,79.3,71.18,76.04,77.8,80.31,80.91,82.04,79.33,81.65,80.24,78.47,80.05,80.68,78.61,78.44,82.38,83.47,84.09,84.06,84.86
2026-03-04 10:42:54,87.04,93.37,90.42,92.44,90.79,90.68,90.61,91.13,89.19,86.44,84.1,83.58,85.17,83.89,82.51,81.65,83.62,82.36,81.51,81.53,81.05,76.84,76.75,77.64,79.46,79.58,78.32,81.01,76.68,78.57,79.45,78.7,79.53,79.04,79.54,77.58,76.54,79.07,78.55,78.92,79.31,71.37,76.11,78.06,80.38,80.88,81.95,79.45,81.63,80.03,78.46,80.29,80.86,78.7,78.63,82.49,83.5,83.99,83.81,84.91
2026-03-04 10:42:55,87.06,93.32,90.37,92.52,90.85,90.47,90.59,91.21,89.24,86.39,84.28,83.51,84.91,83.85,82.56,81.67,83.58,82.33,81.47,81.52,80.96,76.84,77.02,77.83,79.68,79.58,78.47,80.87,76.53,78.41,79.17,78.35,79.56,79.26,79.64,77.68,76.72,79.11,78.46,78.84,79.32,71.57,76.15,78.33,80.44,80.79,81.81,79.52,81.57,79.79,78.45,80.54,81.05,78.81,78.82,82.59,83.53,83.88,83.52,84.95
2026-03-04 10:42:56,87.01,93.24,90.29,92.56,90.86,90.15,90.52,91.24,89.27,86.26,84.39,83.39,84.6,83.75,82.57,81.65,83.49,82.26,81.36,81.47,80.82,76.8,77.25,78.02,79.88,79.58,78.62,80.71,76.37,78.23,78.87,77.99,79.6,79.51,79.79,77.82,76.95,79.17,78.36,78.73,79.31,71.78,76.18,78.59,80.5,80.66,81.63,79.54,81.47,79.53,78.45,80.8,81.26,78.94,79.01,82.69,83.55,83.75,83.19,84.98
2026-03-04 10:42:57,86.91,93.11,90.19,92.56,90.83,89.76,90.41,91.23,89.26,86.05,84.46,83.23,84.24,83.6,82.55,81.61,83.37,82.15,81.2,81.38,80.64,76.73,77.45,78.19,80.07,79.58,78.75,80.52,76.18,78.05,78.55,77.63,79.67,79.79,79.97,77.99,77.19,79.24,78.26,78.6,79.31,71.99,76.19,78.85,80.54,80.49,81.41,79.52,81.34,79.27,78.46,81.08,81.48,79.09,79.2,82.78,83.57,83.61,82.83,85.0
2026-03-04 10:42:58,86.79,92.94,90.05,92.52,90.78,89.33,90.27,91.19,89.22,85.8,84.49,83.05,83.86,83.4,82.49,81.55,83.22,82.03,81.02,81.27,80.45,76.67,77.65,78.35,80.24,79.59,78.89,80.34,76.02,77.88,78.22,77.3,79.75,80.09,80.18,78.18,77.48,79.37,78.18,78.47,79.33,72.25,76.22,79.11,80.54,80.31,81.18,79.49,81.22,79.04,78.51,81.33,81.69,79.25,79.39,82.86,83.58,83.48,82.46,85.02
2026-03-04 10:42:59,86.66,92.73,89.89,92.45,90.73,88.93,90.09,91.1,89.13,85.53,84.47,82.84,83.5,83.2,82.44,81.53,83.1,81.95,80.85,81.13,80.28,76.68,77.88,78.49,80.29,79.58,79.04,80.17,75.94,77.77,77.95,77.07,79.87,80.43,80.39,78.39,77.84,79.59,78.19,78.39,79.43,72.6,76.26,79.31,80.49,80.14,80.95,79.46,81.12,78.9,78.61,81.59,81.88,79.43,79.56,82.91,83.52,83.36,82.14,85.03
2026-03-04 10:43:00,86.54,92.51,89.79,92.42,90.69,88.64,89.97,91.03,89.06,85.33,84.48,82.73,83.27,83.1,82.48,81.57,83.03,81.92,80.69,81.03,80.15,76.77,78.17,78.65,80.31,79.59,79.19,80.05,75.95,77.73,77.78,76.94,80.01,80.79,80.67,78.63,78.2,79.84,78.27,78.37,79.57,73.02,76.35,79.44,80.39,79.89,80.72,79.48,81.08,78.83,78.78,81.87,82.0,79.57,79.65,82.91,83.44,83.25,81.83,84.94
2026-03-04 10:43:01,86.51,92.37,89.76,92.41,90.73,88.48,89.95,91.01,89.04,85.25,84.57,82.74,83.19,83.08,82.59,81.68,83.02,81.91,80.61,80.97,80.08,76.91,78.5,78.87,80.32,79.6,79.26,79.94,76.0,77.68,77.72,76.91,80.1,81.1,80.96,78.89,78.56,80.06,78.41,78.46,79.75,73.5,76.53,79.57,80.3,79.71,80.59,79.56,81.03,78.77,78.98,82.16,82.1,79.66,79.75,82.92,83.35,83.1,81.55,84.86
2026-03-04 10:43:02,86.56,92.31,89.78,92.41,90.83,88.4,90.0,91.05,89.05,85.24,84.73,82.83,83.22,83.11,82.75,81.8,83.02,81.87,80.6,80.95,80.05,77.04,78.86,79.13,80.33,79.6,79.21,79.83,76.07,77.58,77.77,76.97,80.12,81.37,81.26,79.15,78.94,80.23,78.61,78.65,79.96,74.01,76.79,79.73,80.23,79.6,80.58,79.68,80.96,78.69,79.21,82.47,82.18,79.7,79.87,82.93,83.27,82.89,81.31,84.82
2026-03-04 10:43:03,86.68,92.3,89.83,92.4,90.98,88.4,90.1,91.12,89.07,85.31,84.93,83.01,83.35,83.18,82.94,81.95,83.04,81.82,80.65,80.96,80.05,77.18,79.24,79.43,80.34,79.59,79.06,79.73,76.15,77.43,77.91,77.1,80.07,81.59,81.55,79.42,79.31,80.36,78.86,78.93,80.18,74.56,77.13,79.92,80.18,79.57,80.65,79.85,80.86,78.6,79.46,82.78,82.25,79.71,79.99,82.96,83.19,82.63,81.11,84.82
2026-03-04 10:43:04,86.85,92.35,89.92,92.39,91.17,88.46,90.25,91.22,89.11,85.43,85.16,83.24,83.55,83.28,83.16,82.12,83.07,81.75,80.75,80.98,80.07,77.32,79.63,79.76,80.33,79.56,78.83,79.63,76.24,77.24,78.12,77.31,79.98,81.76,81.84,79.69,79.69,80.44,79.15,79.27,80.42,75.12,77.52,80.14,80.16,79.6,80.81,80.06,80.75,78.51,79.71,83.1,82.32,79.67,80.13,83.0,83.13,82.34,80.93,84.85
2026-03-04 10:43:05,87.07,92.45,90.03,92.37,91.39,88.58,90.44,91.34,89.16,85.6,85.44,83.53,83.82,83.42,83.41,82.29,83.11,81.68,80.9,81.03,80.12,77.46,80.02,80.11,80.32,79.52,78.52,79.53,76.33,77.02,78.4,77.56,79.84,81.89,82.13,79.96,80.05,80.49,79.48,79.68,80.67,75.69,77.96,80.37,80.16,79.68,81.03,80.29,80.62,78.41,79.97,83.41,82.37,79.61,80.27,83.04,83.07,82.01,80.79,84.91
2026-03-04 10:43:06,87.3,92.52,90.15,92.36,91.62,88.73,90.63,91.42,89.19,85.79,85.7,83.81,84.1,83.56,83.64,82.47,83.15,81.56,81.03,81.08,80.16,77.59,80.42,80.46,80.32,79.49,78.19,79.44,76.42,76.82,78.73,77.87,79.71,82.02,82.41,80.22,80.41,80.51,79.82,80.1,80.9,76.25,78.42,80.62,80.17,79.81,81.29,80.5,80.5,78.33,80.23,83.72,82.42,79.56,80.45,83.11,83.04,81.69,80.67,84.99
2026-03-04 10:43:07,87.5,92.55,90.27,92.29,91.75,88.84,90.72,91.35,89.18,85.93,85.88,83.96,84.29,83.69,83.84,82.64,83.18,81.41,81.12,81.1,80.16,77.68,80.81,80.84,80.38,79.51,77.93,79.37,76.54,76.74,79.12,78.22,79.7,82.22,82.7,80.52,80.79,80.57,80.13,80.46,81.09,76.79,78.9,80.87,80.2,79.98,81.56,80.7,80.42,78.25,80.37,83.97,82.46,79.58,80.69,83.24,83.09,81.45,80.61,85.1
2026-03-04 10:43:08,87.68,92.57,90.4,92.17,91.74,88.91,90.75,91.17,89.11,86.05,85.98,83.97,84.41,83.81,84.03,82.8,83.19,81.25,81.18,81.1,80.11,77.69,81.2,81.26,80.52,79.58,77.78,79.36,76.69,76.77,79.58,78.62,79.8,82.47,82.98,80.84,81.19,80.68,80.39,80.75,81.22,77.31,79.37,81.13,80.26,80.19,81.82,80.9,80.37,78.17,80.34,84.17,82.48,79.67,80.96,83.42,83.23,81.33,80.65,85.24
2026-03-04 10:43:09,87.84,92.59,90.55,92.01,91.62,88.93,90.7,90.9,89.0,86.14,86.02,83.86,84.46,83.93,84.19,82.96,83.18,81.07,81.21,81.08,80.03,77.64,81.59,81.71,80.72,79.69,77.7,79.39,76.88,76.91,80.08,79.05,79.99,82.76,83.27,81.19,81.63,80.83,80.6,80.99,81.32,77.81,79.84,81.4,80.34,80.42,82.09,81.1,80.36,78.09,80.18,84.3,82.48,79.8,81.26,83.63,83.44,81.3,80.76,85.42
2026-03-04 10:43:10,87.98,92.61,90.7,91.81,91.39,88.92,90.6,90.55,88.87,86.22,85.99,83.64,84.45,84.04,84.34,83.11,83.16,80.89,81.22,81.05,79.91,77.54,81.98,82.19,80.99,79.85,77.7,79.46,77.09,77.13,80.61,79.51,80.26,83.09,83.55,81.56,82.08,81.01,80.77,81.17,81.38,78.3,80.3,81.67,80.45,80.68,82.35,81.3,80.36,78.0,79.89,84.39,82.45,79.98,81.58,83.88,83.71,81.37,80.93,85.63
2026-03-04 10:43:11,88.1,92.63,90.87,91.57,91.09,88.87,90.45,90.14,88.7,86.27,85.91,83.34,84.39,84.14,84.48,83.25,83.13,80.7,81.21,81.01,79.77,77.4,82.35,82.69,81.3,80.03,77.77,79.56,77.31,77.43,81.17,79.98,80.59,83.44,83.82,81.93,82.54,81.22,80.9,81.3,81.42,78.77,80.75,81.95,80.58,80.95,82.6,81.5,80.39,77.91,79.51,84.44,82.41,80.2,81.93,84.14,84.02,81.5,81.16,85.85
2026-03-04 10:43:12,88.21,92.65,91.03,91.31,90.71,88.79,90.25,89.67,88.5,86.3,85.78,82.96,84.28,84.23,84.59,83.39,83.09,80.5,81.19,80.95,79.61,77.22,82.71,83.2,81.65,80.22,77.89,79.68,77.55,77.78,81.74,80.46,80.97,83.8,84.08,82.31,83.0,81.44,81.0,81.39,81.42,79.21,81.19,82.21,80.73,81.23,82.84,81.69,80.44,77.81,79.05,84.45,82.37,80.44,82.28,84.42,84.37,81.69,81.44,86.09
2026-03-04 10:43:13,88.29,92.64,91.16,91.0,90.24,88.66,89.99,89.11,88.22,86.2,85.53,82.49,84.12,84.28,84.65,83.47,83.02,80.24,81.12,80.85,79.44,77.02,83.02,83.64,81.92,80.36,77.97,79.76,77.75,78.1,82.19,80.87,81.34,84.11,84.25,82.61,83.39,81.61,81.07,81.45,81.41,79.65,81.6,82.47,80.89,81.49,83.06,81.88,80.47,77.76,78.61,84.47,82.37,80.73,82.61,84.65,84.65,81.87,81.7,86.27
2026-03-04 10:43:14,88.27,92.52,91.18,90.64,89.65,88.48,89.67,88.5,87.87,86.02,85.17,81.96,83.86,84.26,84.59,83.47,82.91,79.93,81.04,80.75,79.25,76.8,83.14,83.94,82.08,80.4,78.02,79.78,77.94,78.4,82.49,81.14,81.65,84.32,84.31,82.77,83.63,81.68,81.13,81.48,81.38,80.09,82.01,82.68,81.06,81.7,83.22,82.05,80.53,77.76,78.22,84.46,82.32,80.99,82.89,84.81,84.84,81.99,81.92,86.4
2026-03-04 10:43:15,88.17,92.33,91.08,90.27,89.05,88.25,89.35,87.91,87.51,85.8,84.75,81.39,83.58,84.19,84.43,83.4,82.75,79.61,80.92,80.65,79.02,76.56,83.1,84.06,82.1,80.39,78.06,79.76,78.11,78.66,82.65,81.34,81.91,84.42,84.18,82.78,83.72,81.69,81.19,81.51,81.31,80.46,82.32,82.82,81.19,81.82,83.35,82.22,80.62,77.83,77.92,84.43,82.26,81.19,83.13,84.96,84.99,82.1,82.11,86.45
2026-03-04 10:43:16,87.93,92.03,90.86,89.86,88.4,87.94,88.98,87.31,87.13,85.54,84.28,80.73,83.21,84.06,84.23,83.22,82.52,79.26,80.75,80.49,78.77,76.34,82.99,84.06,82.03,80.35,78.07,79.66,78.28,78.89,82.7,81.47,82.07,84.41,83.92,82.68,83.73,81.68,81.25,81.5,81.21,80.74,82.51,82.9,81.28,81.87,83.47,82.39,80.64,77.91,77.69,84.37,82.13,81.34,83.36,85.11,85.09,82.2,82.29,86.46
2026-03-04 10:43:17,87.6,91.62,90.49,89.38,87.71,87.56,88.56,86.75,86.76,85.23,83.75,80.04,82.82,83.91,83.91,82.98,82.23,78.79,80.49,80.26,78.51,76.14,82.85,83.97,81.84,80.28,78.04,79.53,78.43,79.06,82.69,81.5,82.1,84.28,83.61,82.49,83.59,81.49,81.22,81.41,81.07,80.93,82.62,82.96,81.35,81.8,83.52,82.45,80.63,77.95,77.49,84.25,81.93,81.5,83.58,85.2,85.07,82.29,82.49,86.46
2026-03-04 10:43:18,87.21,91.14,89.97,88.84,87.0,87.15,88.1,86.23,86.4,84.87,83.15,79.38,82.45,83.72,83.45,82.66,81.88,78.18,80.14,79.98,78.24,75.97,82.68,83.78,81.51,80.13,77.97,79.4,78.57,79.16,82.61,81.43,82.04,84.04,83.27,82.24,83.3,81.09,81.06,81.22,80.91,81.03,82.66,83.02,81.43,81.58,83.48,82.39,80.58,77.93,77.33,84.06,81.71,81.65,83.79,85.25,84.88,82.37,82.71,86.47
2026-03-04 10:43:19,86.78,90.59,89.33,88.26,86.29,86.7,87.61,85.75,86.05,84.47,82.52,78.73,82.08,83.51,82.88,82.29,81.48,77.46,79.73,79.66,77.96,75.81,82.5,83.5,81.05,79.93,77.86,79.28,78.69,79.2,82.49,81.29,81.9,83.7,82.91,81.93,82.9,80.5,80.81,80.95,80.73,81.06,82.64,83.08,81.52,81.22,83.35,82.2,80.49,77.86,77.21,83.83,81.48,81.81,83.99,85.27,84.57,82.43,82.96,86.48
2026-03-04 10:43:20,86.32,89.99,88.6,87.64,85.59,86.22,87.1,85.3,85.71,84.03,81.84,78.11,81.72,83.29,82.23,81.88,81.04,76.64,79.26,79.31,77.69,75.68,82.29,83.15,80.49,79.69,77.73,79.15,78.81,79.19,82.31,81.07,81.68,83.29,82.54,81.58,82.4,79.77,80.47,80.62,80.54,81.03,82.58,83.14,81.61,80.74,83.15,81.92,80.37,77.74,77.13,83.55,81.24,81.97,84.19,85.25,84.14,82.48,83.22,86.49
2026-03-04 10:43:21,85.84,89.35,87.79,87.0,84.88,85.74,86.58,84.9,85.39,83.57,81.15,77.52,81.38,83.05,81.5,81.43,80.58,75.75,78.74,78.93,77.42,75.56,82.07,82.75,79.84,79.42,77.57,79.04,78.91,79.13,82.1,80.79,81.41,82.8,82.16,81.2,81.81,78.9,80.06,80.22,80.33,80.94,82.47,83.21,81.69,80.18,82.89,81.56,80.22,77.6,77.09,83.24,80.99,82.13,84.37,85.2,83.62,82.52,83.49,86.52
2026-03-04 10:43:22,85.35,88.68,86.91,86.34,84.2,85.24,86.05,84.54,85.08,83.09,80.44,76.96,81.06,82.81,80.72,80.95,80.1,74.8,78.2,78.53,77.16,75.46,81.84,82.3,79.12,79.11,77.4,78.92,79.0,79.03,81.86,80.47,81.09,82.27,81.78,80.79,81.16,77.94,79.59,79.78,80.11,80.81,82.32,83.27,81.78,79.54,82.59,81.13,80.05,77.42,77.07,82.91,80.74,82.28,84.54,85.13,83.02,82.55,83.77,86.54
2026-03-04 10:43:23,84.85,87.99,85.99,85.68,83.53,84.74,85.52,84.21,84.78,82.61,79.73,76.43,80.75,82.56,79.9,80.46,79.6,73.81,77.63,78.13,76.9,75.38,81.61,81.81,78.36,78.78,77.21,78.82,79.09,78.89,81.6,80.1,80.73,81.7,81.39,80.37,80.46,76.89,79.08,79.31,79.89,80.64,82.15,83.33,81.87,78.84,82.24,80.65,79.86,77.23,77.08,82.56,80.49,82.43,84.7,85.04,82.37,82.57,84.05,86.57
2026-03-04 10:43:24,84.34,87.3,85.05,85.02,82.88,84.24,85.0,83.92,84.51,82.12,79.02,75.93,80.46,82.31,79.05,79.96,79.1,72.81,77.05,77.72,76.66,75.31,81.37,81.3,77.56,78.44,77.01,78.72,79.16,78.73,81.31,79.71,80.34,81.09,81.01,79.93,79.73,75.8,78.54,78.82,79.66,80.44,81.95,83.38,81.96,78.09,81.87,80.12,79.66,77.01,77.12,82.19,80.25,82.57,84.85,84.93,81.67,82.59,84.33,86.6
2026-03-04 10:43:25,83.84,86.61,84.09,84.36,82.26,83.75,84.48,83.66,84.25,81.63,78.32,75.47,80.19,82.06,78.19,79.46,78.6,71.79,76.46,77.31,76.42,75.26,81.13,80.77,76.73,78.08,76.81,78.62,79.23,78.55,81.02,79.29,79.93,80.47,80.64,79.49,78.97,74.66,77.97,78.3,79.44,80.21,81.74,83.44,82.05,77.32,81.47,79.56,79.45,76.78,77.17,81.82,80.01,82.71,84.99,84.81,80.94,82.59,84.61,86.63
2026-03-04 10:43:26,83.35,85.92,83.12,83.72,81.67,83.26,83.99,83.43,84.01,81.15,77.64,75.04,79.94,81.82,77.32,78.96,78.11,70.77,75.88,76.9,76.2,75.21,80.9,80.23,75.89,77.72,76.6,78.53,79.29,78.34,80.71,78.86,79.51,79.84,80.28,79.05,78.19,73.5,77.38,77.78,79.22,79.97,81.51,83.49,82.13,76.53,81.06,78.99,79.24,76.54,77.23,81.45,79.77,82.84,85.12,84.68,80.19,82.59,84.88,86.66
2026-03-04 10:43:27,82.87,85.25,82.17,83.1,81.11,82.8,83.5,83.23,83.78,80.67,76.97,74.64,79.7,81.58,76.46,78.46,77.62,69.76,75.3,76.5,75.98,75.18,80.67,79.68,75.05,77.36,76.39,78.45,79.33,78.13,80.4,78.43,79.08,79.21,79.93,78.61,77.41,72.33,76.79,77.25,79.0,79.7,81.27,83.55,82.21,75.72,80.64,78.39,79.02,76.3,77.31,81.07,79.55,82.96,85.24,84.54,79.42,82.59,85.14,86.69
2026-03-04 10:43:28,82.41,84.63,81.29,82.54,80.62,82.39,83.07,83.07,83.59,80.24,76.37,74.28,79.49,81.36,75.64,78.0,77.17,68.81,74.75,76.13,75.81,75.17,80.44,79.13,74.26,77.04,76.2,78.38,79.38,77.91,80.1,78.0,78.66,78.6,79.6,78.2,76.68,71.27,76.26,76.77,78.8,79.46,81.04,83.6,82.28,74.98,80.24,77.82,78.81,76.08,77.42,80.73,79.37,83.09,85.33,84.36,78.67,82.57,85.39,86.73
2026-03-04 10:43:29,81.99,84.1,80.62,82.13,80.25,82.04,82.72,82.95,83.37,79.89,75.92,73.99,79.27,81.17,74.98,77.6,76.77,68.04,74.28,75.85,75.71,75.17,80.26,78.65,73.65,76.83,76.09,78.34,79.43,77.75,79.83,77.61,78.3,78.13,79.39,77.9,76.09,70.49,75.9,76.41,78.64,79.29,80.88,83.63,82.34,74.4,79.92,77.32,78.63,75.95,77.57,80.43,79.26,83.19,85.33,84.16,78.03,82.54,85.55,86.74
2026-03-04 10:43:30,81.67,83.67,80.07,81.82,79.96,81.63,82.35,82.81,83.14,79.59,75.5,73.76,79.04,80.92,74.44,77.24,76.49,67.49,73.93,75.68,75.68,75.22,80.1,78.24,73.18,76.67,76.07,78.31,79.46,77.64,79.63,77.32,78.0,77.77,79.31,77.74,75.65,69.95,75.68,76.16,78.52,79.16,80.76,83.63,82.37,73.95,79.6,76.9,78.49,75.91,77.75,80.11,79.21,83.26,85.28,84.0,77.56,82.53,85.61,86.75
2026-03-04 10:43:31,81.41,83.33,79.62,81.56,79.71,81.19,81.89,82.61,82.91,79.31,75.0,73.51,78.74,80.55,73.93,76.91,76.27,67.15,73.63,75.54,75.61,75.25,79.89,77.81,72.78,76.45,76.02,78.2,79.38,77.51,79.44,77.12,77.74,77.44,79.26,77.62,75.3,69.6,75.5,75.98,78.43,79.01,80.54,83.51,82.36,73.61,79.33,76.58,78.28,75.92,77.99,79.87,79.18,83.27,85.19,83.86,77.25,82.51,85.62,86.72
2026-03-04 10:43:32,81.22,83.05,79.21,81.35,79.52,80.79,81.4,82.4,82.66,79.03,74.52,73.3,78.39,80.11,73.47,76.6,76.06,66.87,73.25,75.37,75.49,75.24,79.6,77.34,72.39,76.16,75.9,78.01,79.21,77.32,79.24,76.92,77.52,77.1,79.13,77.39,75.01,69.4,75.34,75.84,78.38,78.87,80.22,83.33,82.29,73.35,79.09,76.33,78.04,75.93,78.22,79.67,79.08,83.15,85.03,83.66,77.03,82.49,85.57,86.61
2026-03-04 10:43:33,81.1,82.83,78.78,81.14,79.38,80.46,80.95,82.2,82.4,78.72,74.1,73.18,78.07,79.62,73.07,76.34,75.85,66.56,72.88,75.18,75.35,75.19,79.25,76.89,72.02,75.79,75.7,77.78,78.96,77.1,79.03,76.69,77.32,76.81,78.92,77.02,74.76,69.33,75.22,75.73,78.37,78.75,79.88,83.12,82.16,73.1,78.84,76.11,77.85,75.95,78.37,79.48,78.92,82.94,84.78,83.36,76.85,82.47,85.48,86.45
2026-03-04 10:43:34,81.06,82.65,78.3,80.96,79.28,80.21,80.54,82.01,82.11,78.39,73.73,73.12,77.79,79.1,72.71,76.13,75.64,66.21,72.55,74.99,75.19,75.1,78.85,76.44,71.67,75.34,75.43,77.51,78.65,76.86,78.84,76.43,77.14,76.56,78.67,76.55,74.54,69.38,75.11,75.63,78.41,78.64,79.54,82.9,81.99,72.85,78.6,75.94,77.71,75.98,78.45,79.32,78.7,82.64,84.46,82.98,76.69,82.46,85.38,86.26
2026-03-04 10:43:35,81.07,82.51,77.81,80.79,79.22,80.02,80.19,81.84,81.81,78.05,73.41,73.13,77.55,78.56,72.39,75.97,75.42,65.84,72.24,74.8,75.02,74.99,78.41,76.01,71.32,74.82,75.11,77.22,78.27,76.6,78.64,76.13,76.98,76.36,78.38,75.98,74.36,69.52,75.03,75.55,78.48,78.55,79.2,82.66,81.78,72.61,78.36,75.8,77.63,76.01,78.47,79.17,78.44,82.27,84.07,82.52,76.56,82.45,85.26,86.04
2026-03-04 10:43:36,81.13,82.42,77.3,80.63,79.2,79.88,79.88,81.68,81.5,77.7,73.13,73.19,77.35,78.01,72.12,75.85,75.21,65.45,71.96,74.61,74.84,74.86,77.93,75.59,71.0,74.25,74.73,76.9,77.86,76.33,78.46,75.81,76.83,76.19,78.05,75.33,74.2,69.75,74.97,75.49,78.59,78.47,78.85,82.42,81.55,72.36,78.12,75.7,77.6,76.05,78.45,79.04,78.13,81.84,83.64,82.0,76.46,82.45,85.12,85.8
2026-03-04 10:43:37,81.24,82.35,76.78,80.49,79.22,79.8,79.61,81.54,81.19,77.35,72.89,73.3,77.17,77.45,71.88,75.76,74.99,65.04,71.71,74.42,74.65,74.7,77.44,75.19,70.69,73.65,74.32,76.56,77.41,76.05,78.28,75.47,76.7,76.06,77.7,74.63,74.07,70.04,74.92,75.43,78.71,78.4,78.51,82.17,81.29,72.13,77.89,75.63,77.6,76.1,78.38,78.93,77.8,81.36,83.16,81.45,76.37,82.45,84.98,85.54
2026-03-04 10:43:38,81.39,82.32,76.26,80.36,79.25,79.77,79.38,81.41,80.87,76.99,72.69,73.44,77.03,76.89,71.68,75.7,74.78,64.63,71.49,74.24,74.46,74.54,76.92,74.81,70.41,73.02,73.89,76.21,76.94,75.77,78.12,75.13,76.58,75.97,77.32,73.89,73.96,70.4,74.89,75.39,78.86,78.34,78.17,81.93,81.01,71.9,77.67,75.58,77.64,76.14,78.27,78.84,77.44,80.85,82.66,80.85,76.31,82.46,84.83,85.27
2026-03-04 10:43:39,81.56,82.31,75.74,80.25,79.31,79.77,79.18,81.29,80.56,76.64,72.52,73.62,76.92,76.35,71.51,75.67,74.58,64.22,71.29,74.06,74.27,74.36,76.4,74.46,70.14,72.38,73.43,75.86,76.45,75.49,77.96,74.78,76.48,75.9,76.94,73.11,73.88,70.8,74.88,75.36,79.03,78.29,77.85,81.68,80.72,71.68,77.45,75.55,77.71,76.19,78.13,78.75,77.07,80.31,82.14,80.24,76.26,82.46,84.67,84.99
2026-03-04 10:43:40,81.77,82.34,75.26,80.16,79.41,79.81,79.03,81.2,80.27,76.32,72.4,73.83,76.84,75.82,71.38,75.68,74.4,63.83,71.12,73.9,74.1,74.18,75.89,74.13,69.9,71.73,72.97,75.51,75.95,75.21,77.81,74.43,76.38,75.86,76.56,72.33,73.82,71.23,74.88,75.34,79.2,78.24,77.52,81.43,80.42,71.48,77.25,75.55,77.81,76.23,77.96,78.68,76.69,79.76,81.61,79.62,76.22,82.46,84.51,84.7
2026-03-04 10:43:41,82.04,82.49,75.01,80.26,79.67,80.0,79.06,81.29,80.15,76.15,72.49,74.23,76.92,75.46,71.45,75.85,74.38,63.66,71.12,73.9,74.04,74.07,75.48,73.93,69.76,71.13,72.58,75.2,75.5,75.03,77.74,74.17,76.26,75.83,76.24,71.69,73.79,71.66,74.9,75.33,79.32,78.15,77.17,81.1,80.12,71.37,77.07,75.6,77.93,76.24,77.77,78.59,76.36,79.2,81.11,79.06,76.2,82.36,84.31,84.39
2026-03-04 10:43:42,82.39,82.8,75.07,80.6,80.13,80.36,79.32,81.61,80.26,76.2,72.83,74.84,77.19,75.3,71.75,76.22,74.57,63.78,71.33,74.09,74.14,74.06,75.22,73.9,69.75,70.61,72.31,74.94,75.11,74.96,77.75,74.02,76.11,75.82,76.02,71.24,73.8,72.08,74.96,75.34,79.37,78.01,76.77,80.66,79.84,71.36,76.92,75.71,78.07,76.19,77.57,78.46,76.11,78.63,80.64,78.6,76.17,82.13,84.07,84.07
2026-03-04 10:43:43,82.78,83.18,75.35,81.09,80.71,80.81,79.72,82.06,80.5,76.38,73.33,75.57,77.58,75.3,72.19,76.69,74.87,64.13,71.69,74.41,74.32,74.1,75.06,73.97,69.83,70.13,72.11,74.72,74.79,74.97,77.83,73.98,75.95,75.83,75.87,70.93,73.86,72.5,75.07,75.36,79.37,77.82,76.35,80.16,79.56,71.45,76.8,75.84,78.23,76.13,77.37,78.32,75.93,78.1,80.2,78.22,76.17,81.83,83.82,83.75
2026-03-04 10:43:44,83.18,83.6,75.79,81.66,81.33,81.3,80.13,82.52,80.78,76.63,73.93,76.34,78.0,75.36,72.66,77.16,75.23,64.67,72.17,74.75,74.52,74.18,74.98,74.1,69.96,69.77,71.96,74.51,74.56,75.01,77.94,74.03,75.82,75.83,75.75,70.73,74.0,72.94,75.23,75.42,79.32,77.59,75.92,79.63,79.3,71.59,76.73,75.98,78.38,76.09,77.17,78.18,75.77,77.63,79.78,77.9,76.2,81.57,83.59,83.43
2026-03-04 10:43:45,83.54,84.05,76.34,82.27,81.97,81.79,80.52,83.0,81.12,76.96,74.61,77.11,78.38,75.44,73.13,77.63,75.66,65.36,72.68,75.13,74.75,74.27,74.92,74.31,70.21,69.5,71.88,74.31,74.39,75.07,78.02,74.16,75.77,75.86,75.72,70.71,74.21,73.33,75.38,75.48,79.28,77.36,75.57,79.19,79.09,71.74,76.71,76.13,78.53,76.05,76.99,78.01,75.57,77.22,79.43,77.65,76.25,81.21,83.34,83.13
2026-03-04 10:43:46,83.86,84.51,76.94,82.87,82.6,82.25,80.89,83.47,81.46,77.33,75.36,77.85,78.69,75.55,73.57,78.08,76.15,66.14,73.17,75.53,74.99,74.39,74.86,74.58,70.56,69.3,71.86,74.12,74.28,75.14,78.04,74.35,75.81,75.93,75.78,70.85,74.51,73.65,75.53,75.53,79.26,77.14,75.31,78.86,78.94,71.93,76.73,76.31,78.67,76.03,76.83,77.81,75.31,76.88,79.16,77.48,76.29,80.7,83.07,82.84
2026-03-04 10:43:47,84.12,84.95,77.57,83.46,83.21,82.69,81.24,83.95,81.82,77.72,76.15,78.54,78.94,75.67,73.97,78.5,76.69,66.98,73.65,75.94,75.26,74.51,74.79,74.9,71.0,69.16,71.88,73.93,74.2,75.22,78.02,74.59,75.93,76.04,75.9,71.12,74.86,73.9,75.65,75.59,79.27,76.95,75.11,78.62,78.85,72.14,76.79,76.51,78.81,76.04,76.7,77.58,75.0,76.6,78.97,77.39,76.34,80.06,82.78,82.56
2026-03-04 10:43:48,84.35,85.39,78.23,84.03,83.8,83.1,81.57,84.41,82.18,78.13,76.97,79.2,79.13,75.82,74.35,78.89,77.25,67.88,74.1,76.35,75.53,74.64,74.71,75.27,71.51,69.07,71.95,73.75,74.17,75.31,77.95,74.87,76.12,76.17,76.09,71.52,75.27,74.09,75.77,75.64,79.29,76.77,74.99,78.47,78.82,72.37,76.88,76.73,78.94,76.07,76.6,77.34,74.66,76.38,78.85,77.37,76.37,79.32,82.47,82.31
2026-03-04 10:43:49,84.54,85.82,78.91,84.58,84.37,83.48,81.87,84.87,82.55,78.55,77.81,79.82,79.28,75.97,74.7,79.26,77.84,68.82,74.53,76.76,75.82,74.78,74.63,75.67,72.07,69.02,72.05,73.58,74.17,75.4,77.84,75.19,76.36,76.32,76.33,72.02,75.71,74.22,75.86,75.68,79.33,76.62,74.92,78.39,78.83,72.63,77.0,76.95,79.07,76.12,76.52,77.09,74.3,76.22,78.79,77.4,76.41,78.5,82.16,82.08
2026-03-04 10:43:50,84.73,86.26,79.63,85.14,84.95,83.87,82.17,85.3,82.94,79.02,78.68,80.43,79.39,76.16,75.06,79.64,78.46,69.79,74.93,77.18,76.13,74.97,74.6,76.1,72.68,69.05,72.19,73.46,74.23,75.52,77.73,75.55,76.64,76.47,76.57,72.57,76.16,74.31,75.94,75.72,79.38,76.48,74.93,78.39,78.89,72.9,77.14,77.2,79.21,76.2,76.5,76.86,73.93,76.09,78.76,77.44,76.45,77.68,81.85,81.81
2026-03-04 10:43:51,84.95,86.74,80.41,85.76,85.56,84.32,82.49,85.68,83.36,79.58,79.6,81.04,79.51,76.39,75.48,80.1,79.13,70.78,75.37,77.62,76.49,75.22,74.69,76.55,73.33,69.17,72.38,73.41,74.37,75.71,77.7,75.97,76.97,76.6,76.76,73.08,76.54,74.4,76.0,75.73,79.41,76.34,74.98,78.44,78.98,73.16,77.3,77.47,79.37,76.36,76.53,76.67,73.64,75.99,78.74,77.46,76.53,76.96,81.55,81.52
2026-03-04 10:43:52,85.2,87.23,81.24,86.36,86.1,84.75,82.82,85.94,83.75,80.17,80.49,81.63,79.65,76.63,75.85,80.58,79.83,71.81,75.87,78.08,76.83,75.49,74.87,77.04,74.0,69.34,72.57,73.4,74.55,75.95,77.75,76.45,77.36,76.79,76.98,73.56,76.83,74.49,76.04,75.72,79.45,76.23,75.01,78.49,79.09,73.45,77.46,77.78,79.58,76.53,76.62,76.57,73.49,75.93,78.7,77.46,76.63,76.4,81.31,81.27
2026-03-04 10:43:53,85.47,87.73,82.1,86.95,86.57,85.15,83.14,86.08,84.1,80.76,81.34,82.17,79.8,76.87,76.15,81.06,80.53,72.86,76.42,78.57,77.16,75.77,75.12,77.54,74.69,69.54,72.77,73.42,74.75,76.22,77.87,76.96,77.79,77.02,77.21,73.99,77.03,74.6,76.07,75.69,79.49,76.18,75.01,78.51,79.23,73.78,77.63,78.13,79.83,76.7,76.74,76.54,73.44,75.92,78.65,77.43,76.75,75.98,81.12,81.08
2026-03-04 10:43:54,85.75,88.22,82.98,87.53,86.96,85.54,83.45,86.13,84.41,81.34,82.14,82.68,79.96,77.1,76.4,81.55,81.24,73.92,77.0,79.06,77.48,76.06,75.43,78.07,75.4,69.76,72.98,73.46,74.97,76.54,78.06,77.51,78.25,77.3,77.45,74.39,77.16,74.72,76.09,75.65,79.52,76.15,74.99,78.52,79.37,74.14,77.8,78.51,80.11,76.88,76.9,76.58,73.5,75.93,78.59,77.38,76.88,75.7,80.99,80.94
2026-03-04 10:43:55,86.04,88.7,83.88,88.08,87.29,85.9,83.76,86.09,84.69,81.92,82.91,83.15,80.13,77.32,76.59,82.04,81.95,74.97,77.61,79.57,77.78,76.36,75.78,78.6,76.1,70.0,73.19,73.52,75.2,76.87,78.31,78.08,78.73,77.61,77.71,74.75,77.21,74.84,76.11,75.59,79.56,76.16,74.94,78.51,79.53,74.52,77.97,78.9,80.41,77.05,77.08,76.68,73.65,75.98,78.53,77.3,77.03,75.54,80.9,80.83
2026-03-04 10:43:56,86.33,89.17,84.77,88.6,87.56,86.23,84.05,85.97,84.93,82.49,83.63,83.58,80.31,77.54,76.74,82.52,82.64,76.01,78.23,80.07,78.06,76.66,76.18,79.14,76.8,70.26,73.39,73.6,75.45,77.23,78.6,78.66,79.22,77.94,77.97,75.07,77.21,74.97,76.11,75.53,79.59,76.2,74.88,78.5,79.7,74.91,78.15,79.31,80.73,77.22,77.28,76.83,73.87,76.05,78.45,77.22,77.18,75.48,80.85,80.77
2026-03-04 10:43:57,86.61,89.6,85.58,89.07,87.79,86.53,84.31,85.78,85.12,83.02,84.28,83.97,80.5,77.75,76.87,82.96,83.29,77.0,78.83,80.54,78.32,76.93,76.55,79.61,77.44,70.53,73.61,73.71,75.71,77.58,78.9,79.19,79.7,78.28,78.21,75.32,77.12,75.11,76.13,75.48,79.57,76.26,74.82,78.47,79.84,75.31,78.3,79.71,81.05,77.41,77.44,76.99,74.14,76.15,78.37,77.12,77.35,75.51,80.82,80.71
2026-03-04 10:43:58,86.85,89.93,86.13,89.4,87.99,86.79,84.49,85.49,85.21,83.46,84.85,84.31,80.68,77.95,77.02,83.31,83.8,77.88,79.32,80.94,78.54,77.15,76.83,79.91,77.94,70.85,73.88,73.91,76.03,77.88,79.16,79.58,80.09,78.57,78.39,75.44,76.86,75.28,76.2,75.46,79.4,76.33,74.77,78.45,79.93,75.72,78.36,80.09,81.36,77.62,77.45,77.12,74.44,76.29,78.3,77.01,77.53,75.59,80.81,80.6
2026-03-04 10:43:59,87.05,90.17,86.47,89.63,88.17,87.01,84.62,85.15,85.22,83.84,85.33,84.63,80.88,78.15,77.19,83.59,84.21,78.65,79.71,81.27,78.73,77.33,77.01,80.06,78.31,71.21,74.19,74.19,76.38,78.15,79.37,79.83,80.4,78.84,78.51,75.46,76.46,75.47,76.33,75.48,79.09,76.41,74.74,78.43,79.97,76.15,78.37,80.45,81.66,77.85,77.33,77.21,74.75,76.46,78.24,76.9,77.72,75.72,80.8,80.45
2026-03-04 10:44:00,87.23,90.38,86.76,89.87,88.43,87.33,84.84,84.92,85.28,84.19,85.81,84.98,81.17,78.46,77.46,83.86,84.58,79.39,80.12,81.62,78.96,77.55,77.24,80.17,78.62,71.62,74.55,74.54,76.79,78.43,79.59,80.03,80.67,79.1,78.66,75.52,76.1,75.7,76.48,75.53,78.75,76.47,74.72,78.43,80.03,76.59,78.4,80.82,81.95,78.09,77.17,77.25,75.05,76.62,78.19,76.79,77.89,75.83,80.75,80.3
2026-03-04 10:44:01,87.41,90.59,87.08,90.15,88.72,87.68,85.12,84.77,85.38,84.48,86.26,85.33,81.47,78.83,77.74,84.07,84.86,80.07,80.51,81.92,79.16,77.83,77.55,80.28,78.92,72.11,74.92,74.9,77.18,78.73,79.83,80.22,80.79,79.33,78.86,75.7,75.84,75.94,76.66,75.62,78.43,76.51,74.69,78.44,80.06,77.02,78.46,81.19,82.18,78.31,77.0,77.24,75.36,76.83,78.2,76.74,78.09,75.99,80.68,80.17
2026-03-04 10:44:02,87.62,90.81,87.43,90.43,88.99,87.99,85.38,84.68,85.46,84.77,86.66,85.64,81.77,79.19,78.04,84.24,85.08,80.69,80.85,82.14,79.33,78.13,77.87,80.35,79.21,72.64,75.26,75.15,77.49,79.04,80.09,80.38,80.79,79.51,79.01,75.92,75.69,76.16,76.87,75.77,78.15,76.56,74.65,78.45,80.08,77.41,78.53,81.52,82.34,78.47,76.84,77.26,75.66,77.09,78.29,76.77,78.33,76.2,80.68,80.1
2026-03-04 10:44:03,87.87,91.04,87.7,90.64,89.19,88.18,85.52,84.57,85.42,84.94,86.94,85.87,81.99,79.47,78.3,84.36,85.23,81.28,81.16,82.24,79.45,78.38,78.17,80.35,79.38,73.15,75.59,75.34,77.74,79.31,80.33,80.49,80.74,79.65,78.99,76.15,75.62,76.39,77.05,75.91,77.78,76.58,74.65,78.44,80.08,77.77,78.57,81.8,82.49,78.67,76.72,77.32,75.95,77.39,78.46,76.89,78.6,76.43,80.73,80.09
2026-03-04 10:44:04,88.14,91.28,87.89,90.76,89.31,88.28,85.56,84.43,85.3,85.0,87.11,86.01,82.13,79.65,78.49,84.43,85.33,81.84,81.44,82.25,79.52,78.58,78.44,80.31,79.39,73.61,75.92,75.53,77.96,79.55,80.54,80.59,80.64,79.75,78.78,76.37,75.62,76.6,77.17,76.03,77.29,76.55,74.67,78.38,80.07,78.06,78.56,82.03,82.66,78.91,76.61,77.41,76.24,77.72,78.72,77.12,78.91,76.69,80.83,80.14
2026-03-04 10:44:05,88.45,91.52,87.99,90.81,89.37,88.3,85.51,84.28,85.09,84.96,87.18,86.08,82.19,79.73,78.6,84.45,85.38,82.36,81.7,82.16,79.54,78.74,78.68,80.22,79.28,74.04,76.23,75.7,78.15,79.74,80.73,80.67,80.49,79.82,78.4,76.59,75.66,76.81,77.24,76.12,76.7,76.48,74.7,78.27,80.04,78.29,78.51,82.22,82.85,79.19,76.51,77.52,76.52,78.09,79.05,77.44,79.24,76.96,80.96,80.25
2026-03-04 10:44:06,88.77,91.75,88.02,90.79,89.38,88.25,85.39,84.12,84.82,84.83,87.16,86.09,82.19,79.74,78.66,84.43,85.39,82.85,81.92,82.01,79.52,78.85,78.9,80.1,79.05,74.41,76.53,75.86,78.3,79.89,80.91,80.72,80.31,79.86,77.9,76.81,75.75,77.0,77.26,76.2,76.03,76.37,74.75,78.14,80.01,78.47,78.41,82.36,83.05,79.49,76.42,77.65,76.79,78.48,79.44,77.84,79.6,77.25,81.13,80.4
2026-03-04 10:44:07,89.11,91.98,87.99,90.73,89.34,88.15,85.2,83.95,84.49,84.63,87.07,86.04,82.13,79.68,78.67,84.37,85.36,83.3,82.13,81.79,79.47,78.93,79.08,79.94,78.74,74.75,76.82,76.02,78.43,80.02,81.06,80.77,80.11,79.88,77.28,77.02,75.88,77.18,77.24,76.25,75.31,76.23,74.82,77.98,79.96,78.61,78.28,82.47,83.26,79.82,76.34,77.8,77.05,78.89,79.88,78.3,79.97,77.55,81.33,80.59
2026-03-04 10:44:08,89.46,92.21,87.91,90.61,89.27,87.99,84.96,83.77,84.13,84.37,86.91,85.95,82.02,79.56,78.63,84.29,85.3,83.71,82.31,81.51,79.38,78.98,79.25,79.76,78.34,75.05,77.09,76.16,78.54,80.11,81.2,80.8,79.88,79.87,76.57,77.22,76.04,77.34,77.19,76.29,74.53,76.07,74.89,77.8,79.91,78.7,78.12,82.54,83.48,80.16,76.26,77.97,77.29,79.31,80.35,78.82,80.34,77.85,81.55,80.81
2026-03-04 10:44:09,89.81,92.42,87.78,90.46,89.16,87.79,84.67,83.59,83.72,84.05,86.7,85.82,81.87,79.4,78.55,84.18,85.21,84.09,82.47,81.2,79.27,79.0,79.39,79.57,77.88,75.32,77.36,76.29,78.63,80.18,81.32,80.81,79.63,79.84,75.79,77.42,76.23,77.5,77.11,76.32,73.73,75.89,74.97,77.59,79.85,78.76,77.94,82.58,83.7,80.52,76.19,78.14,77.52,79.73,80.85,79.37,80.72,78.15,81.79,81.05
2026-03-04 10:44:10,90.17,92.63,87.61,90.28,89.02,87.55,84.35,83.4,83.3,83.7,86.45,85.65,81.69,79.19,78.44,84.05,85.1,84.44,82.61,80.85,79.14,79.0,79.52,79.35,77.38,75.55,77.6,76.41,78.69,80.22,81.43,80.82,79.37,79.8,74.96,77.6,76.44,77.64,77.0,76.33,72.9,75.69,75.06,77.38,79.79,78.79,77.75,82.6,83.92,80.88,76.13,78.32,77.74,80.15,81.37,79.95,81.11,78.45,82.03,81.31
2026-03-04 10:44:11,90.52,92.84,87.41,90.07,88.86,87.29,84.01,83.22,82.85,83.31,86.16,85.46,81.47,78.95,78.3,83.9,84.97,84.76,82.73,80.47,79.0,78.97,79.62,79.13,76.83,75.75,77.83,76.52,78.74,80.24,81.52,80.81,79.11,79.75,74.08,77.78,76.67,77.78,76.87,76.33,72.06,75.48,75.16,77.16,79.72,78.79,77.53,82.59,84.14,81.24,76.08,78.5,77.95,80.56,81.89,80.55,81.48,78.74,82.29,81.59
2026-03-04 10:44:12,90.87,93.06,87.26,89.85,88.73,87.05,83.69,83.08,82.46,82.97,85.91,85.29,81.31,78.75,78.18,83.78,84.85,85.03,82.83,80.11,78.87,78.96,79.73,78.9,76.32,75.96,78.07,76.66,78.81,80.26,81.58,80.81,78.86,79.68,73.21,77.96,76.93,77.93,76.76,76.35,71.3,75.28,75.28,76.95,79.65,78.77,77.34,82.57,84.35,81.6,76.05,78.7,78.17,80.99,82.42,81.11,81.82,79.05,82.52,81.87
2026-03-04 10:44:13,91.26,93.36,87.26,89.72,88.71,86.91,83.52,83.09,82.27,82.82,85.82,85.26,81.3,78.73,78.22,83.76,84.76,85.31,82.97,79.85,78.81,79.04,79.89,78.74,75.99,76.26,78.34,76.89,78.97,80.33,81.61,80.82,78.69,79.61,72.48,78.18,77.22,78.14,76.73,76.41,70.77,75.17,75.43,76.77,79.6,78.74,77.21,82.55,84.55,81.98,76.09,78.9,78.42,81.43,82.93,81.6,82.15,79.39,82.73,82.13
2026-03-04 10:44:14,91.69,93.71,87.39,89.72,88.81,86.9,83.48,83.2,82.29,82.84,85.84,85.36,81.43,78.84,78.42,83.85,84.66,85.57,83.16,79.71,78.81,79.14,80.06,78.64,75.81,76.63,78.54,77.09,79.14,80.37,81.67,80.87,78.56,79.58,71.97,78.45,77.53,78.39,76.77,76.54,70.42,75.16,75.61,76.66,79.57,78.7,77.13,82.51,84.71,82.31,76.19,79.1,78.68,81.86,83.41,82.06,82.51,79.76,82.92,82.4
2026-03-04 10:44:15,92.14,94.06,87.62,89.77,88.97,86.97,83.55,83.34,82.46,82.94,85.95,85.5,81.64,79.02,78.73,84.0,84.59,85.81,83.37,79.69,78.83,79.27,80.25,78.61,75.73,77.08,78.78,77.29,79.34,80.42,81.75,80.98,78.46,79.56,71.63,78.72,77.81,78.68,76.94,76.77,70.25,75.14,75.77,76.61,79.61,78.74,77.08,82.43,84.86,82.64,76.39,79.35,79.02,82.27,83.85,82.52,82.88,80.17,83.14,82.69
2026-03-04 10:44:16,92.63,94.39,87.91,89.84,89.17,87.08,83.73,83.49,82.75,83.08,86.14,85.68,81.93,79.26,79.13,84.21,84.53,86.03,83.56,79.78,78.85,79.43,80.47,78.64,75.71,77.59,79.08,77.53,79.56,80.47,81.85,81.13,78.39,79.54,71.42,78.96,78.02,79.01,77.23,77.11,70.23,75.09,75.88,76.65,79.73,78.88,77.03,82.29,85.0,82.96,76.67,79.69,79.44,82.7,84.28,82.98,83.24,80.58,83.39,83.0
2026-03-04 10:44:17,93.1,94.7,88.25,89.96,89.41,87.25,84.0,83.66,83.14,83.27,86.38,85.88,82.27,79.53,79.57,84.45,84.5,86.24,83.76,79.95,78.87,79.56,80.68,78.71,75.74,78.12,79.42,77.81,79.82,80.53,81.95,81.31,78.35,79.56,71.35,79.15,78.19,79.36,77.61,77.51,70.34,75.08,75.99,76.76,79.93,79.1,77.05,82.16,85.14,83.29,77.0,80.1,79.92,83.13,84.7,83.44,83.57,81.0,83.67,83.32
2026-03-04 10:44:18,93.47,94.96,88.52,90.11,89.68,87.43,84.28,83.88,83.51,83.45,86.54,86.04,82.61,79.79,79.97,84.67,84.48,86.34,83.93,80.14,78.87,79.65,80.84,78.8,75.79,78.6,79.74,78.12,80.06,80.58,82.03,81.45,78.38,79.68,71.46,79.33,78.39,79.71,77.97,77.93,70.6,75.17,76.18,76.97,80.16,79.34,77.17,82.1,85.31,83.57,77.35,80.56,80.37,83.54,85.08,83.86,83.87,81.47,83.99,83.68
2026-03-04 10:44:19,93.69,95.09,88.68,90.16,89.86,87.56,84.5,84.05,83.72,83.54,86.59,86.1,82.87,80.02,80.31,84.81,84.4,86.28,84.01,80.3,78.86,79.75,80.98,78.91,75.87,79.03,80.01,78.33,80.16,80.55,82.09,81.57,78.45,79.83,71.71,79.52,78.58,80.02,78.31,78.36,70.98,75.36,76.47,77.25,80.41,79.6,77.35,82.07,85.44,83.74,77.69,81.01,80.79,83.9,85.4,84.19,84.12,81.96,84.32,84.02
2026-03-04 10:44:20,93.78,95.07,88.68,90.09,89.94,87.63,84.69,84.18,83.79,83.49,86.44,85.97,82.99,80.17,80.54,84.79,84.24,86.1,84.01,80.44,78.88,79.85,81.05,79.04,76.0,79.4,80.21,78.36,80.06,80.47,82.13,81.68,78.47,79.98,72.05,79.7,78.71,80.27,78.65,78.79,71.38,75.62,76.81,77.55,80.63,79.86,77.57,82.0,85.48,83.86,77.99,81.44,81.22,84.22,85.66,84.44,84.28,82.43,84.65,84.34
2026-03-04 10:44:21,93.76,94.89,88.51,89.92,89.95,87.66,84.85,84.28,83.78,83.32,86.08,85.63,82.97,80.26,80.67,84.58,83.99,85.83,83.95,80.57,78.95,79.97,81.07,79.17,76.16,79.73,80.34,78.21,79.74,80.38,82.17,81.76,78.42,80.12,72.46,79.87,78.77,80.47,78.99,79.18,71.77,75.95,77.22,77.86,80.81,80.13,77.82,81.87,85.4,83.93,78.29,81.82,81.65,84.52,85.88,84.61,84.37,82.85,84.98,84.64
2026-03-04 10:44:22,93.65,94.6,88.19,89.68,89.9,87.65,84.98,84.35,83.7,83.05,85.53,85.12,82.83,80.28,80.71,84.22,83.66,85.46,83.83,80.7,79.05,80.1,81.07,79.3,76.36,80.01,80.41,77.89,79.22,80.26,82.21,81.82,78.3,80.24,72.93,80.04,78.77,80.62,79.32,79.54,72.15,76.34,77.68,78.17,80.96,80.39,78.08,81.67,85.23,83.97,78.57,82.15,82.07,84.81,86.05,84.73,84.4,83.23,85.31,84.91
2026-03-04 10:44:23,93.47,94.21,87.75,89.38,89.8,87.61,85.09,84.4,83.57,82.68,84.82,84.45,82.59,80.25,80.67,83.72,83.26,85.02,83.65,80.82,79.18,80.24,81.03,79.44,76.58,80.25,80.43,77.44,78.54,80.14,82.24,81.87,78.13,80.36,73.45,80.21,78.71,80.75,79.64,79.86,72.53,76.78,78.18,78.49,81.08,80.65,78.35,81.44,84.97,83.97,78.84,82.44,82.49,85.07,86.19,84.79,84.38,83.57,85.62,85.15
2026-03-04 10:44:24,93.22,93.73,87.21,89.03,89.65,87.55,85.18,84.42,83.4,82.25,84.0,83.67,82.26,80.17,80.56,83.12,82.81,84.52,83.44,80.93,79.34,80.38,80.98,79.57,76.82,80.45,80.41,76.88,77.72,80.0,82.27,81.89,77.91,80.45,74.01,80.37,78.61,80.83,79.96,80.16,72.89,77.25,78.71,78.8,81.17,80.9,78.64,81.16,84.65,83.95,79.1,82.68,82.91,85.32,86.29,84.81,84.32,83.88,85.93,85.38
2026-03-04 10:44:25,92.92,93.18,86.58,88.63,89.46,87.46,85.25,84.43,83.18,81.75,83.07,82.79,81.86,80.06,80.4,82.42,82.31,83.98,83.2,81.03,79.51,80.52,80.9,79.71,77.07,80.62,80.35,76.22,76.79,79.86,82.29,81.9,77.65,80.54,74.59,80.52,78.47,80.89,80.26,80.42,73.23,77.75,79.25,79.11,81.24,81.14,78.92,80.85,84.27,83.9,79.34,82.9,83.31,85.55,86.36,84.79,84.23,84.15,86.22,85.59
2026-03-04 10:44:26,92.58,92.58,85.88,88.2,89.24,87.36,85.31,84.42,82.94,81.21,82.06,81.83,81.4,79.91,80.19,81.66,81.79,83.4,82.93,81.13,79.71,80.67,80.81,79.84,77.33,80.76,80.26,75.49,75.79,79.71,82.31,81.89,77.36,80.62,75.19,80.67,78.3,80.92,80.55,80.66,73.56,78.26,79.81,79.42,81.28,81.37,79.21,80.52,83.85,83.84,79.56,83.07,83.69,85.76,86.41,84.72,84.1,84.39,86.5,85.77
2026-03-04 10:44:27,92.19,91.94,85.15,87.76,89.0,87.24,85.35,84.4,82.66,80.64,81.0,80.83,80.9,79.73,79.95,80.86,81.25,82.8,82.63,81.21,79.9,80.81,80.7,79.97,77.59,80.86,80.13,74.71,74.72,79.56,82.33,81.87,77.05,80.68,75.8,80.8,78.11,80.92,80.82,80.86,73.86,78.79,80.37,79.71,81.3,81.58,79.49,80.17,83.38,83.75,79.76,83.21,84.05,85.94,86.43,84.63,83.95,84.6,86.76,85.93
2026-03-04 10:44:28,91.75,91.28,84.48,87.34,88.76,87.12,85.36,84.33,82.36,80.04,80.01,79.89,80.42,79.51,79.69,80.1,80.73,82.19,82.31,81.23,80.03,80.92,80.56,80.03,77.76,80.85,79.95,73.97,73.69,79.4,82.31,81.77,76.73,80.7,76.32,80.87,77.9,80.9,81.0,80.96,74.15,79.26,80.85,79.94,81.24,81.7,79.7,79.8,82.87,83.57,79.84,83.22,84.34,86.08,86.42,84.52,83.75,84.74,86.94,85.96
2026-03-04 10:44:29,91.26,90.64,83.9,86.94,88.5,86.97,85.34,84.22,82.07,79.44,79.09,79.02,79.94,79.27,79.39,79.34,80.14,81.57,81.95,81.15,80.03,80.89,80.37,79.99,77.8,80.75,79.73,73.27,72.68,79.2,82.19,81.58,76.45,80.68,76.76,80.8,77.65,80.83,81.08,80.98,74.42,79.65,81.2,80.06,81.08,81.74,79.85,79.46,82.33,83.29,79.78,83.1,84.52,86.1,86.33,84.33,83.47,84.78,87.01,85.88
2026-03-04 10:44:30,90.79,90.03,83.41,86.55,88.24,86.82,85.29,84.06,81.76,78.82,78.23,78.21,79.45,79.02,79.06,78.58,79.51,80.91,81.51,81.0,79.93,80.63,80.07,79.79,77.71,80.57,79.49,72.6,71.74,78.95,81.96,81.34,76.22,80.66,77.14,80.59,77.37,80.7,81.04,80.93,74.66,79.93,81.46,80.07,80.87,81.74,79.94,79.16,81.83,82.97,79.65,82.86,84.58,86.03,86.14,84.03,83.09,84.66,86.94,85.69
2026-03-04 10:44:31,90.32,89.46,82.99,86.18,87.98,86.68,85.22,83.88,81.45,78.18,77.44,77.43,78.94,78.75,78.69,77.83,78.88,80.21,80.99,80.77,79.73,80.15,79.68,79.47,77.49,80.34,79.24,71.94,70.89,78.67,81.65,81.06,76.05,80.62,77.46,80.24,77.05,80.52,80.91,80.82,74.86,80.11,81.63,79.99,80.63,81.69,79.98,78.91,81.38,82.62,79.46,82.53,84.53,85.87,85.86,83.65,82.63,84.41,86.77,85.42
2026-03-04 10:44:32,89.87,88.93,82.65,85.83,87.74,86.55,85.14,83.68,81.14,77.53,76.71,76.71,78.43,78.47,78.31,77.1,78.24,79.48,80.42,80.49,79.47,79.5,79.22,79.03,77.18,80.05,78.99,71.31,70.13,78.35,81.27,80.76,75.92,80.57,77.74,79.79,76.7,80.29,80.68,80.67,75.02,80.19,81.72,79.83,80.36,81.6,79.98,78.68,80.97,82.25,79.23,82.13,84.4,85.64,85.52,83.2,82.11,84.05,86.5,85.08
2026-03-04 10:44:33,89.44,88.43,82.37,85.5,87.5,86.42,85.04,83.45,80.84,76.88,76.04,76.03,77.91,78.19,77.91,76.38,77.6,78.74,79.8,80.17,79.14,78.7,78.7,78.5,76.77,79.73,78.73,70.71,69.44,78.02,80.83,80.42,75.83,80.52,77.97,79.25,76.32,80.03,80.39,80.47,75.16,80.2,81.75,79.6,80.08,81.49,79.95,78.5,80.6,81.87,78.95,81.67,84.2,85.36,85.11,82.69,81.54,83.6,86.15,84.68
2026-03-04 10:44:34,89.02,87.98,82.15,85.19,87.28,86.31,84.93,83.21,80.53,76.23,75.43,75.41,77.4,77.91,77.5,75.69,76.96,77.99,79.15,79.81,78.77,77.77,78.14,77.89,76.3,79.37,78.48,70.14,68.84,77.66,80.35,80.08,75.78,80.46,78.15,78.63,75.94,79.74,80.03,80.24,75.26,80.14,81.72,79.32,79.79,81.34,79.88,78.34,80.27,81.47,78.65,81.15,83.94,85.04,84.66,82.14,80.92,83.06,85.74,84.24
2026-03-04 10:44:35,88.63,87.56,81.99,84.9,87.07,86.2,84.81,82.95,80.24,75.59,74.87,74.83,76.9,77.64,77.1,75.03,76.34,77.24,78.48,79.42,78.35,76.75,77.54,77.23,75.78,78.98,78.22,69.59,68.3,77.3,79.83,79.72,75.77,80.4,78.31,77.96,75.54,79.43,79.63,79.99,75.34,80.02,81.64,79.0,79.48,81.18,79.78,78.22,79.98,81.08,78.32,80.6,83.62,84.68,84.17,81.55,80.28,82.47,85.27,83.76
2026-03-04 10:44:36,88.26,87.19,81.88,84.64,86.88,86.1,84.69,82.7,79.96,74.98,74.38,74.3,76.42,77.36,76.69,74.39,75.74,76.5,77.8,79.01,77.91,75.67,76.93,76.53,75.21,78.57,77.97,69.09,67.83,76.93,79.29,79.35,75.77,80.33,78.43,77.26,75.15,79.11,79.19,79.72,75.41,79.85,81.52,78.65,79.18,81.01,79.67,78.12,79.72,80.69,77.97,80.02,83.26,84.29,83.66,80.94,79.63,81.84,84.78,83.27
2026-03-04 10:44:37,87.93,86.9,81.84,84.46,86.72,85.99,84.59,82.46,79.68,74.48,73.99,73.88,75.98,77.09,76.26,73.8,75.18,75.74,77.12,78.6,77.49,74.68,76.36,75.85,74.62,78.15,77.69,68.7,67.5,76.6,78.79,79.02,75.8,80.25,78.56,76.62,74.79,78.79,78.75,79.44,75.48,79.69,81.38,78.34,78.94,80.81,79.54,78.07,79.51,80.35,77.66,79.49,82.87,83.89,83.17,80.33,79.06,81.28,84.3,82.83
2026-03-04 10:44:38,87.61,86.67,81.85,84.28,86.56,85.78,84.43,82.14,79.34,74.04,73.67,73.54,75.58,76.82,75.79,73.29,74.71,75.04,76.47,78.18,77.12,73.83,75.84,75.22,74.07,77.75,77.44,68.48,67.32,76.33,78.31,78.78,75.9,80.16,78.67,76.08,74.46,78.44,78.27,79.12,75.54,79.48,81.18,78.09,78.72,80.59,79.43,78.1,79.35,80.09,77.39,79.04,82.45,83.47,82.73,79.86,78.64,80.78,83.82,82.47
2026-03-04 10:44:39,87.26,86.45,81.88,84.09,86.36,85.55,84.24,81.8,79.0,73.69,73.42,73.24,75.24,76.56,75.26,72.88,74.36,74.46,75.79,77.74,76.8,73.09,75.33,74.63,73.56,77.34,77.25,68.4,67.26,76.08,77.74,78.6,76.05,80.05,78.72,75.6,74.18,78.04,77.73,78.75,75.59,79.25,80.91,77.83,78.45,80.33,79.25,78.18,79.23,79.86,77.18,78.66,82.0,83.0,82.38,79.56,78.37,80.27,83.36,82.19
2026-03-04 10:44:40,86.88,86.24,81.93,83.89,86.15,85.32,84.03,81.43,78.68,73.43,73.24,72.98,74.94,76.29,74.7,72.54,74.13,74.0,75.1,77.3,76.53,72.46,74.81,74.08,73.09,76.93,77.09,68.44,67.31,75.86,77.06,78.47,76.25,79.92,78.7,75.17,73.95,77.6,77.13,78.34,75.63,79.01,80.56,77.58,78.12,80.03,78.99,78.31,79.14,79.67,77.02,78.33,81.52,82.49,82.13,79.4,78.22,79.77,82.94,81.97
2026-03-04 10:44:41,86.48,86.04,82.0,83.69,85.93,85.09,83.8,81.05,78.38,73.23,73.12,72.76,74.69,76.03,74.12,72.28,73.99,73.66,74.39,76.85,76.3,71.93,74.3,73.58,72.66,76.53,76.98,68.59,67.44,75.66,76.3,78.38,76.48,79.76,78.62,74.79,73.77,77.12,76.49,77.89,75.67,78.76,80.15,77.33,77.75,79.7,78.68,78.48,79.08,79.52,76.89,78.06,81.01,81.96,81.95,79.38,78.18,79.28,82.54,81.82
2026-03-04 10:44:42,86.07,85.84,82.08,83.49,85.69,84.86,83.56,80.66,78.09,73.11,73.06,72.58,74.48,75.78,73.52,72.09,73.93,73.4,73.69,76.41,76.12,71.49,73.8,73.12,72.27,76.13,76.9,68.82,67.65,75.49,75.48,78.33,76.74,79.59,78.49,74.45,73.62,76.62,75.82,77.42,75.7,78.51,79.7,77.09,77.36,79.34,78.31,78.67,79.05,79.39,76.81,77.84,80.49,81.4,81.85,79.47,78.24,78.79,82.17,81.73
2026-03-04 10:44:43,85.65,85.65,82.17,83.28,85.45,84.64,83.31,80.27,77.83,73.04,73.04,72.43,74.31,75.54,72.91,71.96,73.95,73.24,72.99,75.97,75.97,71.13,73.32,72.7,71.91,75.74,76.86,69.13,67.92,75.34,74.62,78.32,77.02,79.4,78.32,74.16,73.51,76.1,75.12,76.94,75.73,78.27,79.21,76.85,76.93,78.98,77.91,78.9,79.04,79.29,76.75,77.66,79.96,80.82,81.82,79.66,78.38,78.32,81.82,81.68
2026-03-04 10:44:44,85.22,85.48,82.28,83.08,85.2,84.43,83.06,79.89,77.58,73.02,73.06,72.31,74.17,75.31,72.3,71.88,74.03,73.15,72.31,75.55,75.85,70.85,72.85,72.32,71.59,75.36,76.84,69.5,68.25,75.21,73.73,78.34,77.31,79.21,78.11,73.91,73.43,75.57,74.41,76.44,75.75,78.02,78.7,76.62,76.49,78.6,77.48,79.14,79.05,79.22,76.72,77.52,79.43,80.25,81.84,79.93,78.6,77.86,81.51,81.68
2026-03-04 10:44:45,84.8,85.31,82.38,82.88,84.96,84.22,82.8,79.51,77.35,73.05,73.12,72.22,74.07,75.09,71.7,71.85,74.16,73.13,71.64,75.14,75.76,70.63,72.4,71.97,71.3,74.99,76.84,69.92,68.61,75.1,72.81,78.38,77.62,79.01,77.87,73.69,73.38,75.04,73.71,75.94,75.77,77.79,78.17,76.41,76.04,78.22,77.03,79.39,79.08,79.17,76.72,77.42,78.9,79.67,81.9,80.27,78.87,77.42,81.22,81.71
2026-03-04 10:44:46,84.38,85.15,82.49,82.69,84.72,84.03,82.54,79.14,77.13,73.11,73.22,72.15,74.0,74.88,71.1,71.86,74.35,73.16,70.99,74.74,75.7,70.48,71.97,71.67,71.04,74.64,76.87,70.38,69.01,75.0,71.9,78.45,77.93,78.81,77.62,73.51,73.36,74.51,73.0,75.45,75.78,77.56,77.63,76.2,75.59,77.83,76.56,79.65,79.12,79.14,76.74,77.35,78.38,79.1,82.01,80.67,79.19,77.01,80.96,81.77
2026-03-04 10:44:47,83.97,85.01,82.61,82.5,84.48,83.84,82.29,78.77,76.94,73.21,73.33,72.1,73.94,74.68,70.53,71.9,74.56,73.25,70.37,74.36,75.67,70.38,71.56,71.39,70.81,74.31,76.91,70.87,69.44,74.92,70.98,78.53,78.24,78.61,77.34,73.36,73.36,73.99,72.31,74.96,75.79,77.33,77.08,76.01,75.13,77.45,76.09,79.92,79.17,79.12,76.78,77.31,77.87,78.54,82.15,81.11,79.54,76.61,80.72,81.87
2026-03-04 10:44:48,83.57,84.87,82.73,82.32,84.25,83.67,82.04,78.43,76.76,73.33,73.47,72.08,73.92,74.49,69.96,71.98,74.81,73.37,69.78,74.0,75.65,70.32,71.18,71.15,70.61,73.99,76.97,71.38,69.88,74.86,70.08,78.63,78.56,78.41,77.06,73.24,73.37,73.48,71.63,74.48,75.8,77.12,76.54,75.83,74.68,77.08,75.61,80.19,79.23,79.12,76.83,77.29,77.38,78.0,82.32,81.59,79.93,76.24,80.51,81.98
2026-03-04 10:44:49,83.19,84.75,82.84,82.15,84.02,83.5,81.8,78.09,76.6,73.48,73.62,72.06,73.91,74.32,69.43,72.08,75.09,73.54,69.21,73.66,75.65,70.31,70.82,70.94,70.44,73.69,77.05,71.9,70.33,74.81,69.19,78.74,78.87,78.21,76.76,73.15,73.41,72.98,70.97,74.01,75.8,76.92,76.01,75.66,74.24,76.72,75.14,80.46,79.3,79.13,76.9,77.3,76.91,77.47,82.51,82.09,80.34,75.89,80.32,82.11
2026-03-04 10:44:50,82.82,84.64,82.96,81.99,83.81,83.34,81.57,77.78,76.45,73.64,73.79,72.07,73.92,74.16,68.91,72.2,75.38,73.73,68.68,73.34,75.67,70.33,70.49,70.75,70.29,73.41,77.13,72.43,70.79,74.77,68.33,78.86,79.17,78.02,76.47,73.07,73.46,72.5,70.34,73.56,75.8,76.72,75.49,75.5,73.81,76.36,74.68,80.73,79.38,79.16,76.97,77.32,76.46,76.97,82.72,82.6,80.77,75.56,80.15,82.26
2026-03-04 10:44:51,82.47,84.53,83.07,81.83,83.6,83.2,81.34,77.47,76.32,73.82,73.97,72.08,73.94,74.01,68.42,72.33,75.68,73.95,68.18,73.04,75.7,70.38,70.18,70.6,70.16,73.15,77.22,72.95,71.24,74.74,67.5,78.99,79.46,77.83,76.17,73.02,73.51,72.04,69.73,73.13,75.8,76.54,74.98,75.35,73.4,76.03,74.22,80.99,79.46,79.19,77.06,77.36,76.03,76.49,82.94,83.13,81.2,75.26,80.01,82.42
2026-03-04 10:44:52,82.14,84.44,83.18,81.69,83.4,83.07,81.13,77.19,76.2,74.01,74.15,72.11,73.97,73.88,67.96,72.48,76.0,74.18,67.71,72.77,75.74,70.47,69.89,70.46,70.06,72.91,77.31,73.48,71.69,74.73,66.71,79.12,79.75,77.65,75.88,72.99,73.58,71.6,69.15,72.73,75.8,76.37,74.49,75.22,73.0,75.7,73.78,81.25,79.54,79.23,77.15,77.42,75.62,76.03,83.18,83.66,81.64,74.98,79.88,82.59
2026-03-04 10:44:53,81.83,84.36,83.29,81.56,83.22,82.95,80.93,76.93,76.1,74.21,74.34,72.16,74.02,73.76,67.53,72.65,76.31,74.42,67.29,72.51,75.79,70.57,69.64,70.36,69.98,72.7,77.41,73.99,72.13,74.72,65.97,79.26,80.02,77.48,75.59,72.98,73.66,71.2,68.62,72.34,75.79,76.21,74.03,75.1,72.62,75.4,73.36,81.49,79.63,79.28,77.25,77.49,75.25,75.6,83.41,84.18,82.06,74.73,79.77,82.76
2026-03-04 10:44:54,81.6,84.34,83.44,81.5,83.01,82.85,80.78,76.76,76.09,74.5,74.58,72.29,74.14,73.66,67.18,72.83,76.62,74.63,66.99,72.34,75.85,70.72,69.5,70.36,70.0,72.57,77.54,74.49,72.59,74.79,65.44,79.41,80.32,77.35,75.35,73.03,73.78,70.93,68.25,72.06,75.81,76.09,73.64,75.01,72.3,75.15,73.02,81.68,79.72,79.35,77.39,77.6,74.98,75.22,83.64,84.64,82.45,74.53,79.7,82.93
2026-03-04 10:44:55,81.49,84.41,83.65,81.48,82.71,82.74,80.68,76.72,76.21,74.88,74.86,72.56,74.35,73.57,66.93,73.07,76.94,74.82,66.83,72.28,75.93,70.95,69.48,70.45,70.1,72.59,77.74,75.01,73.08,74.97,65.19,79.49,80.62,77.22,75.16,73.17,73.99,70.81,68.08,71.96,75.91,76.04,73.34,74.97,72.09,74.98,72.78,81.86,79.82,79.44,77.6,77.75,74.8,74.94,83.86,85.07,82.82,74.46,79.6,83.08
2026-03-04 10:44:56,81.5,84.56,83.9,81.49,82.31,82.61,80.61,76.8,76.46,75.34,75.17,72.94,74.64,73.47,66.76,73.35,77.26,74.97,66.78,72.32,76.05,71.25,69.56,70.59,70.28,72.74,78.0,75.54,73.6,75.25,65.17,79.5,80.93,77.1,75.01,73.39,74.28,70.82,68.06,72.01,76.1,76.08,73.1,74.97,72.01,74.87,72.63,82.05,79.92,79.53,77.87,77.95,74.72,74.74,84.09,85.47,83.18,74.49,79.48,83.19
2026-03-04 10:44:57,81.59,84.77,84.19,81.54,81.84,82.48,80.58,76.98,76.81,75.87,75.49,73.41,74.99,73.36,66.67,73.65,77.59,75.11,66.84,72.43,76.19,71.6,69.71,70.79,70.52,72.99,78.3,76.07,74.13,75.6,65.37,79.46,81.23,76.97,74.91,73.68,74.65,70.94,68.19,72.2,76.36,76.18,72.93,75.0,72.02,74.82,72.56,82.23,80.03,79.63,78.18,78.17,74.71,74.61,84.31,85.84,83.53,74.62,79.35,83.29
2026-03-04 10:44:58,81.77,85.04,84.51,81.61,81.31,82.35,80.58,77.25,77.25,76.45,75.83,73.96,75.4,73.26,66.65,73.99,77.92,75.21,66.98,72.62,76.36,72.0,69.94,71.03,70.8,73.34,78.65,76.61,74.69,76.02,65.75,79.38,81.53,76.85,74.85,74.03,75.08,71.17,68.44,72.51,76.67,76.34,72.81,75.07,72.11,74.83,72.56,82.42,80.14,79.73,78.52,78.42,74.76,74.55,84.53,86.18,83.87,74.83,79.21,83.36
2026-03-04 10:44:59,82.02,85.36,84.84,81.71,80.73,82.2,80.6,77.59,77.76,77.06,76.18,74.57,75.84,73.16,66.68,74.34,78.25,75.3,67.19,72.86,76.54,72.43,70.22,71.31,71.13,73.76,79.02,77.13,75.24,76.49,66.27,79.25,81.83,76.73,74.83,74.42,75.55,71.47,68.79,72.91,77.04,76.54,72.75,75.16,72.29,74.88,72.62,82.6,80.26,79.84,78.9,78.69,74.87,74.55,84.75,86.49,84.2,75.11,79.05,83.41
2026-03-04 10:45:00,82.32,85.7,85.19,81.83,80.13,82.07,80.66,77.99,78.34,77.71,76.54,75.22,76.33,73.06,66.78,74.7,78.57,75.37,67.47,73.15,76.74,72.89,70.54,71.62,71.48,74.23,79.41,77.65,75.8,77.0,66.92,79.09,82.11,76.61,74.84,74.85,76.06,71.85,69.24,73.4,77.43,76.79,72.73,75.27,72.52,74.98,72.74,82.77,80.36,79.95,79.3,78.97,75.03,74.6,84.95,86.78,84.51,75.44,78.9,83.44
2026-03-04 10:45:01,82.68,86.02,85.56,82.06,79.73,82.01,80.84,78.43,79.0,78.35,77.0,75.87,76.89,73.04,67.06,75.06,78.89,75.43,67.85,73.48,76.97,73.4,70.87,71.95,71.8,74.74,79.79,78.15,76.36,77.47,67.65,79.0,82.39,76.52,74.93,75.35,76.61,72.33,69.78,73.93,77.86,77.1,72.84,75.47,72.85,75.15,72.92,82.91,80.38,80.11,79.75,79.3,75.26,74.74,85.1,87.01,84.78,75.83,78.78,83.48
2026-03-04 10:45:02,83.1,86.29,85.93,82.44,79.58,82.06,81.19,78.9,79.76,78.98,77.6,76.51,77.54,73.11,67.54,75.39,79.22,75.48,68.33,73.86,77.24,73.96,71.18,72.31,72.05,75.24,80.15,78.63,76.93,77.88,68.42,79.0,82.65,76.44,75.14,75.94,77.21,72.91,70.42,74.5,78.29,77.48,73.08,75.76,73.28,75.4,73.19,83.03,80.29,80.35,80.27,79.68,75.55,74.96,85.18,87.17,85.0,76.25,78.71,83.54
2026-03-04 10:45:03,83.57,86.55,86.33,82.91,79.63,82.2,81.63,79.4,80.58,79.59,78.27,77.12,78.22,73.27,68.16,75.72,79.51,75.56,68.88,74.26,77.5,74.52,71.47,72.66,72.26,75.73,80.48,79.09,77.48,78.2,69.18,79.03,82.87,76.39,75.36,76.52,77.77,73.52,71.12,75.07,78.7,77.89,73.39,76.11,73.75,75.7,73.5,83.1,80.13,80.6,80.8,80.08,75.9,75.26,85.21,87.24,85.14,76.71,78.7,83.6
2026-03-04 10:45:04,84.14,86.92,86.84,83.47,79.8,82.46,82.15,79.99,81.45,80.22,78.97,77.76,78.92,73.56,68.85,76.09,79.84,75.76,69.55,74.71,77.74,75.03,71.79,72.98,72.49,76.16,80.77,79.52,77.95,78.34,69.84,79.01,82.99,76.31,75.53,76.99,78.2,74.06,71.82,75.61,79.06,78.25,73.74,76.46,74.16,75.92,73.78,83.15,79.99,80.77,81.25,80.5,76.29,75.55,85.18,87.11,85.12,77.18,78.74,83.54
2026-03-04 10:45:05,84.86,87.42,87.45,84.15,80.05,82.81,82.79,80.68,82.36,80.87,79.69,78.43,79.67,73.98,69.61,76.54,80.27,76.11,70.34,75.18,77.89,75.51,72.17,73.34,72.79,76.59,81.03,79.93,78.34,78.35,70.43,78.97,82.95,76.15,75.69,77.36,78.54,74.6,72.55,76.13,79.4,78.59,74.14,76.84,74.59,76.14,74.03,83.19,79.91,80.9,81.66,80.94,76.74,75.8,85.08,86.93,85.08,77.68,78.85,83.42
2026-03-04 10:45:06,85.7,88.02,88.15,84.92,80.39,83.23,83.53,81.46,83.3,81.53,80.41,79.09,80.44,74.5,70.43,77.04,80.76,76.6,71.22,75.65,77.96,75.95,72.59,73.75,73.16,77.02,81.26,80.32,78.67,78.26,70.98,78.92,82.78,75.92,75.83,77.61,78.82,75.13,73.28,76.63,79.74,78.9,74.57,77.25,75.04,76.35,74.25,83.23,79.88,81.0,82.03,81.39,77.25,76.01,84.93,86.73,85.05,78.21,79.0,83.26
2026-03-04 10:45:07,86.59,88.68,88.91,85.77,80.82,83.76,84.35,82.26,84.24,82.21,81.15,79.8,81.25,75.13,71.31,77.58,81.29,77.18,72.19,76.16,78.03,76.37,73.05,74.18,73.6,77.46,81.47,80.68,78.95,78.13,71.48,78.87,82.5,75.63,75.96,77.77,79.07,75.66,74.0,77.12,80.06,79.2,75.04,77.69,75.5,76.58,74.46,83.27,79.92,81.12,82.36,81.85,77.77,76.2,84.74,86.51,85.01,78.76,79.2,83.04
2026-03-04 10:45:08,87.48,89.37,89.7,86.69,81.43,84.42,85.25,83.08,85.18,82.98,81.96,80.59,82.12,75.84,72.27,78.16,81.8,77.83,73.2,76.72,78.19,76.81,73.55,74.67,74.09,77.89,81.67,80.98,79.23,78.04,71.97,78.8,82.2,75.4,76.12,77.93,79.33,76.17,74.69,77.61,80.38,79.5,75.53,78.1,75.96,76.86,74.68,83.3,80.02,81.29,82.72,82.34,78.32,76.37,84.53,86.21,84.94,79.33,79.45,82.8
2026-03-04 10:45:09,88.39,90.13,90.54,87.67,82.19,85.2,86.22,83.95,86.15,83.84,82.82,81.44,83.03,76.67,73.34,78.8,82.36,78.55,74.25,77.34,78.45,77.28,74.12,75.24,74.63,78.23,81.81,81.26,79.49,77.97,72.4,78.67,81.89,75.25,76.31,78.11,79.6,76.68,75.35,78.13,80.74,79.83,76.06,78.53,76.46,77.14,74.94,83.33,80.1,81.49,83.1,82.86,78.93,76.62,84.33,85.67,84.86,79.9,79.74,82.61
2026-03-04 10:45:10,89.32,90.96,91.42,88.67,83.06,86.09,87.25,84.87,87.15,84.76,83.71,82.33,83.98,77.6,74.49,79.5,82.95,79.33,75.31,78.0,78.79,77.78,74.74,75.87,75.18,78.5,81.9,81.52,79.72,77.88,72.8,78.5,81.59,75.18,76.53,78.32,79.88,77.17,75.99,78.65,81.13,80.19,76.63,78.98,76.98,77.45,75.23,83.35,80.18,81.71,83.49,83.39,79.56,76.95,84.14,84.94,84.79,80.46,80.07,82.48
2026-03-04 10:45:11,90.19,91.82,92.34,89.68,83.99,87.01,88.27,85.81,88.11,85.67,84.62,83.23,84.88,78.51,75.67,80.24,83.56,80.11,76.3,78.63,79.17,78.28,75.34,76.49,75.75,78.74,81.97,81.74,79.89,77.78,73.25,78.43,81.35,75.18,76.78,78.55,80.17,77.62,76.64,79.19,81.51,80.58,77.21,79.42,77.53,77.78,75.51,83.31,80.26,81.92,83.86,83.86,80.09,77.27,83.95,84.22,84.75,80.96,80.41,82.4
2026-03-04 10:45:12,91.01,92.66,93.21,90.67,84.93,87.86,89.18,86.73,89.0,86.54,85.5,84.07,85.66,79.37,76.82,80.94,84.1,80.83,77.24,79.21,79.53,78.78,75.92,77.05,76.3,79.0,82.06,81.94,80.02,77.72,73.74,78.46,81.19,75.22,77.04,78.77,80.43,78.08,77.27,79.75,81.84,81.01,77.81,79.86,78.09,78.16,75.8,83.21,80.34,82.02,84.16,84.27,80.53,77.57,83.77,83.59,84.74,81.45,80.78,82.41
2026-03-04 10:45:13,91.76,93.44,94.03,91.66,85.91,88.69,90.03,87.62,89.85,87.38,86.36,84.88,86.36,80.23,78.0,81.66,84.59,81.5,78.15,79.79,79.89,79.3,76.49,77.59,76.89,79.3,82.1,82.12,80.03,77.66,74.16,78.55,81.1,75.34,77.31,78.96,80.62,78.53,77.86,80.28,82.14,81.43,78.41,80.27,78.6,78.53,76.13,83.14,80.47,82.11,84.44,84.64,80.95,77.92,83.64,83.06,84.73,81.95,81.19,82.5
2026-03-04 10:45:14,92.46,94.21,94.83,92.64,86.95,89.56,90.87,88.51,90.68,88.22,87.23,85.69,87.04,81.12,79.21,82.41,85.07,82.13,79.03,80.38,80.29,79.84,77.04,78.11,77.51,79.63,82.05,82.28,79.86,77.6,74.46,78.67,81.08,75.56,77.62,79.1,80.75,78.99,78.45,80.78,82.42,81.86,79.01,80.64,79.03,78.86,76.5,83.12,80.64,82.22,84.71,84.98,81.35,78.31,83.55,82.6,84.69,82.47,81.64,82.67
2026-03-04 10:45:15,93.13,94.96,95.62,93.63,88.02,90.44,91.7,89.4,91.51,89.08,88.11,86.49,87.7,82.03,80.41,83.18,85.55,82.73,79.9,80.97,80.71,80.39,77.61,78.64,78.16,79.97,81.96,82.42,79.61,77.55,74.7,78.85,81.13,75.85,77.95,79.22,80.83,79.45,79.05,81.24,82.67,82.25,79.57,80.98,79.44,79.2,76.89,83.14,80.83,82.34,84.96,85.29,81.73,78.72,83.49,82.22,84.67,83.0,82.13,82.88
2026-03-04 10:45:16,93.82,95.73,96.36,94.57,89.01,91.31,92.49,90.25,92.3,89.88,88.96,87.25,88.33,82.92,81.55,83.92,85.97,83.32,80.74,81.52,81.05,80.88,78.17,79.17,78.81,80.32,81.94,82.56,79.43,77.55,74.97,79.05,81.25,76.24,78.32,79.3,80.91,79.9,79.62,81.68,82.89,82.57,80.03,81.23,79.86,79.58,77.32,83.18,81.0,82.42,85.18,85.58,82.12,79.15,83.45,81.94,84.67,83.54,82.6,83.06
2026-03-04 10:45:17,94.44,96.39,96.91,95.31,89.83,92.05,93.14,90.98,92.96,90.52,89.59,87.87,88.86,83.68,82.5,84.56,86.31,83.75,81.44,81.99,81.31,81.26,78.66,79.64,79.43,80.65,81.94,82.68,79.29,77.56,75.26,79.24,81.33,76.64,78.66,79.38,80.95,80.29,80.11,82.12,83.12,82.87,80.41,81.43,80.24,79.97,77.8,83.24,81.14,82.48,85.39,85.88,82.51,79.55,83.43,81.67,84.61,83.97,83.0,83.2
2026-03-04 10:45:18,94.93,96.97,97.33,95.93,90.54,92.67,93.67,91.6,93.51,91.04,90.08,88.39,89.31,84.34,83.29,85.07,86.57,84.13,82.07,82.41,81.56,81.62,79.07,80.04,80.01,80.94,81.9,82.72,79.17,77.58,75.54,79.42,81.37,76.99,78.99,79.49,81.0,80.63,80.55,82.51,83.3,83.14,80.75,81.62,80.54,80.34,78.28,83.32,81.24,82.51,85.6,86.16,82.82,79.88,83.37,81.44,84.48,84.25,83.32,83.26
2026-03-04 10:45:19,95.28,97.41,97.62,96.41,91.1,93.13,94.03,92.04,93.87,91.36,90.42,88.78,89.61,84.85,83.97,85.47,86.73,84.44,82.6,82.7,81.72,81.93,79.42,80.36,80.51,81.15,81.85,82.71,79.05,77.58,75.73,79.52,81.38,77.29,79.25,79.56,80.99,80.9,80.93,82.83,83.38,83.34,81.06,81.73,80.74,80.63,78.71,83.37,81.36,82.54,85.8,86.38,83.06,80.17,83.28,81.25,84.34,84.45,83.56,83.27
2026-03-04 10:45:20,95.41,97.66,97.73,96.69,91.43,93.33,94.15,92.28,93.95,91.45,90.59,88.99,89.71,85.12,84.48,85.69,86.75,84.63,82.93,82.79,81.71,82.12,79.68,80.6,80.87,81.3,81.74,82.61,78.85,77.54,75.88,79.56,81.33,77.52,79.44,79.59,80.93,81.09,81.24,83.05,83.39,83.47,81.31,81.8,80.85,80.8,79.05,83.38,81.48,82.57,85.89,86.47,83.21,80.44,83.15,81.1,84.23,84.62,83.74,83.26
2026-03-04 10:45:21,95.34,97.74,97.71,96.79,91.57,93.27,94.03,92.29,93.73,91.36,90.58,89.01,89.57,85.27,84.86,85.78,86.63,84.7,83.12,82.71,81.55,82.18,79.8,80.69,81.1,81.4,81.59,82.42,78.58,77.48,76.01,79.54,81.29,77.75,79.58,79.59,80.84,81.22,81.47,83.17,83.33,83.5,81.5,81.81,80.89,80.9,79.33,83.37,81.63,82.63,85.87,86.45,83.28,80.67,83.03,80.96,84.1,84.76,83.84,83.2
2026-03-04 10:45:22,95.12,97.68,97.56,96.7,91.56,93.03,93.68,92.12,93.36,91.13,90.39,88.82,89.18,85.3,85.08,85.73,86.39,84.69,83.21,82.45,81.27,82.12,79.82,80.65,81.19,81.46,81.44,82.16,78.26,77.39,76.11,79.44,81.24,77.99,79.69,79.55,80.73,81.26,81.6,83.23,83.17,83.41,81.64,81.83,80.93,81.04,79.64,83.38,81.81,82.71,85.82,86.38,83.28,80.88,82.94,80.83,83.89,84.83,83.86,83.06
2026-03-04 10:45:23,94.77,97.49,97.29,96.43,91.43,92.64,93.13,91.79,92.87,90.77,90.04,88.46,88.56,85.23,85.17,85.56,86.05,84.63,83.24,82.07,80.9,81.96,79.74,80.48,81.13,81.47,81.3,81.86,77.92,77.27,76.18,79.25,81.18,78.23,79.76,79.48,80.63,81.25,81.63,83.24,82.94,83.21,81.75,81.84,80.98,81.2,79.98,83.42,82.0,82.82,85.75,86.26,83.22,81.06,82.87,80.72,83.63,84.86,83.81,82.83
2026-03-04 10:45:24,94.34,97.2,96.88,95.94,91.14,92.11,92.49,91.39,92.31,90.26,89.56,87.99,87.79,85.06,85.15,85.27,85.54,84.49,83.21,81.66,80.49,81.7,79.56,80.26,80.97,81.31,81.11,81.55,77.59,77.17,76.23,78.97,81.01,78.4,79.79,79.42,80.53,81.2,81.57,83.2,82.71,83.0,81.82,81.83,81.02,81.38,80.34,83.47,82.14,82.92,85.68,86.09,83.11,81.26,82.89,80.73,83.45,84.92,83.78,82.57
2026-03-04 10:45:25,93.83,96.84,96.33,95.24,90.69,91.46,91.82,90.96,91.68,89.58,88.98,87.44,86.92,84.82,85.07,84.86,84.86,84.28,83.14,81.28,80.08,81.33,79.27,80.02,80.72,80.94,80.85,81.25,77.31,77.09,76.29,78.62,80.69,78.47,79.79,79.4,80.46,81.12,81.41,83.11,82.51,82.83,81.87,81.76,81.05,81.56,80.71,83.5,82.21,83.02,85.61,85.9,82.94,81.5,83.01,80.87,83.4,85.06,83.82,82.28
2026-03-04 10:45:26,93.26,96.42,95.67,94.35,90.11,90.71,91.14,90.51,91.0,88.78,88.3,86.82,85.98,84.51,84.93,84.36,84.02,84.01,83.03,80.92,79.67,80.88,78.9,79.78,80.4,80.4,80.55,80.95,77.05,77.03,76.34,78.19,80.24,78.45,79.76,79.4,80.41,81.01,81.17,83.0,82.34,82.7,81.89,81.66,81.06,81.74,81.09,83.53,82.22,83.11,85.54,85.67,82.72,81.77,83.21,81.13,83.47,85.26,83.9,81.99
2026-03-04 10:45:27,92.65,95.95,94.92,93.32,89.42,89.87,90.44,90.05,90.28,87.87,87.56,86.16,84.97,84.16,84.74,83.79,83.07,83.69,82.89,80.59,79.26,80.35,78.46,79.52,80.02,79.7,80.21,80.67,76.83,76.99,76.39,77.72,79.68,78.36,79.7,79.43,80.38,80.89,80.86,82.85,82.19,82.59,81.9,81.52,81.06,81.91,81.47,83.56,82.17,83.19,85.48,85.42,82.47,82.06,83.48,81.48,83.63,85.51,84.04,81.68
2026-03-04 10:45:28,92.01,95.44,94.09,92.18,88.65,88.98,89.74,89.58,89.55,86.88,86.76,85.45,83.93,83.76,84.5,83.15,82.02,83.33,82.73,80.29,78.86,79.77,77.96,79.27,79.58,78.89,79.84,80.39,76.64,76.96,76.44,77.2,79.04,78.2,79.62,79.49,80.36,80.75,80.5,82.68,82.07,82.51,81.88,81.36,81.05,82.09,81.85,83.59,82.07,83.26,85.42,85.16,82.18,82.37,83.82,81.93,83.88,85.81,84.2,81.37
2026-03-04 10:45:29,91.35,94.9,93.21,90.94,87.8,88.05,89.04,89.12,88.79,85.82,85.93,84.73,82.87,83.33,84.23,82.47,80.9,82.93,82.55,80.02,78.46,79.15,77.41,79.01,79.11,77.98,79.44,80.13,76.49,76.95,76.48,76.65,78.33,77.99,79.53,79.56,80.36,80.59,80.1,82.5,81.96,82.46,81.85,81.18,81.04,82.26,82.23,83.61,81.94,83.32,85.37,84.88,81.88,82.68,84.2,82.44,84.19,86.14,84.4,81.06
2026-03-04 10:45:30,90.68,94.34,92.3,89.64,86.91,87.09,88.35,88.65,88.04,84.73,85.08,83.99,81.79,82.87,83.94,81.75,79.73,82.51,82.35,79.77,78.08,78.49,76.84,78.76,78.61,76.99,79.03,79.89,76.35,76.95,76.53,76.07,77.57,77.73,79.42,79.64,80.37,80.43,79.66,82.3,81.88,82.43,81.8,80.97,81.02,82.43,82.59,83.62,81.77,83.38,85.32,84.6,81.55,83.01,84.62,83.0,84.56,86.49,84.62,80.76
2026-03-04 10:45:31,90.0,93.78,91.35,88.3,85.98,86.11,87.68,88.2,87.29,83.6,84.21,83.25,80.71,82.4,83.62,81.01,78.52,82.08,82.14,79.54,77.71,77.82,76.24,78.5,78.1,75.95,78.61,79.66,76.24,76.97,76.57,75.49,76.77,77.44,79.3,79.74,80.39,80.26,79.19,82.08,81.82,82.42,81.75,80.76,80.99,82.59,82.95,83.64,81.57,83.43,85.27,84.32,81.22,83.33,85.07,83.6,84.98,86.86,84.86,80.45
2026-03-04 10:45:32,89.33,93.21,90.4,86.93,85.03,85.13,87.03,87.76,86.55,82.47,83.33,82.51,79.65,81.92,83.3,80.26,77.3,81.63,81.92,79.34,77.36,77.13,75.62,78.26,77.57,74.87,78.18,79.44,76.16,76.99,76.6,74.9,75.95,77.12,79.17,79.85,80.42,80.09,78.71,81.86,81.77,82.42,81.69,80.54,80.95,82.74,83.29,83.65,81.35,83.47,85.23,84.03,80.88,83.66,85.54,84.23,85.43,87.25,85.12,80.16
2026-03-04 10:45:33,88.66,92.64,89.45,85.55,84.07,84.15,86.41,87.33,85.82,81.33,82.47,81.77,78.61,81.44,82.96,79.5,76.08,81.18,81.7,79.16,77.03,76.44,75.0,78.02,77.03,73.77,77.75,79.24,76.09,77.02,76.64,74.3,75.11,76.78,79.03,79.96,80.46,79.92,78.22,81.64,81.73,82.44,81.62,80.31,80.92,82.89,83.62,83.66,81.12,83.51,85.19,83.74,80.53,83.98,86.03,84.89,85.9,87.64,85.38,79.87
2026-03-04 10:45:34,88.01,92.08,88.5,84.18,83.12,83.2,85.81,86.92,85.12,80.21,81.61,81.06,77.59,80.96,82.62,78.75,74.87,80.74,81.47,79.0,76.71,75.76,74.38,77.79,76.5,72.66,77.33,79.05,76.04,77.06,76.67,73.72,74.27,76.42,78.89,80.08,80.5,79.74,77.72,81.42,81.71,82.47,81.54,80.08,80.87,83.03,83.94,83.66,80.87,83.54,85.16,83.46,80.19,84.29,86.52,85.55,86.4,88.04,85.65,79.59
2026-03-04 10:45:35,87.38,91.53,87.57,82.83,82.17,82.26,85.24,86.52,84.44,79.1,80.78,80.37,76.61,80.48,82.27,78.02,73.67,80.29,81.24,78.86,76.41,75.08,73.76,77.57,75.97,71.55,76.91,78.88,76.0,77.1,76.7,73.15,73.44,76.05,78.74,80.2,80.54,79.57,77.22,81.19,81.7,82.51,81.46,79.85,80.83,83.16,84.24,83.67,80.62,83.57,85.13,83.19,79.85,84.6,87.01,86.21,86.91,88.44,85.93,79.33
2026-03-04 10:45:36,86.77,91.0,86.66,81.51,81.24,81.35,84.7,86.15,83.79,78.03,79.98,79.7,75.67,80.02,81.93,77.3,72.51,79.86,81.02,78.74,76.14,74.42,73.16,77.36,75.45,70.46,76.51,78.72,75.98,77.15,76.72,72.59,72.62,75.68,78.6,80.32,80.59,79.41,76.73,80.97,81.7,82.56,81.38,79.62,80.79,83.28,84.52,83.67,80.36,83.59,85.1,82.93,79.52,84.9,87.5,86.87,87.42,88.82,86.2,79.08
2026-03-04 10:45:37,86.19,90.49,85.79,80.23,80.34,80.48,84.19,85.8,83.17,76.99,79.2,79.05,74.77,79.57,81.6,76.6,71.39,79.44,80.8,78.64,75.88,73.78,72.58,77.17,74.95,69.39,76.12,78.58,75.98,77.2,76.74,72.05,71.81,75.31,78.46,80.45,80.65,79.24,76.25,80.76,81.71,82.61,81.29,79.4,80.74,83.39,84.78,83.67,80.1,83.61,85.07,82.67,79.2,85.18,87.98,87.52,87.93,89.21,86.47,78.84
2026-03-04 10:45:38,85.64,90.0,84.95,78.99,79.47,79.64,83.72,85.47,82.59,75.99,78.46,78.44,73.91,79.13,81.27,75.92,70.3,79.03,80.59,78.55,75.64,73.17,72.01,76.98,74.46,68.35,75.74,78.45,75.98,77.25,76.77,71.53,71.04,74.94,78.32,80.57,80.7,79.08,75.79,80.55,81.73,82.68,81.21,79.18,80.7,83.5,85.03,83.67,79.84,83.62,85.05,82.43,78.89,85.45,88.44,88.16,88.43,89.58,86.73,78.62
2026-03-04 10:45:39,85.11,89.53,84.14,77.8,78.63,78.84,83.28,85.16,82.04,75.04,77.75,77.86,73.11,78.72,80.95,75.28,69.27,78.63,80.39,78.47,75.41,72.58,71.47,76.81,73.99,67.35,75.38,78.33,75.99,77.3,76.78,71.04,70.29,74.58,78.18,80.69,80.76,78.93,75.34,80.35,81.75,82.74,81.12,78.97,80.65,83.6,85.25,83.67,79.58,83.63,85.03,82.2,78.59,85.71,88.9,88.78,88.92,89.93,86.99,78.41
2026-03-04 10:45:40,84.62,89.08,83.38,76.67,77.84,78.09,82.87,84.87,81.52,74.14,77.08,77.32,72.35,78.32,80.65,74.67,68.28,78.26,80.19,78.41,75.21,72.02,70.95,76.65,73.55,66.38,75.04,78.22,76.01,77.35,76.8,70.57,69.57,74.23,78.05,80.81,80.81,78.79,74.9,80.15,81.77,82.81,81.04,78.77,80.61,83.69,85.46,83.67,79.33,83.64,85.01,81.98,78.31,85.95,89.33,89.37,89.4,90.28,87.23,78.22
2026-03-04 10:45:41,84.15,88.67,82.65,75.6,77.08,77.38,82.49,84.6,81.04,73.29,76.46,76.81,71.65,77.94,80.36,74.09,67.35,77.91,80.0,78.36,75.03,71.49,70.45,76.5,73.12,65.47,74.72,78.13,76.04,77.41,76.82,70.13,68.89,73.88,77.92,80.92,80.87,78.65,74.49,79.97,81.81,82.88,80.96,78.58,80.56,83.77,85.66,83.66,79.09,83.64,85.0,81.78,78.04,86.17,89.75,89.94,89.86,90.6,87.47,78.04
2026-03-04 10:45:42,83.72,88.27,81.97,74.59,76.36,76.72,82.15,84.36,80.59,72.48,75.87,76.33,70.99,77.59,80.08,73.54,66.48,77.57,79.83,78.32,74.86,70.99,69.99,76.36,72.73,64.6,74.41,78.05,76.07,77.46,76.83,69.71,68.24,73.55,77.8,81.03,80.92,78.52,74.1,79.79,81.84,82.95,80.88,78.39,80.52,83.84,85.83,83.66,78.86,83.64,84.98,81.59,77.79,86.38,90.15,90.48,90.31,90.91,87.7,77.87
2026-03-04 10:45:43,83.32,87.91,81.34,73.65,75.69,76.1,81.83,84.13,80.18,71.74,75.32,75.89,70.38,77.25,79.82,73.03,65.66,77.26,79.66,78.3,74.71,70.52,69.55,76.23,72.35,63.78,74.13,77.98,76.11,77.51,76.84,69.32,67.63,73.24,77.68,81.14,80.98,78.4,73.73,79.63,81.88,83.02,80.81,78.22,80.48,83.91,85.99,83.65,78.63,83.64,84.97,81.41,77.55,86.58,90.52,90.99,90.73,91.2,87.91,77.72
2026-03-04 10:45:44,82.95,87.57,80.75,72.77,75.07,75.53,81.55,83.93,79.8,71.04,74.82,75.48,69.83,76.94,79.58,72.56,64.9,76.96,79.5,78.28,74.57,70.08,69.15,76.12,72.0,63.01,73.87,77.91,76.15,77.57,76.85,68.96,67.07,72.94,77.57,81.24,81.03,78.29,73.39,79.48,81.91,83.09,80.73,78.06,80.44,83.97,86.14,83.65,78.42,83.64,84.96,81.25,77.33,86.76,90.87,91.47,91.13,91.47,88.11,77.58
2026-03-04 10:45:45,82.61,87.26,80.2,71.95,74.49,75.0,81.29,83.74,79.46,70.4,74.35,75.11,69.32,76.66,79.35,72.12,64.19,76.69,79.35,78.27,74.45,69.68,68.77,76.01,71.68,62.29,73.63,77.86,76.2,77.62,76.86,68.63,66.54,72.66,77.47,81.33,81.08,78.18,73.06,79.33,81.95,83.16,80.67,77.91,80.41,84.02,86.27,83.64,78.22,83.64,84.96,81.09,77.13,86.93,91.2,91.92,91.51,91.73,88.3,77.46
2026-03-04 10:45:46,82.31,86.97,79.7,71.2,73.95,74.52,81.06,83.58,79.15,69.81,73.92,74.77,68.86,76.39,79.13,71.71,63.55,76.44,79.22,78.26,74.35,69.31,68.42,75.92,71.38,61.63,73.4,77.82,76.24,77.66,76.86,68.33,66.05,72.39,77.37,81.42,81.13,78.08,72.76,79.2,82.0,83.23,80.6,77.77,80.37,84.07,86.38,83.64,78.03,83.63,84.95,80.96,76.94,87.08,91.51,92.33,91.87,91.96,88.48,77.34
2026-03-04 10:45:47,82.03,86.71,79.24,70.51,73.46,74.08,80.86,83.43,78.87,69.27,73.53,74.46,68.44,76.15,78.94,71.34,62.95,76.21,79.09,78.26,74.26,68.97,68.1,75.84,71.1,61.01,73.2,77.78,76.29,77.71,76.87,68.05,65.59,72.15,77.28,81.5,81.17,78.0,72.49,79.08,82.04,83.29,80.54,77.63,80.34,84.11,86.48,83.63,77.85,83.63,84.95,80.83,76.76,87.22,91.79,92.72,92.2,92.18,88.65,77.24
2026-03-04 10:45:48,81.77,86.47,78.83,69.88,73.01,73.68,80.68,83.3,78.61,68.78,73.18,74.18,68.06,75.93,78.75,71.0,62.41,76.0,78.98,78.27,74.18,68.66,67.8,75.76,70.85,60.45,73.01,77.75,76.33,77.75,76.87,67.79,65.18,71.92,77.2,81.58,81.21,77.91,72.23,78.97,82.08,83.36,80.48,77.51,80.31,84.14,86.57,83.62,77.68,83.62,84.94,80.71,76.61,87.34,92.06,93.08,92.51,92.38,88.8,77.15
2026-03-04 10:45:49,81.55,86.26,78.45,69.31,72.6,73.32,80.52,83.18,78.39,68.33,72.87,73.93,67.73,75.72,78.59,70.69,61.92,75.81,78.87,78.28,74.11,68.38,67.54,75.7,70.62,59.94,72.85,77.72,76.38,77.79,76.87,67.57,64.8,71.7,77.12,81.65,81.26,77.84,72.0,78.86,82.12,83.42,80.43,77.41,80.28,84.17,86.65,83.62,77.53,83.61,84.94,80.61,76.46,87.45,92.29,93.41,92.79,92.56,88.94,77.08
2026-03-04 10:45:50,81.35,86.07,78.11,68.79,72.23,73.0,80.38,83.08,78.19,67.93,72.58,73.71,67.43,75.54,78.44,70.42,61.48,75.63,78.78,78.29,74.05,68.12,67.29,75.64,70.41,59.47,72.7,77.71,76.43,77.83,76.88,67.36,64.46,71.51,77.05,81.72,81.29,77.77,71.79,78.77,82.15,83.47,80.38,77.31,80.25,84.2,86.71,83.61,77.39,83.61,84.94,80.52,76.33,87.55,92.51,93.71,93.05,92.73,89.07,77.01
2026-03-04 10:45:51,81.17,85.9,77.8,68.33,71.9,72.72,80.27,82.99,78.02,67.58,72.33,73.51,67.17,75.38,78.3,70.17,61.09,75.48,78.69,78.31,74.0,67.9,67.08,75.59,70.23,59.05,72.56,77.69,76.47,77.87,76.88,67.18,64.15,71.33,76.98,81.78,81.33,77.71,71.6,78.69,82.19,83.53,80.33,77.22,80.23,84.22,86.77,83.61,77.26,83.6,84.94,80.44,76.22,87.64,92.71,93.98,93.29,92.88,89.18,76.95
2026-03-04 10:45:52,81.01,85.74,77.54,67.92,71.6,72.47,80.17,82.92,77.87,67.26,72.11,73.34,66.95,75.23,78.17,69.95,60.74,75.34,78.61,78.33,73.97,67.7,66.89,75.55,70.06,58.67,72.44,77.68,76.52,77.9,76.88,67.01,63.88,71.16,76.93,81.83,81.36,77.66,71.43,78.61,82.23,83.58,80.29,77.13,80.2,84.24,86.82,83.6,77.14,83.59,84.94,80.37,76.11,87.72,92.89,94.22,93.5,93.01,89.29,76.9
2026-03-04 10:45:53,80.88,85.61,77.3,67.56,71.34,72.25,80.09,82.86,77.74,66.99,71.92,73.19,66.75,75.11,78.06,69.76,60.44,75.22,78.54,78.35,73.93,67.52,66.71,75.51,69.92,58.34,72.34,77.68,76.56,77.93,76.88,66.87,63.63,71.02,76.87,81.88,81.39,77.61,71.28,78.55,82.26,83.63,80.25,77.06,80.18,84.25,86.86,83.6,77.03,83.58,84.94,80.31,76.02,87.78,93.04,94.44,93.7,93.13,89.38,76.85
2026-03-04 10:45:54,80.76,85.5,77.09,67.24,71.11,72.06,80.02,82.8,77.63,66.75,71.75,73.06,66.59,74.99,77.97,69.59,60.17,75.11,78.48,78.38,73.91,67.36,66.56,75.48,69.79,58.04,72.25,77.68,76.6,77.96,76.88,66.75,63.42,70.88,76.83,81.93,81.42,77.57,71.15,78.49,82.3,83.67,80.22,77.0,80.16,84.26,86.89,83.59,76.94,83.57,84.95,80.25,75.94,87.84,93.18,94.63,93.87,93.23,89.46,76.82
2026-03-04 10:45:55,80.67,85.4,76.92,66.97,70.91,71.9,79.97,82.76,77.54,66.54,71.61,72.95,66.45,74.9,77.88,69.44,59.94,75.01,78.43,78.4,73.89,67.23,66.43,75.46,69.68,57.78,72.17,77.68,76.64,77.99,76.88,66.64,63.23,70.76,76.78,81.97,81.45,77.53,71.03,78.44,82.33,83.71,80.18,76.94,80.15,84.27,86.91,83.59,76.85,83.56,84.95,80.21,75.87,87.89,93.31,94.8,94.03,93.33,89.54,76.79
2026-03-04 10:45:56,80.59,85.32,76.76,66.73,70.74,71.76,79.93,82.73,77.47,66.36,71.49,72.86,66.33,74.81,77.81,69.32,59.74,74.93,78.38,78.42,73.88,67.11,66.32,75.44,69.58,57.55,72.1,77.68,76.68,78.01,76.88,66.55,63.07,70.66,76.75,82.0,81.47,77.5,70.93,78.39,82.36,83.75,80.16,76.89,80.13,84.27,86.93,83.58,76.78,83.55,84.95,80.17,75.81,87.93,93.42,94.95,94.17,93.41,89.6,76.77
2026-03-04 10:45:57,80.52,85.25,76.64,66.53,70.59,71.64,79.9,82.71,77.41,66.22,71.39,72.79,66.24,74.74,77.74,69.21,59.57,74.87,78.34,78.45,73.88,67.02,66.23,75.42,69.5,57.36,72.05,77.69,76.71,78.03,76.87,66.47,62.93,70.57,76.72,82.03,81.49,77.48,70.84,78.35,82.38,83.78,80.13,76.85,80.12,84.28,86.94,83.58,76.71,83.55,84.95,80.14,75.76,87.96,93.51,95.08,94.29,93.47,89.66,76.75
2026-03-04 10:45:58,80.47,85.19,76.53,66.37,70.47,71.55,79.88,82.69,77.36,66.09,71.3,72.73,66.17,74.68,77.69,69.12,59.44,74.81,78.31,78.48,73.88,66.94,66.15,75.41,69.43,57.19,72.0,77.7,76.75,78.05,76.87,66.41,62.81,70.48,76.69,82.06,81.51,77.46,70.76,78.32,82.41,83.81,80.11,76.82,80.11,84.28,86.95,83.57,76.65,83.54,84.96,80.11,75.72,87.99,93.59,95.19,94.4,93.53,89.71,76.74
2026-03-04 10:45:59,80.43,85.15,76.45,66.23,70.37,71.48,79.87,82.68,77.33,66.0,71.24,72.69,66.12,74.63,77.64,69.05,59.33,74.76,78.28,78.5,73.88,66.87,66.08,75.41,69.37,57.06,71.96,77.71,76.78,78.07,76.87,66.36,62.71,70.42,76.66,82.08,81.53,77.44,70.7,78.29,82.43,83.84,80.09,76.79,80.1,84.28,86.95,83.57,76.6,83.53,84.96,80.09,75.69,88.01,93.66,95.28,94.49,93.58,89.75,76.73
2026-03-04 10:46:00,80.4,85.11,76.38,66.12,70.29,71.42,79.87,82.67,77.31,65.92,71.19,72.65,66.08,74.6,77.6,68.99,59.24,74.72,78.26,78.53,73.88,66.82,66.03,75.4,69.33,56.94,71.93,77.72,76.81,78.08,76.87,66.32,62.63,70.36,76.64,82.1,81.54,77.42,70.65,78.27,82.46,83.87,80.07,76.76,80.09,84.27,86.95,83.56,76.55,83.52,84.96,80.07,75.66,88.02,93.71,95.36,94.56,93.62,89.78,76.73
2026-03-04 10:46:01,80.38,85.08,76.33,66.04,70.22,71.38,79.87,82.67,77.3,65.86,71.16,72.63,66.06,74.57,77.57,68.95,59.17,74.69,78.24,78.55,73.89,66.78,65.99,75.4,69.29,56.85,71.91,77.73,76.83,78.1,76.87,66.29,62.57,70.31,76.63,82.12,81.55,77.41,70.61,78.25,82.48,83.89,80.06,76.74,80.08,84.27,86.94,83.56,76.52,83.52,84.97,80.06,75.64,88.04,93.76,95.42,94.63,93.65,89.81,76.73
2026-03-04 10:46:02,80.37,85.07,76.29,65.98,70.18,71.36,79.88,82.68,77.29,65.82,71.13,72.62,66.05,74.54,77.54,68.92,59.12,74.67,78.22,78.57,73.9,66.75,65.95,75.4,69.27,56.78,71.9,77.74,76.86,78.11,76.86,66.27,62.52,70.26,76.61,82.13,81.56,77.4,70.58,78.24,82.49,83.91,80.05,76.72,80.07,84.27,86.94,83.56,76.48,83.51,84.97,80.06,75.62,88.04,93.79,95.47,94.68,93.68,89.83,76.73
2026-03-04 10:46:03,80.36,85.06,76.27,65.94,70.15,71.34,79.9,82.68,77.3,65.8,71.12,72.61,66.05,74.53,77.53,68.9,59.09,74.66,78.21,78.6,73.92,66.73,65.93,75.41,69.25,56.73,71.89,77.76,76.88,78.12,76.86,66.26,62.49,70.23,76.6,82.14,81.57,77.4,70.55,78.23,82.51,83.93,80.04,76.71,80.07,84.26,86.93,83.55,76.46,83.5,84.97,80.05,75.61,88.04,93.82,95.51,94.72,93.69,89.85,76.73
2026-03-04 10:46:04,80.37,85.05,76.26,65.92,70.13,71.34,79.92,82.69,77.31,65.78,71.12,72.62,66.06,74.52,77.51,68.89,59.08,74.65,78.2,78.62,73.93,66.72,65.92,75.41,69.24,56.7,71.88,77.77,76.9,78.13,76.86,66.25,62.46,70.2,76.6,82.15,81.58,77.39,70.54,78.22,82.53,83.94,80.03,76.7,80.06,84.25,86.91,83.55,76.44,83.5,84.98,80.05,75.6,88.04,93.84,95.53,94.75,93.71,89.86,76.74
2026-03-04 10:46:05,80.37,85.06,76.26,65.91,70.12,71.35,79.94,82.71,77.32,65.78,71.12,72.62,66.08,74.52,77.5,68.89,59.08,74.64,78.2,78.64,73.95,66.72,65.91,75.42,69.23,56.68,71.88,77.79,76.92,78.14,76.86,66.26,62.45,70.18,76.59,82.16,81.59,77.39,70.53,78.22,82.54,83.96,80.02,76.7,80.06,84.25,86.9,83.55,76.42,83.49,84.98,80.05,75.6,88.04,93.85,95.55,94.78,93.71,89.87,76.75
2026-03-04 10:46:06,80.39,85.06,76.27,65.91,70.12,71.36,79.96,82.72,77.34,65.8,71.14,72.64,66.1,74.52,77.5,68.89,59.09,74.64,78.2,78.66,73.96,66.72,65.91,75.43,69.23,56.67,71.89,77.8,76.93,78.14,76.85,66.26,62.45,70.17,76.59,82.16,81.59,77.39,70.52,78.22,82.55,83.97,80.02,76.7,80.06,84.24,86.89,83.55,76.41,83.49,84.98,80.06,75.6,88.03,93.86,95.56,94.8,93.71,89.88,76.76
2026-03-04 10:46:07,80.41,85.07,76.28,65.93,70.13,71.38,79.99,82.74,77.36,65.82,71.16,72.66,66.14,74.53,77.5,68.9,59.1,74.65,78.2,78.67,73.98,66.73,65.92,75.44,69.24,56.67,71.89,77.81,76.95,78.15,76.85,66.27,62.45,70.16,76.58,82.17,81.6,77.39,70.52,78.22,82.56,83.98,80.01,76.7,80.05,84.23,86.87,83.55,76.41,83.48,84.99,80.06,75.61,88.03,93.86,95.56,94.81,93.71,89.88,76.77
2026-03-04 10:46:08,80.43,85.09,76.3,65.96,70.15,71.41,80.02,82.76,77.39,65.84,71.18,72.68,66.17,74.54,77.5,68.92,59.13,74.66,78.2,78.69,74.0,66.75,65.93,75.45,69.25,56.68,71.9,77.83,76.96,78.15,76.85,66.29,62.46,70.16,76.58,82.17,81.6,77.4,70.53,78.22,82.57,83.98,80.01,76.7,80.05,84.22,86.86,83.54,76.4,83.48,84.99,80.07,75.61,88.02,93.85,95.56,94.81,93.71,89.88,76.78
2026-03-04 10:46:09,80.45,85.11,76.33,65.99,70.17,71.44,80.05,82.78,77.42,65.87,71.21,72.71,66.21,74.55,77.51,68.94,59.17,74.67,78.2,78.71,74.02,66.76,65.95,75.46,69.26,56.71,71.91,77.84,76.97,78.15,76.85,66.3,62.48,70.16,76.58,82.17,81.6,77.4,70.54,78.23,82.58,83.99,80.01,76.7,80.05,84.22,86.84,83.54,76.4,83.47,84.99,80.08,75.62,88.0,93.85,95.55,94.81,93.7,89.88,76.79
2026-03-04 10:46:10,80.48,85.13,76.36,66.04,70.2,71.47,80.08,82.8,77.45,65.91,71.24,72.73,66.25,74.56,77.51,68.96,59.2,74.68,78.21,78.72,74.03,66.79,65.96,75.47,69.28,56.73,71.93,77.85,76.98,78.16,76.84,66.32,62.5,70.16,76.59,82.17,81.61,77.41,70.55,78.23,82.59,84.0,80.01,76.71,80.05,84.21,86.82,83.54,76.4,83.47,85.0,80.09,75.63,87.99,93.84,95.54,94.8,93.69,89.87,76.81
2026-03-04 10:46:11,80.5,85.15,76.4,66.08,70.23,71.51,80.11,82.82,77.48,65.95,71.27,72.76,66.3,74.58,77.52,68.99,59.25,74.7,78.22,78.74,74.05,66.81,65.99,75.48,69.3,56.77,71.94,77.86,76.99,78.16,76.84,66.34,62.53,70.17,76.59,82.17,81.61,77.41,70.57,78.24,82.59,84.0,80.01,76.72,80.05,84.2,86.81,83.54,76.4,83.47,85.0,80.1,75.64,87.98,93.82,95.52,94.79,93.68,89.86,76.82
2026-03-04 10:46:12,80.53,85.17,76.43,66.14,70.26,71.55,80.14,82.84,77.51,66.0,71.31,72.8,66.34,74.6,77.53,69.02,59.3,74.71,78.22,78.75,74.07,66.84,66.01,75.49,69.32,56.8,71.96,77.88,77.0,78.16,76.84,66.37,62.56,70.17,76.59,82.16,81.61,77.42,70.58,78.25,82.6,84.0,80.01,76.72,80.05,84.19,86.79,83.54,76.41,83.46,85.0,80.12,75.66,87.97,93.81,95.5,94.78,93.66,89.86,76.83
2026-03-04 10:46:13,80.56,85.19,76.47,66.19,70.3,71.59,80.17,82.86,77.55,66.05,71.35,72.83,66.39,74.62,77.55,69.05,59.35,74.73,78.23,78.76,74.09,66.86,66.03,75.5,69.34,56.85,71.98,77.89,77.01,78.16,76.84,66.39,62.59,70.18,76.6,82.16,81.61,77.43,70.6,78.26,82.6,84.0,80.01,76.73,80.05,84.19,86.77,83.54,76.42,83.46,85.0,80.13,75.67,87.95,93.79,95.47,94.77,93.65,89.85,76.85
2026-03-04 10:46:14,80.59,85.22,76.51,66.25,70.34,71.63,80.2,82.88,77.58,66.09,71.38,72.86,66.44,74.64,77.56,69.08,59.4,74.75,78.24,78.77,74.1,66.89,66.06,75.51,69.36,56.89,72.0,77.9,77.01,78.16,76.84,66.42,62.63,70.2,76.6,82.16,81.61,77.43,70.62,78.27,82.6,84.0,80.02,76.74,80.05,84.18,86.76,83.54,76.42,83.46,85.0,80.14,75.69,87.94,93.77,95.45,94.75,93.63,89.84,76.86
2026-03-04 10:46:15,80.62,85.24,76.55,66.31,70.38,71.68,80.23,82.89,77.61,66.14,71.42,72.89,66.48,74.66,77.57,69.11,59.45,74.77,78.25,78.78,74.12,66.92,66.08,75.52,69.38,56.94,72.02,77.91,77.01,78.16,76.83,66.44,62.66,70.21,76.61,82.15,81.6,77.44,70.64,78.28,82.61,84.0,80.02,76.75,80.06,84.17,86.74,83.54,76.43,83.46,85.01,80.15,75.7,87.92,93.75,95.42,94.73,93.62,89.83,76.87
2026-03-04 10:46:16,80.65,85.27,76.6,66.37,70.42,71.72,80.25,82.91,77.64,66.19,71.46,72.92,66.53,74.68,77.59,69.14,59.5,74.79,78.26,78.79,74.13,66.95,66.11,75.54,69.4,56.98,72.03,77.91,77.02,78.16,76.83,66.47,62.7,70.22,76.61,82.15,81.6,77.45,70.66,78.29,82.61,84.0,80.02,76.76,80.06,84.17,86.73,83.54,76.44,83.45,85.01,80.16,75.72,87.91,93.73,95.39,94.71,93.6,89.81,76.88
2026-03-04 10:46:17,80.68,85.29,76.64,66.43,70.47,71.76,80.28,82.93,77.67,66.24,71.49,72.95,66.57,74.7,77.6,69.18,59.56,74.81,78.27,78.79,74.15,66.98,66.14,75.55,69.43,57.03,72.05,77.92,77.02,78.15,76.83,66.49,62.74,70.24,76.62,82.14,81.6,77.46,70.68,78.3,82.61,84.0,80.02,76.77,80.06,84.16,86.72,83.54,76.45,83.45,85.01,80.18,75.73,87.9,93.71,95.37,94.69,93.58,89.8,76.9
2026-03-04 10:46:18,80.7,85.32,76.68,66.49,70.51,71.8,80.31,82.95,77.7,66.29,71.53,72.99,66.62,74.72,77.62,69.21,59.61,74.83,78.28,78.8,74.16,67.01,66.17,75.55,69.45,57.08,72.07,77.93,77.02,78.15,76.83,66.52,62.77,70.26,76.63,82.14,81.6,77.46,70.71,78.31,82.61,84.0,80.03,76.78,80.06,84.15,86.7,83.54,76.47,83.45,85.01,80.19,75.74,87.88,93.69,95.34,94.67,93.57,89.79,76.91
2026-03-04 10:46:19,80.73,85.34,76.72,66.54,70.55,71.84,80.33,82.97,77.73,66.34,71.57,73.01,66.66,74.74,77.63,69.24,59.66,74.84,78.29,78.81,74.17,67.04,66.19,75.56,69.47,57.13,72.09,77.94,77.02,78.15,76.83,66.54,62.81,70.27,76.63,82.13,81.6,77.47,70.73,78.31,82.61,84.0,80.03,76.79,80.06,84.15,86.69,83.54,76.48,83.45,85.01,80.2,75.76,87.87,93.66,95.31,94.64,93.55,89.78,76.92
2026-03-04 10:46:20,80.76,85.36,76.76,66.61,70.6,71.89,80.35,82.98,77.75,66.39,71.6,73.04,66.7,74.76,77.64,69.28,59.72,74.87,78.3,78.81,74.19,67.08,66.23,75.58,69.5,57.18,72.1,77.94,77.03,78.15,76.82,66.57,62.85,70.29,76.64,82.12,81.59,77.48,70.75,78.32,82.6,83.99,80.02,76.8,80.07,84.14,86.67,83.53,76.49,83.45,85.01,80.21,75.77,87.85,93.63,95.26,94.61,93.52,89.76,76.93
2026-03-04 10:46:21,80.81,85.41,76.88,66.83,70.82,72.04,80.42,83.03,77.77,66.55,71.65,73.12,66.79,74.82,77.65,69.42,59.94,74.91,78.34,78.83,74.23,67.21,66.39,75.64,69.6,57.34,72.06,77.93,77.06,78.18,76.79,66.68,62.98,70.35,76.64,82.05,81.52,77.45,70.8,78.31,82.51,83.95,79.97,76.83,80.1,84.13,86.57,83.5,76.52,83.43,84.99,80.26,75.83,87.8,93.53,95.09,94.42,93.38,89.66,76.87
2026-03-04 10:46:22,80.98,85.57,77.15,67.36,71.32,72.41,80.58,83.19,77.93,66.93,71.9,73.38,67.06,74.98,77.73,69.7,60.36,75.01,78.41,78.88,74.37,67.48,66.73,75.75,69.8,57.7,72.06,77.91,77.16,78.3,76.85,66.91,63.25,70.47,76.67,81.94,81.43,77.44,70.85,78.27,82.41,83.9,79.96,76.92,80.18,84.09,86.36,83.41,76.56,83.39,84.95,80.36,75.94,87.72,93.36,94.82,94.09,93.14,89.48,76.78
2026-03-04 10:46:23,81.28,85.84,77.62,68.17,72.05,73.0,80.81,83.45,78.21,67.49,72.34,73.79,67.52,75.21,77.9,70.1,60.93,75.18,78.52,78.88,74.59,67.9,67.19,75.86,70.07,58.28,72.21,77.95,77.31,78.45,76.94,67.21,63.57,70.62,76.68,81.81,81.37,77.48,70.95,78.21,82.29,83.86,80.02,77.09,80.29,83.94,86.08,83.31,76.63,83.26,84.9,80.47,76.01,87.52,93.09,94.41,93.63,92.81,89.28,76.76
2026-03-04 10:46:24,81.7,86.16,78.22,69.2,72.94,73.76,81.07,83.78,78.59,68.14,72.92,74.31,68.12,75.5,78.12,70.6,61.64,75.43,78.67,78.81,74.87,68.46,67.75,75.93,70.4,59.06,72.5,78.06,77.5,78.64,77.04,67.56,63.86,70.77,76.67,81.67,81.33,77.55,71.06,78.11,82.16,83.84,80.16,77.33,80.42,83.69,85.76,83.21,76.73,83.05,84.84,80.58,76.02,87.16,92.71,93.87,93.06,92.41,89.07,76.85
2026-03-04 10:46:25,82.21,86.54,78.94,70.4,73.96,74.65,81.35,84.17,79.04,68.88,73.61,74.94,68.84,75.83,78.4,71.18,62.48,75.74,78.83,78.66,75.2,69.13,68.38,75.95,70.78,60.02,72.92,78.21,77.72,78.85,77.16,67.94,64.15,70.92,76.64,81.53,81.31,77.67,71.2,77.98,82.02,83.85,80.35,77.64,80.56,83.33,85.39,83.1,76.85,82.77,84.76,80.68,75.97,86.69,92.23,93.2,92.4,91.95,88.84,77.03
2026-03-04 10:46:26,82.76,86.89,79.71,71.7,75.06,75.62,81.62,84.55,79.5,69.64,74.37,75.6,69.63,76.21,78.71,71.8,63.4,76.08,79.01,78.5,75.57,69.88,69.09,75.97,71.2,61.08,73.39,78.41,77.97,79.06,77.28,68.37,64.46,71.1,76.61,81.39,81.3,77.82,71.38,77.82,81.84,83.81,80.56,77.97,80.7,82.9,84.98,82.99,77.01,82.44,84.67,80.79,75.91,86.15,91.68,92.47,91.7,91.47,88.6,77.23
2026-03-04 10:46:27,83.25,87.17,80.43,72.98,76.17,76.6,81.86,84.85,79.94,70.46,75.15,76.23,70.43,76.63,79.05,72.43,64.36,76.38,79.17,78.39,75.93,70.64,69.86,76.09,71.71,62.19,73.86,78.64,78.26,79.29,77.42,68.82,64.85,71.35,76.63,81.24,81.29,78.0,71.63,77.65,81.63,83.75,80.75,78.3,80.84,82.51,84.55,82.88,77.2,82.12,84.58,80.89,75.91,85.61,91.09,91.76,91.0,90.98,88.37,77.43
2026-03-04 10:46:28,83.67,87.39,81.1,74.22,77.25,77.59,82.14,85.12,80.4,71.32,75.89,76.79,71.14,77.05,79.37,73.03,65.29,76.62,79.26,78.32,76.26,71.32,70.6,76.22,72.24,63.31,74.35,78.9,78.55,79.51,77.58,69.3,65.3,71.62,76.6,81.07,81.26,78.2,71.97,77.52,81.44,83.7,80.9,78.62,81.0,82.15,84.12,82.75,77.4,81.77,84.47,80.99,75.97,85.1,90.51,91.05,90.3,90.42,88.14,77.67
2026-03-04 10:46:29,84.01,87.58,81.72,75.38,78.27,78.57,82.48,85.4,80.84,72.16,76.56,77.23,71.64,77.45,79.63,73.58,66.1,76.79,79.23,78.3,76.59,71.9,71.27,76.32,72.7,64.41,74.86,79.18,78.86,79.74,77.8,69.87,65.84,71.9,76.53,80.89,81.18,78.39,72.37,77.43,81.26,83.62,80.98,78.85,81.12,81.8,83.67,82.64,77.6,81.4,84.31,81.08,76.1,84.66,89.93,90.33,89.6,89.73,87.87,77.92
2026-03-04 10:46:30,84.29,87.75,82.3,76.46,79.2,79.53,82.87,85.69,81.26,72.97,77.18,77.55,71.96,77.83,79.86,74.07,66.8,76.9,79.09,78.31,76.9,72.38,71.85,76.4,73.1,65.49,75.37,79.46,79.16,79.97,78.06,70.51,66.48,72.19,76.41,80.71,81.08,78.56,72.81,77.37,81.08,83.52,80.98,79.0,81.2,81.46,83.22,82.56,77.82,81.01,84.12,81.17,76.29,84.29,89.36,89.6,88.91,88.92,87.55,78.16
2026-03-04 10:46:31,84.51,87.86,82.82,77.5,80.05,80.43,83.25,85.96,81.65,73.71,77.75,77.85,72.25,78.19,80.03,74.54,67.49,77.0,78.93,78.27,77.15,72.84,72.41,76.53,73.52,66.55,75.77,79.67,79.41,80.16,78.32,71.17,67.16,72.51,76.3,80.55,80.96,78.69,73.24,77.31,80.94,83.38,80.92,79.07,81.23,81.15,82.81,82.51,78.05,80.63,83.92,81.24,76.5,83.94,88.76,88.86,88.21,88.1,87.18,78.41
2026-03-04 10:46:32,84.68,87.92,83.32,78.51,80.86,81.3,83.64,86.2,81.97,74.43,78.31,78.16,72.61,78.56,80.2,75.03,68.23,77.12,78.77,78.14,77.36,73.32,72.99,76.71,74.01,67.61,75.99,79.8,79.61,80.32,78.58,71.83,67.86,72.86,76.12,80.41,80.86,78.82,73.71,77.33,80.83,83.17,80.81,79.1,81.27,80.92,82.43,82.49,78.33,80.35,83.77,81.32,76.69,83.59,88.17,88.12,87.54,87.32,86.78,78.68
2026-03-04 10:46:33,84.8,87.94,83.81,79.49,81.64,82.14,84.04,86.42,82.22,75.14,78.84,78.47,73.03,78.92,80.37,75.51,69.01,77.27,78.62,77.93,77.54,73.81,73.58,76.94,74.54,68.64,76.03,79.84,79.77,80.44,78.84,72.49,68.56,73.22,75.88,80.27,80.77,78.95,74.21,77.44,80.76,82.9,80.65,79.12,81.33,80.75,82.08,82.49,78.64,80.17,83.67,81.41,76.84,83.26,87.58,87.4,86.9,86.59,86.36,78.96
2026-03-04 10:46:34,84.88,87.92,84.28,80.44,82.37,82.94,84.45,86.62,82.42,75.83,79.34,78.78,73.5,79.29,80.53,75.99,69.81,77.44,78.47,77.64,77.68,74.31,74.17,77.2,75.11,69.66,75.92,79.82,79.88,80.55,79.1,73.13,69.25,73.59,75.59,80.14,80.69,79.08,74.74,77.6,80.73,82.58,80.46,79.12,81.4,80.65,81.77,82.5,78.97,80.07,83.61,81.5,76.96,82.94,87.02,86.7,86.28,85.91,85.93,79.26
2026-03-04 10:46:35,84.91,87.87,84.73,81.34,83.07,83.69,84.85,86.78,82.58,76.5,79.81,79.09,74.01,79.64,80.68,76.46,70.63,77.63,78.32,77.3,77.8,74.82,74.76,77.5,75.71,70.65,75.69,79.75,79.96,80.63,79.34,73.76,69.92,73.96,75.26,80.02,80.62,79.2,75.28,77.82,80.73,82.22,80.25,79.1,81.48,80.59,81.47,82.52,79.32,80.05,83.59,81.59,77.07,82.63,86.47,86.03,85.69,85.28,85.5,79.56
2026-03-04 10:46:36,84.88,87.78,85.1,82.1,83.65,84.36,85.21,86.86,82.67,77.16,80.27,79.39,74.51,79.89,80.72,76.86,71.36,77.81,78.23,77.02,77.92,75.33,75.34,77.79,76.28,71.61,75.51,79.72,80.08,80.7,79.51,74.31,70.54,74.32,75.02,79.95,80.56,79.22,75.72,78.01,80.75,81.93,80.08,79.05,81.49,80.54,81.18,82.52,79.66,80.09,83.57,81.67,77.18,82.32,85.89,85.4,85.15,84.68,85.1,79.86
2026-03-04 10:46:37,84.75,87.64,85.36,82.63,84.04,84.9,85.52,86.89,82.61,77.78,80.7,79.67,75.0,80.03,80.63,77.14,71.9,77.93,78.2,76.85,78.1,75.86,75.89,78.02,76.73,72.49,75.39,79.77,80.25,80.78,79.59,74.76,71.09,74.64,74.88,79.92,80.48,79.11,75.95,78.12,80.8,81.73,79.98,78.9,81.43,80.48,80.93,82.55,80.01,80.17,83.52,81.71,77.28,81.96,85.17,84.84,84.69,84.17,84.77,80.14
2026-03-04 10:46:38,84.55,87.46,85.52,82.95,84.25,85.3,85.79,86.88,82.43,78.34,81.1,79.93,75.46,80.08,80.43,77.32,72.26,78.0,78.23,76.8,78.32,76.39,76.41,78.19,77.08,73.3,75.33,79.89,80.49,80.88,79.6,75.12,71.58,74.91,74.84,79.92,80.39,78.91,75.99,78.16,80.86,81.61,79.93,78.65,81.33,80.42,80.72,82.6,80.39,80.3,83.44,81.71,77.37,81.56,84.31,84.33,84.31,83.77,84.49,80.4
2026-03-04 10:46:39,84.31,87.25,85.62,83.14,84.31,85.61,86.01,86.81,82.14,78.86,81.47,80.17,75.87,80.06,80.16,77.44,72.51,78.02,78.29,76.82,78.56,76.9,76.9,78.32,77.36,74.03,75.32,80.05,80.75,80.98,79.56,75.42,72.0,75.12,74.86,79.94,80.27,78.65,75.94,78.18,80.95,81.54,79.91,78.36,81.19,80.36,80.55,82.65,80.78,80.47,83.35,81.68,77.46,81.16,83.43,83.88,84.0,83.41,84.26,80.65
2026-03-04 10:46:40,84.11,87.06,85.77,83.36,84.32,85.91,86.2,86.72,81.9,79.4,81.85,80.39,76.25,80.02,79.94,77.55,72.74,77.97,78.32,76.84,78.78,77.4,77.4,78.48,77.65,74.69,75.33,80.22,81.0,81.08,79.54,75.73,72.41,75.31,74.93,79.87,80.09,78.36,75.92,78.23,81.06,81.5,79.93,78.13,80.99,80.3,80.4,82.56,81.12,80.67,83.29,81.64,77.58,80.86,82.68,83.39,83.73,83.09,84.07,80.92
2026-03-04 10:46:41,83.92,86.89,86.0,83.63,84.33,86.22,86.36,86.64,81.74,79.99,82.25,80.61,76.64,79.98,79.8,77.64,72.97,77.85,78.32,76.85,78.96,77.87,77.93,78.7,77.96,75.34,75.37,80.41,81.28,81.19,79.54,76.08,72.84,75.5,75.04,79.7,79.82,78.04,75.92,78.29,81.21,81.49,79.98,77.95,80.75,80.24,80.28,82.31,81.4,80.89,83.27,81.57,77.73,80.67,82.07,82.83,83.5,82.81,83.92,81.2
2026-03-04 10:46:42,83.75,86.74,86.29,83.92,84.34,86.55,86.51,86.56,81.65,80.61,82.67,80.82,77.01,79.95,79.73,77.73,73.19,77.67,78.29,76.84,79.11,78.31,78.47,78.98,78.3,75.96,75.44,80.61,81.57,81.32,79.57,76.45,73.28,75.69,75.18,79.46,79.48,77.7,75.94,78.35,81.38,81.51,80.06,77.84,80.47,80.19,80.18,81.92,81.63,81.15,83.29,81.48,77.91,80.58,81.58,82.22,83.3,82.57,83.81,81.48
2026-03-04 10:46:43,83.6,86.6,86.63,84.24,84.35,86.87,86.64,86.49,81.63,81.25,83.09,81.03,77.39,79.92,79.72,77.79,73.41,77.43,78.24,76.83,79.24,78.73,79.03,79.3,78.65,76.56,75.53,80.83,81.87,81.45,79.63,76.84,73.72,75.88,75.36,79.14,79.08,77.33,75.98,78.43,81.57,81.56,80.17,77.78,80.16,80.15,80.11,81.42,81.82,81.41,83.35,81.38,78.12,80.58,81.2,81.56,83.13,82.37,83.73,81.75
2026-03-04 10:46:44,83.47,86.48,87.01,84.58,84.35,87.2,86.75,86.42,81.67,81.91,83.52,81.23,77.75,79.9,79.75,77.85,73.61,77.16,78.18,76.8,79.35,79.12,79.59,79.66,79.01,77.12,75.64,81.05,82.18,81.58,79.7,77.24,74.17,76.07,75.56,78.76,78.64,76.96,76.03,78.52,81.78,81.63,80.3,77.76,79.83,80.11,80.05,80.81,81.96,81.7,83.44,81.26,78.34,80.66,80.92,80.87,83.0,82.2,83.68,82.03
2026-03-04 10:46:45,83.36,86.38,87.43,84.93,84.35,87.53,86.85,86.36,81.76,82.57,83.94,81.43,78.1,79.87,79.83,77.9,73.8,76.85,78.09,76.76,79.43,79.49,80.15,80.05,79.38,77.66,75.76,81.28,82.49,81.72,79.8,77.65,74.61,76.26,75.79,78.34,78.17,76.58,76.1,78.61,82.0,81.72,80.44,77.78,79.48,80.07,80.01,80.13,82.06,81.98,83.55,81.13,78.57,80.8,80.72,80.17,82.89,82.07,83.66,82.3
2026-03-04 10:46:46,83.25,86.29,87.87,85.28,84.35,87.84,86.94,86.3,81.89,83.24,84.36,81.62,78.44,79.85,79.94,77.93,73.98,76.52,78.0,76.72,79.49,79.83,80.7,80.45,79.74,78.16,75.89,81.5,82.8,81.86,79.9,78.05,75.04,76.44,76.02,77.88,77.66,76.19,76.17,78.7,82.22,81.82,80.6,77.84,79.12,80.04,79.98,79.39,82.13,82.28,83.68,80.99,78.81,81.0,80.61,79.45,82.8,81.96,83.66,82.57
2026-03-04 10:46:47,83.17,86.22,88.32,85.64,84.35,88.15,87.01,86.24,82.05,83.89,84.77,81.8,78.77,79.84,80.08,77.96,74.15,76.18,77.9,76.67,79.54,80.15,81.24,80.86,80.1,78.63,76.04,81.73,83.1,81.99,80.02,78.45,75.46,76.62,76.27,77.4,77.16,75.82,76.25,78.8,82.46,81.94,80.77,77.92,78.76,80.01,79.97,78.62,82.18,82.57,83.83,80.85,79.06,81.24,80.56,78.74,82.73,81.89,83.68,82.83
2026-03-04 10:46:48,83.15,86.18,88.77,86.01,84.4,88.41,87.05,86.19,82.21,84.49,85.18,82.0,79.14,79.86,80.24,77.99,74.35,75.93,77.86,76.66,79.59,80.45,81.73,81.24,80.4,79.06,76.17,81.93,83.35,82.11,80.15,78.81,75.88,76.83,76.56,76.98,76.75,75.54,76.35,78.93,82.69,82.05,80.9,78.0,78.47,80.0,79.98,77.89,82.16,82.87,83.98,80.75,79.3,81.46,80.54,78.09,82.66,81.83,83.72,83.1
2026-03-04 10:46:49,83.21,86.26,89.28,86.48,84.62,88.76,87.2,86.26,82.41,85.07,85.63,82.3,79.64,80.03,80.52,78.16,74.65,75.8,77.95,76.75,79.73,80.79,82.22,81.59,80.63,79.44,76.3,82.09,83.53,82.25,80.35,79.18,76.37,77.13,76.92,76.67,76.49,75.35,76.4,79.04,82.86,82.09,81.01,78.15,78.27,80.02,80.0,77.26,82.07,83.13,84.1,80.68,79.5,81.63,80.54,77.57,82.56,81.82,83.77,83.39
2026-03-04 10:46:50,83.36,86.48,89.87,87.06,85.01,89.21,87.49,86.44,82.67,85.64,86.12,82.72,80.28,80.35,80.92,78.46,75.05,75.78,78.14,76.99,79.98,81.21,82.71,81.93,80.78,79.76,76.47,82.21,83.67,82.41,80.62,79.62,76.94,77.53,77.35,76.45,76.35,75.26,76.4,79.13,82.95,82.04,81.1,78.35,78.16,80.07,80.03,76.68,81.96,83.37,84.2,80.63,79.66,81.73,80.56,77.16,82.48,81.86,83.85,83.7
2026-03-04 10:46:51,83.62,86.83,90.51,87.7,85.49,89.71,87.87,86.73,82.96,86.21,86.63,83.22,80.99,80.79,81.41,78.87,75.52,75.86,78.41,77.33,80.31,81.62,83.17,82.18,80.87,80.06,76.67,82.33,83.75,82.55,80.94,80.11,77.55,78.0,77.81,76.27,76.29,75.26,76.4,79.23,82.98,81.94,81.2,78.57,78.13,80.12,80.07,76.2,81.88,83.6,84.24,80.59,79.8,81.79,80.59,76.86,82.4,81.92,83.89,83.99
2026-03-04 10:46:52,84.04,87.3,91.14,88.34,85.94,90.17,88.3,87.08,83.28,86.79,87.1,83.75,81.69,81.28,81.93,79.31,75.94,75.99,78.72,77.71,80.64,81.93,83.52,82.21,80.92,80.38,76.94,82.45,83.78,82.57,81.28,80.62,78.17,78.48,78.27,76.01,76.28,75.32,76.47,79.37,83.01,81.88,81.32,78.74,78.1,80.15,80.13,75.85,81.85,83.82,84.19,80.56,79.91,81.83,80.63,76.65,82.35,81.96,83.76,84.27
2026-03-04 10:46:53,84.6,87.87,91.76,88.95,86.36,90.6,88.76,87.47,83.62,87.37,87.54,84.3,82.39,81.8,82.46,79.78,76.33,76.19,79.06,78.1,80.98,82.14,83.79,82.06,80.96,80.71,77.24,82.59,83.75,82.48,81.63,81.14,78.78,78.97,78.73,75.7,76.3,75.44,76.62,79.57,83.02,81.86,81.46,78.85,78.08,80.16,80.21,75.61,81.89,84.04,84.06,80.55,80.0,81.83,80.67,76.52,82.31,81.97,83.48,84.51
2026-03-04 10:46:54,85.25,88.51,92.36,89.53,86.8,91.03,89.23,87.89,83.99,87.95,87.94,84.86,83.08,82.31,82.95,80.27,76.77,76.46,79.43,78.49,81.29,82.31,84.04,81.9,81.0,81.03,77.55,82.69,83.68,82.33,81.95,81.65,79.35,79.44,79.14,75.41,76.34,75.59,76.8,79.79,83.03,81.83,81.59,78.94,78.06,80.17,80.28,75.45,81.93,84.22,83.88,80.54,80.08,81.84,80.71,76.36,82.19,81.94,83.16,84.7
2026-03-04 10:46:55,85.99,89.21,92.99,90.11,87.29,91.46,89.71,88.37,84.44,88.51,88.34,85.45,83.73,82.8,83.39,80.74,77.28,76.85,79.85,78.85,81.57,82.46,84.27,81.8,81.04,81.32,77.9,82.81,83.62,82.2,82.24,82.13,79.89,79.88,79.51,75.22,76.33,75.72,76.96,80.04,83.06,81.79,81.65,78.96,78.04,80.18,80.34,75.37,81.96,84.34,83.69,80.54,80.11,81.84,80.76,76.22,82.03,81.85,82.88,84.85
2026-03-04 10:46:56,86.79,90.02,93.68,90.76,87.88,91.91,90.23,88.91,84.96,89.02,88.78,86.07,84.41,83.29,83.75,81.1,77.84,77.34,80.31,79.2,81.87,82.64,84.49,81.73,81.07,81.63,78.34,82.98,83.54,82.12,82.52,82.59,80.41,80.29,79.82,75.15,76.37,75.84,77.11,80.31,83.12,81.73,81.57,78.78,77.98,80.13,80.38,75.36,81.99,84.46,83.54,80.55,80.12,81.82,80.84,76.13,81.85,81.76,82.67,85.01
2026-03-04 10:46:57,87.63,90.9,94.4,91.44,88.53,92.34,90.76,89.51,85.54,89.46,89.23,86.73,85.1,83.77,84.03,81.36,78.45,77.91,80.81,79.53,82.18,82.85,84.69,81.67,81.09,81.96,78.84,83.18,83.46,82.07,82.8,83.01,80.91,80.67,80.1,75.18,76.46,75.96,77.27,80.6,83.2,81.66,81.38,78.45,77.86,80.03,80.39,75.42,82.02,84.56,83.4,80.57,80.12,81.78,80.93,76.08,81.65,81.68,82.52,85.16
2026-03-04 10:46:58,88.4,91.7,94.97,92.07,89.19,92.72,91.26,90.06,86.09,89.84,89.64,87.32,85.7,84.08,84.21,81.52,78.98,78.44,81.29,79.87,82.42,83.05,84.84,81.59,81.1,82.27,79.3,83.33,83.3,82.0,83.0,83.3,81.32,81.0,80.37,75.27,76.55,76.06,77.41,80.9,83.28,81.5,81.18,78.12,77.77,79.96,80.38,75.47,82.05,84.64,83.19,80.56,80.05,81.73,81.03,76.05,81.35,81.51,82.33,85.17
2026-03-04 10:46:59,89.04,92.36,95.32,92.6,89.8,93.04,91.69,90.54,86.55,90.15,89.96,87.82,86.18,84.17,84.27,81.59,79.4,78.86,81.76,80.2,82.56,83.22,84.92,81.45,81.1,82.53,79.69,83.4,83.06,81.87,83.11,83.43,81.6,81.31,80.64,75.41,76.63,76.14,77.53,81.17,83.35,81.22,80.98,77.88,77.74,79.93,80.34,75.52,82.09,84.68,82.88,80.5,79.9,81.65,81.12,76.05,80.93,81.22,82.07,84.99
2026-03-04 10:47:00,89.57,92.91,95.48,93.02,90.36,93.28,92.06,90.94,86.94,90.38,90.2,88.22,86.56,84.05,84.22,81.58,79.72,79.2,82.18,80.53,82.61,83.36,84.94,81.27,81.08,82.75,80.01,83.39,82.74,81.71,83.14,83.44,81.78,81.58,80.93,75.58,76.71,76.21,77.65,81.44,83.42,80.86,80.81,77.7,77.76,79.94,80.28,75.54,82.12,84.68,82.49,80.41,79.7,81.56,81.21,76.07,80.42,80.83,81.76,84.66
2026-03-04 10:47:01,89.97,93.34,95.51,93.18,90.79,93.42,92.34,91.22,87.23,90.48,90.33,88.51,86.8,83.82,84.09,81.47,79.97,79.48,82.48,80.79,82.61,83.46,84.9,81.11,81.04,82.95,80.32,83.35,82.43,81.53,83.13,83.41,81.92,81.78,81.18,75.81,76.84,76.33,77.77,81.69,83.43,80.5,80.66,77.59,77.8,79.96,80.25,75.53,82.1,84.63,82.09,80.34,79.52,81.47,81.28,76.1,79.91,80.43,81.45,84.28
2026-03-04 10:47:02,90.24,93.63,95.44,93.15,91.01,93.35,92.49,91.38,87.42,90.38,90.32,88.69,86.94,83.58,83.96,81.36,80.19,79.74,82.72,80.99,82.63,83.53,84.81,80.95,80.94,83.12,80.65,83.34,82.16,81.37,83.12,83.39,82.02,81.92,81.38,76.09,76.99,76.5,77.9,81.88,83.32,80.19,80.55,77.53,77.86,80.01,80.27,75.56,82.09,84.54,81.74,80.28,79.41,81.43,81.36,76.16,79.47,80.08,81.21,83.95
2026-03-04 10:47:03,90.42,93.85,95.33,93.02,91.1,93.15,92.55,91.46,87.56,90.18,90.22,88.73,86.98,83.35,83.83,81.29,80.4,79.93,82.89,81.13,82.62,83.57,84.67,80.78,80.81,83.21,80.91,83.31,81.92,81.17,83.08,83.37,82.05,81.97,81.53,76.35,77.17,76.7,78.03,82.01,83.14,79.94,80.46,77.5,77.95,80.05,80.31,75.57,82.06,84.41,81.43,80.22,79.3,81.45,81.5,76.25,79.14,79.8,81.0,83.68
2026-03-04 10:47:04,90.54,94.01,95.22,92.82,91.17,92.93,92.55,91.45,87.68,90.03,90.12,88.71,87.0,83.21,83.74,81.26,80.62,80.14,83.01,81.24,82.6,83.6,84.54,80.65,80.65,83.2,81.1,83.28,81.75,80.99,83.01,83.34,82.04,81.92,81.61,76.61,77.3,76.89,78.18,82.12,82.97,79.77,80.4,77.51,78.07,80.08,80.36,75.62,82.0,84.24,81.16,80.16,79.19,81.49,81.61,76.36,78.83,79.5,80.83,83.46
2026-03-04 10:47:05,90.61,94.16,95.12,92.66,91.26,92.75,92.53,91.4,87.84,89.95,90.06,88.68,87.03,83.16,83.68,81.27,80.88,80.41,83.18,81.4,82.64,83.68,84.45,80.59,80.55,83.19,81.29,83.28,81.67,80.9,82.96,83.33,82.02,81.86,81.68,76.85,77.38,77.04,78.34,82.25,82.83,79.67,80.4,77.58,78.25,80.16,80.46,75.71,81.89,83.96,80.89,80.15,79.14,81.53,81.6,76.43,78.52,79.23,80.71,83.26
2026-03-04 10:47:06,90.64,94.29,95.05,92.55,91.39,92.61,92.5,91.33,88.02,89.92,90.03,88.64,87.1,83.2,83.64,81.31,81.17,80.73,83.39,81.63,82.74,83.79,84.4,80.58,80.5,83.19,81.5,83.31,81.65,80.89,82.95,83.33,81.98,81.8,81.73,77.07,77.4,77.16,78.54,82.39,82.73,79.64,80.44,77.69,78.46,80.29,80.6,75.83,81.73,83.58,80.62,80.17,79.12,81.56,81.5,76.48,78.2,79.0,80.62,83.08
2026-03-04 10:47:07,90.63,94.41,95.0,92.48,91.53,92.5,92.45,91.23,88.21,89.95,90.03,88.6,87.18,83.31,83.64,81.39,81.48,81.1,83.64,81.9,82.89,83.93,84.39,80.62,80.49,83.2,81.7,83.36,81.7,80.94,82.97,83.34,81.94,81.74,81.78,77.28,77.38,77.26,78.75,82.54,82.66,79.65,80.53,77.85,78.71,80.46,80.78,75.98,81.53,83.12,80.35,80.21,79.15,81.59,81.31,76.5,77.89,78.82,80.58,82.92
2026-03-04 10:47:08,90.59,94.52,94.96,92.45,91.7,92.42,92.39,91.12,88.43,90.03,90.05,88.56,87.27,83.48,83.65,81.5,81.81,81.51,83.92,82.22,83.07,84.09,84.41,80.71,80.53,83.23,81.91,83.44,81.8,81.05,83.02,83.35,81.88,81.67,81.83,77.47,77.32,77.33,78.97,82.69,82.61,79.71,80.64,78.04,78.98,80.66,80.98,76.15,81.29,82.59,80.08,80.29,79.21,81.63,81.04,76.49,77.58,78.68,80.56,82.77
2026-03-04 10:47:09,90.52,94.62,94.94,92.45,91.88,92.37,92.33,91.0,88.65,90.14,90.09,88.51,87.38,83.69,83.69,81.62,82.16,81.94,84.22,82.57,83.29,84.27,84.46,80.83,80.6,83.26,82.12,83.53,81.95,81.2,83.09,83.37,81.81,81.61,81.86,77.65,77.23,77.39,79.21,82.85,82.59,79.81,80.79,78.26,79.27,80.9,81.21,76.33,81.03,82.0,79.82,80.38,79.3,81.65,80.71,76.47,77.27,78.56,80.57,82.64
2026-03-04 10:47:10,90.43,94.7,94.94,92.48,92.08,92.34,92.25,90.86,88.88,90.29,90.15,88.47,87.5,83.96,83.74,81.76,82.51,82.4,84.55,82.94,83.54,84.47,84.54,80.99,80.7,83.3,82.33,83.64,82.13,81.4,83.18,83.4,81.74,81.54,81.89,77.81,77.11,77.43,79.45,83.01,82.59,79.94,80.96,78.5,79.58,81.15,81.45,76.54,80.74,81.37,79.57,80.49,79.42,81.68,80.33,76.44,76.97,78.48,80.61,82.52
2026-03-04 10:47:11,90.32,94.78,94.94,92.54,92.28,92.34,92.17,90.72,89.11,90.47,90.22,88.42,87.63,84.25,83.81,81.92,82.87,82.86,84.88,83.33,83.8,84.67,84.63,81.17,80.82,83.35,82.53,83.76,82.34,81.63,83.28,83.43,81.67,81.48,81.92,77.96,76.97,77.45,79.7,83.17,82.61,80.1,81.15,78.75,79.89,81.42,81.71,76.75,80.44,80.72,79.33,80.62,79.55,81.7,79.91,76.38,76.68,78.43,80.67,82.42
2026-03-04 10:47:12,90.19,94.85,94.96,92.61,92.49,92.35,92.09,90.57,89.34,90.66,90.3,88.37,87.76,84.57,83.88,82.08,83.23,83.33,85.23,83.73,84.08,84.89,84.74,81.37,80.96,83.4,82.73,83.89,82.58,81.88,83.4,83.46,81.59,81.42,81.94,78.09,76.82,77.46,79.95,83.32,82.64,80.28,81.35,79.02,80.21,81.71,81.97,76.96,80.13,80.04,79.1,80.75,79.7,81.72,79.46,76.32,76.41,78.4,80.74,82.33
2026-03-04 10:47:13,90.05,94.91,94.99,92.71,92.7,92.38,92.01,90.42,89.57,90.88,90.39,88.33,87.89,84.91,83.97,82.26,83.58,83.8,85.57,84.14,84.37,85.11,84.86,81.58,81.12,83.45,82.93,84.03,82.84,82.15,83.52,83.5,81.51,81.36,81.95,78.21,76.64,77.45,80.19,83.47,82.69,80.48,81.56,79.3,80.53,82.0,82.24,77.18,79.82,79.36,78.87,80.89,79.86,81.74,78.98,76.25,76.14,78.39,80.83,82.25
2026-03-04 10:47:14,89.9,94.96,95.02,92.81,92.9,92.42,91.92,90.27,89.8,91.1,90.49,88.28,88.03,85.27,84.06,82.43,83.92,84.27,85.92,84.54,84.67,85.33,85.0,81.81,81.3,83.51,83.11,84.17,83.11,82.44,83.65,83.54,81.43,81.3,81.96,78.32,76.46,77.44,80.43,83.62,82.74,80.68,81.78,79.58,80.85,82.29,82.51,77.41,79.5,78.67,78.66,81.04,80.03,81.76,78.5,76.17,75.89,78.4,80.93,82.18
2026-03-04 10:47:15,89.74,95.0,95.06,92.93,93.11,92.47,91.84,90.12,90.02,91.34,90.59,88.24,88.16,85.63,84.16,82.61,84.26,84.73,86.26,84.95,84.97,85.55,85.14,82.04,81.48,83.56,83.29,84.31,83.39,82.74,83.79,83.58,81.35,81.25,81.97,78.41,76.27,77.41,80.67,83.77,82.81,80.9,82.0,79.86,81.16,82.58,82.78,77.63,79.18,77.99,78.47,81.19,80.21,81.77,78.0,76.08,75.65,78.43,81.04,82.13
2026-03-04 10:47:16,89.58,95.03,95.1,93.06,93.31,92.53,91.75,89.97,90.24,91.58,90.7,88.2,88.3,86.0,84.26,82.79,84.58,85.18,86.59,85.35,85.27,85.76,85.28,82.28,81.66,83.62,83.45,84.46,83.68,83.05,83.93,83.62,81.26,81.2,81.97,78.5,76.08,77.38,80.89,83.9,82.88,81.13,82.22,80.14,81.47,82.87,83.05,77.84,78.87,77.32,78.28,81.35,80.39,81.78,77.51,75.99,75.43,78.47,81.15,82.08
2026-03-04 10:47:17,89.41,95.06,95.15,93.19,93.51,92.59,91.67,89.82,90.45,91.81,90.8,88.16,88.43,86.36,84.36,82.97,84.89,85.61,86.91,85.73,85.55,85.97,85.42,82.51,81.85,83.67,83.61,84.6,83.96,83.35,84.06,83.66,81.18,81.14,81.97,78.57,75.89,77.35,81.11,84.04,82.96,81.35,82.44,80.41,81.76,83.15,83.3,78.05,78.57,76.67,78.11,81.5,80.57,81.8,77.02,75.9,75.23,78.52,81.27,82.05
2026-03-04 10:47:18,89.15,95.01,95.08,93.24,93.66,92.63,91.57,89.66,90.63,91.98,90.84,88.12,88.5,86.66,84.46,83.15,85.13,85.98,87.16,86.01,85.71,86.1,85.46,82.63,81.98,83.65,83.74,84.71,84.21,83.62,84.14,83.67,81.08,81.09,81.95,78.64,75.78,77.38,81.35,84.17,83.03,81.52,82.62,80.63,81.95,83.33,83.48,78.27,78.28,76.04,77.98,81.63,80.68,81.78,76.61,75.84,75.08,78.61,81.39,82.05
2026-03-04 10:47:19,88.82,94.83,94.72,93.09,93.67,92.57,91.42,89.39,90.74,92.0,90.75,88.04,88.42,86.8,84.51,83.29,85.31,86.24,87.24,86.13,85.75,86.12,85.31,82.69,82.1,83.63,83.82,84.75,84.38,83.84,84.22,83.67,81.0,81.07,81.93,78.69,75.8,77.53,81.63,84.31,83.08,81.59,82.72,80.76,81.94,83.39,83.54,78.47,78.0,75.46,77.88,81.72,80.61,81.68,76.25,75.81,75.0,78.71,81.46,82.08
2026-03-04 10:47:20,88.43,94.56,94.1,92.74,93.55,92.43,91.21,89.01,90.78,91.91,90.56,87.93,88.19,86.8,84.5,83.4,85.44,86.39,87.18,86.09,85.69,86.03,84.98,82.72,82.21,83.6,83.85,84.72,84.46,83.99,84.29,83.68,80.94,81.07,81.91,78.75,75.94,77.78,81.94,84.44,83.11,81.57,82.76,80.81,81.75,83.33,83.49,78.66,77.72,74.91,77.83,81.78,80.39,81.49,75.94,75.79,74.96,78.82,81.47,82.15
2026-03-04 10:47:21,88.03,94.22,93.36,92.29,93.36,92.25,90.97,88.61,90.73,91.74,90.33,87.77,87.86,86.66,84.37,83.46,85.49,86.44,87.04,85.97,85.54,85.78,84.56,82.71,82.24,83.52,83.78,84.58,84.42,84.03,84.26,83.64,80.84,81.06,81.88,78.83,76.12,78.03,82.22,84.53,83.08,81.5,82.77,80.8,81.48,83.21,83.38,78.8,77.46,74.45,77.8,81.85,80.18,81.29,75.72,75.83,74.97,78.96,81.48,82.21
2026-03-04 10:47:22,87.64,93.82,92.59,91.8,93.13,92.02,90.65,88.17,90.58,91.46,90.02,87.55,87.48,86.45,84.17,83.47,85.46,86.33,86.78,85.79,85.33,85.41,84.11,82.67,82.23,83.36,83.63,84.36,84.25,83.97,84.15,83.53,80.69,80.98,81.78,78.87,76.26,78.24,82.41,84.49,82.98,81.39,82.74,80.76,81.14,83.03,83.21,78.82,77.18,74.08,77.76,81.89,80.05,81.13,75.55,75.95,75.08,79.12,81.49,82.24
2026-03-04 10:47:23,87.26,93.38,91.82,91.3,92.84,91.67,90.24,87.66,90.32,91.02,89.5,87.19,87.06,86.21,83.95,83.42,85.31,86.07,86.35,85.54,85.07,84.98,83.64,82.6,82.13,83.03,83.35,83.97,83.98,83.84,83.95,83.27,80.44,80.79,81.54,78.83,76.33,78.39,82.49,84.34,82.81,81.29,82.62,80.67,80.81,82.82,83.0,78.8,76.92,73.79,77.75,81.9,79.93,81.0,75.37,76.08,75.27,79.29,81.46,82.26
2026-03-04 10:47:24,86.89,92.93,91.09,90.8,92.5,91.2,89.77,87.11,89.99,90.48,88.77,86.68,86.59,85.93,83.7,83.31,85.05,85.7,85.77,85.23,84.8,84.51,83.16,82.5,81.97,82.55,82.94,83.4,83.64,83.68,83.68,82.83,80.06,80.47,81.15,78.72,76.37,78.49,82.48,84.1,82.54,81.17,82.39,80.53,80.54,82.61,82.78,78.77,76.7,73.59,77.76,81.9,79.79,80.86,75.17,76.2,75.51,79.48,81.42,82.28
2026-03-04 10:47:25,86.57,92.48,90.4,90.32,92.09,90.66,89.26,86.56,89.58,89.89,87.94,86.09,86.11,85.65,83.45,83.16,84.74,85.28,85.12,84.88,84.53,84.03,82.67,82.41,81.8,82.02,82.47,82.75,83.27,83.48,83.38,82.33,79.64,80.08,80.68,78.59,76.42,78.59,82.43,83.8,82.23,81.06,82.11,80.37,80.27,82.25,82.47,78.7,76.52,73.47,77.82,81.91,79.67,80.76,74.99,76.32,75.79,79.68,81.39,82.27
2026-03-04 10:47:26,86.33,92.08,89.76,89.87,91.61,90.13,88.76,86.0,89.08,89.27,87.15,85.53,85.69,85.4,83.24,83.02,84.43,84.88,84.46,84.53,84.27,83.58,82.17,82.36,81.72,81.61,82.1,82.19,82.94,83.3,83.13,81.9,79.27,79.74,80.3,78.5,76.51,78.75,82.39,83.48,81.91,80.97,81.84,80.19,79.99,81.49,81.96,78.53,76.39,73.47,77.94,81.97,79.64,80.71,74.87,76.47,76.09,79.91,81.4,82.2
2026-03-04 10:47:27,86.16,91.73,89.15,89.44,91.07,89.63,88.28,85.44,88.51,88.64,86.43,85.03,85.34,85.2,83.07,82.89,84.14,84.51,83.83,84.18,84.03,83.17,81.66,82.36,81.73,81.35,81.83,81.74,82.66,83.12,82.92,81.57,78.97,79.44,80.01,78.46,76.64,78.96,82.38,83.14,81.59,80.89,81.58,80.01,79.67,80.35,81.26,78.25,76.31,73.57,78.12,82.08,79.7,80.72,74.81,76.62,76.41,80.15,81.45,82.07
2026-03-04 10:47:28,86.07,91.43,88.59,89.05,90.48,89.15,87.81,84.9,87.88,88.01,85.76,84.58,85.05,85.03,82.94,82.77,83.86,84.16,83.22,83.84,83.81,82.8,81.15,82.4,81.82,81.2,81.65,81.37,82.42,82.96,82.75,81.31,78.72,79.19,79.81,78.46,76.8,79.21,82.39,82.8,81.27,80.83,81.33,79.82,79.33,78.91,80.41,77.9,76.27,73.75,78.34,82.22,79.84,80.77,74.8,76.79,76.73,80.4,81.53,81.88
2026-03-04 10:47:29,86.03,91.16,88.08,88.69,89.86,88.7,87.36,84.37,87.21,87.39,85.14,84.18,84.81,84.89,82.83,82.65,83.6,83.85,82.63,83.5,83.61,82.45,80.63,82.47,81.97,81.15,81.55,81.09,82.22,82.81,82.62,81.13,78.53,78.98,79.67,78.5,76.98,79.5,82.42,82.45,80.97,80.79,81.1,79.63,78.99,77.2,79.44,77.48,76.27,74.01,78.61,82.41,80.04,80.87,74.84,76.96,77.06,80.66,81.64,81.66
2026-03-04 10:47:30,86.05,90.94,87.61,88.35,89.21,88.27,86.93,83.86,86.51,86.77,84.59,83.81,84.62,84.79,82.76,82.54,83.35,83.56,82.07,83.18,83.43,82.14,80.13,82.57,82.17,81.2,81.52,80.87,82.06,82.67,82.53,81.01,78.39,78.81,79.6,78.57,77.19,79.81,82.47,82.11,80.67,80.76,80.88,79.44,78.63,75.29,78.36,77.01,76.3,74.33,78.91,82.61,80.3,81.0,74.91,77.14,77.39,80.92,81.77,81.4
2026-03-04 10:47:31,86.12,90.76,87.18,88.05,88.54,87.88,86.53,83.37,85.8,86.17,84.08,83.5,84.47,84.71,82.71,82.44,83.11,83.29,81.53,82.86,83.26,81.87,79.63,82.69,82.42,81.32,81.54,80.73,81.92,82.54,82.47,80.95,78.29,78.67,79.59,78.66,77.41,80.15,82.53,81.77,80.39,80.73,80.68,79.25,78.27,73.22,77.21,76.49,76.36,74.69,79.24,82.84,80.6,81.15,75.01,77.32,77.72,81.18,81.93,81.11
2026-03-04 10:47:32,86.22,90.6,86.79,87.77,87.87,87.51,86.15,82.9,85.07,85.58,83.63,83.22,84.37,84.66,82.68,82.35,82.9,83.06,81.03,82.56,83.12,81.62,79.15,82.83,82.7,81.51,81.62,80.64,81.82,82.42,82.43,80.94,78.22,78.56,79.62,78.78,77.65,80.5,82.59,81.44,80.12,80.72,80.49,79.06,77.91,71.03,76.01,75.94,76.44,75.1,79.58,83.09,80.94,81.33,75.15,77.51,78.04,81.44,82.09,80.8
2026-03-04 10:47:33,86.36,90.48,86.44,87.52,87.2,87.17,85.8,82.45,84.34,85.02,83.23,82.97,84.3,84.63,82.68,82.27,82.7,82.85,80.56,82.27,82.99,81.4,78.68,82.99,83.02,81.75,81.74,80.6,81.75,82.32,82.42,80.97,78.2,78.47,79.7,78.91,77.89,80.86,82.67,81.11,79.86,80.72,80.32,78.88,77.55,68.77,74.78,75.37,76.54,75.53,79.94,83.35,81.3,81.53,75.3,77.69,78.36,81.7,82.27,80.48
2026-03-04 10:47:34,86.5,90.35,86.12,87.28,86.54,86.83,85.45,82.04,83.63,84.48,82.87,82.75,84.21,84.59,82.67,82.18,82.47,82.65,80.12,81.97,82.84,81.19,78.25,83.13,83.31,82.0,81.87,80.58,81.67,82.2,82.43,81.03,78.21,78.42,79.77,79.02,78.12,81.18,82.73,80.8,79.62,80.71,80.16,78.72,77.22,66.6,73.59,74.83,76.63,75.94,80.25,83.57,81.63,81.69,75.43,77.85,78.66,81.94,82.43,80.15
2026-03-04 10:47:35,86.64,90.22,85.86,87.03,85.89,86.48,85.1,81.7,83.0,84.0,82.58,82.55,84.07,84.48,82.6,82.0,82.2,82.49,79.74,81.64,82.64,81.01,77.9,83.2,83.51,82.2,81.95,80.49,81.51,82.06,82.43,81.07,78.27,78.4,79.79,79.04,78.21,81.32,82.72,80.49,79.39,80.67,80.01,78.6,76.96,64.8,72.55,74.37,76.66,76.21,80.44,83.67,81.87,81.75,75.51,77.95,78.94,82.14,82.47,79.8
2026-03-04 10:47:36,86.77,90.11,85.67,86.79,85.26,86.12,84.74,81.42,82.46,83.6,82.36,82.38,83.9,84.33,82.43,81.71,81.94,82.35,79.44,81.31,82.41,80.85,77.65,83.18,83.62,82.36,81.95,80.32,81.27,81.9,82.41,81.05,78.37,78.4,79.74,78.95,78.15,81.26,82.64,80.16,79.14,80.58,79.87,78.52,76.77,63.34,71.63,73.98,76.63,76.38,80.53,83.67,82.02,81.75,75.55,77.99,79.2,82.3,82.37,79.39
2026-03-04 10:47:37,86.9,90.03,85.53,86.54,84.66,85.76,84.39,81.19,82.01,83.26,82.2,82.23,83.72,84.14,82.19,81.34,81.68,82.24,79.2,80.98,82.14,80.71,77.48,83.09,83.64,82.48,81.89,80.08,80.96,81.72,82.37,80.97,78.5,78.44,79.64,78.77,77.96,81.01,82.49,79.82,78.9,80.46,79.72,78.48,76.62,62.2,70.83,73.66,76.55,76.44,80.52,83.58,82.1,81.69,75.56,77.96,79.43,82.43,82.14,78.94
2026-03-04 10:47:38,87.03,89.97,85.45,86.3,84.1,85.39,84.04,81.01,81.63,82.98,82.11,82.11,83.52,83.91,81.89,80.88,81.43,82.16,79.03,80.66,81.86,80.6,77.37,82.93,83.6,82.56,81.79,79.77,80.59,81.52,82.31,80.85,78.66,78.5,79.5,78.5,77.65,80.61,82.29,79.48,78.66,80.3,79.58,78.48,76.52,61.33,70.13,73.4,76.43,76.42,80.43,83.41,82.11,81.58,75.55,77.89,79.64,82.53,81.81,78.46
2026-03-04 10:47:39,87.15,89.93,85.42,86.06,83.57,85.03,83.69,80.88,81.33,82.77,82.06,82.01,83.31,83.65,81.54,80.37,81.19,82.1,78.9,80.34,81.55,80.5,77.34,82.71,83.49,82.62,81.64,79.42,80.18,81.31,82.24,80.7,78.83,78.57,79.32,78.17,77.24,80.09,82.04,79.14,78.41,80.12,79.45,78.5,76.47,60.72,69.54,73.2,76.28,76.32,80.27,83.17,82.07,81.42,75.51,77.77,79.83,82.61,81.4,77.96
2026-03-04 10:47:40,87.27,89.91,85.42,85.82,83.07,84.67,83.36,80.79,81.09,82.6,82.05,81.94,83.1,83.37,81.15,79.81,80.95,82.06,78.82,80.04,81.23,80.43,77.36,82.45,83.34,82.65,81.45,79.03,79.74,81.1,82.15,80.51,79.03,78.67,79.11,77.79,76.75,79.45,81.76,78.8,78.17,79.92,79.32,78.54,76.45,60.33,69.03,73.05,76.1,76.16,80.05,82.88,81.98,81.24,75.46,77.62,80.0,82.67,80.92,77.44
2026-03-04 10:47:41,87.38,89.91,85.47,85.6,82.6,84.33,83.04,80.74,80.91,82.48,82.09,81.88,82.87,83.08,80.73,79.22,80.73,82.04,78.79,79.75,80.91,80.37,77.42,82.17,83.15,82.65,81.24,78.62,79.27,80.88,82.05,80.3,79.23,78.77,78.87,77.37,76.21,78.74,81.45,78.47,77.93,79.7,79.2,78.61,76.46,60.14,68.61,72.94,75.9,75.96,79.79,82.55,81.84,81.03,75.39,77.45,80.15,82.7,80.39,76.93
2026-03-04 10:47:42,87.53,89.94,85.54,85.44,82.24,84.02,82.77,80.74,80.78,82.38,82.16,81.84,82.66,82.81,80.27,78.7,80.52,82.06,78.81,79.49,80.61,80.35,77.52,81.92,83.0,82.65,81.05,78.25,78.83,80.69,81.91,80.13,79.43,78.9,78.64,77.02,75.75,78.06,81.16,78.2,77.69,79.51,79.12,78.68,76.55,60.18,68.27,72.89,75.75,75.81,79.53,82.25,81.68,80.87,75.41,77.32,80.31,82.76,79.95,76.49
2026-03-04 10:47:43,87.73,89.99,85.57,85.36,81.98,83.68,82.49,80.73,80.62,82.33,82.26,81.78,82.5,82.59,79.72,78.25,80.36,82.15,78.92,79.34,80.41,80.37,77.66,81.77,82.92,82.67,80.94,78.01,78.52,80.58,81.83,80.08,79.7,79.08,78.48,76.77,75.43,77.52,80.96,78.04,77.54,79.39,79.14,78.85,76.76,60.49,68.11,72.91,75.66,75.73,79.32,82.0,81.6,80.81,75.55,77.28,80.46,82.84,79.64,76.17
2026-03-04 10:47:44,87.98,90.06,85.58,85.35,81.83,83.32,82.21,80.73,80.45,82.31,82.4,81.7,82.41,82.41,79.11,77.86,80.27,82.28,79.1,79.26,80.29,80.45,77.82,81.68,82.89,82.71,80.9,77.88,78.31,80.54,81.82,80.12,80.02,79.32,78.38,76.62,75.24,77.11,80.82,77.98,77.47,79.34,79.23,79.08,77.06,61.03,68.14,72.99,75.62,75.72,79.16,81.8,81.58,80.85,75.79,77.3,80.6,82.93,79.44,75.93
2026-03-04 10:47:45,88.27,90.18,85.61,85.41,81.8,83.03,82.01,80.74,80.28,82.32,82.53,81.64,82.33,82.26,78.54,77.53,80.19,82.4,79.2,79.15,80.19,80.51,77.96,81.57,82.81,82.72,80.85,77.75,78.13,80.51,81.8,80.14,80.31,79.49,78.3,76.47,75.09,76.75,80.66,77.9,77.42,79.28,79.27,79.3,77.36,61.66,68.28,73.16,75.68,75.78,79.01,81.63,81.56,80.88,76.08,77.36,80.76,83.0,79.29,75.74
2026-03-04 10:47:46,88.55,90.31,85.61,85.46,81.82,82.74,81.83,80.64,79.98,82.25,82.56,81.58,82.11,82.06,77.96,77.17,80.07,82.46,79.21,78.85,80.06,80.51,78.01,81.44,82.72,82.71,80.79,77.62,77.91,80.45,81.74,80.13,80.5,79.48,78.19,76.3,74.95,76.4,80.42,77.81,77.38,79.16,79.11,79.47,77.65,62.3,68.5,73.41,75.86,75.92,78.88,81.48,81.52,80.89,76.41,77.5,80.96,83.1,79.17,75.57
2026-03-04 10:47:47,88.81,90.45,85.56,85.49,81.89,82.44,81.66,80.45,79.54,82.11,82.49,81.5,81.77,81.8,77.36,76.76,79.9,82.47,79.15,78.4,79.89,80.45,77.99,81.31,82.62,82.69,80.72,77.49,77.66,80.36,81.66,80.11,80.59,79.31,78.05,76.12,74.81,76.05,80.13,77.72,77.33,79.0,78.77,79.6,77.93,62.93,68.77,73.74,76.13,76.12,78.78,81.37,81.47,80.88,76.77,77.73,81.22,83.21,79.08,75.42
2026-03-04 10:47:48,89.06,90.59,85.48,85.51,81.99,82.14,81.51,80.17,79.0,81.9,82.33,81.41,81.32,81.49,76.76,76.32,79.69,82.43,79.03,77.81,79.7,80.34,77.91,81.17,82.51,82.65,80.65,77.37,77.37,80.23,81.54,80.06,80.61,79.01,77.88,75.93,74.67,75.7,79.78,77.62,77.28,78.8,78.28,79.69,78.19,63.55,69.1,74.13,76.47,76.38,78.69,81.28,81.41,80.85,77.15,78.02,81.51,83.34,79.03,75.29
2026-03-04 10:47:49,89.28,90.73,85.37,85.51,82.12,81.84,81.37,79.81,78.37,81.64,82.11,81.3,80.78,81.14,76.16,75.86,79.45,82.35,78.85,77.1,79.48,80.18,77.77,81.03,82.4,82.6,80.57,77.25,77.06,80.07,81.41,80.0,80.56,78.58,77.69,75.73,74.53,75.37,79.4,77.52,77.23,78.58,77.67,79.74,78.43,64.15,69.46,74.57,76.89,76.68,78.62,81.22,81.33,80.81,77.55,78.37,81.84,83.48,79.0,75.18
2026-03-04 10:47:50,89.49,90.86,85.23,85.5,82.27,81.53,81.25,79.4,77.68,81.34,81.82,81.19,80.17,80.77,75.56,75.39,79.18,82.24,78.64,76.31,79.24,79.98,77.58,80.89,82.29,82.54,80.48,77.14,76.73,79.9,81.26,79.93,80.45,78.06,77.49,75.53,74.4,75.04,78.98,77.43,77.18,78.33,76.96,79.76,78.67,64.73,69.86,75.04,77.35,77.01,78.56,81.17,81.25,80.76,77.96,78.76,82.19,83.63,78.99,75.09
2026-03-04 10:47:51,89.69,91.0,85.07,85.48,82.44,81.24,81.13,78.94,76.92,81.0,81.48,81.07,79.5,80.38,74.98,74.9,78.89,82.1,78.38,75.44,78.98,79.75,77.35,80.75,82.17,82.47,80.4,77.04,76.39,79.71,81.1,79.85,80.28,77.45,77.28,75.33,74.28,74.73,78.55,77.33,77.13,78.06,76.16,79.76,78.88,65.28,70.27,75.54,77.86,77.37,78.52,81.15,81.16,80.71,78.38,79.19,82.56,83.78,79.0,75.02
2026-03-04 10:47:52,89.87,91.13,84.89,85.45,82.63,80.95,81.03,78.45,76.13,80.64,81.1,80.94,78.8,79.97,74.41,74.42,78.58,81.93,78.1,74.53,78.72,79.5,77.09,80.61,82.06,82.4,80.32,76.94,76.04,79.51,80.92,79.76,80.08,76.79,77.06,75.13,74.16,74.43,78.09,77.24,77.08,77.78,75.3,79.73,79.09,65.81,70.7,76.07,78.39,77.75,78.5,81.14,81.07,80.64,78.8,79.65,82.95,83.94,79.03,74.96
2026-03-04 10:47:53,90.03,91.25,84.7,85.41,82.83,80.67,80.94,77.93,75.32,80.26,80.7,80.82,78.06,79.55,73.86,73.94,78.27,81.75,77.79,73.57,78.45,79.23,76.81,80.48,81.95,82.32,80.23,76.85,75.69,79.3,80.74,79.66,79.84,76.07,76.83,74.93,74.05,74.14,77.63,77.15,77.03,77.49,74.39,79.68,79.27,66.31,71.14,76.6,78.95,78.14,78.48,81.14,80.98,80.58,79.21,80.12,83.34,84.11,79.07,74.91
2026-03-04 10:47:54,90.17,91.37,84.5,85.36,83.03,80.4,80.86,77.39,74.49,79.87,80.27,80.69,77.31,79.13,73.33,73.46,77.95,81.55,77.47,72.6,78.18,78.95,76.51,80.35,81.83,82.24,80.15,76.77,75.34,79.08,80.56,79.56,79.58,75.33,76.61,74.74,73.94,73.87,77.17,77.06,76.99,77.19,73.45,79.62,79.45,66.79,71.59,77.14,79.52,78.54,78.48,81.16,80.88,80.5,79.61,80.6,83.73,84.27,79.13,74.88
2026-03-04 10:47:55,90.3,91.49,84.29,85.31,83.24,80.14,80.79,76.84,73.65,79.47,79.82,80.56,76.55,78.71,72.83,73.0,77.63,81.35,77.13,71.61,77.92,78.65,76.2,80.23,81.73,82.16,80.06,76.69,74.99,78.86,80.37,79.46,79.3,74.56,76.38,74.55,73.84,73.62,76.71,76.98,76.94,76.89,72.5,79.54,79.61,67.23,72.03,77.67,80.1,78.95,78.48,81.18,80.78,80.43,80.01,81.09,84.12,84.44,79.2,74.85
2026-03-04 10:47:56,90.42,91.6,84.08,85.25,83.46,79.89,80.73,76.29,72.82,79.06,79.37,80.44,75.79,78.3,72.35,72.55,77.31,81.13,76.8,70.63,77.65,78.36,75.87,80.11,81.62,82.07,79.98,76.62,74.65,78.65,80.18,79.36,79.0,73.78,76.16,74.37,73.75,73.38,76.25,76.9,76.9,76.6,71.53,79.45,79.75,67.64,72.47,78.21,80.67,79.35,78.49,81.22,80.69,80.35,80.39,81.58,84.5,84.6,79.27,74.84
2026-03-04 10:47:57,90.52,91.7,83.87,85.2,83.67,79.66,80.67,75.74,72.0,78.66,78.91,80.31,75.04,77.9,71.89,72.11,77.0,80.92,76.45,69.65,77.39,78.06,75.55,80.0,81.52,81.99,79.91,76.56,74.32,78.43,80.0,79.25,78.69,72.99,75.94,74.2,73.67,73.16,75.81,76.82,76.86,76.31,70.58,79.36,79.88,68.03,72.89,78.73,81.24,79.75,78.51,81.26,80.59,80.27,80.76,82.06,84.88,84.75,79.35,74.83
2026-03-04 10:47:58,90.61,91.79,83.67,85.14,83.88,79.44,80.63,75.2,71.2,78.27,78.45,80.2,74.31,77.5,71.47,71.7,76.69,80.7,76.12,68.7,77.14,77.76,75.22,79.89,81.43,81.91,79.83,76.5,74.01,78.22,79.82,79.15,78.37,72.21,75.73,74.03,73.59,72.95,75.37,76.75,76.82,76.03,69.63,79.25,80.0,68.38,73.31,79.23,81.8,80.13,78.53,81.31,80.5,80.19,81.11,82.54,85.24,84.9,79.43,74.83
2026-03-04 10:47:59,90.69,91.88,83.46,85.07,84.08,79.24,80.59,74.67,70.42,77.88,78.0,80.08,73.59,77.12,71.07,71.3,76.4,80.48,75.78,67.77,76.89,77.47,74.9,79.79,81.34,81.83,79.76,76.45,73.7,78.01,79.64,79.04,78.05,71.45,75.53,73.88,73.52,72.76,74.96,76.68,76.79,75.75,68.71,79.14,80.1,68.7,73.71,79.72,82.34,80.51,78.56,81.36,80.41,80.12,81.45,83.0,85.59,85.05,79.52,74.84
2026-03-04 10:48:00,90.76,91.97,83.26,85.01,84.28,79.05,80.56,74.15,69.67,77.5,77.56,79.97,72.89,76.76,70.7,70.93,76.11,80.27,75.45,66.87,76.66,77.18,74.58,79.7,81.25,81.75,79.69,76.4,73.41,77.81,79.47,78.95,77.73,70.7,75.33,73.73,73.45,72.59,74.56,76.62,76.75,75.49,67.81,79.03,80.2,69.0,74.1,80.19,82.86,80.88,78.59,81.42,80.32,80.04,81.76,83.44,85.93,85.19,79.61,74.85
2026-03-04 10:48:01,90.82,92.04,83.07,84.95,84.47,78.87,80.53,73.66,68.95,77.14,77.14,79.87,72.23,76.41,70.36,70.57,75.84,80.06,75.14,66.01,76.43,76.91,74.27,79.61,81.18,81.68,79.63,76.36,73.14,77.62,79.31,78.85,77.42,69.97,75.15,73.59,73.39,72.43,74.18,76.56,76.72,75.24,66.94,78.92,80.28,69.27,74.47,80.64,83.36,81.22,78.63,81.47,80.24,79.97,82.06,83.87,86.25,85.32,79.7,74.87
2026-03-04 10:48:02,90.87,92.12,82.88,84.89,84.66,78.71,80.51,73.18,68.26,76.79,76.72,79.77,71.59,76.08,70.05,70.24,75.57,79.85,74.83,65.19,76.22,76.64,73.97,79.53,81.1,81.6,79.57,76.32,72.88,77.44,79.15,78.76,77.12,69.27,74.97,73.47,73.34,72.29,73.82,76.5,76.69,75.0,66.11,78.81,80.35,69.51,74.81,81.06,83.84,81.56,78.66,81.53,80.16,79.9,82.33,84.28,86.55,85.45,79.79,74.89
2026-03-04 10:48:03,90.91,92.18,82.7,84.83,84.83,78.56,80.5,72.73,67.62,76.46,76.33,79.67,70.99,75.77,69.76,69.94,75.33,79.66,74.54,64.41,76.02,76.39,73.68,79.46,81.03,81.54,79.51,76.29,72.64,77.26,79.01,78.67,76.82,68.6,74.8,73.35,73.29,72.16,73.48,76.45,76.67,74.77,65.32,78.7,80.41,69.73,75.14,81.46,84.3,81.87,78.7,81.59,80.08,79.83,82.59,84.66,86.83,85.56,79.88,74.91
2026-03-04 10:48:04,90.94,92.24,82.53,84.78,85.0,78.42,80.49,72.3,67.01,76.15,75.95,79.59,70.42,75.48,69.5,69.65,75.1,79.47,74.26,63.67,75.84,76.14,73.41,79.39,80.97,81.47,79.46,76.26,72.41,77.1,78.87,78.58,76.53,67.97,74.65,73.24,73.25,72.05,73.16,76.41,76.64,74.55,64.58,78.59,80.47,69.92,75.45,81.84,84.73,82.17,78.74,81.65,80.01,79.77,82.83,85.03,87.1,85.67,79.97,74.94
2026-03-04 10:48:05,90.96,92.29,82.37,84.72,85.16,78.3,80.48,71.9,66.43,75.86,75.59,79.5,69.88,75.21,69.27,69.39,74.88,79.29,73.99,62.98,75.66,75.92,73.15,79.33,80.91,81.41,79.42,76.23,72.2,76.95,78.74,78.51,76.26,67.37,74.5,73.14,73.22,71.94,72.86,76.37,76.62,74.35,63.87,78.48,80.51,70.09,75.74,82.19,85.13,82.45,78.78,81.71,79.95,79.71,83.05,85.37,87.35,85.78,80.05,74.96
2026-03-04 10:48:06,90.98,92.34,82.22,84.67,85.3,78.19,80.48,71.52,65.9,75.58,75.26,79.43,69.38,74.96,69.06,69.15,74.68,79.12,73.74,62.33,75.5,75.7,72.9,79.28,80.86,81.35,79.37,76.21,72.01,76.8,78.61,78.43,76.0,66.8,74.37,73.05,73.18,71.85,72.59,76.33,76.6,74.17,63.21,78.38,80.55,70.24,76.01,82.51,85.51,82.71,78.81,81.77,79.89,79.65,83.25,85.69,87.58,85.87,80.13,74.99
2026-03-04 10:48:07,91.0,92.38,82.08,84.62,85.44,78.09,80.48,71.17,65.41,75.32,74.94,79.36,68.92,74.73,68.87,68.93,74.49,78.96,73.51,61.73,75.35,75.5,72.67,79.23,80.81,81.3,79.33,76.2,71.83,76.67,78.5,78.36,75.75,66.27,74.24,72.96,73.16,71.78,72.33,76.3,76.58,74.0,62.59,78.28,80.58,70.37,76.25,82.81,85.85,82.95,78.85,81.83,79.83,79.6,83.43,85.99,87.79,85.96,80.21,75.02
2026-03-04 10:48:08,91.0,92.42,81.95,84.57,85.57,78.0,80.49,70.84,64.95,75.08,74.65,79.29,68.49,74.52,68.7,68.73,74.32,78.81,73.29,61.18,75.21,75.31,72.45,79.18,80.77,81.25,79.3,76.18,71.66,76.55,78.4,78.3,75.52,65.78,74.13,72.89,73.13,71.71,72.1,76.27,76.57,73.84,62.02,78.18,80.6,70.49,76.48,83.09,86.18,83.17,78.89,81.89,79.78,79.55,83.6,86.26,87.99,86.04,80.29,75.05
2026-03-04 10:48:09,91.01,92.45,81.83,84.53,85.69,77.93,80.49,70.54,64.54,74.86,74.37,79.23,68.09,74.32,68.56,68.55,74.16,78.67,73.09,60.67,75.09,75.13,72.25,79.14,80.73,81.2,79.26,76.17,71.52,76.43,78.3,78.24,75.3,65.32,74.03,72.82,73.11,71.65,71.89,76.24,76.55,73.69,61.49,78.09,80.62,70.58,76.68,83.34,86.47,83.37,78.93,81.94,79.73,79.5,83.75,86.52,88.16,86.11,80.36,75.09
2026-03-04 10:48:10,90.99,92.48,81.75,84.49,85.81,77.9,80.54,70.34,64.25,74.7,74.16,79.19,67.77,74.14,68.43,68.43,74.05,78.56,72.92,60.26,74.99,74.99,72.07,79.12,80.69,81.15,79.23,76.16,71.4,76.29,78.21,78.15,75.11,64.93,73.93,72.75,73.09,71.62,71.73,76.21,76.56,73.6,61.08,77.99,80.62,70.68,76.86,83.55,86.7,83.54,78.98,81.99,79.66,79.41,83.88,86.75,88.33,86.18,80.44,75.13
2026-03-04 10:48:11,90.94,92.52,81.77,84.47,85.94,78.01,80.69,70.37,64.24,74.65,74.06,79.18,67.59,73.96,68.31,68.46,74.07,78.49,72.82,60.06,74.96,74.91,71.95,79.12,80.65,81.08,79.18,76.12,71.32,76.05,78.1,77.99,74.97,64.67,73.86,72.67,73.04,71.63,71.68,76.16,76.61,73.64,60.9,77.84,80.58,70.84,76.98,83.7,86.76,83.64,79.07,82.03,79.53,79.21,83.98,86.96,88.48,86.27,80.58,75.22
2026-03-04 10:48:12,90.85,92.55,81.89,84.47,86.09,78.24,80.94,70.61,64.5,74.71,74.08,79.2,67.55,73.78,68.23,68.62,74.19,78.47,72.78,60.05,74.98,74.88,71.87,79.16,80.6,80.98,79.12,76.08,71.3,75.73,77.99,77.78,74.88,64.54,73.81,72.58,72.97,71.7,71.73,76.1,76.7,73.8,60.93,77.65,80.51,71.04,77.06,83.78,86.69,83.69,79.19,82.07,79.35,78.92,84.05,87.16,88.6,86.36,80.75,75.36
2026-03-04 10:48:13,90.72,92.56,82.07,84.49,86.24,78.48,81.22,70.97,64.91,74.87,74.18,79.28,67.66,73.66,68.24,68.86,74.28,78.38,72.78,60.24,75.07,74.9,71.8,79.17,80.53,80.8,78.99,76.05,71.35,75.47,77.95,77.61,74.84,64.5,73.81,72.52,72.98,71.83,71.86,76.06,76.78,74.04,61.16,77.48,80.41,71.33,77.18,83.75,86.54,83.69,79.31,82.11,79.2,78.62,84.07,87.29,88.61,86.36,80.92,75.55
2026-03-04 10:48:14,90.54,92.49,82.32,84.57,86.42,78.78,81.48,71.36,65.41,75.08,74.27,79.41,67.93,73.57,68.38,69.16,74.32,78.22,72.78,60.59,75.22,74.95,71.7,79.13,80.44,80.53,78.76,76.02,71.44,75.29,77.94,77.51,74.86,64.55,73.87,72.5,73.09,72.06,72.05,76.07,76.88,74.33,61.58,77.37,80.27,71.72,77.35,83.45,86.32,83.67,79.48,82.18,79.1,78.37,84.06,87.38,88.55,86.31,81.1,75.82
2026-03-04 10:48:15,90.32,92.34,82.63,84.72,86.63,79.14,81.72,71.76,65.96,75.34,74.35,79.59,68.32,73.49,68.61,69.49,74.31,78.02,72.8,61.07,75.4,75.03,71.59,79.04,80.31,80.16,78.46,75.98,71.55,75.18,77.95,77.45,74.91,64.67,74.0,72.51,73.31,72.37,72.32,76.13,77.02,74.67,62.15,77.31,80.08,72.2,77.58,82.92,86.05,83.63,79.69,82.3,79.05,78.16,84.04,87.42,88.44,86.23,81.29,76.13
2026-03-04 10:48:16,90.06,92.15,82.99,84.92,86.87,79.55,81.94,72.19,66.57,75.64,74.41,79.81,68.82,73.44,68.93,69.88,74.29,77.78,72.84,61.68,75.63,75.13,71.47,78.88,80.16,79.73,78.1,75.94,71.69,75.12,78.0,77.44,75.01,64.85,74.18,72.55,73.6,72.76,72.64,76.23,77.18,75.05,62.85,77.3,79.87,72.74,77.86,82.19,85.72,83.57,79.92,82.44,79.04,77.99,83.99,87.42,88.3,86.13,81.49,76.47
2026-03-04 10:48:17,89.86,92.02,83.48,85.27,87.22,80.12,82.29,72.78,67.34,75.99,74.53,80.09,69.47,73.55,69.44,70.41,74.39,77.66,72.97,62.4,75.88,75.25,71.38,78.48,80.03,79.37,77.83,75.98,71.92,75.17,78.11,77.5,75.16,65.06,74.4,72.7,74.01,73.23,73.02,76.37,77.34,75.42,63.63,77.32,79.66,73.29,78.13,81.45,85.35,83.47,80.1,82.47,79.04,77.85,83.85,87.33,88.11,85.99,81.63,76.82
2026-03-04 10:48:18,89.74,92.02,84.11,85.76,87.72,80.86,82.81,73.57,68.27,76.39,74.72,80.44,70.28,73.87,70.15,71.14,74.69,77.7,73.22,63.23,76.17,75.4,71.34,77.78,79.94,79.14,77.69,76.12,72.26,75.33,78.31,77.65,75.37,65.3,74.65,72.97,74.52,73.8,73.46,76.54,77.5,75.79,64.49,77.38,79.48,73.8,78.39,80.78,84.93,83.33,80.19,82.34,79.03,77.73,83.6,87.14,87.89,85.84,81.7,77.16
2026-03-04 10:48:19,89.69,92.1,84.85,86.39,88.32,81.73,83.46,74.51,69.35,76.82,74.98,80.84,71.21,74.36,71.02,72.01,75.14,77.86,73.57,64.14,76.48,75.55,71.34,76.84,79.86,79.01,77.66,76.34,72.7,75.58,78.55,77.85,75.63,65.57,74.92,73.34,75.1,74.43,73.95,76.73,77.66,76.13,65.38,77.46,79.33,74.28,78.64,80.17,84.48,83.15,80.2,82.1,79.02,77.65,83.27,86.88,87.64,85.66,81.72,77.48
2026-03-04 10:48:20,89.69,92.23,85.6,87.05,88.92,82.53,84.08,75.49,70.48,77.29,75.28,81.18,72.1,74.93,71.9,72.88,75.59,78.05,73.94,65.11,76.78,75.72,71.29,75.87,79.72,78.85,77.63,76.48,73.16,75.85,78.72,77.94,75.89,65.94,75.2,73.71,75.56,74.98,74.39,76.89,77.84,76.49,66.29,77.47,79.19,74.76,78.92,79.7,84.02,82.9,80.16,81.8,79.04,77.65,82.97,86.55,87.4,85.49,81.74,77.81
2026-03-04 10:48:21,89.71,92.35,86.34,87.71,89.46,83.16,84.61,76.46,71.63,77.8,75.63,81.4,72.89,75.52,72.73,73.69,75.96,78.2,74.3,66.12,77.06,75.88,71.18,74.96,79.47,78.61,77.54,76.51,73.63,76.11,78.76,77.86,76.11,66.42,75.49,74.03,75.84,75.4,74.76,77.01,78.02,76.86,67.18,77.35,79.03,75.25,79.25,79.36,83.56,82.58,80.09,81.47,79.11,77.77,82.75,86.2,87.19,85.35,81.78,78.16
2026-03-04 10:48:22,89.75,92.49,87.05,88.35,89.95,83.65,85.06,77.39,72.78,78.32,75.99,81.54,73.59,76.13,73.51,74.44,76.28,78.31,74.65,67.13,77.32,76.03,71.02,74.12,79.14,78.3,77.41,76.43,74.1,76.36,78.7,77.66,76.32,66.99,75.78,74.32,75.96,75.71,75.07,77.09,78.22,77.23,68.07,77.14,78.86,75.73,79.62,79.15,83.11,82.19,79.99,81.13,79.22,77.98,82.61,85.81,87.0,85.24,81.85,78.53
2026-03-04 10:48:23,89.81,92.62,87.72,88.9,90.3,84.05,85.42,78.25,73.86,78.81,76.35,81.62,74.2,76.67,74.22,75.16,76.6,78.39,74.98,68.11,77.53,76.18,70.92,73.44,78.79,78.01,77.32,76.34,74.54,76.61,78.61,77.47,76.52,67.61,76.1,74.66,76.11,76.02,75.4,77.2,78.45,77.62,68.96,76.91,78.68,76.22,80.03,79.06,82.68,81.85,79.96,80.86,79.35,78.23,82.52,85.45,86.81,85.15,81.97,78.94
2026-03-04 10:48:24,89.87,92.74,88.33,89.37,90.54,84.36,85.66,78.98,74.85,79.24,76.73,81.72,74.76,77.13,74.79,75.73,76.88,78.46,75.31,69.05,77.67,76.31,70.9,72.91,78.46,77.77,77.31,76.31,74.98,76.85,78.44,77.3,76.71,68.22,76.4,75.0,76.32,76.35,75.69,77.32,78.65,77.98,69.79,76.66,78.47,76.7,80.44,79.0,82.24,81.51,79.93,80.58,79.48,78.49,82.35,85.07,86.61,85.06,82.08,79.34
2026-03-04 10:48:25,89.88,92.79,88.82,89.77,90.72,84.55,85.81,79.63,75.76,79.47,77.11,81.82,75.31,77.54,75.26,76.22,77.1,78.47,75.57,69.98,77.79,76.39,70.92,72.48,78.19,77.6,77.34,76.29,75.35,77.04,78.26,77.12,76.88,68.81,76.63,75.28,76.54,76.67,75.94,77.4,78.82,78.31,70.55,76.38,78.27,77.13,80.79,78.92,81.78,81.13,79.77,80.17,79.56,78.72,82.07,84.64,86.39,84.96,82.18,79.72
2026-03-04 10:48:26,89.82,92.78,89.18,90.1,90.85,84.63,85.86,80.2,76.59,79.48,77.49,81.95,75.86,77.89,75.61,76.64,77.28,78.41,75.77,70.88,77.92,76.46,71.01,72.17,77.98,77.5,77.4,76.29,75.66,77.17,78.06,76.94,77.04,69.38,76.8,75.49,76.74,77.0,76.15,77.47,78.97,78.62,71.26,76.07,78.09,77.52,81.07,78.84,81.34,80.72,79.47,79.6,79.57,78.93,81.69,84.17,86.13,84.87,82.29,80.11
2026-03-04 10:48:27,89.7,92.7,89.42,90.37,90.93,84.63,85.84,80.71,77.34,79.32,77.84,82.09,76.42,78.19,75.86,77.01,77.43,78.28,75.94,71.77,78.05,76.5,71.16,71.95,77.84,77.49,77.49,76.29,75.91,77.26,77.87,76.75,77.18,69.94,76.92,75.63,76.93,77.31,76.33,77.53,79.09,78.92,71.92,75.74,77.93,77.87,81.29,78.77,80.91,80.29,79.03,78.9,79.54,79.11,81.22,83.67,85.86,84.79,82.41,80.5
2026-03-04 10:48:28,89.54,92.56,89.56,90.58,90.98,84.54,85.74,81.15,78.02,78.99,78.19,82.25,76.98,78.43,76.03,77.32,77.56,78.1,76.05,72.63,78.19,76.53,71.35,71.83,77.76,77.53,77.6,76.3,76.1,77.3,77.67,76.57,77.31,70.48,77.0,75.71,77.1,77.62,76.48,77.57,79.2,79.2,72.52,75.4,77.78,78.17,81.46,78.69,80.49,79.83,78.49,78.1,79.45,79.26,80.67,83.14,85.56,84.71,82.55,80.89
2026-03-04 10:48:29,89.34,92.38,89.61,90.75,91.0,84.39,85.58,81.52,78.62,78.53,78.52,82.41,77.53,78.62,76.11,77.58,77.65,77.88,76.14,73.46,78.33,76.54,71.59,71.78,77.72,77.63,77.72,76.31,76.24,77.3,77.47,76.38,77.43,71.0,77.03,75.74,77.25,77.91,76.6,77.6,79.28,79.46,73.08,75.04,77.64,78.43,81.59,78.62,80.1,79.36,77.86,77.21,79.33,79.39,80.07,82.6,85.26,84.64,82.69,81.26
2026-03-04 10:48:30,89.11,92.17,89.57,90.86,90.98,84.17,85.37,81.84,79.16,77.96,78.83,82.59,78.07,78.78,76.14,77.79,77.72,77.62,76.18,74.25,78.47,76.54,71.85,71.8,77.73,77.78,77.86,76.33,76.34,77.27,77.27,76.2,77.54,71.5,77.03,75.72,77.39,78.2,76.7,77.61,79.35,79.7,73.58,74.68,77.52,78.66,81.67,78.54,79.72,78.89,77.16,76.26,79.18,79.5,79.42,82.05,84.94,84.58,82.83,81.63
2026-03-04 10:48:31,88.85,91.92,89.47,90.94,90.95,83.91,85.12,82.11,79.63,77.3,79.13,82.76,78.59,78.89,76.1,77.97,77.77,77.33,76.2,75.01,78.61,76.53,72.14,71.88,77.78,77.96,78.01,76.35,76.39,77.21,77.08,76.02,77.63,71.96,76.99,75.67,77.52,78.47,76.78,77.62,79.4,79.92,74.04,74.32,77.41,78.86,81.71,78.48,79.37,78.42,76.42,75.26,79.0,79.58,78.73,81.49,84.63,84.52,82.98,81.98
2026-03-04 10:48:32,88.58,91.65,89.31,90.99,90.89,83.62,84.84,82.34,80.05,76.57,79.4,82.94,79.1,78.97,76.01,78.1,77.8,77.02,76.19,75.72,78.75,76.51,72.45,72.02,77.85,78.17,78.17,76.38,76.42,77.13,76.89,75.85,77.72,72.41,76.93,75.58,77.63,78.73,76.83,77.62,79.44,80.13,74.45,73.96,77.31,79.02,81.72,78.41,79.04,77.95,75.63,74.24,78.8,79.65,78.03,80.94,84.31,84.46,83.12,82.32
2026-03-04 10:48:33,88.32,91.41,89.16,91.02,90.84,83.36,84.57,82.54,80.44,75.87,79.7,83.12,79.6,79.07,75.93,78.23,77.85,76.73,76.19,76.4,78.87,76.51,72.78,72.19,77.95,78.38,78.3,76.39,76.4,77.03,76.73,75.7,77.77,72.82,76.85,75.48,77.73,78.96,76.86,77.6,79.48,80.31,74.81,73.63,77.23,79.16,81.69,78.35,78.72,77.51,74.87,73.25,78.59,79.69,77.34,80.41,83.97,84.39,83.26,82.64
2026-03-04 10:48:34,88.15,91.28,89.16,91.11,90.88,83.28,84.45,82.82,80.9,75.41,80.11,83.37,80.14,79.29,75.98,78.43,77.98,76.54,76.27,77.05,79.01,76.59,73.17,72.41,78.08,78.56,78.39,76.39,76.38,76.92,76.6,75.55,77.77,73.18,76.77,75.42,77.83,79.18,76.88,77.53,79.5,80.45,75.17,73.36,77.16,79.26,81.6,78.3,78.43,77.14,74.24,72.36,78.36,79.62,76.71,79.89,83.57,84.29,83.39,82.92
2026-03-04 10:48:35,88.06,91.23,89.3,91.29,91.03,83.38,84.49,83.15,81.46,75.22,80.65,83.7,80.71,79.61,76.18,78.71,78.15,76.43,76.46,77.71,79.22,76.74,73.59,72.74,78.29,78.81,78.51,76.39,76.41,76.89,76.54,75.45,77.77,73.55,76.72,75.42,77.96,79.37,76.96,77.53,79.52,80.57,75.55,73.19,77.08,79.31,81.46,78.28,78.16,76.82,73.74,71.64,78.11,79.49,76.16,79.41,83.13,84.15,83.49,83.15
2026-03-04 10:48:36,88.01,91.2,89.48,91.49,91.21,83.57,84.61,83.53,82.08,75.24,81.23,84.07,81.23,79.97,76.45,78.96,78.31,76.39,76.71,78.32,79.4,76.89,74.0,73.11,78.5,79.07,78.65,76.41,76.45,76.89,76.47,75.4,77.81,73.95,76.72,75.47,78.08,79.54,77.1,77.58,79.52,80.67,75.86,73.09,76.99,79.33,81.3,78.25,77.92,76.56,73.35,71.06,77.87,79.37,75.72,79.03,82.73,83.97,83.48,83.3
2026-03-04 10:48:37,88.05,91.26,89.77,91.78,91.44,83.83,84.81,83.98,82.76,75.44,81.87,84.47,81.72,80.4,76.83,79.3,78.54,76.43,77.02,78.85,79.53,77.04,74.45,73.51,78.72,79.29,78.82,76.51,76.56,76.94,76.43,75.37,77.89,74.39,76.79,75.59,78.21,79.68,77.28,77.67,79.55,80.77,76.16,73.07,76.91,79.33,81.16,78.24,77.75,76.34,73.03,70.61,77.68,79.28,75.39,78.73,82.37,83.8,83.42,83.41
2026-03-04 10:48:38,88.1,91.31,90.13,92.15,91.68,84.17,85.09,84.49,83.48,75.83,82.56,84.88,82.24,80.87,77.3,79.71,78.9,76.58,77.37,79.36,79.67,77.18,74.92,73.98,78.94,79.53,79.04,76.7,76.7,77.03,76.46,75.4,78.05,74.92,76.93,75.8,78.36,79.82,77.5,77.79,79.64,80.95,76.55,73.14,76.86,79.37,81.06,78.25,77.68,76.2,72.81,70.31,77.56,79.23,75.17,78.47,81.98,83.66,83.38,83.53
2026-03-04 10:48:39,88.25,91.49,90.61,92.62,92.02,84.68,85.53,85.14,84.29,76.42,83.33,85.32,82.82,81.42,77.87,80.18,79.35,76.88,77.79,79.91,79.9,77.43,75.48,74.54,79.21,79.8,79.28,76.93,76.87,77.04,76.55,75.53,78.27,75.5,77.09,75.98,78.53,80.01,77.77,77.95,79.73,81.17,76.99,73.27,76.88,79.48,81.05,78.31,77.7,76.14,72.7,70.19,77.5,79.14,74.99,78.29,81.65,83.55,83.33,83.71
2026-03-04 10:48:40,88.53,91.81,91.22,93.19,92.47,85.35,86.14,85.91,85.19,77.2,84.16,85.83,83.46,82.05,78.52,80.72,79.88,77.29,78.31,80.51,80.23,77.8,76.13,75.18,79.5,80.08,79.52,77.21,77.05,76.92,76.68,75.73,78.53,76.1,77.25,76.1,78.71,80.23,78.09,78.13,79.8,81.42,77.46,73.43,76.99,79.67,81.11,78.44,77.8,76.18,72.72,70.23,77.49,78.99,74.87,78.2,81.4,83.47,83.27,83.93
2026-03-04 10:48:41,88.92,92.25,91.92,93.84,93.02,86.16,86.88,86.78,86.16,78.12,85.03,86.38,84.15,82.73,79.24,81.32,80.48,77.81,78.9,81.16,80.64,78.26,76.85,75.87,79.82,80.37,79.77,77.51,77.24,76.69,76.84,76.0,78.83,76.73,77.41,76.16,78.89,80.48,78.44,78.32,79.86,81.69,77.94,73.62,77.19,79.93,81.24,78.64,77.98,76.31,72.86,70.42,77.52,78.79,74.78,78.18,81.21,83.43,83.2,84.2
2026-03-04 10:48:42,89.4,92.79,92.7,94.55,93.65,87.08,87.73,87.73,87.19,79.17,85.93,86.97,84.87,83.45,80.02,81.95,81.12,78.41,79.55,81.84,81.13,78.8,77.61,76.61,80.16,80.67,80.02,77.84,77.43,76.37,77.03,76.33,79.14,77.37,77.56,76.18,79.08,80.75,78.81,78.54,79.91,81.98,78.43,73.82,77.46,80.25,81.43,78.89,78.22,76.51,73.11,70.72,77.58,78.55,74.74,78.22,81.09,83.42,83.13,84.5
2026-03-04 10:48:43,89.96,93.41,93.53,95.32,94.34,88.08,88.66,88.75,88.25,80.3,86.86,87.59,85.62,84.21,80.84,82.61,81.8,79.07,80.24,82.53,81.66,79.41,78.42,77.39,80.5,80.98,80.27,78.19,77.63,75.97,77.24,76.69,79.48,78.01,77.71,76.16,79.26,81.04,79.2,78.76,79.94,82.27,78.93,74.04,77.78,80.62,81.66,79.19,78.51,76.77,73.43,71.12,77.67,78.27,74.72,78.32,81.01,83.44,83.05,84.83
2026-03-04 10:48:44,90.57,94.1,94.41,96.11,95.08,89.14,89.66,89.8,89.33,81.51,87.79,88.22,86.38,84.98,81.69,83.29,82.5,79.79,80.96,83.24,82.24,80.06,79.25,78.18,80.86,81.28,80.51,78.55,77.84,75.51,77.47,77.09,79.83,78.65,77.86,76.1,79.44,81.33,79.61,78.98,79.96,82.58,79.43,74.27,78.15,81.03,81.94,79.52,78.85,77.09,73.83,71.6,77.79,77.97,74.74,78.46,80.99,83.47,82.96,85.17
2026-03-04 10:48:45,91.23,94.83,95.32,96.93,95.86,90.25,90.71,90.88,90.43,82.77,88.71,88.86,87.14,85.76,82.55,83.98,83.22,80.54,81.7,83.95,82.85,80.74,80.09,78.98,81.22,81.58,80.76,78.92,78.04,75.01,77.71,77.52,80.19,79.28,78.0,76.02,79.62,81.64,80.01,79.21,79.98,82.88,79.92,74.5,78.56,81.46,82.24,79.89,79.21,77.45,74.28,72.15,77.92,77.64,74.78,78.64,81.0,83.52,82.88,85.53
2026-03-04 10:48:46,91.93,95.6,96.25,97.76,96.65,91.39,91.79,91.98,91.51,84.05,89.63,89.49,87.9,86.54,83.41,84.67,83.94,81.32,82.46,84.65,83.48,81.45,80.93,79.78,81.57,81.87,80.99,79.29,78.24,74.46,77.96,77.96,80.55,79.89,78.13,75.9,79.79,81.95,80.42,79.44,79.98,83.19,80.41,74.74,79.0,81.92,82.57,80.27,79.6,77.84,74.78,72.75,78.08,77.31,74.84,78.85,81.05,83.59,82.79,85.9
2026-03-04 10:48:47,92.64,96.39,97.18,98.59,97.45,92.54,92.88,93.07,92.59,85.35,90.52,90.13,88.64,87.31,84.27,85.36,84.66,82.11,83.21,85.34,84.13,82.18,81.77,80.58,81.92,82.16,81.22,79.66,78.43,73.89,78.21,78.41,80.91,80.49,78.25,75.77,79.96,82.25,80.83,79.67,79.98,83.49,80.88,74.98,79.46,82.39,82.91,80.67,80.01,78.25,75.31,73.39,78.24,76.96,74.92,79.09,81.13,83.67,82.7,86.26
2026-03-04 10:48:48,93.33,97.16,98.05,99.36,98.21,93.63,93.9,94.09,93.59,86.59,91.32,90.67,89.27,88.01,85.08,86.0,85.35,82.89,83.94,85.98,84.69,82.85,82.54,81.33,82.26,82.44,81.43,80.01,78.59,73.35,78.46,78.86,81.26,81.04,78.4,75.67,80.15,82.57,81.23,79.89,79.98,83.75,81.34,75.25,79.94,82.86,83.27,81.08,80.44,78.69,75.88,74.08,78.45,76.66,75.04,79.35,81.22,83.75,82.62,86.6
2026-03-04 10:48:49,93.88,97.8,98.75,99.98,98.81,94.51,94.66,94.85,94.34,87.62,91.88,91.0,89.64,88.52,85.77,86.55,85.94,83.59,84.57,86.47,85.11,83.37,83.12,81.95,82.54,82.7,81.64,80.33,78.73,72.97,78.72,79.29,81.6,81.53,78.62,75.7,80.39,82.92,81.62,80.08,80.02,83.96,81.81,75.63,80.45,83.29,83.64,81.49,80.85,79.14,76.51,74.82,78.73,76.48,75.23,79.6,81.31,83.82,82.57,86.84
2026-03-04 10:48:50,94.29,98.29,99.2,100.45,99.25,95.17,95.2,95.37,94.88,88.47,92.28,91.19,89.88,88.84,86.29,86.95,86.42,84.18,85.05,86.81,85.44,83.81,83.59,82.42,82.72,82.91,81.86,80.63,78.91,72.74,78.97,79.66,81.86,81.95,78.86,75.79,80.65,83.25,81.98,80.29,80.11,84.17,82.28,76.05,81.0,83.72,83.99,81.84,81.2,79.57,77.14,75.6,79.08,76.43,75.48,79.82,81.42,83.89,82.51,87.0
2026-03-04 10:48:51,94.55,98.67,99.53,100.79,99.52,95.68,95.58,95.67,95.22,89.18,92.54,91.3,90.0,89.05,86.68,87.2,86.82,84.68,85.44,87.06,85.7,84.17,83.97,82.83,82.87,83.07,82.03,80.89,79.09,72.6,79.22,79.99,82.0,82.27,79.1,75.86,80.9,83.53,82.3,80.51,80.22,84.33,82.69,76.49,81.51,84.12,84.31,82.17,81.49,79.99,77.7,76.39,79.48,76.52,75.79,80.09,81.57,83.92,82.41,87.05
2026-03-04 10:48:52,94.7,98.96,99.75,100.96,99.68,96.08,95.84,95.74,95.36,89.74,92.69,91.32,90.02,89.15,86.99,87.28,87.12,85.12,85.77,87.25,85.92,84.46,84.27,83.19,83.03,83.23,82.17,81.09,79.27,72.57,79.46,80.29,82.06,82.51,79.31,75.95,81.11,83.73,82.62,80.8,80.37,84.37,83.04,76.94,81.94,84.43,84.51,82.48,81.64,80.37,78.13,77.17,79.93,76.69,76.15,80.41,81.7,83.87,82.25,87.02
2026-03-04 10:48:53,94.74,99.16,99.87,100.97,99.74,96.39,96.0,95.58,95.34,90.17,92.75,91.27,89.94,89.16,87.24,87.19,87.35,85.49,86.05,87.4,86.08,84.69,84.48,83.49,83.2,83.39,82.26,81.24,79.43,72.61,79.69,80.56,82.06,82.66,79.5,76.07,81.3,83.85,82.95,81.13,80.56,84.31,83.33,77.37,82.29,84.63,84.59,82.76,81.66,80.7,78.44,77.94,80.41,76.94,76.56,80.76,81.8,83.75,82.05,86.94
2026-03-04 10:48:54,94.73,99.3,99.9,100.86,99.71,96.6,96.06,95.28,95.17,90.5,92.74,91.18,89.79,89.08,87.4,86.99,87.51,85.81,86.27,87.5,86.18,84.84,84.64,83.73,83.32,83.51,82.3,81.33,79.55,72.72,79.9,80.79,81.99,82.72,79.64,76.21,81.43,83.89,83.24,81.47,80.75,84.16,83.56,77.77,82.55,84.75,84.59,83.02,81.6,80.98,78.67,78.65,80.86,77.21,76.97,81.14,81.9,83.58,81.82,86.8
2026-03-04 10:48:55,94.72,99.41,99.88,100.69,99.64,96.76,96.07,94.92,94.94,90.78,92.72,91.1,89.65,88.98,87.47,86.66,87.63,86.11,86.46,87.52,86.2,84.93,84.76,83.92,83.35,83.57,82.31,81.4,79.64,72.9,80.06,80.94,81.82,82.71,79.73,76.35,81.51,83.87,83.44,81.76,80.87,83.99,83.73,78.11,82.75,84.75,84.54,83.22,81.5,81.22,78.91,79.27,81.17,77.43,77.33,81.51,82.03,83.41,81.62,86.67
2026-03-04 10:48:56,94.7,99.49,99.8,100.52,99.55,96.86,96.02,94.53,94.68,91.01,92.67,90.97,89.53,88.88,87.5,86.3,87.7,86.4,86.62,87.37,86.19,84.98,84.82,84.05,83.22,83.6,82.35,81.46,79.68,73.13,80.2,81.07,81.63,82.66,79.79,76.46,81.56,83.79,83.55,82.0,80.96,83.83,83.9,78.45,82.91,84.67,84.44,83.39,81.43,81.45,79.16,79.81,81.36,77.62,77.68,81.87,82.18,83.26,81.5,86.59
2026-03-04 10:48:57,94.67,99.54,99.65,100.33,99.43,96.92,95.93,94.11,94.39,91.21,92.59,90.81,89.41,88.78,87.47,85.92,87.74,86.67,86.75,87.07,86.14,85.0,84.84,84.13,82.96,83.61,82.4,81.51,79.7,73.4,80.32,81.16,81.42,82.58,79.82,76.55,81.61,83.68,83.58,82.18,81.04,83.7,84.07,78.8,83.04,84.51,84.31,83.53,81.39,81.66,79.43,80.27,81.47,77.78,78.03,82.23,82.35,83.12,81.44,86.56
2026-03-04 10:48:58,94.63,99.56,99.46,100.13,99.29,96.94,95.81,93.68,94.09,91.38,92.49,90.62,89.3,88.7,87.41,85.53,87.75,86.93,86.86,86.65,86.07,84.98,84.81,84.16,82.58,83.59,82.47,81.56,79.69,73.72,80.42,81.23,81.2,82.47,79.83,76.62,81.63,83.52,83.55,82.33,81.1,83.59,84.24,79.14,83.14,84.3,84.15,83.66,81.36,81.86,79.71,80.67,81.49,77.92,78.38,82.57,82.54,83.0,81.42,86.58
2026-03-04 10:48:59,94.59,99.55,99.23,99.92,99.14,96.93,95.64,93.24,93.77,91.51,92.38,90.4,89.2,88.61,87.31,85.13,87.74,87.17,86.95,86.12,85.97,84.95,84.76,84.15,82.11,83.55,82.55,81.59,79.65,74.06,80.51,81.27,80.98,82.35,79.82,76.68,81.64,83.34,83.47,82.45,81.15,83.5,84.4,79.49,83.21,84.03,83.96,83.76,81.35,82.04,79.99,81.01,81.43,78.03,78.72,82.91,82.73,82.89,81.46,86.63
2026-03-04 10:49:00,94.54,99.53,98.96,99.71,98.97,96.88,95.46,92.79,93.44,91.61,92.24,90.17,89.11,88.54,87.18,84.72,87.7,87.39,87.02,85.51,85.86,84.89,84.68,84.1,81.55,83.49,82.64,81.62,79.59,74.42,80.59,81.3,80.76,82.2,79.79,76.73,81.64,83.14,83.34,82.52,81.18,83.42,84.56,79.82,83.26,83.72,83.76,83.85,81.36,82.22,80.28,81.29,81.32,78.12,79.05,83.22,82.94,82.8,81.53,86.71
2026-03-04 10:49:01,94.49,99.48,98.67,99.5,98.79,96.8,95.25,92.35,93.11,91.7,92.11,89.93,89.03,88.47,87.03,84.33,87.64,87.59,87.08,84.84,85.73,84.81,84.57,84.03,80.94,83.42,82.74,81.64,79.52,74.8,80.65,81.31,80.54,82.05,79.76,76.76,81.63,82.92,83.17,82.58,81.21,83.37,84.72,80.15,83.3,83.39,83.54,83.92,81.39,82.38,80.57,81.53,81.16,78.2,79.37,83.52,83.14,82.72,81.63,86.82
2026-03-04 10:49:02,94.41,99.42,98.41,99.32,98.6,96.66,95.0,91.95,92.82,91.8,92.02,89.75,88.97,88.39,86.92,84.03,87.57,87.74,87.12,84.23,85.58,84.68,84.48,83.98,80.4,83.33,82.83,81.69,79.46,75.21,80.73,81.33,80.38,81.96,79.77,76.85,81.62,82.69,82.98,82.61,81.25,83.35,84.88,80.49,83.34,83.06,83.29,83.97,81.47,82.57,80.87,81.76,81.0,78.3,79.7,83.79,83.3,82.62,81.74,86.89
2026-03-04 10:49:03,94.26,99.29,98.12,99.11,98.37,96.45,94.68,91.54,92.5,91.81,91.89,89.54,88.86,88.24,86.79,83.77,87.41,87.79,87.12,83.67,85.38,84.47,84.38,83.9,79.81,83.13,82.83,81.72,79.42,75.63,80.82,81.32,80.26,81.89,79.83,76.99,81.61,82.45,82.73,82.61,81.26,83.31,85.03,80.83,83.35,82.75,82.99,83.94,81.58,82.72,81.16,81.98,80.87,78.38,80.03,84.0,83.39,82.44,81.79,86.9
2026-03-04 10:49:04,94.0,98.99,97.77,98.81,98.07,96.18,94.28,91.1,92.13,91.72,91.66,89.24,88.64,88.03,86.59,83.48,87.15,87.73,87.05,83.14,85.15,84.2,84.26,83.8,79.24,82.82,82.72,81.71,79.36,76.04,80.92,81.28,80.18,81.84,79.85,77.07,81.56,82.2,82.49,82.59,81.26,83.25,85.13,81.17,83.35,82.4,82.65,83.89,81.69,82.81,81.44,82.17,80.77,78.45,80.3,84.19,83.44,82.23,81.86,86.88
2026-03-04 10:49:05,93.64,98.59,97.42,98.45,97.7,95.87,93.87,90.63,91.72,91.54,91.37,88.87,88.35,87.77,86.35,83.18,86.78,87.55,86.76,82.6,84.91,83.94,84.07,83.62,78.74,82.47,82.57,81.66,79.28,76.45,81.06,81.29,80.13,81.76,79.84,77.14,81.5,81.97,82.26,82.57,81.25,83.12,85.12,81.49,83.31,81.98,82.34,83.84,81.82,82.9,81.69,82.32,80.66,78.45,80.43,84.29,83.41,81.98,81.93,86.85
2026-03-04 10:49:06,93.22,98.18,97.08,98.06,97.28,95.56,93.47,90.14,91.26,91.27,91.02,88.46,88.02,87.49,86.08,82.89,86.28,87.23,86.19,82.04,84.65,83.66,83.78,83.36,78.3,82.08,82.38,81.6,79.21,76.86,81.23,81.35,80.09,81.63,79.81,77.22,81.46,81.78,82.06,82.53,81.2,82.92,84.99,81.78,83.22,81.55,82.07,83.82,81.96,82.98,81.9,82.45,80.54,78.36,80.39,84.31,83.28,81.68,82.0,86.81
2026-03-04 10:49:07,92.74,97.75,96.76,97.63,96.81,95.24,93.07,89.66,90.77,90.94,90.61,88.0,87.65,87.19,85.79,82.6,85.68,86.8,85.38,81.45,84.37,83.39,83.41,83.03,77.91,81.67,82.16,81.53,79.16,77.29,81.43,81.45,80.07,81.48,79.76,77.31,81.44,81.64,81.88,82.46,81.13,82.65,84.75,82.03,83.1,81.09,81.85,83.82,82.12,83.07,82.08,82.56,80.4,78.19,80.22,84.24,83.05,81.33,82.06,86.76
2026-03-04 10:49:08,92.22,97.31,96.47,97.19,96.31,94.93,92.68,89.17,90.26,90.56,90.17,87.51,87.27,86.87,85.49,82.31,84.99,86.27,84.37,80.84,84.09,83.12,82.97,82.65,77.57,81.24,81.91,81.45,79.11,77.71,81.66,81.58,80.05,81.3,79.71,77.4,81.44,81.53,81.71,82.39,81.04,82.33,84.42,82.26,82.95,80.62,81.66,83.83,82.29,83.15,82.22,82.64,80.25,77.96,79.93,84.1,82.74,80.95,82.12,86.69
2026-03-04 10:49:09,91.67,96.87,96.19,96.73,95.79,94.63,92.3,88.69,89.73,90.13,89.71,87.0,86.87,86.55,85.19,82.04,84.23,85.67,83.2,80.23,83.8,82.85,82.49,82.23,77.27,80.8,81.64,81.36,79.07,78.14,81.9,81.74,80.05,81.1,79.64,77.49,81.45,81.46,81.56,82.3,80.93,81.95,84.01,82.45,82.77,80.15,81.51,83.85,82.47,83.23,82.33,82.71,80.09,77.67,79.55,83.9,82.37,80.54,82.16,86.61
2026-03-04 10:49:10,91.1,96.43,95.93,96.26,95.25,94.33,91.94,88.22,89.18,89.67,89.22,86.47,86.46,86.22,84.87,81.77,83.42,85.01,81.91,79.62,83.52,82.59,81.96,81.77,77.02,80.36,81.35,81.27,79.04,78.55,82.16,81.93,80.05,80.88,79.56,77.59,81.47,81.41,81.43,82.21,80.81,81.54,83.54,82.62,82.57,79.68,81.39,83.88,82.65,83.31,82.42,82.76,79.93,77.33,79.08,83.65,81.95,80.11,82.2,86.53
2026-03-04 10:49:11,90.52,95.99,95.69,95.8,94.7,94.04,91.59,87.77,88.64,89.18,88.72,85.94,86.04,85.9,84.56,81.52,82.58,84.3,80.51,79.02,83.23,82.34,81.4,81.29,76.81,79.92,81.06,81.17,79.01,78.96,82.43,82.13,80.06,80.65,79.48,77.69,81.51,81.39,81.32,82.11,80.67,81.11,83.03,82.76,82.35,79.22,81.3,83.93,82.84,83.39,82.48,82.79,79.77,76.96,78.55,83.36,81.49,79.66,82.23,86.44
2026-03-04 10:49:12,89.96,95.56,95.46,95.32,94.14,93.76,91.28,87.35,88.07,88.65,88.23,85.44,85.66,85.59,84.26,81.28,81.75,83.59,79.12,78.45,82.95,82.1,80.85,80.83,76.65,79.49,80.76,81.07,79.01,79.35,82.7,82.35,80.07,80.41,79.39,77.8,81.54,81.39,81.24,82.02,80.56,80.69,82.5,82.87,82.14,78.79,81.24,83.96,83.0,83.47,82.54,82.82,79.63,76.61,78.0,83.07,81.04,79.24,82.27,86.36
2026-03-04 10:49:13,89.52,95.17,95.2,94.82,93.54,93.48,91.05,87.0,87.53,88.15,87.74,85.0,85.32,85.32,83.93,81.03,81.02,82.95,77.9,77.97,82.65,81.87,80.37,80.43,76.51,79.13,80.48,80.94,79.0,79.71,82.96,82.55,80.03,80.11,79.27,77.93,81.54,81.42,81.24,81.98,80.53,80.37,82.01,82.95,81.99,78.5,81.23,83.96,83.15,83.52,82.55,82.75,79.56,76.36,77.5,82.8,80.68,78.94,82.33,86.27
2026-03-04 10:49:14,89.22,94.83,94.92,94.29,92.89,93.19,90.9,86.73,87.06,87.73,87.23,84.61,85.03,85.05,83.55,80.76,80.41,82.39,76.85,77.57,82.33,81.66,79.97,80.1,76.37,78.82,80.23,80.77,78.98,80.06,83.21,82.74,79.92,79.73,79.1,78.08,81.49,81.48,81.3,81.99,80.57,80.14,81.56,83.02,81.92,78.33,81.26,83.93,83.29,83.55,82.49,82.56,79.55,76.22,77.07,82.56,80.38,78.75,82.43,86.14
2026-03-04 10:49:15,89.03,94.54,94.63,93.73,92.21,92.92,90.81,86.51,86.68,87.39,86.73,84.25,84.76,84.79,83.13,80.46,79.9,81.92,75.97,77.23,81.99,81.46,79.64,79.83,76.22,78.56,79.99,80.58,78.95,80.38,83.45,82.92,79.75,79.29,78.9,78.25,81.41,81.56,81.42,82.05,80.67,79.99,81.14,83.08,81.9,78.27,81.33,83.89,83.42,83.56,82.37,82.26,79.58,76.17,76.71,82.33,80.14,78.68,82.54,85.98
2026-03-04 10:49:16,88.91,94.25,94.32,93.21,91.6,92.67,90.75,86.37,86.42,87.16,86.3,83.91,84.5,84.5,82.73,80.17,79.44,81.49,75.25,76.99,81.68,81.27,79.39,79.63,76.15,78.4,79.84,80.43,78.9,80.66,83.66,83.05,79.62,78.95,78.73,78.41,81.33,81.64,81.59,82.17,80.84,79.93,80.81,83.17,81.95,78.3,81.45,83.85,83.53,83.52,82.27,81.92,79.68,76.22,76.43,82.1,79.97,78.68,82.63,85.79
2026-03-04 10:49:17,88.83,93.95,94.0,92.74,91.07,92.45,90.68,86.3,86.27,87.02,85.96,83.57,84.23,84.18,82.38,79.88,79.0,81.08,74.7,76.85,81.42,81.08,79.2,79.5,76.18,78.35,79.8,80.34,78.84,80.88,83.82,83.15,79.56,78.73,78.63,78.58,81.27,81.7,81.79,82.34,81.07,79.94,80.57,83.31,82.05,78.42,81.61,83.84,83.62,83.45,82.2,81.56,79.83,76.35,76.23,81.85,79.87,78.72,82.67,85.57
2026-03-04 10:49:18,88.78,93.65,93.68,92.31,90.64,92.27,90.61,86.3,86.24,86.99,85.7,83.23,83.95,83.83,82.09,79.61,78.59,80.7,74.31,76.8,81.21,80.9,79.07,79.44,76.3,78.39,79.85,80.3,78.77,81.05,83.95,83.2,79.57,78.63,78.58,78.75,81.23,81.75,82.03,82.55,81.35,80.02,80.4,83.48,82.19,78.62,81.81,83.85,83.68,83.35,82.16,81.18,80.03,76.54,76.1,81.59,79.83,78.81,82.68,85.32
2026-03-04 10:49:19,88.77,93.37,93.33,91.91,90.26,92.09,90.54,86.31,86.25,87.0,85.52,82.93,83.7,83.5,81.84,79.39,78.25,80.36,74.05,76.82,81.03,80.72,78.99,79.41,76.48,78.51,79.94,80.29,78.71,81.19,84.05,83.22,79.63,78.63,78.59,78.92,81.19,81.79,82.27,82.79,81.67,80.15,80.29,83.66,82.34,78.86,82.03,83.87,83.73,83.24,82.13,80.81,80.27,76.8,76.03,81.33,79.8,78.92,82.65,85.07
2026-03-04 10:49:20,88.82,93.17,92.99,91.57,89.96,91.95,90.48,86.37,86.31,87.07,85.43,82.74,83.53,83.27,81.68,79.26,78.02,80.07,73.95,76.91,80.86,80.56,78.92,79.38,76.69,78.67,80.03,80.23,78.64,81.34,84.11,83.15,79.68,78.68,78.64,79.09,81.14,81.81,82.5,83.01,81.97,80.27,80.17,83.76,82.43,79.1,82.23,83.87,83.74,83.08,82.06,80.46,80.45,77.05,75.96,81.02,79.74,78.97,82.59,84.84
2026-03-04 10:49:21,88.95,93.07,92.7,91.33,89.77,91.85,90.44,86.45,86.44,87.2,85.44,82.67,83.46,83.15,81.64,79.2,77.86,79.81,73.93,77.05,80.74,80.45,78.88,79.4,76.95,78.85,80.14,80.13,78.58,81.45,84.06,83.04,79.73,78.73,78.69,79.28,81.1,81.8,82.7,83.2,82.22,80.39,80.06,83.71,82.44,79.3,82.31,83.74,83.6,82.85,81.92,80.12,80.52,77.24,75.9,80.66,79.63,78.99,82.5,84.62
2026-03-04 10:49:22,89.11,93.03,92.41,91.19,89.64,91.8,90.4,86.56,86.61,87.36,85.54,82.67,83.45,83.07,81.66,79.14,77.78,79.63,73.96,77.25,80.64,80.32,78.75,79.43,77.25,79.05,80.25,80.02,78.52,81.58,84.01,82.94,79.76,78.7,78.61,79.44,81.04,81.67,82.84,83.33,82.42,80.52,80.0,83.59,82.42,79.45,82.32,83.54,83.41,82.61,81.77,79.79,80.49,77.33,75.84,80.29,79.44,79.0,82.36,84.42
2026-03-04 10:49:23,89.28,93.02,92.08,91.14,89.53,91.76,90.32,86.71,86.82,87.52,85.71,82.72,83.5,83.01,81.71,79.05,77.79,79.55,74.0,77.48,80.54,80.15,78.52,79.45,77.59,79.28,80.39,79.93,78.47,81.73,83.99,82.87,79.76,78.58,78.41,79.58,80.97,81.44,82.91,83.41,82.57,80.67,80.01,83.49,82.39,79.53,82.3,83.3,83.19,82.39,81.63,79.48,80.33,77.32,75.76,79.9,79.19,79.01,82.16,84.22
2026-03-04 10:49:24,89.45,93.05,91.72,91.17,89.45,91.75,90.21,86.89,87.06,87.69,85.93,82.81,83.6,82.94,81.78,78.93,77.87,79.55,74.06,77.73,80.44,79.94,78.2,79.47,77.94,79.54,80.55,79.86,78.43,81.89,84.01,82.83,79.73,78.39,78.09,79.69,80.87,81.12,82.91,83.44,82.68,80.82,80.06,83.41,82.37,79.57,82.24,83.02,82.94,82.19,81.51,79.18,80.07,77.23,75.69,79.52,78.89,79.03,81.91,84.03
2026-03-04 10:49:25,89.63,93.1,91.33,91.26,89.4,91.75,90.08,87.09,87.32,87.86,86.2,82.94,83.74,82.89,81.88,78.79,78.01,79.62,74.12,78.01,80.34,79.71,77.81,79.49,78.32,79.82,80.73,79.81,78.4,82.08,84.05,82.81,79.69,78.14,77.68,79.77,80.77,80.73,82.86,83.43,82.75,80.98,80.17,83.35,82.36,79.56,82.16,82.72,82.67,82.0,81.39,78.9,79.72,77.06,75.61,79.14,78.56,79.04,81.62,83.85
2026-03-04 10:49:26,89.8,93.18,90.94,91.41,89.36,91.77,89.93,87.3,87.6,88.02,86.5,83.09,83.91,82.84,82.0,78.64,78.21,79.75,74.19,78.3,80.24,79.46,77.35,79.5,78.71,80.12,80.92,79.77,78.38,82.27,84.11,82.81,79.62,77.83,77.2,79.83,80.65,80.28,82.77,83.38,82.79,81.15,80.31,83.3,82.34,79.51,82.05,82.4,82.38,81.82,81.29,78.62,79.3,76.82,75.52,78.77,78.2,79.06,81.29,83.67
2026-03-04 10:49:27,89.98,93.27,90.53,91.61,89.34,91.81,89.77,87.53,87.89,88.18,86.84,83.28,84.11,82.8,82.13,78.47,78.44,79.94,74.27,78.61,80.15,79.19,76.85,79.51,79.1,80.43,81.12,79.75,78.37,82.48,84.2,82.83,79.55,77.49,76.65,79.88,80.53,79.79,82.64,83.3,82.8,81.31,80.49,83.27,82.32,79.43,81.92,82.06,82.09,81.66,81.19,78.37,78.83,76.53,75.44,78.41,77.82,79.08,80.94,83.5
2026-03-04 10:49:28,90.15,93.38,90.12,91.84,89.33,91.85,89.59,87.77,88.19,88.34,87.2,83.48,84.34,82.76,82.27,78.28,78.71,80.17,74.35,78.92,80.06,78.91,76.31,79.52,79.5,80.75,81.32,79.74,78.36,82.68,84.29,82.86,79.46,77.12,76.05,79.9,80.4,79.26,82.48,83.19,82.78,81.47,80.69,83.26,82.31,79.32,81.77,81.72,81.79,81.52,81.11,78.12,78.3,76.2,75.35,78.06,77.42,79.11,80.56,83.34
2026-03-04 10:49:29,90.31,93.5,89.71,92.11,89.34,91.9,89.4,88.01,88.48,88.49,87.57,83.69,84.58,82.73,82.42,78.1,79.01,80.43,74.44,79.23,79.98,78.63,75.75,79.52,79.9,81.07,81.53,79.74,78.36,82.89,84.41,82.91,79.36,76.72,75.42,79.91,80.27,78.7,82.29,83.07,82.74,81.63,80.91,83.25,82.29,79.19,81.61,81.36,81.49,81.39,81.03,77.9,77.74,75.84,75.27,77.72,77.02,79.13,80.18,83.19
2026-03-04 10:49:30,90.47,93.63,89.31,92.4,89.36,91.97,89.21,88.25,88.78,88.63,87.95,83.92,84.84,82.7,82.58,77.9,79.33,80.72,74.53,79.54,79.89,78.34,75.17,79.52,80.28,81.39,81.74,79.75,78.36,83.1,84.53,82.96,79.25,76.3,74.76,79.91,80.13,78.13,82.08,82.92,82.68,81.79,81.15,83.26,82.28,79.04,81.45,81.01,81.19,81.27,80.96,77.69,77.16,75.45,75.19,77.4,76.61,79.15,79.78,83.05
2026-03-04 10:49:31,90.62,93.77,88.91,92.72,89.39,92.03,89.02,88.49,89.08,88.77,88.34,84.15,85.1,82.68,82.74,77.71,79.66,81.04,74.61,79.85,79.82,78.05,74.58,79.52,80.66,81.71,81.95,79.76,78.37,83.31,84.65,83.03,79.14,75.87,74.09,79.89,80.0,77.55,81.86,82.76,82.61,81.95,81.41,83.27,82.27,78.87,81.28,80.67,80.89,81.17,80.91,77.49,76.56,75.04,75.11,77.1,76.2,79.18,79.39,82.91
2026-03-04 10:49:32,90.77,93.92,88.53,93.04,89.42,92.1,88.83,88.73,89.37,88.9,88.72,84.38,85.37,82.66,82.9,77.51,80.0,81.37,74.7,80.15,79.75,77.76,73.98,79.52,81.03,82.02,82.16,79.79,78.38,83.52,84.79,83.1,79.02,75.44,73.41,79.87,79.86,76.96,81.62,82.59,82.52,82.09,81.66,83.29,82.26,78.69,81.1,80.32,80.61,81.08,80.86,77.32,75.96,74.62,75.03,76.81,75.79,79.2,79.0,82.79
2026-03-04 10:49:33,90.91,94.06,88.16,93.37,89.47,92.18,88.63,88.96,89.65,89.03,89.11,84.62,85.64,82.64,83.07,77.32,80.35,81.7,74.79,80.44,79.68,77.48,73.4,79.52,81.39,82.32,82.36,79.82,78.4,83.71,84.92,83.17,78.9,75.01,72.74,79.83,79.73,76.39,81.38,82.42,82.42,82.24,81.93,83.31,82.25,78.51,80.92,79.99,80.32,81.0,80.81,77.15,75.35,74.2,74.95,76.54,75.39,79.22,78.61,82.68
2026-03-04 10:49:34,91.04,94.21,87.8,93.71,89.52,92.26,88.44,89.19,89.93,89.14,89.48,84.85,85.9,82.63,83.23,77.13,80.7,82.05,74.88,80.73,79.62,77.21,72.82,79.52,81.73,82.62,82.55,79.85,78.42,83.9,85.06,83.25,78.79,74.58,72.07,79.79,79.6,75.82,81.13,82.24,82.31,82.37,82.19,83.34,82.24,78.32,80.75,79.67,80.05,80.93,80.78,77.01,74.75,73.77,74.88,76.28,75.01,79.24,78.23,82.57
2026-03-04 10:49:35,91.16,94.36,87.46,94.04,89.57,92.33,88.26,89.41,90.19,89.25,89.85,85.09,86.17,82.62,83.38,76.94,81.05,82.39,74.96,81.0,79.56,76.95,72.25,79.51,82.05,82.9,82.74,79.89,78.44,84.09,85.2,83.33,78.67,74.16,71.41,79.75,79.48,75.26,80.88,82.05,82.2,82.5,82.45,83.38,82.24,78.13,80.57,79.36,79.79,80.87,80.74,76.87,74.16,73.35,74.81,76.05,74.63,79.27,77.86,82.48
2026-03-04 10:49:36,91.27,94.48,87.12,94.34,89.6,92.38,88.08,89.6,90.41,89.33,90.16,85.27,86.37,82.6,83.52,76.75,81.34,82.67,75.03,81.25,79.51,76.71,71.75,79.53,82.35,83.15,82.92,79.93,78.45,84.24,85.3,83.4,78.59,73.82,70.84,79.73,79.39,74.75,80.64,81.89,82.12,82.64,82.72,83.43,82.26,77.97,80.41,79.1,79.58,80.84,80.74,76.79,73.64,72.96,74.77,75.87,74.32,79.31,77.56,82.42
2026-03-04 10:49:37,91.3,94.52,86.83,94.51,89.54,92.34,87.9,89.69,90.52,89.3,90.32,85.35,86.47,82.54,83.6,76.58,81.5,82.8,75.08,81.43,79.44,76.52,71.43,79.57,82.59,83.34,83.05,79.97,78.44,84.32,85.28,83.38,78.51,73.65,70.45,79.8,79.31,74.37,80.43,81.75,82.05,82.78,82.98,83.54,82.33,77.88,80.28,78.96,79.45,80.79,80.77,76.8,73.27,72.69,74.79,75.8,74.14,79.38,77.37,82.43
2026-03-04 10:49:38,91.32,94.56,86.66,94.61,89.43,92.28,87.76,89.77,90.53,89.23,90.45,85.45,86.52,82.49,83.7,76.53,81.63,82.88,75.2,81.59,79.37,76.34,71.26,79.62,82.82,83.49,83.11,79.99,78.44,84.36,85.21,83.32,78.39,73.62,70.26,79.87,79.2,74.1,80.23,81.59,81.93,82.82,83.19,83.67,82.41,77.84,80.23,78.91,79.35,80.72,80.81,76.9,73.03,72.48,74.83,75.81,74.03,79.43,77.24,82.48
2026-03-04 10:49:39,91.35,94.62,86.56,94.61,89.3,92.19,87.66,89.84,90.44,89.16,90.49,85.5,86.48,82.43,83.78,76.56,81.75,82.93,75.35,81.75,79.33,76.15,71.17,79.66,82.97,83.58,83.06,79.99,78.46,84.33,85.06,83.16,78.27,73.65,70.21,79.91,79.07,73.91,80.06,81.44,81.8,82.8,83.34,83.74,82.33,77.77,80.15,78.86,79.26,80.6,80.77,76.96,72.81,72.3,74.93,75.88,74.0,79.47,77.11,82.45
2026-03-04 10:49:40,91.34,94.64,86.5,94.51,89.15,92.08,87.53,89.82,90.28,89.02,90.41,85.42,86.33,82.32,83.78,76.61,81.85,82.94,75.48,81.84,79.3,76.01,71.11,79.64,83.0,83.6,82.92,79.95,78.47,84.23,84.82,82.9,78.13,73.71,70.24,79.9,78.94,73.77,79.92,81.3,81.61,82.72,83.45,83.77,82.16,77.67,80.06,78.84,79.21,80.49,80.68,76.98,72.59,72.18,75.07,75.97,74.01,79.49,77.04,82.39
2026-03-04 10:49:41,91.25,94.55,86.48,94.36,88.98,91.95,87.39,89.72,90.05,88.8,90.23,85.28,86.1,82.17,83.72,76.69,81.95,82.88,75.59,81.86,79.23,75.89,71.1,79.6,82.87,83.52,82.7,79.84,78.44,83.97,84.51,82.56,77.95,73.79,70.29,79.82,78.75,73.62,79.73,81.11,81.39,82.57,83.44,83.73,81.98,77.58,79.98,78.84,79.14,80.4,80.57,76.99,72.45,72.12,75.19,76.02,73.97,79.44,77.01,82.35
2026-03-04 10:49:42,91.1,94.22,86.48,94.14,88.78,91.79,87.26,89.52,89.76,88.49,89.94,85.13,85.79,81.95,83.59,76.77,82.02,82.75,75.67,81.83,79.09,75.78,71.04,79.5,82.58,83.34,82.45,79.71,78.36,83.49,84.15,82.18,77.74,73.88,70.33,79.69,78.49,73.48,79.45,80.81,81.13,82.29,83.22,83.6,81.79,77.49,79.85,78.85,79.06,80.31,80.41,76.99,72.32,72.12,75.32,76.01,73.91,79.37,77.03,82.28
2026-03-04 10:49:43,90.9,93.65,86.5,93.86,88.55,91.61,87.16,89.26,89.41,88.11,89.56,84.97,85.39,81.67,83.39,76.85,82.08,82.54,75.72,81.77,78.88,75.67,70.91,79.35,82.12,83.05,82.18,79.56,78.24,82.8,83.72,81.76,77.49,73.96,70.38,79.53,78.18,73.36,79.08,80.41,80.84,81.9,82.8,83.39,81.6,77.4,79.69,78.88,78.98,80.21,80.21,76.96,72.22,72.15,75.48,75.97,73.83,79.3,77.1,82.19
2026-03-04 10:49:44,90.65,92.9,86.52,93.53,88.31,91.41,87.07,88.93,89.01,87.67,89.12,84.81,84.92,81.35,83.14,76.93,82.12,82.26,75.74,81.67,78.62,75.57,70.74,79.17,81.53,82.69,81.89,79.4,78.1,81.95,83.26,81.31,77.22,74.04,70.42,79.33,77.83,73.25,78.64,79.94,80.52,81.42,82.21,83.12,81.4,77.31,79.5,78.91,78.88,80.11,79.98,76.91,72.13,72.21,75.65,75.89,73.73,79.23,77.21,82.09
2026-03-04 10:49:45,90.37,91.99,86.56,93.16,88.04,91.2,87.0,88.56,88.58,87.18,88.61,84.64,84.39,80.99,82.84,77.02,82.14,81.94,75.73,81.54,78.31,75.48,70.53,78.94,80.83,82.26,81.59,79.23,77.93,80.96,82.77,80.85,76.92,74.12,70.45,79.1,77.45,73.17,78.15,79.4,80.19,80.85,81.49,82.79,81.2,77.23,79.28,78.96,78.79,80.0,79.73,76.86,72.05,72.31,75.83,75.78,73.62,79.15,77.34,81.97
2026-03-04 10:49:46,90.06,90.95,86.6,92.76,87.76,90.98,86.94,88.15,88.12,86.66,88.06,84.47,83.83,80.61,82.5,77.09,82.14,81.58,75.71,81.38,77.97,75.39,70.29,78.69,80.05,81.78,81.29,79.05,77.75,79.86,82.25,80.38,76.61,74.2,70.48,78.86,77.04,73.1,77.62,78.82,79.84,80.23,80.66,82.42,81.0,77.15,79.05,79.0,78.69,79.9,79.46,76.78,71.98,72.43,76.01,75.64,73.51,79.08,77.5,81.84
2026-03-04 10:49:47,89.73,89.81,86.65,92.33,87.48,90.75,86.89,87.7,87.64,86.12,87.48,84.29,83.24,80.2,82.14,77.17,82.14,81.19,75.67,81.21,77.6,75.31,70.02,78.42,79.2,81.25,80.98,78.87,77.55,78.68,81.71,79.9,76.29,74.28,70.51,78.6,76.61,73.04,77.05,78.2,79.48,79.56,79.73,82.02,80.81,77.07,78.8,79.06,78.58,79.79,79.17,76.7,71.93,72.57,76.21,75.48,73.38,79.01,77.68,81.71
2026-03-04 10:49:48,89.38,88.6,86.71,91.89,87.19,90.52,86.86,87.24,87.15,85.56,86.87,84.12,82.62,79.77,81.75,77.24,82.12,80.77,75.61,81.03,77.21,75.24,69.74,78.13,78.3,80.69,80.67,78.68,77.33,77.44,81.17,79.42,75.97,74.35,70.53,78.32,76.18,73.0,76.46,77.55,79.12,78.85,78.74,81.58,80.62,77.0,78.54,79.11,78.48,79.69,78.88,76.61,71.89,72.72,76.4,75.31,73.26,78.95,77.88,81.57
2026-03-04 10:49:49,89.03,87.34,86.77,91.44,86.9,90.29,86.83,86.76,86.65,84.99,86.25,83.95,82.0,79.34,81.35,77.31,82.09,80.33,75.54,80.84,76.81,75.17,69.44,77.83,77.36,80.11,80.36,78.49,77.12,76.15,80.63,78.95,75.64,74.43,70.55,78.04,75.73,72.96,75.86,76.88,78.76,78.12,77.7,81.13,80.43,76.93,78.27,79.17,78.38,79.59,78.58,76.52,71.86,72.89,76.6,75.12,73.13,78.88,78.09,81.42
2026-03-04 10:49:50,88.67,86.04,86.83,90.98,86.61,90.06,86.82,86.28,86.16,84.42,85.62,83.79,81.36,78.91,80.95,77.38,82.06,79.89,75.46,80.64,76.41,75.11,69.12,77.53,76.4,79.52,80.06,78.31,76.89,74.85,80.09,78.48,75.32,74.49,70.57,77.76,75.29,72.94,75.25,76.21,78.41,77.38,76.63,80.67,80.26,76.86,78.01,79.23,78.28,79.49,78.28,76.42,71.83,73.06,76.79,74.93,73.0,78.82,78.3,81.28
2026-03-04 10:49:51,88.31,84.74,86.9,90.54,86.33,89.84,86.82,85.8,85.67,83.86,84.99,83.63,80.74,78.48,80.54,77.44,82.02,79.45,75.38,80.43,76.0,75.05,68.81,77.21,75.45,78.92,79.77,78.13,76.67,73.55,79.57,78.04,75.0,74.56,70.58,77.48,74.86,72.93,74.65,75.54,78.06,76.64,75.56,80.2,80.09,76.8,77.74,79.29,78.19,79.4,77.99,76.32,71.82,73.25,76.98,74.74,72.87,78.76,78.52,81.14
2026-03-04 10:49:52,87.93,83.64,87.06,90.18,86.12,89.66,86.88,85.44,85.28,83.41,84.48,83.53,80.25,78.15,80.21,77.56,82.04,79.08,75.37,80.26,75.71,75.05,68.59,76.9,74.61,78.36,79.54,78.02,76.48,72.39,79.11,77.63,74.69,74.63,70.65,77.25,74.49,72.97,74.15,74.94,77.76,76.0,74.62,79.76,79.94,76.76,77.53,79.38,78.16,79.32,77.74,76.28,71.91,73.47,77.15,74.6,72.83,78.72,78.75,81.04
2026-03-04 10:49:53,87.56,82.79,87.32,89.93,86.0,89.53,86.98,85.22,85.0,83.09,84.13,83.51,79.88,77.97,79.99,77.75,82.12,78.81,75.46,80.17,75.53,75.13,68.54,76.72,73.99,77.94,79.38,77.97,76.35,71.43,78.73,77.3,74.44,74.74,70.79,77.06,74.23,73.07,73.74,74.45,77.54,75.53,73.87,79.42,79.82,76.74,77.38,79.51,78.21,79.27,77.54,76.26,72.05,73.73,77.28,74.53,72.9,78.74,79.02,81.03
2026-03-04 10:49:54,87.25,82.15,87.61,89.72,85.77,89.33,86.97,84.99,84.73,82.84,83.82,83.41,79.58,77.86,79.79,77.9,82.17,78.6,75.62,80.04,75.43,75.22,68.62,76.66,73.53,77.67,79.32,77.92,76.23,70.65,78.45,77.07,74.3,74.86,71.01,76.95,74.1,73.21,73.44,74.06,77.35,75.14,73.25,79.17,79.74,76.73,77.19,79.63,78.28,79.2,77.39,76.26,72.23,74.03,77.38,74.52,73.06,78.85,79.31,81.04
2026-03-04 10:49:55,87.01,81.7,87.93,89.53,85.37,89.01,86.81,84.73,84.48,82.63,83.53,83.2,79.31,77.8,79.61,78.01,82.19,78.46,75.82,79.81,75.38,75.33,68.81,76.71,73.18,77.51,79.34,77.85,76.1,70.08,78.27,76.97,74.27,74.95,71.31,76.94,74.11,73.4,73.26,73.76,77.18,74.8,72.75,79.0,79.7,76.7,76.96,79.74,78.35,79.09,77.3,76.31,72.44,74.33,77.41,74.58,73.33,79.03,79.61,81.07
2026-03-04 10:49:56,86.82,81.42,88.26,89.36,84.84,88.6,86.53,84.46,84.25,82.47,83.26,82.89,79.09,77.8,79.45,78.08,82.17,78.4,76.07,79.52,75.39,75.45,69.1,76.84,72.93,77.47,79.44,77.76,75.98,69.68,78.18,76.98,74.35,75.02,71.67,77.02,74.23,73.64,73.17,73.54,77.01,74.51,72.35,78.91,79.69,76.67,76.71,79.82,78.41,78.96,77.27,76.4,72.66,74.64,77.39,74.7,73.67,79.28,79.91,81.11
2026-03-04 10:49:57,86.68,81.29,88.61,89.22,84.19,88.12,86.15,84.18,84.03,82.35,83.01,82.5,78.9,77.84,79.3,78.1,82.13,78.4,76.35,79.18,75.45,75.57,69.47,77.06,72.77,77.51,79.6,77.65,75.86,69.44,78.16,77.07,74.51,75.08,72.09,77.18,74.46,73.9,73.17,73.38,76.86,74.27,72.03,78.89,79.71,76.62,76.45,79.9,78.47,78.79,77.29,76.51,72.9,74.96,77.32,74.87,74.08,79.59,80.21,81.16
2026-03-04 10:49:58,86.59,81.3,88.96,89.09,83.45,87.58,85.69,83.9,83.83,82.26,82.78,82.05,78.75,77.91,79.17,78.1,82.06,78.45,76.66,78.79,75.54,75.71,69.91,77.33,72.69,77.63,79.81,77.52,75.73,69.34,78.21,77.25,74.74,75.12,72.56,77.4,74.77,74.19,73.25,73.29,76.72,74.08,71.8,78.92,79.75,76.58,76.16,79.95,78.53,78.61,77.35,76.66,73.15,75.28,77.22,75.08,74.54,79.95,80.51,81.22
2026-03-04 10:49:59,86.54,81.41,89.32,88.98,82.64,86.99,85.16,83.61,83.65,82.21,82.57,81.54,78.62,78.02,79.06,78.06,81.97,78.55,76.99,78.36,75.67,75.85,70.4,77.66,72.67,77.82,80.07,77.39,75.61,69.36,78.31,77.5,75.03,75.15,73.05,77.68,75.15,74.51,73.39,73.25,76.59,73.92,71.64,79.0,79.82,76.53,75.87,80.0,78.58,78.41,77.44,76.83,73.4,75.6,77.09,75.32,75.05,80.35,80.79,81.28
2026-03-04 10:50:00,86.53,81.63,89.68,88.89,81.77,86.37,84.57,83.32,83.48,82.19,82.38,80.99,78.52,78.16,78.96,78.01,81.87,78.69,77.33,77.9,75.83,75.99,70.93,78.03,72.71,78.07,80.36,77.24,75.5,69.49,78.47,77.8,75.37,75.16,73.57,78.0,75.59,74.83,73.58,73.26,76.48,73.79,71.54,79.12,79.91,76.48,75.57,80.03,78.62,78.2,77.57,77.02,73.66,75.91,76.92,75.59,75.59,80.77,81.07,81.35
2026-03-04 10:50:01,86.55,81.93,90.04,88.82,80.87,85.72,83.94,83.03,83.32,82.2,82.21,80.42,78.45,78.31,78.87,77.93,81.75,78.85,77.69,77.43,76.01,76.14,71.49,78.43,72.8,78.37,80.68,77.1,75.39,69.7,78.66,78.15,75.75,75.16,74.1,78.35,76.07,75.17,73.82,73.31,76.37,73.7,71.5,79.27,80.01,76.43,75.27,80.06,78.66,77.98,77.71,77.22,73.92,76.22,76.74,75.87,76.15,81.21,81.34,81.41
2026-03-04 10:50:02,86.59,82.29,90.39,88.76,79.94,85.06,83.29,82.75,83.18,82.23,82.06,79.82,78.4,78.49,78.8,77.83,81.63,79.05,78.04,76.94,76.2,76.28,72.08,78.85,72.94,78.7,81.02,76.95,75.28,69.98,78.88,78.53,76.16,75.15,74.63,78.74,76.59,75.51,74.1,73.39,76.27,73.63,71.51,79.45,80.12,76.37,74.97,80.08,78.7,77.75,77.88,77.43,74.18,76.51,76.54,76.18,76.73,81.67,81.6,81.48
2026-03-04 10:50:03,86.65,82.71,90.73,88.71,79.0,84.4,82.61,82.48,83.06,82.27,81.92,79.21,78.36,78.67,78.74,77.73,81.49,79.26,78.4,76.45,76.41,76.42,72.68,79.3,73.11,79.06,81.38,76.79,75.18,70.33,79.13,78.94,76.59,75.14,75.17,79.14,77.13,75.85,74.4,73.5,76.19,73.59,71.56,79.66,80.24,76.32,74.68,80.08,78.74,77.52,78.06,77.65,74.43,76.79,76.33,76.49,77.31,82.13,81.84,81.55
2026-03-04 10:50:04,86.72,83.16,91.03,88.67,78.11,83.75,81.99,82.25,82.95,82.34,81.81,78.64,78.34,78.84,78.68,77.62,81.36,79.48,78.75,76.0,76.64,76.56,73.29,79.73,73.31,79.41,81.7,76.65,75.11,70.74,79.39,79.37,77.04,75.15,75.73,79.55,77.68,76.2,74.73,73.65,76.12,73.57,71.65,79.89,80.39,76.31,74.43,80.1,78.8,77.31,78.25,77.9,74.72,77.1,76.16,76.81,77.84,82.56,82.09,81.64
2026-03-04 10:50:05,86.8,83.6,91.23,88.61,77.43,83.24,81.53,82.14,82.89,82.43,81.76,78.17,78.3,78.94,78.62,77.54,81.22,79.67,79.08,75.65,76.89,76.74,73.89,80.13,73.56,79.68,81.94,76.57,75.13,71.23,79.63,79.78,77.5,75.25,76.3,79.97,78.21,76.55,75.07,73.84,76.12,73.57,71.83,80.13,80.56,76.4,74.32,80.19,78.94,77.14,78.46,78.17,75.09,77.44,76.14,77.19,78.36,82.94,82.34,81.77
2026-03-04 10:50:06,86.97,84.14,91.47,88.62,77.07,82.97,81.3,82.21,82.96,82.61,81.82,77.9,78.39,79.12,78.65,77.52,81.05,79.82,79.4,75.47,77.18,76.96,74.5,80.53,73.92,79.97,82.19,76.61,75.23,71.78,79.89,80.18,77.9,75.39,76.87,80.38,78.66,76.9,75.47,74.09,76.16,73.66,72.13,80.41,80.77,76.59,74.34,80.34,79.16,77.08,78.69,78.41,75.5,77.76,76.2,77.57,78.9,83.32,82.54,81.95
2026-03-04 10:50:07,87.21,84.79,91.78,88.75,77.01,82.94,81.3,82.44,83.17,82.9,81.98,77.83,78.62,79.4,78.79,77.56,80.86,79.93,79.73,75.43,77.52,77.23,75.14,80.95,74.38,80.3,82.47,76.77,75.43,72.39,80.18,80.55,78.21,75.53,77.43,80.77,79.03,77.25,75.94,74.43,76.25,73.83,72.56,80.75,81.05,76.89,74.49,80.52,79.44,77.15,78.97,78.66,75.95,78.02,76.3,77.91,79.45,83.71,82.63,82.17
2026-03-04 10:50:08,87.53,85.51,92.16,89.0,77.21,83.11,81.49,82.82,83.51,83.29,82.24,77.93,78.97,79.78,79.03,77.65,80.66,80.03,80.07,75.52,77.9,77.54,75.8,81.39,74.92,80.66,82.78,77.03,75.69,73.05,80.49,80.89,78.43,75.68,77.98,81.14,79.33,77.6,76.47,74.84,76.37,74.07,73.08,81.14,81.37,77.28,74.75,80.74,79.77,77.34,79.27,78.91,76.42,78.24,76.44,78.21,80.0,84.1,82.64,82.42
2026-03-04 10:50:09,87.89,86.3,92.58,89.34,77.63,83.45,81.86,83.3,83.96,83.75,82.58,78.19,79.42,80.24,79.34,77.79,80.45,80.1,80.42,75.73,78.31,77.89,76.46,81.83,75.54,81.06,83.11,77.37,76.02,73.75,80.82,81.21,78.59,75.82,78.52,81.49,79.57,77.94,77.04,75.31,76.53,74.36,73.69,81.56,81.74,77.74,75.1,80.98,80.15,77.63,79.59,79.16,76.92,78.4,76.61,78.48,80.54,84.48,82.57,82.71
2026-03-04 10:50:10,88.31,87.13,93.03,89.76,78.24,83.94,82.36,83.89,84.49,84.27,82.98,78.56,79.95,80.75,79.72,77.97,80.25,80.15,80.77,76.03,78.75,78.27,77.13,82.28,76.21,81.47,83.46,77.78,76.39,74.47,81.16,81.5,78.68,75.96,79.03,81.82,79.74,78.27,77.64,75.82,76.71,74.69,74.37,82.01,82.14,78.25,75.53,81.25,80.56,77.99,79.93,79.41,77.42,78.53,76.81,78.72,81.08,84.86,82.43,83.01
2026-03-04 10:50:11,88.75,88.0,93.52,90.24,79.01,84.55,82.99,84.55,85.09,84.84,83.43,79.05,80.55,81.31,80.15,78.18,80.04,80.18,81.11,76.41,79.2,78.66,77.79,82.73,76.93,81.89,83.82,78.24,76.81,75.2,81.51,81.77,78.71,76.11,79.52,82.12,79.86,78.59,78.27,76.37,76.9,75.06,75.1,82.49,82.57,78.81,76.02,81.53,80.99,78.43,80.28,79.65,77.92,78.62,77.03,78.92,81.61,85.23,82.23,83.33
2026-03-04 10:50:12,89.23,88.89,94.02,90.78,79.91,85.26,83.72,85.27,85.75,85.44,83.92,79.62,81.2,81.9,80.62,78.41,79.83,80.2,81.45,76.86,79.66,79.06,78.44,83.17,77.67,82.32,84.19,78.75,77.25,75.94,81.85,82.01,78.7,76.25,79.99,82.41,79.94,78.9,78.9,76.95,77.11,75.46,75.86,82.97,83.01,79.39,76.55,81.82,81.44,78.91,80.63,79.89,78.43,78.67,77.25,79.1,82.12,85.59,81.99,83.66
2026-03-04 10:50:13,89.72,89.78,94.54,91.35,80.92,86.04,84.52,86.04,86.44,86.07,84.43,80.26,81.88,82.53,81.12,78.66,79.62,80.2,81.77,77.36,80.13,79.47,79.07,83.6,78.43,82.75,84.55,79.28,77.72,76.67,82.2,82.23,78.64,76.38,80.44,82.68,79.97,79.2,79.54,77.54,77.34,75.88,76.65,83.46,83.46,80.01,77.13,82.12,81.9,79.44,80.99,80.11,78.93,78.7,77.49,79.25,82.61,85.93,81.72,83.99
2026-03-04 10:50:14,90.21,90.68,95.06,91.94,81.99,86.89,85.37,86.83,87.16,86.71,84.97,80.94,82.59,83.16,81.65,78.93,79.43,80.19,82.09,77.89,80.58,79.88,79.67,84.02,79.19,83.17,84.9,79.83,78.19,77.39,82.53,82.43,78.54,76.5,80.85,82.92,79.96,79.47,80.17,78.14,77.56,76.31,77.45,83.95,83.91,80.62,77.72,82.41,82.36,79.98,81.34,80.33,79.4,78.69,77.74,79.39,83.08,86.25,81.42,84.33
2026-03-04 10:50:15,90.69,91.54,95.55,92.51,83.08,87.73,86.23,87.6,87.84,87.32,85.5,81.64,83.28,83.77,82.16,79.21,79.28,80.21,82.38,78.41,80.96,80.22,80.16,84.36,79.88,83.54,85.15,80.28,78.6,78.0,82.79,82.56,78.42,76.55,81.16,83.09,79.92,79.68,80.71,78.7,77.8,76.73,78.2,84.36,84.28,81.19,78.29,82.62,82.65,80.41,81.64,80.49,79.75,78.63,77.95,79.54,83.51,86.51,81.16,84.63
2026-03-04 10:50:16,91.14,92.4,96.03,93.09,84.19,88.55,87.08,88.34,88.52,87.9,86.04,82.34,83.97,84.36,82.69,79.57,79.24,80.3,82.68,78.94,81.31,80.56,80.62,84.65,80.47,83.8,85.27,80.61,78.93,78.49,82.94,82.57,78.27,76.58,81.36,83.21,79.86,79.81,81.16,79.21,78.04,77.12,78.84,84.69,84.56,81.67,78.82,82.75,82.76,80.78,81.93,80.61,80.0,78.56,78.17,79.73,83.9,86.71,80.97,84.87
2026-03-04 10:50:17,91.54,93.23,96.5,93.62,85.31,89.33,87.94,89.05,89.19,88.46,86.57,83.03,84.65,84.95,83.23,79.98,79.3,80.39,82.96,79.46,81.64,80.9,81.06,84.87,80.95,83.95,85.31,80.86,79.18,78.86,82.96,82.48,78.17,76.66,81.54,83.3,79.79,79.93,81.57,79.68,78.26,77.46,79.35,84.9,84.78,82.1,79.35,82.85,82.8,81.09,82.19,80.78,80.25,78.53,78.37,79.88,84.25,86.9,80.86,85.06
2026-03-04 10:50:18,91.9,93.99,96.9,94.07,86.37,90.03,88.7,89.65,89.75,88.96,87.0,83.64,85.21,85.49,83.71,80.38,79.38,80.43,83.18,79.92,81.92,81.23,81.49,85.02,81.39,84.07,85.34,81.08,79.35,79.06,82.86,82.35,78.13,76.79,81.67,83.32,79.67,79.98,81.91,80.08,78.38,77.77,79.75,84.98,84.96,82.47,79.87,82.92,82.82,81.37,82.41,80.92,80.5,78.56,78.59,80.05,84.53,87.04,80.79,85.23
2026-03-04 10:50:19,92.25,94.7,97.25,94.46,87.38,90.65,89.35,90.16,90.21,89.38,87.32,84.14,85.68,85.95,84.15,80.76,79.49,80.49,83.36,80.3,82.15,81.58,81.91,85.11,81.73,84.12,85.34,81.24,79.44,79.13,82.71,82.21,78.12,76.96,81.73,83.3,79.52,80.0,82.11,80.39,78.45,78.05,80.07,84.98,85.12,82.8,80.33,82.97,82.86,81.62,82.58,81.03,80.75,78.64,78.81,80.26,84.75,87.12,80.75,85.35
2026-03-04 10:50:20,92.58,95.34,97.53,94.82,88.32,91.22,89.96,90.62,90.67,89.79,87.61,84.63,86.1,86.36,84.54,81.12,79.66,80.58,83.51,80.69,82.36,81.95,82.34,85.17,81.99,84.09,85.29,81.4,79.53,79.13,82.53,82.08,78.13,77.14,81.71,83.27,79.33,80.0,82.22,80.55,78.45,78.31,80.39,84.97,85.23,83.11,80.74,82.98,82.87,81.83,82.66,81.11,80.98,78.75,79.04,80.5,84.97,87.16,80.72,85.34
2026-03-04 10:50:21,92.89,95.92,97.75,95.14,89.19,91.74,90.53,91.03,91.08,90.16,87.88,85.12,86.5,86.71,84.85,81.49,79.9,80.71,83.6,81.07,82.53,82.25,82.73,85.23,82.23,84.02,85.2,81.53,79.67,79.17,82.29,81.91,78.12,77.27,81.63,83.2,79.06,79.97,82.26,80.65,78.42,78.58,80.71,84.88,85.22,83.35,81.09,82.85,82.78,81.97,82.65,81.16,81.2,78.88,79.3,80.78,85.15,87.17,80.71,85.2
2026-03-04 10:50:22,93.2,96.44,97.92,95.43,89.98,92.21,91.07,91.41,91.44,90.5,88.14,85.6,86.89,86.98,85.09,81.87,80.19,80.88,83.62,81.44,82.66,82.51,83.07,85.29,82.45,83.92,85.08,81.65,79.85,79.24,81.99,81.69,78.09,77.34,81.47,83.1,78.71,79.91,82.26,80.69,78.37,78.85,81.04,84.72,85.09,83.52,81.37,82.61,82.59,82.04,82.55,81.18,81.39,79.04,79.6,81.09,85.28,87.15,80.72,84.94
2026-03-04 10:50:23,93.49,96.91,98.05,95.68,90.71,92.65,91.57,91.74,91.75,90.81,88.38,86.08,87.27,87.19,85.25,82.24,80.52,81.08,83.58,81.81,82.75,82.71,83.37,85.33,82.65,83.8,84.92,81.75,80.07,79.36,81.65,81.44,78.03,77.38,81.25,82.96,78.29,79.83,82.22,80.68,78.31,79.12,81.36,84.51,84.86,83.64,81.58,82.26,82.33,82.05,82.37,81.17,81.57,79.23,79.93,81.41,85.38,87.1,80.75,84.59
2026-03-04 10:50:24,93.76,97.32,98.13,95.89,91.35,93.02,92.02,92.02,92.0,91.06,88.59,86.53,87.62,87.35,85.35,82.6,80.88,81.3,83.49,82.16,82.81,82.87,83.62,85.36,82.82,83.65,84.73,81.84,80.31,79.49,81.27,81.17,77.96,77.37,80.99,82.8,77.83,79.73,82.14,80.64,78.22,79.38,81.67,84.25,84.54,83.71,81.75,81.83,82.02,82.01,82.13,81.14,81.72,79.42,80.27,81.75,85.45,87.02,80.79,84.17
2026-03-04 10:50:25,93.94,97.54,98.05,95.95,91.76,93.25,92.29,92.14,92.05,91.1,88.65,86.83,87.86,87.41,85.37,82.89,81.17,81.45,83.33,82.43,82.82,82.97,83.77,85.29,82.85,83.38,84.46,81.87,80.5,79.59,80.88,80.88,77.89,77.37,80.74,82.65,77.42,79.61,82.01,80.51,78.0,79.54,81.9,83.94,84.17,83.72,81.87,81.42,81.69,81.93,81.86,81.03,81.85,79.65,80.59,82.07,85.51,86.94,80.82,83.73
2026-03-04 10:50:26,93.98,97.56,97.77,95.81,91.87,93.27,92.33,92.04,91.85,90.87,88.53,86.94,87.95,87.38,85.3,83.07,81.36,81.51,83.1,82.58,82.77,83.0,83.82,85.1,82.7,82.96,84.1,81.83,80.62,79.63,80.5,80.59,77.84,77.39,80.53,82.51,77.09,79.48,81.83,80.29,77.59,79.58,82.02,83.6,83.78,83.68,81.98,81.06,81.37,81.8,81.56,80.81,81.93,79.9,80.87,82.36,85.58,86.85,80.85,83.29
2026-03-04 10:50:27,93.91,97.38,97.34,95.5,91.74,93.14,92.19,91.75,91.44,90.4,88.26,86.89,87.92,87.27,85.17,83.16,81.46,81.48,82.8,82.64,82.69,82.97,83.77,84.8,82.39,82.42,83.67,81.74,80.67,79.62,80.11,80.31,77.81,77.42,80.35,82.38,76.83,79.33,81.6,79.99,77.04,79.51,82.06,83.22,83.37,83.6,82.06,80.76,81.07,81.64,81.25,80.52,81.99,80.17,81.11,82.62,85.65,86.77,80.86,82.87
2026-03-04 10:50:28,93.75,97.05,96.76,95.06,91.39,92.85,91.87,91.32,90.85,89.74,87.85,86.7,87.78,87.09,84.98,83.16,81.47,81.38,82.45,82.61,82.56,82.89,83.64,84.42,81.96,81.77,83.18,81.6,80.67,79.56,79.73,80.03,77.79,77.46,80.2,82.27,76.64,79.17,81.34,79.64,76.38,79.34,82.01,82.82,82.93,83.48,82.12,80.5,80.79,81.47,80.93,80.17,82.02,80.45,81.31,82.85,85.72,86.68,80.87,82.46
2026-03-04 10:50:29,93.46,96.56,96.08,94.53,90.87,92.37,91.41,90.76,90.11,89.0,87.38,86.39,87.52,86.8,84.69,82.98,81.34,81.2,82.03,82.48,82.37,82.73,83.44,83.99,81.48,81.1,82.64,81.35,80.58,79.42,79.32,79.73,77.76,77.52,80.07,82.12,76.49,79.0,81.06,79.26,75.71,79.1,81.82,82.32,82.46,83.31,82.13,80.25,80.55,81.3,80.62,79.84,82.03,80.67,81.46,83.0,85.7,86.54,80.85,82.1
2026-03-04 10:50:30,93.09,95.94,95.37,93.97,90.25,91.68,90.77,90.05,89.28,88.24,86.82,85.96,87.15,86.4,84.31,82.68,81.16,80.98,81.57,82.23,82.03,82.49,83.17,83.55,81.03,80.45,82.03,80.97,80.4,79.21,78.86,79.44,77.74,77.57,79.92,81.94,76.32,78.8,80.7,78.85,75.14,78.88,81.58,81.78,81.98,83.11,82.11,79.99,80.33,81.1,80.3,79.54,82.0,80.83,81.56,83.08,85.58,86.35,80.82,81.77
2026-03-04 10:50:31,92.66,95.24,94.67,93.42,89.58,90.79,89.95,89.19,88.4,87.47,86.17,85.44,86.67,85.9,83.87,82.37,80.96,80.76,81.1,81.88,81.54,82.18,82.86,83.11,80.62,79.85,81.39,80.5,80.15,78.93,78.39,79.18,77.74,77.6,79.78,81.72,76.1,78.57,80.27,78.4,74.69,78.71,81.33,81.22,81.52,82.93,82.08,79.73,80.11,80.85,79.96,79.27,81.94,80.95,81.66,83.11,85.36,86.12,80.8,81.46
2026-03-04 10:50:32,92.18,94.46,93.97,92.86,88.88,89.72,88.98,88.22,87.49,86.71,85.44,84.84,86.11,85.32,83.38,82.03,80.76,80.52,80.62,81.46,80.93,81.81,82.49,82.68,80.27,79.3,80.73,79.97,79.84,78.6,77.91,78.93,77.76,77.61,79.64,81.49,75.84,78.32,79.76,77.92,74.34,78.58,81.07,80.64,81.09,82.75,82.03,79.47,79.91,80.56,79.6,79.01,81.85,81.04,81.74,83.1,85.05,85.86,80.77,81.17
2026-03-04 10:50:33,91.67,93.63,93.28,92.31,88.16,88.52,87.89,87.15,86.57,85.96,84.66,84.17,85.49,84.68,82.86,81.68,80.56,80.29,80.15,80.96,80.21,81.39,82.08,82.26,79.96,78.79,80.06,79.37,79.49,78.24,77.43,78.7,77.79,77.61,79.5,81.23,75.55,78.06,79.21,77.41,74.07,78.48,80.82,80.05,80.68,82.58,81.97,79.21,79.72,80.23,79.24,78.78,81.74,81.11,81.8,83.05,84.68,85.57,80.74,80.89
2026-03-04 10:50:34,91.13,92.77,92.62,91.77,87.42,87.2,86.7,86.0,85.63,85.22,83.85,83.46,84.82,83.99,82.32,81.33,80.36,80.05,79.67,80.41,79.41,80.94,81.65,81.85,79.69,78.33,79.4,78.74,79.1,77.84,76.94,78.49,77.83,77.59,79.37,80.96,75.23,77.8,78.62,76.88,73.89,78.42,80.56,79.47,80.3,82.42,81.91,78.95,79.54,79.87,78.86,78.56,81.61,81.14,81.86,82.96,84.25,85.27,80.72,80.64
2026-03-04 10:50:35,90.58,91.88,91.97,91.25,86.69,85.81,85.45,84.81,84.7,84.51,83.0,82.72,84.11,83.26,81.75,80.97,80.16,79.81,79.2,79.82,78.54,80.46,81.2,81.46,79.46,77.91,78.73,78.08,78.67,77.42,76.47,78.29,77.88,77.57,79.24,80.68,74.9,77.52,77.99,76.35,73.78,78.39,80.3,78.89,79.95,82.27,81.84,78.7,79.37,79.5,78.49,78.36,81.46,81.16,81.9,82.85,83.78,84.95,80.7,80.4
2026-03-04 10:50:36,90.02,90.97,91.35,90.75,85.96,84.37,84.14,83.59,83.78,83.82,82.14,81.95,83.37,82.51,81.18,80.61,79.96,79.58,78.75,79.2,77.63,79.96,80.73,81.08,79.26,77.53,78.08,77.39,78.23,76.98,76.01,78.12,77.93,77.53,79.12,80.4,74.56,77.25,77.35,75.82,73.73,78.38,80.05,78.32,79.62,82.13,81.76,78.46,79.22,79.11,78.12,78.19,81.31,81.15,81.94,82.71,83.27,84.62,80.68,80.19
2026-03-04 10:50:37,89.45,90.07,90.76,90.26,85.24,82.89,82.81,82.35,82.87,83.15,81.27,81.17,82.62,81.74,80.61,80.26,79.77,79.35,78.31,78.56,76.68,79.45,80.25,80.72,79.1,77.19,77.44,76.7,77.78,76.53,75.56,77.96,77.99,77.49,79.01,80.11,74.2,76.98,76.7,75.28,73.74,78.4,79.81,77.76,79.32,82.0,81.69,78.23,79.07,78.71,77.75,78.02,81.14,81.13,81.96,82.55,82.74,84.28,80.66,79.99
2026-03-04 10:50:38,88.89,89.17,90.2,89.8,84.54,81.39,81.47,81.11,82.0,82.52,80.41,80.39,81.86,80.97,80.04,79.92,79.58,79.13,77.88,77.92,75.72,78.94,79.78,80.38,78.97,76.89,76.82,76.0,77.31,76.08,75.12,77.82,78.06,77.44,78.9,79.83,73.85,76.71,76.05,74.76,73.79,78.43,79.57,77.23,79.05,81.88,81.61,78.01,78.94,78.32,77.39,77.88,80.97,81.1,81.98,82.38,82.2,83.95,80.64,79.81
2026-03-04 10:50:39,88.34,88.28,89.67,89.37,83.86,79.9,80.13,79.88,81.15,81.92,79.57,79.61,81.11,80.21,79.48,79.58,79.4,78.92,77.48,77.26,74.75,78.43,79.31,80.06,78.86,76.63,76.22,75.31,76.85,75.63,74.71,77.7,78.13,77.38,78.8,79.55,73.49,76.45,75.41,74.25,73.89,78.48,79.34,76.71,78.8,81.76,81.52,77.8,78.82,77.92,77.05,77.75,80.8,81.05,81.99,82.2,81.65,83.61,80.63,79.64
2026-03-04 10:50:40,87.8,87.42,89.18,88.96,83.2,78.42,78.81,78.67,80.34,81.36,78.74,78.85,80.37,79.46,78.93,79.26,79.23,78.72,77.09,76.62,73.79,77.92,78.84,79.76,78.78,76.39,75.65,74.63,76.39,75.18,74.31,77.59,78.2,77.32,78.7,79.28,73.14,76.19,74.77,73.75,74.02,78.55,79.12,76.22,78.58,81.66,81.44,77.61,78.71,77.53,76.72,77.64,80.63,80.99,82.0,82.01,81.09,83.29,80.61,79.5
2026-03-04 10:50:41,87.27,86.59,88.71,88.57,82.57,76.98,77.52,77.5,79.57,80.83,77.93,78.1,79.64,78.72,78.4,78.95,79.07,78.53,76.73,75.98,72.84,77.42,78.39,79.48,78.72,76.19,75.11,73.97,75.94,74.75,73.94,77.49,78.27,77.26,78.61,79.01,72.8,75.94,74.15,73.27,74.18,78.62,78.92,75.75,78.38,81.56,81.36,77.42,78.61,77.14,76.4,77.54,80.46,80.93,82.0,81.81,80.54,82.97,80.6,79.36
2026-03-04 10:50:42,86.77,85.78,88.28,88.21,81.98,75.57,76.25,76.36,78.83,80.34,77.16,77.38,78.94,78.01,77.89,78.65,78.91,78.34,76.38,75.36,71.91,76.94,77.95,79.23,78.68,76.02,74.6,73.33,75.49,74.32,73.59,77.41,78.35,77.2,78.53,78.76,72.47,75.71,73.55,72.81,74.36,78.71,78.72,75.31,78.2,81.48,81.28,77.25,78.52,76.77,76.1,77.45,80.29,80.86,81.99,81.62,80.0,82.66,80.59,79.25
2026-03-04 10:50:43,86.28,85.01,87.88,87.88,81.41,74.2,75.04,75.26,78.14,79.88,76.41,76.68,78.26,77.32,77.4,78.37,78.77,78.17,76.06,74.75,71.01,76.48,77.53,78.99,78.66,75.88,74.12,72.71,75.06,73.91,73.25,77.34,78.42,77.14,78.45,78.51,72.14,75.48,72.97,72.38,74.56,78.8,78.54,74.89,78.04,81.4,81.21,77.09,78.44,76.41,75.81,77.38,80.12,80.78,81.98,81.42,79.47,82.36,80.58,79.14
2026-03-04 10:50:44,85.82,84.28,87.52,87.57,80.88,72.89,73.87,74.21,77.49,79.46,75.7,76.02,77.6,76.66,76.93,78.11,78.63,78.01,75.77,74.17,70.13,76.03,77.12,78.77,78.65,75.76,73.66,72.11,74.65,73.52,72.95,77.28,78.49,77.07,78.38,78.28,71.84,75.27,72.41,71.97,74.77,78.89,78.37,74.5,77.9,81.33,81.13,76.94,78.36,76.06,75.54,77.32,79.96,80.7,81.97,81.22,78.96,82.08,80.57,79.06
2026-03-04 10:50:45,85.4,83.61,87.19,87.29,80.4,71.67,72.77,73.24,76.91,79.09,75.05,75.4,76.99,76.04,76.5,77.87,78.52,77.87,75.49,73.62,69.32,75.61,76.74,78.58,78.67,75.66,73.25,71.56,74.26,73.15,72.67,77.24,78.57,77.01,78.32,78.06,71.55,75.08,71.89,71.59,74.99,79.0,78.22,74.15,77.78,81.27,81.06,76.8,78.3,75.74,75.3,77.27,79.81,80.61,81.96,81.03,78.47,81.82,80.57,78.98
2026-03-04 10:50:46,85.15,83.16,86.95,87.13,80.12,70.73,71.97,72.56,76.55,78.9,74.62,75.01,76.56,75.61,76.2,77.71,78.47,77.8,75.32,73.19,68.7,75.3,76.46,78.47,78.73,75.62,72.96,71.18,73.98,72.9,72.51,77.26,78.68,76.95,78.26,77.9,71.37,74.99,71.53,71.33,75.25,79.11,78.09,73.9,77.74,81.27,81.01,76.71,78.25,75.51,75.14,77.29,79.74,80.54,81.96,80.82,78.04,81.63,80.63,78.97
2026-03-04 10:50:47,85.11,82.98,86.9,87.13,80.1,70.22,71.58,72.26,76.48,78.97,74.52,74.88,76.38,75.46,76.11,77.63,78.53,77.86,75.31,72.98,68.36,75.14,76.24,78.39,78.85,75.69,72.85,71.01,73.85,72.8,72.49,77.36,78.81,76.89,78.21,77.81,71.33,75.04,71.34,71.26,75.57,79.22,77.94,73.71,77.74,81.25,80.98,76.6,78.22,75.37,75.07,77.36,79.74,80.51,81.99,80.63,77.67,81.49,80.75,79.03
2026-03-04 10:50:48,85.24,83.04,87.02,87.26,80.32,70.1,71.53,72.26,76.63,79.21,74.63,74.96,76.41,75.51,76.19,77.57,78.69,78.03,75.46,72.93,68.23,75.09,76.11,78.32,79.05,75.88,72.85,71.04,73.87,72.83,72.53,77.54,78.98,76.86,78.17,77.75,71.43,75.15,71.32,71.37,75.95,79.3,77.81,73.62,77.76,81.22,80.92,76.42,78.18,75.34,75.08,77.49,79.78,80.48,82.05,80.54,77.43,81.4,80.89,79.14
2026-03-04 10:50:49,85.5,83.32,87.29,87.52,80.76,70.29,71.69,72.53,77.01,79.55,74.86,75.22,76.64,75.72,76.41,77.6,78.88,78.19,75.73,72.94,68.31,75.13,76.05,78.25,79.34,76.17,72.97,71.25,74.03,72.9,72.62,77.8,79.21,76.87,78.09,77.65,71.57,75.2,71.44,71.63,76.33,79.32,77.74,73.67,77.83,81.16,80.8,76.28,78.06,75.4,75.2,77.71,79.89,80.49,82.15,80.48,77.28,81.38,81.06,79.3
2026-03-04 10:50:50,85.87,83.79,87.69,87.89,81.37,70.76,72.03,73.02,77.58,79.97,75.17,75.63,77.04,76.06,76.76,77.71,79.09,78.35,76.09,73.01,68.57,75.26,76.05,78.2,79.67,76.54,73.18,71.62,74.28,73.02,72.78,78.1,79.47,76.93,77.97,77.53,71.76,75.2,71.69,72.01,76.71,79.3,77.73,73.84,77.97,81.08,80.64,76.19,77.86,75.55,75.41,78.01,80.08,80.54,82.28,80.47,77.22,81.44,81.26,79.49
2026-03-04 10:50:51,86.25,84.32,88.13,88.29,82.02,71.37,72.49,73.6,78.27,80.45,75.54,76.11,77.54,76.48,77.15,77.87,79.32,78.53,76.51,73.16,68.92,75.45,76.08,78.19,79.98,76.9,73.48,72.08,74.55,73.12,72.97,78.42,79.75,77.06,77.89,77.43,72.02,75.21,71.93,72.42,76.99,79.23,77.79,74.09,78.14,81.04,80.51,76.18,77.7,75.76,75.74,78.4,80.35,80.64,82.43,80.5,77.22,81.54,81.48,79.72
2026-03-04 10:50:52,86.62,84.85,88.59,88.71,82.65,72.12,73.1,74.26,79.04,81.04,75.96,76.69,78.11,76.96,77.61,78.12,79.6,78.78,76.96,73.4,69.36,75.69,76.12,78.23,80.26,77.21,73.79,72.54,74.88,73.3,73.24,78.77,80.02,77.28,77.89,77.4,72.39,75.31,72.21,72.9,77.27,79.2,77.95,74.44,78.35,81.01,80.47,76.3,77.64,76.03,76.15,78.79,80.68,80.77,82.61,80.57,77.25,81.65,81.72,79.97
2026-03-04 10:50:53,87.03,85.35,89.05,89.15,83.31,73.01,73.86,74.95,79.88,81.69,76.42,77.34,78.75,77.44,78.14,78.46,79.85,79.02,77.37,73.7,69.87,75.93,76.14,78.24,80.5,77.47,74.1,72.82,75.24,73.61,73.66,79.2,80.34,77.6,77.96,77.44,72.87,75.44,72.59,73.49,77.64,79.3,78.2,74.84,78.63,81.02,80.54,76.56,77.69,76.32,76.57,79.21,81.05,80.98,82.84,80.71,77.36,81.79,82.0,80.23
2026-03-04 10:50:54,87.46,85.81,89.5,89.61,83.97,74.03,74.72,75.66,80.78,82.39,76.9,78.03,79.42,77.91,78.72,78.88,80.09,79.25,77.73,74.02,70.42,76.18,76.12,78.23,80.69,77.68,74.38,72.95,75.62,74.03,74.2,79.69,80.71,77.99,78.09,77.56,73.44,75.59,73.06,74.18,78.09,79.51,78.51,75.29,78.94,81.06,80.71,76.93,77.84,76.62,76.99,79.67,81.46,81.26,83.12,80.91,77.55,81.97,82.31,80.48
2026-03-04 10:50:55,87.9,86.24,89.95,90.08,84.64,75.13,75.66,76.37,81.7,83.12,77.39,78.77,80.13,78.37,79.35,79.36,80.3,79.47,78.05,74.38,71.01,76.43,76.07,78.19,80.84,77.85,74.65,72.93,76.01,74.53,74.85,80.23,81.13,78.45,78.26,77.73,74.08,75.75,73.59,74.93,78.59,79.79,78.88,75.76,79.29,81.14,80.97,77.4,78.08,76.91,77.41,80.15,81.9,81.61,83.43,81.15,77.79,82.18,82.65,80.73
2026-03-04 10:50:56,88.35,86.64,90.39,90.56,85.3,76.31,76.68,77.08,82.65,83.89,77.89,79.53,80.85,78.81,80.0,79.89,80.48,79.68,78.32,74.75,71.63,76.67,76.0,78.12,80.96,77.97,74.91,72.79,76.42,75.12,75.57,80.81,81.59,78.95,78.48,77.95,74.77,75.93,74.18,75.73,79.15,80.16,79.29,76.25,79.67,81.25,81.29,77.95,78.39,77.2,77.83,80.65,82.35,82.0,83.77,81.44,78.08,82.4,83.0,80.97
2026-03-04 10:50:57,88.8,87.0,90.81,91.03,85.95,77.54,77.73,77.78,83.61,84.66,78.4,80.3,81.58,79.24,80.68,80.46,80.65,79.88,78.56,75.14,72.26,76.92,75.91,78.05,81.03,78.06,75.15,72.55,76.83,75.75,76.36,81.42,82.07,79.49,78.73,78.21,75.5,76.12,74.8,76.58,79.74,80.58,79.73,76.76,80.07,81.38,81.68,78.57,78.76,77.49,78.23,81.16,82.82,82.43,84.12,81.75,78.42,82.65,83.37,81.2
2026-03-04 10:50:58,89.26,87.32,91.22,91.5,86.59,78.8,78.82,78.46,84.56,85.45,78.9,81.08,82.31,79.65,81.36,81.06,80.79,80.07,78.76,75.54,72.91,77.15,75.8,77.96,81.08,78.12,75.37,72.22,77.24,76.44,77.2,82.04,82.56,80.06,79.0,78.5,76.26,76.31,75.46,77.44,80.36,81.05,80.21,77.27,80.49,81.53,82.11,79.23,79.17,77.77,78.63,81.67,83.3,82.89,84.49,82.08,78.79,82.91,83.75,81.42
2026-03-04 10:50:59,89.71,87.62,91.61,91.96,87.21,80.08,79.93,79.13,85.5,86.22,79.39,81.86,83.04,80.04,82.05,81.67,80.91,80.24,78.93,75.94,73.55,77.38,75.68,77.85,81.11,78.15,75.57,71.81,77.64,77.15,78.06,82.68,83.06,80.65,79.3,78.82,77.04,76.51,76.13,78.33,80.99,81.55,80.7,77.78,80.91,81.69,82.57,79.93,79.62,78.05,79.01,82.18,83.77,83.37,84.87,82.44,79.18,83.18,84.13,81.63
2026-03-04 10:51:00,90.14,87.9,92.0,92.4,87.82,81.36,81.0,79.8,86.42,86.96,79.89,82.61,83.74,80.43,82.7,82.29,81.04,80.41,79.09,76.33,74.2,77.63,75.59,77.76,81.12,78.18,75.77,71.39,78.01,77.83,78.88,83.28,83.55,81.23,79.58,79.14,77.81,76.7,76.8,79.19,81.61,82.02,81.18,78.3,81.32,81.87,83.04,80.62,80.1,78.33,79.39,82.68,84.21,83.83,85.22,82.78,79.59,83.45,84.5,81.81
2026-03-04 10:51:01,90.54,88.23,92.43,92.83,88.44,82.64,82.01,80.51,87.28,87.61,80.42,83.32,84.38,80.87,83.3,82.85,81.18,80.59,79.29,76.71,74.86,77.93,75.59,77.71,81.14,78.26,75.97,71.05,78.3,78.4,79.53,83.79,83.98,81.77,79.81,79.42,78.51,76.89,77.45,80.01,82.16,82.39,81.63,78.81,81.68,82.0,83.49,81.28,80.61,78.64,79.81,83.13,84.56,84.25,85.51,83.1,80.02,83.75,84.85,81.97
2026-03-04 10:51:02,90.94,88.61,92.88,93.27,89.05,83.91,83.04,81.28,88.09,88.24,80.98,84.02,84.98,81.35,83.88,83.35,81.36,80.83,79.54,77.15,75.55,78.27,75.67,77.75,81.21,78.35,76.15,70.77,78.58,78.87,80.06,84.24,84.33,82.25,80.04,79.73,79.15,77.05,78.06,80.75,82.59,82.7,81.97,79.23,82.0,82.13,83.9,81.85,81.09,78.99,80.23,83.55,84.87,84.61,85.76,83.43,80.49,84.05,85.13,82.11
2026-03-04 10:51:03,91.28,89.0,93.31,93.68,89.54,85.1,84.04,82.07,88.85,88.83,81.57,84.69,85.58,81.84,84.4,83.89,81.63,81.1,79.8,77.64,76.26,78.55,75.84,77.87,81.36,78.51,76.33,70.44,78.8,79.33,80.6,84.66,84.58,82.62,80.31,80.1,79.79,77.25,78.67,81.45,83.0,83.02,82.25,79.62,82.35,82.33,84.3,82.33,81.51,79.34,80.64,83.91,85.09,84.87,85.97,83.79,81.01,84.31,85.32,82.24
2026-03-04 10:51:04,91.56,89.4,93.71,94.05,89.86,86.17,85.01,82.87,89.56,89.36,82.15,85.3,86.12,82.3,84.81,84.43,81.95,81.37,80.04,78.19,76.99,78.74,76.05,78.03,81.57,78.76,76.51,70.05,78.96,79.8,81.15,85.04,84.74,82.85,80.6,80.51,80.45,77.53,79.29,82.11,83.41,83.33,82.53,80.0,82.72,82.59,84.69,82.77,81.89,79.7,81.04,84.18,85.19,85.04,86.18,84.18,81.55,84.53,85.42,82.39
2026-03-04 10:51:05,91.78,89.78,94.04,94.31,89.97,87.08,85.88,83.57,90.13,89.77,82.68,85.81,86.54,82.68,85.11,84.93,82.28,81.61,80.26,78.73,77.69,78.86,76.27,78.18,81.79,79.04,76.69,69.65,79.08,80.25,81.66,85.37,84.81,82.97,80.89,80.93,81.07,77.83,79.86,82.71,83.77,83.61,82.77,80.34,83.01,82.85,85.06,83.13,82.21,80.03,81.4,84.36,85.16,85.11,86.33,84.54,82.07,84.68,85.44,82.51
2026-03-04 10:51:06,91.94,90.11,94.22,94.38,89.87,87.8,86.59,84.03,90.48,90.04,83.1,86.18,86.79,82.96,85.31,85.32,82.55,81.79,80.48,79.25,78.35,79.01,76.5,78.31,81.99,79.32,76.88,69.42,79.22,80.65,82.1,85.63,84.83,83.01,81.19,81.32,81.59,78.13,80.38,83.22,83.98,83.83,82.97,80.57,83.16,83.01,85.35,83.42,82.46,80.29,81.71,84.48,84.99,85.04,86.37,84.78,82.5,84.73,85.43,82.6
2026-03-04 10:51:07,92.05,90.35,94.23,94.27,89.64,88.36,87.17,84.29,90.64,90.19,83.45,86.44,86.97,83.18,85.44,85.62,82.8,81.91,80.7,79.74,78.97,79.2,76.76,78.48,82.21,79.63,77.13,69.38,79.39,80.99,82.49,85.86,84.82,83.03,81.5,81.7,82.02,78.44,80.86,83.64,84.03,84.03,83.15,80.69,83.2,83.06,85.57,83.68,82.69,80.51,81.97,84.53,84.7,84.86,86.32,84.9,82.85,84.67,85.4,82.69
2026-03-04 10:51:08,92.1,90.55,94.14,94.05,89.35,88.8,87.65,84.43,90.64,90.26,83.73,86.58,87.08,83.33,85.53,85.82,82.99,81.97,80.91,80.17,79.55,79.43,77.05,78.68,82.41,79.93,77.39,69.43,79.55,81.25,82.8,86.02,84.77,83.02,81.82,82.06,82.38,78.74,81.29,83.98,84.0,84.19,83.31,80.71,83.18,83.06,85.74,83.89,82.86,80.65,82.14,84.55,84.35,84.62,86.19,84.93,83.11,84.49,85.33,82.78
2026-03-04 10:51:09,92.11,90.74,94.02,93.81,89.12,89.15,88.08,84.61,90.5,90.29,83.99,86.52,87.11,83.39,85.6,85.89,83.07,81.94,81.07,80.5,80.06,79.63,77.29,78.88,82.54,80.14,77.56,69.48,79.6,81.38,82.99,86.01,84.66,82.98,82.14,82.38,82.65,79.02,81.61,84.19,83.97,84.36,83.44,80.62,83.14,83.06,85.85,84.01,82.94,80.68,82.13,84.53,84.07,84.4,85.99,84.87,83.26,84.21,85.22,82.85
2026-03-04 10:51:10,92.1,90.93,93.87,93.56,88.96,89.44,88.47,84.83,90.25,90.3,84.24,86.29,87.09,83.37,85.65,85.85,83.04,81.82,81.19,80.73,80.5,79.81,77.51,79.09,82.61,80.27,77.65,69.5,79.56,81.4,83.08,85.85,84.5,82.93,82.45,82.67,82.86,79.27,81.84,84.31,83.94,84.52,83.56,80.46,83.09,83.1,85.92,84.04,82.94,80.59,81.96,84.5,83.86,84.2,85.72,84.74,83.29,83.82,85.07,82.92
2026-03-04 10:51:11,92.05,91.11,93.7,93.3,88.86,89.66,88.82,85.09,89.9,90.29,84.48,85.91,87.01,83.29,85.69,85.7,82.92,81.64,81.27,80.87,80.88,79.96,77.69,79.31,82.63,80.32,77.68,69.5,79.44,81.32,83.07,85.56,84.3,82.86,82.74,82.91,83.0,79.49,81.97,84.33,83.92,84.67,83.66,80.22,83.03,83.15,85.93,83.99,82.87,80.41,81.65,84.45,83.71,84.03,85.4,84.56,83.24,83.36,84.87,82.98
2026-03-04 10:51:12,91.98,91.29,93.53,93.04,88.81,89.82,89.13,85.37,89.48,90.26,84.7,85.4,86.89,83.14,85.72,85.46,82.73,81.4,81.31,80.92,81.2,80.09,77.84,79.52,82.6,80.31,77.64,69.49,79.24,81.15,82.98,85.16,84.06,82.78,83.03,83.13,83.09,79.69,82.02,84.28,83.91,84.82,83.74,79.91,82.95,83.21,85.91,83.88,82.73,80.15,81.23,84.38,83.61,83.89,85.04,84.32,83.1,82.83,84.65,83.03
2026-03-04 10:51:13,91.89,91.46,93.34,92.78,88.81,89.94,89.4,85.68,88.99,90.21,84.91,84.79,86.73,82.95,85.73,85.16,82.46,81.11,81.33,80.91,81.47,80.21,77.96,79.74,82.52,80.24,77.55,69.46,78.99,80.9,82.82,84.67,83.8,82.69,83.3,83.31,83.13,79.87,82.01,84.16,83.9,84.96,83.8,79.56,82.87,83.29,85.86,83.72,82.53,79.82,80.71,84.31,83.56,83.77,84.65,84.04,82.9,82.24,84.41,83.08
2026-03-04 10:51:14,91.79,91.63,93.14,92.52,88.85,90.01,89.64,86.0,88.45,90.15,85.11,84.1,86.54,82.71,85.73,84.8,82.15,80.78,81.32,80.84,81.69,80.31,78.06,79.95,82.42,80.12,77.41,69.42,78.69,80.6,82.61,84.11,83.52,82.59,83.55,83.46,83.13,80.03,81.94,83.98,83.9,85.1,83.85,79.17,82.79,83.38,85.78,83.51,82.3,79.43,80.11,84.22,83.56,83.67,84.24,83.73,82.64,81.62,84.15,83.12
2026-03-04 10:51:15,91.67,91.78,92.94,92.27,88.93,90.04,89.84,86.33,87.87,90.08,85.29,83.34,86.32,82.44,85.72,84.39,81.79,80.43,81.29,80.72,81.86,80.39,78.13,80.15,82.28,79.96,77.24,69.37,78.34,80.25,82.35,83.49,83.22,82.49,83.8,83.59,83.09,80.16,81.81,83.75,83.9,85.22,83.89,78.75,82.7,83.48,85.67,83.26,82.02,79.01,79.45,84.13,83.59,83.58,83.8,83.39,82.33,80.97,83.87,83.16
2026-03-04 10:51:16,91.55,91.94,92.76,92.05,89.05,90.07,90.04,86.69,87.33,90.01,85.48,82.6,86.13,82.2,85.74,84.0,81.46,80.1,81.27,80.6,82.01,80.47,78.21,80.35,82.14,79.79,77.07,69.36,78.01,79.88,82.05,82.86,82.93,82.39,84.01,83.69,83.04,80.3,81.68,83.49,83.88,85.32,83.92,78.35,82.62,83.57,85.55,83.02,81.76,78.59,78.79,84.01,83.63,83.51,83.37,83.04,82.02,80.36,83.6,83.2
2026-03-04 10:51:17,91.44,92.11,92.67,91.91,89.22,90.19,90.25,87.1,86.92,89.92,85.73,81.99,86.01,82.07,85.81,83.76,81.22,79.9,81.31,80.53,82.11,80.56,78.35,80.54,82.05,79.67,76.98,69.48,77.76,79.56,81.73,82.24,82.63,82.28,84.11,83.73,83.0,80.45,81.57,83.2,83.71,85.31,83.9,78.06,82.55,83.65,85.39,82.83,81.56,78.25,78.22,83.84,83.67,83.46,82.98,82.73,81.78,79.84,83.38,83.23
2026-03-04 10:51:18,91.39,92.33,92.63,91.83,89.44,90.35,90.49,87.52,86.68,89.92,86.05,81.56,85.96,82.04,85.93,83.64,81.1,79.82,81.42,80.52,82.22,80.67,78.55,80.79,81.97,79.61,76.98,69.72,77.6,79.33,81.46,81.68,82.36,82.19,84.1,83.74,82.99,80.65,81.52,82.94,83.49,85.22,83.87,77.87,82.5,83.73,85.24,82.67,81.4,77.94,77.71,83.65,83.68,83.38,82.66,82.46,81.6,79.44,83.21,83.25
2026-03-04 10:51:19,91.42,92.62,92.62,91.85,89.77,90.57,90.79,87.96,86.59,90.04,86.47,81.35,85.99,82.11,86.11,83.65,81.15,79.9,81.61,80.58,82.37,80.89,78.87,81.1,81.9,79.62,77.08,70.14,77.58,79.21,81.25,81.22,82.15,82.09,84.08,83.77,83.0,80.87,81.49,82.73,83.29,85.09,83.84,77.78,82.47,83.8,85.09,82.57,81.3,77.69,77.33,83.48,83.64,83.32,82.42,82.23,81.44,79.15,83.05,83.27
2026-03-04 10:51:20,91.54,93.0,92.7,91.89,90.14,90.84,91.13,88.38,86.63,90.23,86.96,81.3,86.09,82.25,86.33,83.77,81.3,80.09,81.79,80.67,82.56,81.19,79.28,81.44,81.83,79.67,77.22,70.65,77.65,79.1,81.09,80.86,81.96,82.01,84.09,83.82,83.06,81.09,81.46,82.56,83.09,84.93,83.84,77.65,82.51,83.88,84.94,82.51,81.27,77.54,77.01,83.28,83.61,83.3,82.27,82.06,81.36,78.94,82.9,83.31
2026-03-04 10:51:21,91.71,93.45,92.87,91.92,90.53,91.15,91.5,88.76,86.77,90.43,87.46,81.34,86.23,82.47,86.58,83.95,81.5,80.34,81.93,80.77,82.78,81.56,79.73,81.79,81.73,79.73,77.36,71.22,77.75,78.97,80.96,80.57,81.76,82.01,84.16,83.89,83.16,81.32,81.39,82.42,82.9,84.78,83.86,77.4,82.59,83.98,84.8,82.48,81.34,77.5,76.75,83.0,83.58,83.29,82.2,81.97,81.34,78.83,82.8,83.37
2026-03-04 10:51:22,91.93,93.94,93.1,91.98,90.94,91.5,91.88,89.12,86.99,90.65,87.98,81.48,86.42,82.76,86.83,84.19,81.76,80.66,82.06,80.89,83.02,81.98,80.23,82.13,81.65,79.82,77.5,71.82,77.87,78.84,80.87,80.34,81.56,82.03,84.23,83.95,83.29,81.53,81.29,82.3,82.75,84.65,83.89,77.12,82.71,84.08,84.65,82.48,81.48,77.56,76.56,82.71,83.56,83.29,82.19,81.94,81.38,78.79,82.73,83.42
2026-03-04 10:51:23,92.15,94.41,93.35,92.1,91.39,91.87,92.27,89.47,87.24,90.87,88.42,81.67,86.65,83.08,87.08,84.46,82.04,80.98,82.21,81.02,83.27,82.38,80.72,82.48,81.61,79.89,77.62,72.41,77.96,78.73,80.82,80.16,81.34,82.01,84.26,83.91,83.4,81.73,81.17,82.17,82.62,84.52,83.93,76.92,82.84,84.19,84.51,82.5,81.66,77.72,76.49,82.45,83.55,83.34,82.2,81.93,81.4,78.76,82.58,83.46
2026-03-04 10:51:24,92.36,94.81,93.54,92.15,91.78,92.24,92.61,89.74,87.5,91.02,88.74,81.89,86.88,83.35,87.28,84.7,82.27,81.23,82.26,81.09,83.49,82.76,81.22,82.79,81.58,79.94,77.69,72.92,78.06,78.7,80.84,80.03,81.11,81.98,84.27,83.82,83.48,81.96,81.11,82.03,82.49,84.42,83.99,76.77,82.95,84.31,84.4,82.52,81.85,77.96,76.48,82.23,83.54,83.34,82.23,81.92,81.43,78.79,82.44,83.53
2026-03-04 10:51:25,92.54,95.14,93.65,92.08,92.1,92.59,92.9,89.88,87.77,91.12,88.93,82.14,87.09,83.57,87.45,84.89,82.42,81.42,82.19,81.09,83.66,83.15,81.74,83.06,81.56,79.99,77.67,73.33,78.18,78.76,80.92,79.96,80.85,81.97,84.28,83.71,83.52,82.21,81.11,81.86,82.38,84.37,84.06,76.65,83.03,84.45,84.34,82.54,82.07,78.26,76.53,82.07,83.54,83.29,82.29,81.89,81.48,78.91,82.4,83.66
2026-03-04 10:51:26,92.71,95.41,93.69,91.92,92.35,92.92,93.12,89.92,88.04,91.18,89.01,82.43,87.29,83.74,87.59,85.03,82.51,81.55,82.01,81.03,83.81,83.55,82.26,83.28,81.53,80.03,77.59,73.65,78.32,78.91,81.05,79.92,80.59,81.97,84.29,83.57,83.54,82.49,81.17,81.68,82.29,84.37,84.14,76.57,83.1,84.61,84.31,82.56,82.3,78.62,76.64,81.95,83.54,83.19,82.36,81.86,81.55,79.1,82.43,83.84
2026-03-04 10:51:27,92.86,95.62,93.67,91.66,92.53,93.23,93.3,89.86,88.32,91.2,88.99,82.75,87.47,83.85,87.7,85.13,82.54,81.63,81.75,80.91,83.93,83.94,82.78,83.46,81.51,80.08,77.46,73.88,78.48,79.12,81.23,79.92,80.32,81.99,84.31,83.42,83.54,82.79,81.28,81.49,82.2,84.39,84.23,76.5,83.15,84.79,84.3,82.59,82.55,79.02,76.8,81.86,83.54,83.05,82.46,81.82,81.63,79.36,82.52,84.05
2026-03-04 10:51:28,93.0,95.78,93.59,91.34,92.66,93.52,93.43,89.73,88.6,91.19,88.89,83.08,87.65,83.92,87.79,85.2,82.52,81.67,81.42,80.74,84.01,84.34,83.3,83.6,81.49,80.14,77.27,74.04,78.64,79.39,81.44,79.96,80.04,82.02,84.32,83.26,83.52,83.1,81.44,81.29,82.14,84.45,84.33,76.47,83.19,84.97,84.32,82.61,82.81,79.46,76.99,81.82,83.55,82.87,82.56,81.78,81.72,79.67,82.67,84.29
2026-03-04 10:51:29,93.12,95.89,93.46,90.96,92.74,93.78,93.53,89.53,88.87,91.14,88.72,83.43,87.81,83.96,87.86,85.24,82.46,81.67,81.02,80.54,84.08,84.73,83.8,83.72,81.47,80.19,77.04,74.13,78.81,79.7,81.68,80.02,79.76,82.06,84.34,83.09,83.49,83.41,81.63,81.08,82.08,84.53,84.43,76.45,83.22,85.17,84.37,82.64,83.07,79.92,77.21,81.8,83.56,82.67,82.68,81.73,81.83,80.01,82.87,84.56
2026-03-04 10:51:30,93.22,95.95,93.3,90.54,92.78,94.03,93.58,89.27,89.12,91.07,88.49,83.78,87.96,83.96,87.9,85.25,82.36,81.64,80.59,80.31,84.12,85.09,84.29,83.8,81.44,80.23,76.79,74.17,78.99,80.04,81.95,80.11,79.49,82.11,84.35,82.91,83.43,83.73,81.86,80.88,82.03,84.62,84.51,76.45,83.24,85.37,84.43,82.66,83.33,80.39,77.45,81.82,83.58,82.45,82.8,81.69,81.94,80.39,83.1,84.84
2026-03-04 10:51:31,93.25,95.92,93.08,90.12,92.79,94.22,93.59,89.01,89.28,90.92,88.21,84.1,88.05,83.91,87.87,85.19,82.23,81.62,80.18,80.09,84.1,85.28,84.69,83.84,81.41,80.23,76.57,74.24,79.17,80.34,82.19,80.19,79.28,82.18,84.35,82.74,83.33,84.0,82.02,80.71,81.99,84.64,84.46,76.49,83.27,85.57,84.51,82.67,83.55,80.84,77.64,81.83,83.65,82.3,82.91,81.65,82.07,80.78,83.32,85.08
2026-03-04 10:51:32,93.24,95.84,92.8,89.71,92.78,94.37,93.56,88.75,89.37,90.7,87.88,84.31,88.04,83.81,87.72,85.06,82.04,81.59,79.85,79.92,84.02,85.17,84.96,83.81,81.34,80.23,76.43,74.36,79.32,80.6,82.37,80.19,79.08,82.25,84.33,82.61,83.23,84.21,82.02,80.57,81.94,84.59,84.38,76.59,83.29,85.77,84.6,82.62,83.67,81.27,77.85,81.76,83.75,82.21,83.0,81.65,82.24,81.14,83.44,85.19
2026-03-04 10:51:33,93.21,95.73,92.46,89.31,92.74,94.49,93.49,88.48,89.4,90.41,87.49,84.43,87.96,83.65,87.45,84.85,81.78,81.54,79.6,79.79,83.9,84.8,85.11,83.73,81.25,80.23,76.34,74.5,79.46,80.81,82.49,80.11,78.89,82.32,84.3,82.51,83.14,84.37,81.87,80.46,81.9,84.5,84.27,76.75,83.31,85.96,84.69,82.5,83.7,81.67,78.08,81.61,83.89,82.2,83.05,81.68,82.45,81.48,83.46,85.17
2026-03-04 10:51:34,93.16,95.58,92.08,88.92,92.69,94.58,93.4,88.21,89.39,90.08,87.07,84.48,87.81,83.45,87.09,84.58,81.47,81.49,79.42,79.7,83.73,84.21,85.17,83.61,81.14,80.23,76.3,74.66,79.58,80.98,82.57,79.96,78.72,82.4,84.27,82.45,83.06,84.47,81.58,80.36,81.85,84.37,84.14,76.96,83.32,86.14,84.78,82.32,83.64,82.05,78.34,81.38,84.04,82.24,83.07,81.74,82.7,81.79,83.4,85.04
2026-03-04 10:51:35,93.09,95.41,91.66,88.54,92.62,94.64,93.29,87.95,89.34,89.71,86.62,84.45,87.6,83.22,86.65,84.27,81.12,81.43,79.29,79.65,83.53,83.44,85.14,83.44,81.02,80.23,76.31,74.85,79.68,81.13,82.6,79.75,78.56,82.47,84.22,82.4,82.99,84.53,81.17,80.29,81.81,84.21,84.01,77.21,83.32,86.3,84.88,82.1,83.52,82.41,78.61,81.11,84.22,82.33,83.07,81.81,82.98,82.07,83.26,84.81
2026-03-04 10:51:36,93.0,95.23,91.21,88.18,92.54,94.68,93.16,87.68,89.26,89.31,86.14,84.35,87.34,82.96,86.15,83.91,80.74,81.37,79.22,79.63,83.3,82.52,85.03,83.25,80.88,80.23,76.36,75.05,79.77,81.24,82.59,79.5,78.41,82.54,84.17,82.39,82.93,84.56,80.67,80.23,81.77,84.03,83.87,77.49,83.31,86.46,84.98,81.85,83.34,82.74,78.89,80.78,84.42,82.46,83.05,81.91,83.27,82.33,83.06,84.51
2026-03-04 10:51:37,92.9,95.02,90.74,87.84,92.44,94.69,93.01,87.42,89.15,88.88,85.66,84.21,87.04,82.67,85.59,83.52,80.33,81.31,79.2,79.63,83.06,81.47,84.87,83.02,80.73,80.24,76.45,75.26,79.85,81.32,82.55,79.21,78.28,82.6,84.11,82.39,82.88,84.55,80.09,80.19,81.72,83.83,83.72,77.8,83.31,86.6,85.07,81.56,83.1,83.04,79.17,80.42,84.62,82.62,83.01,82.01,83.58,82.56,82.81,84.13
2026-03-04 10:51:38,92.75,94.8,90.26,87.47,92.28,94.65,92.83,87.15,88.98,88.46,85.19,84.03,86.72,82.4,85.02,83.12,79.93,81.21,79.18,79.63,82.76,80.4,84.67,82.77,80.58,80.25,76.57,75.48,79.89,81.38,82.48,78.92,78.17,82.67,84.05,82.4,82.81,84.46,79.51,80.15,81.66,83.62,83.56,78.12,83.29,86.72,85.14,81.27,82.86,83.3,79.45,80.06,84.82,82.77,82.97,82.14,83.88,82.76,82.5,83.72
2026-03-04 10:51:39,92.54,94.54,89.81,87.08,92.03,94.5,92.57,86.86,88.73,88.05,84.75,83.82,86.39,82.2,84.51,82.75,79.61,81.09,79.12,79.61,82.42,79.47,84.5,82.54,80.46,80.27,76.75,75.71,79.92,81.45,82.45,78.75,78.16,82.75,83.98,82.41,82.75,84.32,79.03,80.15,81.62,83.47,83.4,78.47,83.32,86.82,85.18,80.97,82.63,83.49,79.67,79.74,84.94,82.88,82.96,82.29,84.14,82.93,82.19,83.3
2026-03-04 10:51:40,92.3,94.26,89.42,86.74,91.78,94.26,92.18,86.55,88.39,87.61,84.27,83.59,86.03,82.0,84.04,82.34,79.31,80.95,79.05,79.56,82.04,78.62,84.29,82.31,80.36,80.26,76.93,75.91,79.93,81.52,82.43,78.63,78.22,82.84,83.86,82.4,82.72,84.19,78.63,80.19,81.64,83.35,83.24,78.81,83.38,86.87,85.2,80.69,82.42,83.53,79.8,79.47,85.03,82.98,82.91,82.47,84.37,83.03,81.93,82.95
2026-03-04 10:51:41,92.02,93.97,89.07,86.39,91.47,93.96,91.6,86.2,87.88,87.15,83.81,83.37,85.61,81.74,83.56,81.92,78.97,80.77,79.0,79.48,81.63,77.79,83.95,82.04,80.24,80.13,77.11,76.11,79.9,81.54,82.4,78.57,78.32,82.88,83.71,82.39,82.74,84.1,78.29,80.25,81.66,83.21,83.08,79.16,83.47,86.89,85.21,80.48,82.23,83.52,79.93,79.29,85.13,83.08,82.69,82.65,84.59,83.13,81.75,82.67
2026-03-04 10:51:42,91.72,93.66,88.77,86.03,91.11,93.6,90.88,85.8,87.22,86.67,83.41,83.15,85.14,81.42,83.08,81.49,78.6,80.57,78.95,79.39,81.2,76.99,83.49,81.74,80.08,79.9,77.27,76.32,79.84,81.49,82.37,78.58,78.48,82.87,83.54,82.38,82.81,84.05,78.0,80.31,81.66,83.05,82.94,79.52,83.59,86.92,85.21,80.32,82.07,83.47,80.05,79.21,85.24,83.17,82.32,82.82,84.8,83.24,81.66,82.47
2026-03-04 10:51:43,91.4,93.35,88.5,85.67,90.72,93.2,90.03,85.37,86.44,86.19,83.04,82.95,84.63,81.05,82.59,81.04,78.2,80.35,78.91,79.29,80.75,76.22,82.94,81.42,79.9,79.57,77.42,76.54,79.74,81.4,82.33,78.64,78.66,82.84,83.37,82.38,82.91,84.05,77.78,80.38,81.66,82.89,82.82,79.88,83.73,86.93,85.2,80.21,81.93,83.38,80.18,79.21,85.37,83.27,81.83,82.99,85.0,83.35,81.64,82.34
2026-03-04 10:51:44,91.09,93.06,88.28,85.33,90.31,92.77,89.12,84.94,85.61,85.7,82.72,82.76,84.12,80.66,82.11,80.6,77.81,80.12,78.89,79.18,80.3,75.52,82.35,81.09,79.71,79.19,77.55,76.75,79.62,81.28,82.3,78.74,78.84,82.77,83.16,82.34,82.99,84.04,77.57,80.42,81.63,82.7,82.7,80.21,83.84,86.92,85.17,80.15,81.79,83.22,80.22,79.24,85.46,83.35,81.29,83.12,85.16,83.46,81.64,82.23
2026-03-04 10:51:45,90.82,92.8,88.05,85.05,89.85,92.32,88.25,84.53,84.81,85.16,82.44,82.62,83.66,80.29,81.52,80.14,77.47,79.92,78.88,79.09,79.87,74.96,81.78,80.72,79.47,78.78,77.63,76.92,79.47,81.1,82.25,78.83,78.99,82.7,82.94,82.22,82.94,83.95,77.38,80.43,81.56,82.49,82.48,80.35,83.8,86.75,85.07,80.07,81.55,82.84,80.05,79.21,85.41,83.32,80.8,83.19,85.23,83.5,81.57,82.07
2026-03-04 10:51:46,90.6,92.55,87.77,84.79,89.31,91.84,87.44,84.12,84.03,84.54,82.19,82.51,83.24,79.93,80.79,79.65,77.17,79.71,78.89,79.01,79.49,74.53,81.23,80.31,79.2,78.34,77.67,77.04,79.28,80.84,82.18,78.89,79.14,82.62,82.72,82.03,82.78,83.8,77.22,80.41,81.48,82.26,82.16,80.29,83.57,86.42,84.88,79.97,81.18,82.21,79.71,79.11,85.17,83.15,80.37,83.19,85.21,83.49,81.46,81.89
2026-03-04 10:51:47,90.41,92.32,87.46,84.56,88.7,91.35,86.68,83.71,83.27,83.88,81.96,82.44,82.88,79.59,79.94,79.13,76.91,79.51,78.91,78.93,79.13,74.23,80.71,79.87,78.89,77.88,77.67,77.11,79.06,80.5,82.09,78.92,79.27,82.56,82.49,81.79,82.53,83.59,77.09,80.38,81.39,82.01,81.75,80.06,83.19,85.94,84.61,79.83,80.69,81.37,79.21,78.94,84.79,82.87,79.99,83.13,85.13,83.44,81.29,81.68
2026-03-04 10:51:48,90.26,92.11,87.11,84.36,88.03,90.85,85.98,83.31,82.54,83.17,81.76,82.4,82.56,79.26,79.0,78.6,76.69,79.32,78.93,78.87,78.81,74.04,80.22,79.4,78.55,77.4,77.63,77.15,78.81,80.12,81.98,78.94,79.4,82.49,82.26,81.5,82.19,83.33,76.98,80.33,81.3,81.75,81.26,79.67,82.68,85.34,84.28,79.67,80.11,80.36,78.6,78.72,84.28,82.49,79.66,83.03,84.98,83.34,81.09,81.45
2026-03-04 10:51:49,90.15,91.92,86.73,84.18,87.32,90.35,85.34,82.93,81.84,82.44,81.59,82.38,82.28,78.94,78.0,78.06,76.49,79.13,78.97,78.81,78.52,73.95,79.76,78.93,78.2,76.91,77.57,77.14,78.54,79.68,81.86,78.93,79.52,82.43,82.04,81.19,81.79,83.04,76.9,80.26,81.2,81.49,80.72,79.15,82.07,84.64,83.89,79.5,79.45,79.21,77.88,78.46,83.66,82.03,79.38,82.88,84.78,83.2,80.85,81.21
2026-03-04 10:51:50,90.05,91.74,86.34,84.02,86.6,89.85,84.74,82.55,81.18,81.69,81.43,82.38,82.03,78.64,76.95,77.52,76.33,78.95,79.0,78.75,78.26,73.93,79.33,78.45,77.83,76.42,77.47,77.11,78.25,79.22,81.73,78.92,79.63,82.36,81.83,80.84,81.33,82.72,76.84,80.19,81.1,81.22,80.13,78.54,81.37,83.88,83.47,79.32,78.75,77.97,77.1,78.17,82.97,81.51,79.15,82.7,84.54,83.04,80.59,80.96
2026-03-04 10:51:51,89.96,91.55,85.97,83.9,85.94,89.36,84.15,82.17,80.6,80.96,81.25,82.38,81.78,78.31,75.95,77.02,76.22,78.78,79.02,78.66,78.02,73.93,78.97,78.01,77.49,75.95,77.38,77.07,77.95,78.73,81.53,78.91,79.73,82.27,81.58,80.48,80.87,82.4,76.84,80.15,81.01,80.99,79.59,77.9,80.63,83.11,83.07,79.19,78.12,76.84,76.32,77.87,82.29,81.04,78.97,82.52,84.28,82.86,80.33,80.72
2026-03-04 10:51:52,89.84,91.37,85.69,83.86,85.41,88.89,83.58,81.84,80.11,80.29,80.97,82.36,81.57,78.0,75.02,76.51,76.15,78.61,79.03,78.57,77.81,74.01,78.71,77.67,77.2,75.53,77.32,77.02,77.63,78.17,81.3,78.96,79.86,82.18,81.26,80.07,80.41,82.12,76.94,80.15,80.91,80.78,79.1,77.24,79.83,82.36,82.71,79.15,77.63,75.92,75.49,77.59,81.67,80.66,78.88,82.36,83.98,82.66,80.09,80.5
2026-03-04 10:51:53,89.69,91.19,85.5,83.9,84.97,88.44,83.03,81.55,79.71,79.67,80.6,82.35,81.39,77.73,74.16,75.99,76.12,78.45,79.05,78.51,77.62,74.17,78.55,77.44,76.97,75.17,77.27,76.94,77.31,77.55,81.06,79.05,80.03,82.11,80.88,79.61,79.97,81.87,77.11,80.21,80.81,80.6,78.67,76.57,78.98,81.63,82.4,79.19,77.28,75.19,74.6,77.32,81.12,80.36,78.85,82.24,83.65,82.44,79.85,80.3
2026-03-04 10:51:54,89.53,91.02,85.37,84.0,84.64,88.01,82.5,81.32,79.4,79.11,80.16,82.33,81.24,77.49,73.36,75.46,76.12,78.3,79.07,78.47,77.44,74.38,78.47,77.29,76.78,74.85,77.24,76.85,76.98,76.89,80.8,79.19,80.22,82.04,80.45,79.12,79.53,81.66,77.35,80.3,80.72,80.45,78.28,75.89,78.1,80.94,82.13,79.3,77.05,74.64,73.69,77.06,80.62,80.15,78.9,82.14,83.29,82.21,79.63,80.11
2026-03-04 10:51:55,89.36,90.86,85.32,84.16,84.38,87.61,82.0,81.13,79.16,78.6,79.66,82.31,81.12,77.28,72.62,74.93,76.15,78.15,79.1,78.45,77.28,74.65,78.47,77.23,76.65,74.57,77.23,76.74,76.65,76.2,80.54,79.35,80.44,81.99,79.98,78.61,79.11,81.48,77.64,80.43,80.63,80.32,77.93,75.22,77.2,80.28,81.9,79.47,76.92,74.24,72.75,76.82,80.17,80.0,78.99,82.06,82.92,81.97,79.42,79.93
2026-03-04 10:51:56,89.18,90.71,85.32,84.37,84.21,87.23,81.53,80.97,78.98,78.14,79.11,82.29,81.02,77.09,71.94,74.41,76.2,78.02,79.12,78.44,77.13,74.96,78.54,77.23,76.56,74.34,77.23,76.62,76.32,75.49,80.28,79.54,80.68,81.94,79.49,78.07,78.71,81.33,77.98,80.59,80.54,80.21,77.63,74.56,76.3,79.65,81.7,79.68,76.89,73.98,71.8,76.6,79.78,79.92,79.13,82.0,82.53,81.72,79.22,79.77
2026-03-04 10:51:57,88.99,90.57,85.37,84.62,84.1,86.88,81.08,80.85,78.87,77.73,78.54,82.27,80.96,76.93,71.32,73.9,76.27,77.89,79.14,78.44,77.0,75.3,78.66,77.29,76.5,74.15,77.25,76.49,76.0,74.77,80.01,79.75,80.93,81.91,78.98,77.53,78.33,81.21,78.35,80.77,80.46,80.12,77.36,73.91,75.4,79.05,81.53,79.94,76.94,73.85,70.85,76.38,79.44,79.89,79.31,81.97,82.13,81.46,79.03,79.62
2026-03-04 10:51:58,88.79,90.42,85.45,84.89,84.05,86.56,80.66,80.77,78.8,77.37,77.94,82.25,80.91,76.79,70.77,73.42,76.35,77.77,79.16,78.46,76.89,75.66,78.82,77.41,76.47,73.99,77.27,76.36,75.69,74.06,79.75,79.97,81.19,81.87,78.45,76.99,77.96,81.11,78.75,80.97,80.38,80.03,77.13,73.3,74.52,78.5,81.39,80.22,77.04,73.81,69.93,76.19,79.14,79.91,79.52,81.94,81.74,81.21,78.85,79.48
2026-03-04 10:51:59,88.57,90.2,85.52,85.16,84.06,86.25,80.32,80.74,78.75,77.03,77.41,82.21,80.89,76.68,70.39,73.05,76.49,77.68,79.17,78.5,76.84,76.06,79.01,77.55,76.46,73.91,77.34,76.24,75.47,73.46,79.48,80.18,81.41,81.78,77.91,76.5,77.64,81.03,79.15,81.18,80.33,79.92,76.93,72.82,73.79,78.03,81.29,80.47,77.16,73.84,69.18,76.06,78.9,79.98,79.74,81.89,81.33,80.94,78.69,79.39
2026-03-04 10:52:00,88.37,90.01,85.58,85.36,84.12,85.9,80.08,80.81,78.79,76.61,76.99,82.18,80.91,76.66,70.24,72.89,76.7,77.65,79.22,78.6,76.88,76.51,79.24,77.74,76.54,73.97,77.49,76.22,75.37,73.03,79.27,80.38,81.6,81.59,77.32,76.07,77.42,80.99,79.57,81.43,80.33,79.82,76.76,72.51,73.28,77.7,81.24,80.73,77.29,73.89,68.67,76.02,78.74,80.09,79.94,81.72,80.86,80.67,78.57,79.36
2026-03-04 10:52:01,88.19,89.84,85.63,85.49,84.2,85.53,79.96,80.98,78.92,76.12,76.68,82.14,80.96,76.73,70.3,72.93,76.99,77.7,79.31,78.73,76.98,77.01,79.52,77.99,76.7,74.16,77.71,76.28,75.37,72.76,79.11,80.59,81.77,81.31,76.69,75.68,77.27,80.99,80.0,81.71,80.39,79.73,76.64,72.34,72.97,77.5,81.26,81.0,77.44,73.98,68.37,76.07,78.65,80.25,80.12,81.44,80.34,80.4,78.5,79.37
2026-03-04 10:52:02,88.04,89.71,85.66,85.56,84.32,85.13,79.94,81.23,79.12,75.57,76.47,82.1,81.03,76.89,70.54,73.13,77.33,77.79,79.44,78.91,77.14,77.55,79.84,78.27,76.94,74.46,78.0,76.42,75.46,72.61,79.01,80.81,81.91,80.95,76.04,75.35,77.19,81.01,80.45,82.01,80.49,79.66,76.54,72.31,72.83,77.42,81.32,81.28,77.61,74.08,68.25,76.2,78.62,80.45,80.28,81.07,79.78,80.14,78.47,79.43
2026-03-04 10:52:03,87.9,89.61,85.7,85.58,84.46,84.72,79.99,81.55,79.39,74.98,76.33,82.05,81.13,77.11,70.93,73.47,77.73,77.94,79.59,79.11,77.35,78.12,80.19,78.58,77.23,74.86,78.34,76.62,75.62,72.59,78.96,81.02,82.02,80.54,75.38,75.06,77.18,81.06,80.9,82.33,80.62,79.6,76.48,72.39,72.85,77.45,81.43,81.56,77.8,74.21,68.29,76.39,78.66,80.68,80.42,80.63,79.18,79.89,78.48,79.53
2026-03-04 10:52:04,87.79,89.53,85.72,85.55,84.61,84.3,80.12,81.93,79.71,74.36,76.28,82.01,81.24,77.39,71.44,73.92,78.17,78.13,79.77,79.34,77.61,78.71,80.56,78.92,77.58,75.32,78.72,76.87,75.85,72.66,78.95,81.23,82.12,80.07,74.71,74.82,77.22,81.14,81.36,82.67,80.78,79.55,76.44,72.57,73.0,77.56,81.57,81.83,77.99,74.35,68.47,76.63,78.74,80.93,80.54,80.14,78.57,79.65,78.53,79.66
2026-03-04 10:52:05,87.69,89.47,85.74,85.49,84.78,83.87,80.3,82.34,80.07,73.71,76.28,81.97,81.36,77.71,72.06,74.48,78.63,78.35,79.96,79.58,77.89,79.31,80.94,79.27,77.96,75.85,79.13,77.17,76.13,72.82,78.97,81.44,82.19,79.57,74.04,74.62,77.31,81.23,81.81,83.01,80.96,79.52,76.43,72.83,73.26,77.74,81.74,82.11,78.19,74.5,68.77,76.91,78.86,81.19,80.65,79.59,77.94,79.42,78.6,79.81
2026-03-04 10:52:06,87.61,89.44,85.76,85.39,84.97,83.45,80.54,82.8,80.46,73.05,76.35,81.93,81.5,78.07,72.77,75.11,79.12,78.6,80.17,79.84,78.21,79.91,81.33,79.64,78.37,76.43,79.57,77.5,76.45,73.06,79.02,81.64,82.25,79.03,73.38,74.45,77.44,81.34,82.25,83.36,81.17,79.49,76.43,73.16,73.62,77.99,81.94,82.37,78.4,74.65,69.17,77.23,79.02,81.47,80.74,79.02,77.31,79.19,78.69,79.99
2026-03-04 10:52:07,87.54,89.42,85.76,85.26,85.15,83.03,80.81,83.27,80.88,72.38,76.46,81.89,81.64,78.46,73.54,75.81,79.62,78.87,80.39,80.11,78.54,80.5,81.73,80.01,78.81,77.05,80.03,77.86,76.81,73.36,79.1,81.84,82.3,78.48,72.73,74.32,77.6,81.46,82.68,83.7,81.39,79.48,76.46,73.55,74.05,78.29,82.16,82.63,78.6,74.82,69.64,77.58,79.21,81.76,80.82,78.41,76.68,78.98,78.81,80.18
2026-03-04 10:52:08,87.49,89.42,85.77,85.11,85.35,82.62,81.12,83.77,81.31,71.72,76.61,81.85,81.79,78.87,74.36,76.55,80.12,79.15,80.62,80.39,78.89,81.09,82.13,80.39,79.26,77.69,80.49,78.24,77.19,73.7,79.2,82.02,82.33,77.92,72.09,74.21,77.78,81.59,83.09,84.05,81.62,79.47,76.5,73.98,74.55,78.64,82.39,82.88,78.81,74.99,70.19,77.94,79.41,82.05,80.88,77.8,76.05,78.79,78.94,80.39
2026-03-04 10:52:09,87.45,89.43,85.77,84.95,85.54,82.22,81.46,84.27,81.76,71.07,76.79,81.82,81.95,79.3,75.21,77.33,80.63,79.44,80.85,80.66,79.24,81.67,82.52,80.76,79.72,78.34,80.96,78.64,77.59,74.09,79.32,82.2,82.34,77.36,71.48,74.13,77.99,81.72,83.49,84.38,81.85,79.47,76.55,74.44,75.1,79.01,82.63,83.12,79.01,75.15,70.78,78.32,79.64,82.34,80.93,77.17,75.45,78.6,79.08,80.6
2026-03-04 10:52:10,87.43,89.45,85.77,84.77,85.74,81.83,81.81,84.78,82.21,70.43,77.0,81.78,82.1,79.73,76.09,78.13,81.13,79.74,81.08,80.94,79.6,82.23,82.91,81.13,80.18,79.0,81.43,79.04,78.0,74.51,79.46,82.38,82.35,76.79,70.89,74.08,78.22,81.87,83.87,84.71,82.09,79.48,76.62,74.93,75.69,79.42,82.87,83.35,79.21,75.32,71.42,78.71,79.88,82.63,80.97,76.55,74.86,78.43,79.23,80.82
2026-03-04 10:52:11,87.41,89.49,85.77,84.59,85.94,81.47,82.18,85.28,82.66,69.82,77.24,81.75,82.26,80.17,76.97,78.93,81.62,80.04,81.31,81.2,79.96,82.76,83.27,81.48,80.63,79.65,81.87,79.44,78.42,74.95,79.6,82.54,82.35,76.25,70.34,74.05,78.46,82.01,84.23,85.02,82.33,79.49,76.69,75.44,76.3,79.83,83.12,83.56,79.4,75.49,72.08,79.1,80.13,82.92,80.99,75.94,74.29,78.27,79.39,81.04
2026-03-04 10:52:12,87.44,89.53,85.77,84.42,86.12,81.18,82.51,85.72,83.05,69.35,77.5,81.72,82.41,80.58,77.79,79.66,82.04,80.3,81.49,81.4,80.27,83.21,83.55,81.76,81.04,80.23,82.2,79.81,78.81,75.36,79.72,82.67,82.34,75.8,69.93,74.11,78.72,82.13,84.5,85.29,82.58,79.55,76.83,75.96,76.9,80.22,83.32,83.72,79.62,75.72,72.77,79.51,80.4,83.17,80.99,75.45,73.87,78.19,79.59,81.25
2026-03-04 10:52:13,87.42,89.5,85.69,84.19,86.24,80.91,82.64,85.93,83.24,68.9,77.67,81.58,82.48,80.86,78.5,80.26,82.33,80.51,81.62,81.5,80.39,83.53,83.73,81.96,81.34,80.63,82.42,80.1,79.12,75.65,79.74,82.74,82.31,75.48,69.68,74.29,78.98,82.23,84.64,85.46,82.79,79.63,76.97,76.48,77.48,80.56,83.35,83.77,79.85,76.01,73.46,79.9,80.66,83.41,81.0,75.12,73.61,78.19,79.82,81.39
2026-03-04 10:52:14,87.32,89.38,85.55,83.87,86.32,80.67,82.58,85.93,83.23,68.41,77.72,81.29,82.46,80.97,79.1,80.75,82.53,80.71,81.72,81.52,80.29,83.75,83.84,82.07,81.53,80.83,82.54,80.3,79.36,75.83,79.68,82.74,82.28,75.27,69.56,74.57,79.19,82.29,84.66,85.54,82.95,79.69,77.07,76.99,78.05,80.84,83.19,83.71,80.1,76.34,74.13,80.27,80.91,83.64,81.04,74.95,73.51,78.26,80.04,81.45
2026-03-04 10:52:15,87.17,89.2,85.36,83.49,86.34,80.45,82.33,85.74,83.03,67.89,77.67,80.88,82.37,80.95,79.6,81.13,82.64,80.88,81.8,81.47,80.01,83.86,83.87,82.11,81.61,80.84,82.58,80.43,79.54,75.92,79.57,82.7,82.23,75.16,69.57,74.94,79.37,82.32,84.58,85.52,83.07,79.75,77.14,77.5,78.61,81.06,82.86,83.56,80.35,76.7,74.79,80.61,81.14,83.86,81.1,74.91,73.54,78.38,80.25,81.42
2026-03-04 10:52:16,86.97,88.96,85.13,83.05,86.33,80.25,81.94,85.38,82.69,67.36,77.54,80.38,82.2,80.8,80.01,81.43,82.68,81.03,81.86,81.37,79.56,83.9,83.86,82.09,81.61,80.7,82.54,80.48,79.66,75.92,79.4,82.61,82.17,75.13,69.68,75.37,79.52,82.32,84.41,85.43,83.16,79.79,77.18,77.99,79.14,81.23,82.39,83.34,80.6,77.1,75.42,80.92,81.37,84.07,81.18,75.0,73.68,78.55,80.46,81.32
2026-03-04 10:52:17,86.74,88.67,84.86,82.58,86.29,80.07,81.42,84.89,82.21,66.8,77.33,79.79,81.98,80.55,80.33,81.64,82.65,81.17,81.91,81.23,78.98,83.86,83.79,82.02,81.53,80.42,82.44,80.47,79.74,75.86,79.18,82.48,82.1,75.18,69.88,75.87,79.64,82.3,84.17,85.28,83.22,79.83,77.19,78.47,79.64,81.36,81.8,83.05,80.85,77.51,76.03,81.21,81.58,84.27,81.29,75.18,73.92,78.76,80.66,81.16
2026-03-04 10:52:18,86.46,88.34,84.57,82.07,86.22,79.91,80.79,84.29,81.62,66.25,77.06,79.15,81.71,80.21,80.58,81.79,82.56,81.29,81.93,81.04,78.3,83.75,83.68,81.9,81.39,80.04,82.28,80.41,79.77,75.73,78.93,82.33,82.03,75.28,70.16,76.41,79.73,82.26,83.86,85.07,83.25,79.86,77.18,78.94,80.13,81.45,81.12,82.71,81.09,77.93,76.6,81.47,81.78,84.45,81.4,75.44,74.24,79.0,80.85,80.95
2026-03-04 10:52:19,86.17,87.98,84.26,81.54,86.12,79.77,80.08,83.59,80.95,65.69,76.73,78.45,81.4,79.81,80.76,81.87,82.42,81.4,81.95,80.82,77.52,83.6,83.54,81.74,81.19,79.56,82.08,80.3,79.77,75.56,78.65,82.14,81.95,75.44,70.5,76.99,79.8,82.2,83.51,84.82,83.25,79.89,77.16,79.38,80.58,81.5,80.37,82.33,81.34,78.37,77.15,81.71,81.96,84.62,81.53,75.78,74.63,79.26,81.04,80.7
2026-03-04 10:52:20,85.85,87.6,83.94,81.0,86.01,79.64,79.31,82.82,80.21,65.14,76.37,77.72,81.07,79.34,80.89,81.89,82.25,81.49,81.95,80.57,76.67,83.4,83.36,81.55,80.95,79.0,81.84,80.15,79.74,75.34,78.35,81.94,81.87,75.65,70.89,77.58,79.85,82.12,83.12,84.53,83.23,79.9,77.12,79.8,81.01,81.51,79.56,81.91,81.57,78.8,77.66,81.92,82.13,84.78,81.67,76.18,75.07,79.54,81.21,80.42
2026-03-04 10:52:21,85.52,87.21,83.6,80.45,85.88,79.53,78.48,81.99,79.41,64.6,75.98,76.96,80.71,78.82,80.96,81.86,82.04,81.57,81.94,80.31,75.78,83.16,83.16,81.33,80.66,78.38,81.56,79.98,79.68,75.09,78.03,81.72,81.79,75.89,71.32,78.2,79.88,82.04,82.69,84.21,83.19,79.92,77.06,80.2,81.41,81.51,78.7,81.47,81.8,79.23,78.15,82.12,82.29,84.93,81.81,76.62,75.55,79.84,81.38,80.11
2026-03-04 10:52:22,85.19,86.8,83.26,79.9,85.73,79.43,77.62,81.12,78.58,64.08,75.56,76.19,80.33,78.28,80.98,81.79,81.8,81.64,81.92,80.03,74.84,82.89,82.95,81.1,80.35,77.72,81.27,79.77,79.59,74.81,77.7,81.49,81.7,76.16,71.78,78.82,79.89,81.95,82.25,83.87,83.14,79.92,77.0,80.58,81.78,81.47,77.82,81.02,82.01,79.65,78.6,82.29,82.44,85.06,81.96,77.1,76.07,80.15,81.53,79.78
2026-03-04 10:52:23,84.85,86.4,82.92,79.36,85.58,79.35,76.74,80.23,77.72,63.57,75.12,75.42,79.95,77.7,80.96,81.69,81.55,81.7,81.89,79.74,73.89,82.6,82.72,80.84,80.02,77.02,80.96,79.55,79.49,74.5,77.36,81.25,81.62,76.46,72.26,79.43,79.89,81.85,81.79,83.51,83.07,79.93,76.92,80.93,82.12,81.42,76.92,80.55,82.22,80.07,79.02,82.44,82.57,85.18,82.11,77.6,76.61,80.46,81.67,79.44
2026-03-04 10:52:24,84.51,85.99,82.59,78.82,85.42,79.28,75.85,79.32,76.86,63.08,74.68,74.65,79.56,77.11,80.91,81.55,81.28,81.74,81.86,79.44,72.93,82.29,82.48,80.58,79.67,76.3,80.63,79.31,79.37,74.19,77.02,81.0,81.54,76.77,72.76,80.05,79.87,81.74,81.32,83.15,82.99,79.93,76.84,81.26,82.44,81.35,76.01,80.09,82.41,80.47,79.4,82.57,82.69,85.3,82.26,78.13,77.17,80.77,81.81,79.09
2026-03-04 10:52:25,84.17,85.58,82.26,78.3,85.26,79.22,74.96,78.41,75.98,62.61,74.23,73.89,79.17,76.52,80.83,81.39,80.99,81.78,81.82,79.15,71.96,81.97,82.23,80.31,79.31,75.56,80.3,79.06,79.24,73.86,76.69,80.76,81.46,77.09,73.26,80.65,79.85,81.64,80.85,82.77,82.91,79.93,76.75,81.56,82.72,81.27,75.11,79.62,82.6,80.86,79.75,82.69,82.8,85.4,82.4,78.66,77.73,81.08,81.93,78.73
2026-03-04 10:52:26,83.85,85.2,81.95,77.82,85.11,79.19,74.11,77.54,75.14,62.2,73.8,73.17,78.79,75.94,80.73,81.22,80.71,81.81,81.78,78.85,71.02,81.65,81.99,80.05,78.96,74.84,79.97,78.81,79.1,73.53,76.36,80.52,81.38,77.42,73.76,81.22,79.81,81.53,80.38,82.41,82.82,79.93,76.67,81.84,82.98,81.17,74.23,79.16,82.77,81.23,80.08,82.79,82.91,85.49,82.55,79.2,78.28,81.38,82.04,78.39
2026-03-04 10:52:27,83.68,85.0,81.82,77.54,85.09,79.32,73.53,76.89,74.55,62.07,73.55,72.69,78.57,75.53,80.71,81.13,80.49,81.86,81.76,78.56,70.24,81.34,81.8,79.85,78.67,74.24,79.69,78.58,78.99,73.27,76.08,80.33,81.33,77.75,74.24,81.67,79.74,81.37,79.91,82.02,82.76,79.97,76.65,82.08,83.19,81.06,73.46,78.77,82.91,81.54,80.39,82.92,83.04,85.57,82.7,79.73,78.8,81.66,82.11,78.12
2026-03-04 10:52:28,83.63,84.99,81.9,77.49,85.16,79.61,73.25,76.48,74.21,62.24,73.48,72.45,78.5,75.33,80.77,81.08,80.3,81.94,81.78,78.38,69.72,81.14,81.67,79.64,78.42,73.78,79.45,78.39,78.94,73.09,75.89,80.21,81.29,78.06,74.68,81.99,79.6,81.16,79.46,81.63,82.7,80.02,76.66,82.27,83.34,80.98,72.87,78.48,83.03,81.8,80.69,83.03,83.18,85.64,82.8,80.21,79.34,81.95,82.18,77.94
2026-03-04 10:52:29,83.71,85.11,82.15,77.65,85.26,80.03,73.25,76.34,74.16,62.73,73.59,72.45,78.6,75.32,80.94,81.14,80.22,82.09,81.88,78.29,69.45,81.05,81.62,79.53,78.24,73.45,79.27,78.28,78.9,73.04,75.83,80.16,81.31,78.41,75.14,82.18,79.49,81.01,79.09,81.26,82.65,80.08,76.72,82.37,83.48,80.95,72.48,78.29,83.11,81.99,80.97,83.17,83.37,85.72,82.88,80.66,79.89,82.22,82.23,77.84
2026-03-04 10:52:30,83.92,85.34,82.56,77.97,85.34,80.58,73.51,76.47,74.39,63.51,73.89,72.68,78.85,75.45,81.22,81.32,80.3,82.34,82.04,78.26,69.4,81.08,81.67,79.55,78.19,73.28,79.16,78.22,78.86,73.14,75.92,80.2,81.38,78.82,75.65,82.23,79.44,80.94,78.81,80.89,82.61,80.17,76.82,82.38,83.62,81.0,72.29,78.21,83.14,82.14,81.27,83.35,83.59,85.83,83.0,81.13,80.46,82.43,82.25,77.82
2026-03-04 10:52:31,84.26,85.68,83.11,78.47,85.47,81.22,73.97,76.82,74.85,64.53,74.36,73.08,79.21,75.74,81.6,81.61,80.51,82.64,82.25,78.31,69.54,81.18,81.78,79.64,78.21,73.24,79.12,78.22,78.85,73.36,76.11,80.28,81.46,79.27,76.21,82.2,79.44,80.93,78.56,80.54,82.55,80.29,76.97,82.36,83.78,81.1,72.24,78.21,83.15,82.22,81.59,83.56,83.85,85.94,83.14,81.59,81.03,82.62,82.24,77.87
2026-03-04 10:52:32,84.68,86.14,83.8,79.15,85.72,81.91,74.53,77.34,75.51,65.77,75.0,73.6,79.64,76.16,82.07,82.0,80.81,82.95,82.47,78.49,69.87,81.34,81.92,79.67,78.23,73.34,79.19,78.31,78.92,73.68,76.34,80.33,81.51,79.72,76.81,82.21,79.48,80.96,78.27,80.23,82.44,80.42,77.2,82.39,83.98,81.23,72.29,78.24,83.2,82.24,81.94,83.83,84.14,86.03,83.23,81.99,81.59,82.81,82.17,78.03
2026-03-04 10:52:33,85.18,86.71,84.61,79.99,86.1,82.63,75.16,77.99,76.33,67.19,75.78,74.22,80.12,76.71,82.61,82.46,81.2,83.25,82.68,78.77,70.37,81.55,82.08,79.66,78.23,73.55,79.34,78.48,79.06,74.08,76.62,80.36,81.52,80.16,77.44,82.25,79.57,81.03,77.93,79.97,82.28,80.54,77.48,82.49,84.22,81.4,72.42,78.32,83.28,82.2,82.3,84.15,84.45,86.09,83.28,82.33,82.12,83.01,82.07,78.28
2026-03-04 10:52:34,85.73,87.33,85.46,80.92,86.55,83.34,75.89,78.75,77.25,68.73,76.67,74.92,80.64,77.35,83.18,82.98,81.65,83.51,82.91,79.12,70.98,81.76,82.26,79.64,78.21,73.85,79.55,78.72,79.28,74.52,76.92,80.39,81.51,80.58,78.06,82.28,79.69,81.12,77.57,79.77,82.09,80.65,77.78,82.59,84.44,81.57,72.6,78.4,83.32,82.1,82.67,84.5,84.77,86.11,83.3,82.61,82.61,83.21,81.94,78.59
2026-03-04 10:52:35,86.3,87.96,86.3,81.87,87.06,84.09,76.75,79.58,78.23,70.35,77.61,75.71,81.24,78.06,83.76,83.55,82.15,83.76,83.17,79.5,71.67,82.0,82.48,79.68,78.22,74.19,79.75,79.01,79.54,74.98,77.26,80.48,81.49,80.93,78.61,82.26,79.86,81.23,77.24,79.62,81.95,80.74,78.04,82.64,84.62,81.75,72.85,78.45,83.28,81.94,83.01,84.8,85.02,86.06,83.26,82.87,83.08,83.39,81.83,78.91
2026-03-04 10:52:36,86.87,88.56,87.11,82.81,87.61,84.91,77.72,80.46,79.2,71.97,78.57,76.55,81.91,78.8,84.31,84.12,82.67,83.99,83.42,79.93,72.43,82.25,82.68,79.78,78.33,74.55,79.94,79.34,79.8,75.43,77.65,80.61,81.43,81.2,79.08,82.23,80.03,81.35,76.99,79.53,81.83,80.81,78.32,82.67,84.76,81.93,73.14,78.47,83.25,81.85,83.34,85.01,85.21,85.94,83.22,83.14,83.47,83.53,81.78,79.25
2026-03-04 10:52:37,87.44,89.14,87.92,83.81,88.2,85.74,78.72,81.38,80.21,73.61,79.57,77.45,82.57,79.57,84.86,84.69,83.21,84.26,83.68,80.39,73.25,82.5,82.88,79.94,78.49,74.93,80.12,79.65,80.07,75.89,78.04,80.77,81.4,81.44,79.53,82.22,80.18,81.46,76.81,79.44,81.68,80.86,78.61,82.61,84.82,82.03,73.49,78.51,83.21,81.77,83.68,85.21,85.35,85.79,83.15,83.42,83.83,83.67,81.81,79.62
2026-03-04 10:52:38,88.01,89.73,88.77,84.85,88.77,86.54,79.73,82.27,81.24,75.24,80.55,78.35,83.16,80.29,85.38,85.22,83.7,84.53,83.94,80.85,74.1,82.7,83.03,80.12,78.7,75.35,80.31,79.94,80.33,76.36,78.46,80.99,81.43,81.61,79.95,82.23,80.33,81.57,76.72,79.36,81.51,80.91,78.92,82.57,84.86,82.09,73.91,78.63,83.17,81.69,83.99,85.34,85.38,85.58,83.03,83.7,84.18,83.83,81.86,79.95
2026-03-04 10:52:39,88.63,90.38,89.62,85.92,89.39,87.35,80.77,83.16,82.27,76.85,81.51,79.27,83.73,81.0,85.85,85.69,84.14,84.82,84.2,81.29,74.98,82.9,83.16,80.37,78.96,75.8,80.52,80.14,80.51,76.82,78.83,81.25,81.51,81.73,80.35,82.26,80.46,81.67,76.73,79.32,81.33,80.96,79.21,82.56,84.87,82.16,74.4,78.78,83.11,81.63,84.22,85.44,85.39,85.32,82.88,83.92,84.47,83.98,81.91,80.28
2026-03-04 10:52:40,89.27,91.02,90.45,87.0,90.08,88.18,81.87,84.07,83.3,78.45,82.48,80.22,84.18,81.73,86.31,86.16,84.53,85.12,84.43,81.65,75.81,83.05,83.27,80.62,79.26,76.25,80.71,80.26,80.63,77.29,79.18,81.48,81.6,81.86,80.73,82.28,80.57,81.76,76.83,79.33,81.19,81.0,79.45,82.56,84.88,82.25,74.94,79.0,83.09,81.6,84.4,85.5,85.42,85.11,82.71,84.1,84.72,84.07,81.99,80.62
2026-03-04 10:52:41,89.94,91.67,91.26,88.05,90.8,89.02,82.98,84.98,84.31,79.95,83.44,81.16,84.52,82.47,86.78,86.62,84.9,85.39,84.56,81.88,76.57,83.16,83.38,80.82,79.57,76.67,80.88,80.36,80.73,77.75,79.51,81.65,81.63,81.98,81.05,82.25,80.71,81.85,76.99,79.37,81.08,81.04,79.68,82.59,84.91,82.32,75.54,79.27,83.1,81.6,84.5,85.46,85.43,84.96,82.57,84.28,84.96,84.1,82.07,80.91
2026-03-04 10:52:42,90.62,92.34,91.99,89.06,91.5,89.78,84.13,85.93,85.27,81.33,84.37,82.06,84.88,83.21,87.25,87.04,85.27,85.59,84.66,82.06,77.32,83.24,83.51,81.03,79.87,77.08,81.07,80.43,80.81,78.18,79.82,81.79,81.63,82.11,81.31,82.2,80.83,81.91,77.18,79.43,81.0,81.09,79.95,82.58,84.91,82.4,76.18,79.56,83.07,81.59,84.56,85.36,85.42,84.83,82.43,84.43,85.18,84.07,82.13,81.18
2026-03-04 10:52:43,91.32,93.04,92.71,90.06,92.2,90.5,85.29,86.92,86.21,82.61,85.3,82.95,85.27,83.92,87.73,87.43,85.61,85.77,84.79,82.25,78.08,83.34,83.67,81.22,80.17,77.5,81.25,80.49,80.85,78.54,80.13,81.91,81.64,82.24,81.57,82.17,80.91,81.95,77.34,79.49,80.92,81.11,80.21,82.6,84.93,82.48,76.87,79.9,82.99,81.58,84.63,85.27,85.34,84.68,82.34,84.56,85.37,84.05,82.2,81.41
2026-03-04 10:52:44,92.04,93.76,93.41,91.02,92.91,91.23,86.42,87.91,87.15,83.86,86.23,83.86,85.72,84.65,88.21,87.8,85.95,85.98,84.94,82.48,78.82,83.48,83.84,81.4,80.41,77.89,81.36,80.51,80.85,78.84,80.44,82.05,81.67,82.37,81.81,82.19,81.07,82.06,77.55,79.56,80.77,81.12,80.43,82.59,85.0,82.65,77.59,80.31,82.96,81.62,84.7,85.19,85.22,84.55,82.33,84.67,85.56,84.04,82.23,81.58
2026-03-04 10:52:45,92.76,94.49,94.09,91.92,93.59,91.95,87.52,88.89,88.07,85.07,87.12,84.76,86.18,85.38,88.67,88.15,86.27,86.18,85.09,82.76,79.51,83.64,84.03,81.58,80.55,78.26,81.38,80.47,80.81,79.1,80.74,82.19,81.7,82.5,82.04,82.27,81.32,82.25,77.83,79.65,80.53,81.11,80.63,82.52,85.12,82.88,78.34,80.78,83.0,81.7,84.77,85.1,85.04,84.46,82.37,84.73,85.75,84.05,82.23,81.7
2026-03-04 10:52:46,93.46,95.21,94.74,92.74,94.25,92.64,88.57,89.84,88.96,86.23,87.99,85.63,86.67,86.09,89.11,88.48,86.57,86.38,85.24,83.07,80.14,83.79,84.24,81.76,80.61,78.6,81.34,80.39,80.75,79.33,81.03,82.33,81.74,82.63,82.25,82.4,81.64,82.49,78.18,79.76,80.23,81.09,80.81,82.42,85.27,83.16,79.09,81.3,83.1,81.82,84.83,85.0,84.82,84.42,82.46,84.76,85.93,84.06,82.19,81.78
2026-03-04 10:52:47,94.0,95.82,95.29,93.47,94.82,93.29,89.56,90.72,89.8,87.31,88.78,86.42,87.12,86.74,89.49,88.75,86.79,86.57,85.4,83.36,80.72,83.94,84.42,81.94,80.65,78.89,81.23,80.35,80.72,79.58,81.34,82.47,81.76,82.74,82.46,82.55,81.98,82.71,78.54,79.88,79.95,81.04,80.94,82.29,85.42,83.42,79.81,81.75,83.18,81.94,84.88,84.9,84.59,84.38,82.58,84.77,86.05,84.07,82.16,81.87
2026-03-04 10:52:48,94.45,96.37,95.79,94.13,95.33,93.88,90.46,91.54,90.6,88.27,89.5,87.13,87.51,87.28,89.78,88.94,86.93,86.75,85.55,83.58,81.25,84.11,84.56,82.11,80.69,79.13,81.1,80.33,80.73,79.82,81.64,82.62,81.74,82.83,82.66,82.7,82.3,82.94,78.93,80.01,79.72,80.98,81.04,82.21,85.58,83.66,80.42,82.08,83.18,82.04,84.94,84.81,84.38,84.34,82.7,84.78,86.13,84.09,82.16,82.0
2026-03-04 10:52:49,94.92,96.9,96.3,94.77,95.8,94.45,91.35,92.36,91.4,89.19,90.19,87.76,87.8,87.72,90.04,89.14,87.06,86.9,85.68,83.78,81.76,84.3,84.66,82.31,80.8,79.39,81.04,80.37,80.82,80.11,81.96,82.77,81.74,82.92,82.87,82.87,82.61,83.19,79.32,80.16,79.56,80.93,81.14,82.21,85.75,83.89,81.0,82.39,83.19,82.09,84.92,84.74,84.18,84.32,82.8,84.75,86.17,84.12,82.2,82.17
2026-03-04 10:52:50,95.39,97.39,96.81,95.36,96.27,95.01,92.23,93.14,92.17,90.07,90.84,88.37,88.09,88.1,90.25,89.29,87.17,87.04,85.77,83.99,82.24,84.5,84.76,82.47,80.9,79.61,81.0,80.46,80.95,80.39,82.25,82.91,81.73,82.97,83.07,83.01,82.85,83.39,79.68,80.31,79.46,80.9,81.19,82.24,85.87,84.14,81.61,82.76,83.24,82.12,84.88,84.7,84.03,84.29,82.87,84.66,86.12,84.14,82.25,82.35
2026-03-04 10:52:51,95.81,97.86,97.31,95.92,96.7,95.52,93.05,93.85,92.89,90.89,91.42,88.94,88.41,88.46,90.44,89.37,87.26,87.15,85.85,84.17,82.64,84.66,84.83,82.61,81.0,79.83,80.99,80.57,81.08,80.64,82.42,82.99,81.71,82.98,83.2,83.08,82.97,83.54,79.99,80.43,79.31,80.83,81.27,82.34,85.98,84.37,82.2,83.12,83.29,82.1,84.77,84.64,83.86,84.23,82.91,84.59,86.06,84.12,82.24,82.51
2026-03-04 10:52:52,96.16,98.26,97.76,96.43,97.05,95.92,93.74,94.46,93.47,91.58,91.91,89.41,88.69,88.77,90.58,89.38,87.3,87.22,85.91,84.31,82.97,84.81,84.85,82.75,81.14,80.04,80.99,80.67,81.19,80.85,82.54,83.04,81.64,82.89,83.26,83.12,83.03,83.64,80.26,80.5,79.17,80.8,81.37,82.47,86.05,84.56,82.75,83.42,83.32,82.08,84.59,84.53,83.63,84.12,82.89,84.51,85.98,84.04,82.2,82.65
2026-03-04 10:52:53,96.39,98.59,98.12,96.84,97.25,96.16,94.24,94.9,93.85,92.04,92.21,89.71,88.86,88.88,90.6,89.3,87.28,87.22,85.9,84.36,83.2,84.92,84.83,82.83,81.31,80.26,80.99,80.73,81.29,81.01,82.62,83.07,81.6,82.84,83.3,83.11,83.04,83.7,80.51,80.52,79.06,80.83,81.5,82.58,86.08,84.72,83.19,83.66,83.35,82.06,84.38,84.4,83.39,84.0,82.84,84.39,85.89,83.96,82.13,82.73
2026-03-04 10:52:54,96.48,98.79,98.34,97.07,97.26,96.24,94.57,95.21,94.11,92.3,92.35,89.87,88.87,88.77,90.46,89.06,87.12,87.13,85.81,84.33,83.34,84.94,84.77,82.78,81.41,80.38,80.9,80.69,81.35,81.15,82.65,83.0,81.51,82.79,83.29,83.02,82.99,83.66,80.68,80.51,78.98,80.85,81.61,82.63,86.03,84.83,83.53,83.8,83.33,82.0,84.12,84.24,83.12,83.9,82.81,84.24,85.75,83.89,82.08,82.77
2026-03-04 10:52:55,96.4,98.83,98.36,97.12,97.08,96.11,94.69,95.35,94.21,92.36,92.33,89.88,88.69,88.55,90.18,88.69,86.86,86.94,85.64,84.2,83.32,84.81,84.6,82.56,81.44,80.46,80.75,80.49,81.34,81.22,82.61,82.82,81.35,82.66,83.11,82.79,82.85,83.59,80.84,80.49,78.9,80.83,81.64,82.63,85.85,84.87,83.81,83.9,83.26,81.87,83.83,84.08,82.83,83.77,82.75,84.1,85.59,83.84,81.96,82.77
2026-03-04 10:52:56,96.23,98.77,98.11,97.06,96.82,95.88,94.65,95.32,94.13,92.18,92.18,89.77,88.36,88.28,89.84,88.29,86.51,86.71,85.44,84.03,83.2,84.51,84.32,82.11,81.42,80.53,80.59,80.22,81.26,81.23,82.54,82.62,81.16,82.46,82.81,82.37,82.61,83.47,80.97,80.45,78.78,80.75,81.51,82.59,85.51,84.79,84.01,83.95,83.1,81.64,83.49,83.91,82.54,83.64,82.7,83.99,85.45,83.78,81.69,82.74
2026-03-04 10:52:57,95.99,98.6,97.62,96.9,96.5,95.55,94.47,95.12,93.89,91.77,91.93,89.56,87.91,87.98,89.47,87.87,86.09,86.44,85.21,83.83,83.01,84.09,83.93,81.45,81.36,80.61,80.42,79.89,81.13,81.18,82.43,82.4,80.95,82.2,82.42,81.78,82.27,83.31,81.07,80.4,78.62,80.62,81.25,82.5,85.04,84.61,84.13,83.95,82.87,81.34,83.11,83.73,82.25,83.52,82.67,83.92,85.35,83.71,81.26,82.68
2026-03-04 10:52:58,95.7,98.36,96.93,96.66,96.14,95.15,94.18,94.79,93.51,91.18,91.59,89.26,87.37,87.67,89.06,87.45,85.61,86.15,84.97,83.6,82.74,83.54,83.45,80.62,81.28,80.69,80.25,79.51,80.96,81.09,82.29,82.17,80.73,81.89,81.97,81.06,81.85,83.12,81.15,80.33,78.43,80.44,80.86,82.38,84.44,84.34,84.19,83.92,82.57,80.96,82.69,83.55,81.96,83.39,82.66,83.88,85.27,83.65,80.72,82.6
2026-03-04 10:52:59,95.36,98.05,96.08,96.36,95.74,94.68,93.8,94.35,93.02,90.44,91.18,88.89,86.75,87.33,88.64,87.01,85.09,85.83,84.71,83.35,82.42,82.91,82.91,79.65,81.17,80.76,80.08,79.1,80.75,80.96,82.13,81.94,80.5,81.54,81.46,80.22,81.37,82.9,81.21,80.24,78.22,80.23,80.37,82.23,83.74,84.0,84.2,83.85,82.22,80.52,82.25,83.37,81.68,83.26,82.65,83.86,85.22,83.58,80.07,82.5
2026-03-04 10:53:00,94.98,97.68,95.09,96.01,95.32,94.18,93.33,93.81,92.43,89.57,90.71,88.46,86.07,86.99,88.2,86.58,84.53,85.5,84.44,83.08,82.05,82.2,82.31,78.57,81.03,80.84,79.9,78.67,80.52,80.8,81.96,81.7,80.26,81.15,80.91,79.3,80.85,82.66,81.24,80.15,77.98,79.98,79.81,82.06,82.97,83.6,84.16,83.74,81.83,80.05,81.79,83.2,81.4,83.14,82.67,83.88,85.2,83.5,79.33,82.38
2026-03-04 10:53:01,94.57,97.27,93.99,95.61,94.88,93.63,92.8,93.2,91.77,88.59,90.18,87.98,85.34,86.64,87.75,86.15,83.95,85.17,84.17,82.81,81.64,81.44,81.67,77.41,80.88,80.91,79.73,78.22,80.26,80.61,81.77,81.46,80.02,80.74,80.32,78.31,80.28,82.41,81.26,80.04,77.73,79.71,79.17,81.86,82.14,83.15,84.07,83.62,81.41,79.53,81.32,83.02,81.13,83.02,82.69,83.91,85.19,83.43,78.54,82.25
2026-03-04 10:53:02,94.12,96.83,92.89,95.21,94.41,93.06,92.22,92.54,91.06,87.55,89.63,87.46,84.56,86.25,87.27,85.7,83.33,84.82,83.89,82.52,81.19,80.65,81.01,76.23,80.71,80.96,79.55,77.74,79.98,80.39,81.56,81.22,79.79,80.33,79.72,77.31,79.74,82.17,81.28,79.94,77.48,79.42,78.51,81.65,81.3,82.69,83.94,83.44,80.98,79.03,80.87,82.86,80.89,82.91,82.7,83.92,85.15,83.37,77.78,82.12
2026-03-04 10:53:03,93.61,96.39,91.96,94.84,93.92,92.42,91.54,91.85,90.37,86.55,89.06,86.9,83.69,85.71,86.61,85.22,82.66,84.43,83.57,82.18,80.71,79.93,80.42,75.2,80.53,80.93,79.36,77.29,79.69,80.11,81.33,80.95,79.51,79.9,79.11,76.41,79.29,81.96,81.28,79.84,77.26,79.09,77.86,81.42,80.54,82.26,83.74,83.16,80.59,78.63,80.46,82.68,80.66,82.81,82.67,83.84,85.04,83.33,77.2,82.0
2026-03-04 10:53:04,93.06,95.97,91.22,94.52,93.39,91.7,90.75,91.13,89.7,85.65,88.51,86.3,82.78,85.02,85.74,84.69,81.96,84.01,83.19,81.8,80.23,79.29,79.91,74.36,80.35,80.82,79.16,76.93,79.39,79.75,81.09,80.63,79.18,79.43,78.51,75.6,78.95,81.78,81.25,79.75,77.08,78.72,77.19,81.15,79.86,81.86,83.48,82.78,80.28,78.31,80.07,82.48,80.43,82.7,82.58,83.67,84.9,83.33,76.8,81.87
2026-03-04 10:53:05,92.48,95.58,90.64,94.25,92.85,90.95,89.89,90.39,89.05,84.85,87.96,85.67,81.83,84.2,84.7,84.13,81.23,83.55,82.77,81.37,79.75,78.72,79.49,73.71,80.17,80.66,78.96,76.63,79.1,79.36,80.86,80.28,78.81,78.94,77.92,74.89,78.69,81.61,81.2,79.68,76.93,78.34,76.54,80.87,79.25,81.49,83.19,82.33,80.04,78.09,79.71,82.26,80.21,82.6,82.44,83.44,84.73,83.35,76.55,81.73
2026-03-04 10:53:06,91.85,95.1,90.14,94.0,92.36,90.24,89.03,89.63,88.35,84.13,87.42,85.05,80.93,83.37,83.64,83.59,80.56,83.08,82.34,80.93,79.32,78.25,79.14,73.21,80.03,80.51,78.81,76.43,78.88,79.04,80.67,79.97,78.5,78.51,77.35,74.29,78.51,81.46,81.14,79.64,76.87,78.03,75.99,80.6,78.69,81.15,82.85,81.87,79.86,77.96,79.44,82.08,80.05,82.51,82.32,83.21,84.56,83.41,76.35,81.59
2026-03-04 10:53:07,91.18,94.51,89.67,93.78,91.95,89.63,88.24,88.87,87.57,83.47,86.89,84.45,80.12,82.56,82.64,83.09,79.96,82.6,81.92,80.49,78.96,77.87,78.85,72.84,79.93,80.4,78.71,76.32,78.76,78.84,80.55,79.74,78.29,78.19,76.82,73.79,78.4,81.34,81.09,79.66,76.91,77.84,75.59,80.35,78.18,80.82,82.47,81.44,79.74,77.93,79.28,81.98,79.96,82.44,82.25,83.03,84.43,83.49,76.17,81.44
2026-03-04 10:53:08,90.48,93.83,89.23,93.57,91.62,89.11,87.49,88.1,86.73,82.88,86.37,83.87,79.39,81.8,81.69,82.63,79.43,82.12,81.51,80.05,78.66,77.56,78.61,72.6,79.87,80.32,78.67,76.29,78.73,78.75,80.5,79.57,78.17,77.96,76.31,73.38,78.35,81.22,81.04,79.73,77.03,77.74,75.32,80.12,77.71,80.51,82.08,81.04,79.68,77.98,79.23,81.93,79.93,82.4,82.2,82.89,84.32,83.59,76.01,81.29
2026-03-04 10:53:09,89.77,93.09,88.83,93.39,91.36,88.66,86.8,87.34,85.86,82.35,85.87,83.31,78.73,81.06,80.8,82.2,78.96,81.64,81.11,79.6,78.4,77.33,78.43,72.47,79.83,80.27,78.67,76.33,78.76,78.75,80.49,79.45,78.12,77.81,75.84,73.06,78.35,81.12,81.0,79.83,77.22,77.72,75.15,79.92,77.29,80.22,81.66,80.66,79.66,78.11,79.25,81.93,79.95,82.37,82.19,82.77,84.23,83.71,75.85,81.13
2026-03-04 10:53:10,89.1,92.37,88.42,93.17,91.13,88.25,86.13,86.62,85.03,81.86,85.34,82.77,78.13,80.34,79.99,81.77,78.54,81.13,80.66,79.14,78.16,77.14,78.28,72.39,79.77,80.2,78.67,76.38,78.82,78.77,80.47,79.31,78.1,77.7,75.4,72.79,78.35,81.0,80.93,79.91,77.39,77.74,75.06,79.77,76.99,79.97,81.25,80.33,79.63,78.26,79.29,81.82,79.92,82.26,82.13,82.6,84.09,83.74,75.7,80.97
2026-03-04 10:53:11,88.49,91.73,87.98,92.84,90.86,87.85,85.44,85.87,84.23,81.31,84.68,82.22,77.52,79.7,79.29,81.34,78.18,80.65,80.13,78.66,77.94,76.97,78.15,72.25,79.67,80.12,78.66,76.42,78.89,78.79,80.43,79.16,78.07,77.63,75.05,72.59,78.33,80.87,80.87,79.97,77.46,77.78,75.0,79.68,76.83,79.78,80.86,80.09,79.67,78.46,79.34,81.66,79.82,81.98,82.01,82.28,83.86,83.62,75.58,80.8
2026-03-04 10:53:12,87.92,91.14,87.53,92.4,90.57,87.47,84.75,85.12,83.45,80.72,83.92,81.65,76.93,79.14,78.7,80.92,77.88,80.2,79.56,78.17,77.73,76.81,78.02,72.06,79.52,80.04,78.66,76.45,78.98,78.81,80.39,79.01,78.04,77.61,74.77,72.45,78.31,80.73,80.83,80.03,77.43,77.84,74.98,79.63,76.79,79.64,80.49,79.93,79.77,78.69,79.39,81.47,79.67,81.54,81.83,81.84,83.54,83.37,75.5,80.65
2026-03-04 10:53:13,87.4,90.61,87.05,91.88,90.26,87.11,84.07,84.36,82.7,80.1,83.07,81.08,76.34,78.65,78.19,80.53,77.63,79.78,78.95,77.67,77.53,76.66,77.89,71.84,79.35,79.95,78.65,76.47,79.07,78.83,80.33,78.88,78.01,77.61,74.56,72.36,78.29,80.59,80.8,80.08,77.33,77.92,74.98,79.62,76.86,79.55,80.16,79.85,79.93,78.96,79.46,81.25,79.47,81.0,81.62,81.31,83.16,83.03,75.45,80.5
2026-03-04 10:53:14,86.93,90.11,86.53,91.32,89.93,86.81,83.49,83.68,81.99,79.39,82.16,80.47,75.7,78.19,77.77,80.16,77.4,79.41,78.39,77.23,77.36,76.54,77.77,71.67,79.2,79.86,78.65,76.56,79.21,78.88,80.2,78.79,78.04,77.64,74.41,72.37,78.26,80.43,80.78,80.15,77.29,78.06,75.03,79.64,76.98,79.52,79.92,79.88,80.15,79.27,79.56,81.06,79.29,80.51,81.46,80.85,82.82,82.7,75.45,80.35
2026-03-04 10:53:15,86.49,89.65,85.95,90.74,89.58,86.57,83.05,83.09,81.32,78.59,81.19,79.82,75.01,77.76,77.41,79.82,77.18,79.07,77.94,76.87,77.23,76.45,77.64,71.57,79.07,79.78,78.66,76.73,79.4,78.93,79.97,78.77,78.14,77.7,74.31,72.48,78.22,80.24,80.75,80.23,77.35,78.27,75.11,79.67,77.13,79.55,79.81,80.01,80.45,79.63,79.73,80.93,79.15,80.16,81.39,80.51,82.55,82.45,75.5,80.2
2026-03-04 10:53:16,86.09,89.22,85.34,90.14,89.23,86.39,82.73,82.59,80.69,77.72,80.19,79.14,74.27,77.34,77.11,79.52,76.97,78.78,77.57,76.58,77.12,76.38,77.52,71.53,78.96,79.7,78.67,76.99,79.63,79.01,79.65,78.79,78.29,77.78,74.25,72.69,78.18,80.02,80.71,80.32,77.5,78.54,75.23,79.72,77.31,79.62,79.81,80.23,80.79,80.02,79.93,80.85,79.05,79.93,81.41,80.29,82.34,82.26,75.6,80.06
2026-03-04 10:53:17,85.73,88.81,84.69,89.55,88.87,86.26,82.52,82.17,80.11,76.8,79.18,78.45,73.5,76.95,76.86,79.24,76.77,78.52,77.28,76.35,77.04,76.33,77.39,71.55,78.89,79.62,78.69,77.3,79.89,79.09,79.27,78.87,78.5,77.87,74.22,72.98,78.14,79.79,80.67,80.43,77.72,78.86,75.38,79.78,77.5,79.74,79.9,80.53,81.18,80.44,80.18,80.82,78.97,79.8,81.49,80.16,82.19,82.12,75.73,79.92
2026-03-04 10:53:18,85.4,88.44,84.03,88.95,88.5,86.18,82.42,81.83,79.56,75.84,78.15,77.74,72.71,76.58,76.67,78.99,76.59,78.29,77.06,76.18,76.99,76.3,77.27,71.63,78.83,79.54,78.72,77.66,80.18,79.18,78.83,78.98,78.74,77.98,74.23,73.33,78.09,79.55,80.63,80.54,78.01,79.21,75.56,79.86,77.7,79.89,80.06,80.89,81.61,80.88,80.45,80.82,78.93,79.76,81.63,80.12,82.1,82.04,75.9,79.79
2026-03-04 10:53:19,85.1,88.09,83.36,88.36,88.15,86.15,82.4,81.56,79.06,74.86,77.13,77.03,71.91,76.24,76.52,78.76,76.41,78.1,76.9,76.06,76.95,76.29,77.15,71.74,78.79,79.47,78.74,78.07,80.49,79.28,78.35,79.12,79.02,78.1,74.26,73.73,78.04,79.3,80.59,80.66,78.35,79.59,75.75,79.94,77.91,80.06,80.3,81.3,82.06,81.33,80.75,80.86,78.91,79.81,81.82,80.16,82.05,82.0,76.09,79.66
2026-03-04 10:53:20,84.84,87.77,82.68,87.79,87.79,86.14,82.45,81.34,78.59,73.86,76.12,76.33,71.11,75.92,76.41,78.56,76.25,77.94,76.8,75.98,76.94,76.29,77.03,71.89,78.77,79.41,78.77,78.51,80.82,79.39,77.84,79.29,79.33,78.23,74.31,74.18,77.99,79.05,80.55,80.78,78.73,80.0,75.96,80.03,78.13,80.27,80.59,81.76,82.53,81.79,81.06,80.93,78.91,79.92,82.05,80.26,82.04,82.0,76.31,79.54
2026-03-04 10:53:21,84.6,87.49,82.01,87.23,87.45,86.17,82.57,81.18,78.17,72.87,75.14,75.64,70.32,75.62,76.34,78.38,76.1,77.8,76.75,75.95,76.94,76.31,76.92,72.07,78.77,79.34,78.81,78.97,81.15,79.5,77.3,79.48,79.65,78.36,74.38,74.66,77.94,78.79,80.5,80.91,79.14,80.42,76.18,80.12,78.35,80.49,80.93,82.24,83.01,82.25,81.39,81.02,78.93,80.08,82.32,80.42,82.06,82.03,76.54,79.43
2026-03-04 10:53:22,84.4,87.22,81.35,86.7,87.12,86.23,82.74,81.08,77.78,71.88,74.18,74.97,69.54,75.34,76.3,78.23,75.96,77.69,76.75,75.95,76.95,76.34,76.81,72.28,78.77,79.29,78.84,79.44,81.49,79.61,76.75,79.69,79.99,78.5,74.47,75.16,77.9,78.54,80.46,81.04,79.57,80.85,76.4,80.22,78.58,80.72,81.3,82.74,83.49,82.71,81.72,81.13,78.96,80.3,82.61,80.63,82.12,82.09,76.78,79.32
2026-03-04 10:53:23,84.22,86.99,80.71,86.18,86.8,86.31,82.95,81.01,77.43,70.92,73.26,74.32,68.78,75.09,76.29,78.1,75.83,77.6,76.78,75.98,76.98,76.38,76.71,72.5,78.79,79.23,78.87,79.93,81.83,79.72,76.19,79.91,80.34,78.64,74.58,75.67,77.85,78.29,80.41,81.16,80.03,81.28,76.63,80.32,78.8,80.96,81.7,83.26,83.97,83.15,82.06,81.25,79.01,80.56,82.92,80.87,82.2,82.17,77.03,79.22
2026-03-04 10:53:24,84.07,86.78,80.08,85.69,86.49,86.41,83.21,80.99,77.12,69.98,72.37,73.7,68.05,74.87,76.3,77.98,75.72,77.53,76.84,76.04,77.02,76.42,76.61,72.73,78.82,79.18,78.91,80.41,82.17,79.83,75.63,80.14,80.69,78.78,74.69,76.19,77.8,78.04,80.37,81.29,80.49,81.71,76.86,80.42,79.01,81.21,82.13,83.79,84.45,83.59,82.4,81.39,79.07,80.85,83.25,81.15,82.3,82.28,77.29,79.13
2026-03-04 10:53:25,83.93,86.59,79.48,85.23,86.2,86.52,83.49,80.99,76.84,69.07,71.53,73.1,67.34,74.66,76.34,77.88,75.61,77.48,76.94,76.11,77.06,76.47,76.52,72.98,78.85,79.14,78.94,80.9,82.5,79.94,75.07,80.37,81.04,78.92,74.81,76.72,77.75,77.81,80.33,81.41,80.95,82.14,77.09,80.51,79.23,81.46,82.56,84.31,84.92,84.02,82.73,81.54,79.14,81.16,83.58,81.45,82.42,82.4,77.54,79.05
2026-03-04 10:53:26,83.89,86.49,79.0,84.86,85.98,86.69,83.84,81.1,76.69,68.34,70.85,72.64,66.78,74.52,76.43,77.86,75.57,77.49,77.1,76.26,77.16,76.57,76.47,73.26,78.92,79.11,79.0,81.39,82.82,80.06,74.56,80.61,81.39,79.08,74.96,77.25,77.71,77.59,80.31,81.55,81.41,82.54,77.34,80.6,79.45,81.73,83.0,84.82,85.36,84.41,83.05,81.7,79.25,81.5,83.9,81.71,82.54,82.52,77.79,78.96
2026-03-04 10:53:27,84.05,86.62,78.76,84.73,85.97,86.99,84.3,81.42,76.8,67.99,70.54,72.43,66.58,74.58,76.65,78.02,75.72,77.64,77.41,76.54,77.32,76.8,76.54,73.65,79.06,79.15,79.16,81.91,83.15,80.21,74.2,80.81,81.72,79.29,75.2,77.79,77.72,77.41,80.34,81.72,81.84,82.93,77.61,80.68,79.73,82.01,83.36,85.28,85.74,84.79,83.38,81.87,79.4,81.86,84.18,81.91,82.63,82.67,78.07,78.86
2026-03-04 10:53:28,84.37,86.9,78.81,84.81,86.17,87.4,84.89,81.91,77.13,67.98,70.55,72.41,66.68,74.78,76.96,78.31,76.0,77.88,77.77,76.9,77.53,77.08,76.72,74.13,79.26,79.24,79.33,82.44,83.48,80.41,73.99,80.95,81.99,79.53,75.48,78.32,77.77,77.27,80.41,81.92,82.23,83.27,77.91,80.77,80.02,82.29,83.67,85.66,86.07,85.07,83.6,82.05,79.58,82.18,84.42,82.09,82.74,82.84,78.38,78.73
2026-03-04 10:53:29,84.77,87.26,79.1,85.03,86.48,87.86,85.53,82.48,77.6,68.23,70.77,72.59,66.97,75.03,77.29,78.61,76.32,78.17,78.09,77.26,77.72,77.36,76.91,74.64,79.48,79.35,79.51,82.92,83.8,80.62,73.93,81.12,82.19,79.77,75.79,78.8,77.8,77.15,80.5,82.08,82.53,83.53,78.2,80.81,80.31,82.53,83.91,85.92,86.3,85.26,83.74,82.23,79.78,82.45,84.61,82.23,82.83,82.91,78.69,78.6
2026-03-04 10:53:30,85.14,87.59,79.47,85.29,86.76,88.26,86.09,83.0,78.09,68.57,71.07,72.82,67.33,75.29,77.59,78.83,76.61,78.42,78.35,77.57,77.88,77.63,77.1,75.18,79.68,79.42,79.67,83.34,84.05,80.8,73.96,81.25,82.27,79.93,76.04,79.19,77.85,77.09,80.6,82.23,82.75,83.71,78.5,80.83,80.6,82.71,84.02,86.12,86.49,85.43,83.83,82.39,79.96,82.68,84.75,82.36,82.91,82.98,79.0,78.51
2026-03-04 10:53:31,85.48,87.88,79.91,85.54,86.99,88.54,86.54,83.47,78.55,68.9,71.34,73.02,67.72,75.54,77.87,79.02,76.89,78.58,78.58,77.84,78.05,77.87,77.28,75.68,79.85,79.45,79.81,83.64,84.24,80.98,74.05,81.34,82.33,80.07,76.22,79.49,77.93,77.09,80.67,82.3,82.86,83.8,78.78,80.87,80.89,82.85,84.1,86.25,86.64,85.59,83.88,82.49,80.12,82.86,84.77,82.44,82.96,83.06,79.3,78.42
2026-03-04 10:53:32,85.79,88.16,80.39,85.78,87.19,88.73,86.9,83.92,78.99,69.28,71.65,73.23,68.08,75.68,78.1,79.17,77.13,78.68,78.82,78.08,78.22,78.09,77.46,76.11,79.96,79.4,79.91,83.82,84.29,81.02,74.12,81.34,82.33,80.14,76.35,79.75,78.01,77.08,80.66,82.28,82.93,83.82,79.05,80.89,81.03,82.84,84.12,86.29,86.68,85.62,83.83,82.47,80.24,82.98,84.71,82.44,82.84,83.07,79.5,78.26
2026-03-04 10:53:33,86.07,88.42,80.89,86.02,87.36,88.86,87.21,84.33,79.42,69.73,71.98,73.43,68.4,75.69,78.29,79.29,77.33,78.8,79.07,78.29,78.37,78.3,77.63,76.5,80.0,79.22,79.97,83.89,84.19,80.91,74.14,81.26,82.28,80.13,76.47,79.94,78.06,77.06,80.59,82.19,82.96,83.84,79.3,80.86,81.02,82.68,84.07,86.25,86.59,85.49,83.71,82.36,80.3,83.05,84.59,82.35,82.49,82.97,79.58,78.03
2026-03-04 10:53:34,86.32,88.66,81.41,86.25,87.5,88.92,87.47,84.7,79.83,70.23,72.35,73.61,68.7,75.6,78.44,79.38,77.49,78.94,79.32,78.45,78.52,78.52,77.78,76.85,79.99,78.94,79.98,83.87,83.96,80.67,74.11,81.11,82.17,80.06,76.56,80.09,78.1,77.05,80.45,82.03,82.96,83.84,79.54,80.79,80.87,82.38,83.96,86.13,86.4,85.24,83.52,82.17,80.3,83.06,84.41,82.17,81.95,82.79,79.57,77.75
2026-03-04 10:53:35,86.54,88.89,81.95,86.48,87.62,88.94,87.68,85.04,80.23,70.78,72.74,73.79,68.96,75.41,78.54,79.43,77.62,79.08,79.58,78.58,78.65,78.73,77.92,77.17,79.92,78.57,79.95,83.75,83.63,80.31,74.05,80.9,82.03,79.92,76.65,80.2,78.11,77.03,80.27,81.82,82.94,83.83,79.76,80.69,80.61,81.98,83.81,85.94,86.12,84.88,83.27,81.91,80.26,83.03,84.2,81.94,81.25,82.53,79.48,77.43
2026-03-04 10:53:36,86.73,89.1,82.48,86.71,87.72,88.9,87.84,85.34,80.6,71.35,73.14,73.96,69.19,75.14,78.61,79.46,77.73,79.23,79.84,78.67,78.78,78.94,78.04,77.45,79.82,78.12,79.88,83.57,83.2,79.85,73.95,80.64,81.85,79.74,76.72,80.27,78.11,77.01,80.05,81.56,82.9,83.81,79.97,80.56,80.25,81.48,83.62,85.71,85.76,84.43,82.97,81.6,80.19,82.96,83.94,81.64,80.41,82.22,79.31,77.07
2026-03-04 10:53:37,86.89,89.29,83.02,86.92,87.79,88.83,87.96,85.61,80.95,71.93,73.54,74.12,69.39,74.81,78.66,79.47,77.8,79.39,80.1,78.73,78.9,79.14,78.16,77.7,79.67,77.63,79.79,83.32,82.71,79.32,73.83,80.35,81.64,79.52,76.77,80.3,78.1,76.99,79.8,81.27,82.84,83.78,80.16,80.4,79.81,80.9,83.4,85.43,85.34,83.9,82.63,81.24,80.08,82.86,83.66,81.3,79.47,81.85,79.08,76.68
2026-03-04 10:53:38,87.03,89.47,83.55,87.13,87.84,88.73,88.05,85.86,81.28,72.54,73.95,74.26,69.57,74.42,78.67,79.46,77.85,79.55,80.35,78.77,79.0,79.34,78.26,77.92,79.5,77.08,79.67,83.02,82.15,78.73,73.68,80.02,81.41,79.27,76.82,80.31,78.07,76.97,79.52,80.95,82.76,83.75,80.34,80.23,79.3,80.27,83.15,85.12,84.88,83.32,82.26,80.85,79.94,82.73,83.36,80.93,78.45,81.44,78.8,76.27
2026-03-04 10:53:39,87.15,89.64,84.07,87.33,87.88,88.6,88.1,86.07,81.59,73.14,74.36,74.4,69.72,73.98,78.67,79.43,77.88,79.7,80.6,78.79,79.1,79.52,78.35,78.11,79.3,76.5,79.53,82.68,81.55,78.08,73.52,79.67,81.17,78.99,76.85,80.29,78.04,76.95,79.22,80.61,82.67,83.71,80.5,80.04,78.74,79.6,82.88,84.78,84.38,82.69,81.87,80.44,79.78,82.58,83.05,80.53,77.36,81.0,78.48,75.84
2026-03-04 10:53:40,87.25,89.79,84.57,87.52,87.91,88.44,88.12,86.26,81.88,73.74,74.77,74.52,69.85,73.52,78.64,79.38,77.89,79.86,80.84,78.78,79.19,79.7,78.43,78.27,79.09,75.9,79.38,82.31,80.91,77.4,73.34,79.3,80.91,78.69,76.88,80.25,77.99,76.92,78.9,80.25,82.57,83.66,80.64,79.85,78.15,78.89,82.6,84.42,83.85,82.02,81.47,80.0,79.61,82.42,82.72,80.11,76.23,80.55,78.12,75.41
2026-03-04 10:53:41,87.33,89.92,85.06,87.69,87.91,88.27,88.13,86.42,82.14,74.33,75.16,74.64,69.96,73.03,78.59,79.33,77.88,80.02,81.07,78.76,79.27,79.87,78.5,78.41,78.86,75.29,79.22,81.91,80.25,76.7,73.15,78.91,80.64,78.38,76.9,80.19,77.94,76.9,78.58,79.89,82.46,83.62,80.77,79.64,77.52,78.16,82.31,84.04,83.3,81.34,81.06,79.56,79.42,82.24,82.39,79.68,75.08,80.07,77.74,74.98
2026-03-04 10:53:42,87.39,90.02,85.51,87.85,87.91,88.06,88.08,86.53,82.3,74.85,75.51,74.73,70.04,72.56,78.53,79.24,77.87,80.16,81.26,78.72,79.33,80.0,78.55,78.51,78.63,74.7,79.01,81.51,79.61,76.03,72.98,78.55,80.39,78.07,76.88,80.08,77.87,76.86,78.25,79.53,82.32,83.54,80.89,79.45,76.9,77.45,82.01,83.66,82.76,80.66,80.65,79.13,79.24,82.05,82.06,79.23,73.97,79.62,77.37,74.57
2026-03-04 10:53:43,87.41,90.07,85.91,87.95,87.85,87.79,87.91,86.55,82.36,75.28,75.79,74.82,70.16,72.19,78.45,79.15,77.87,80.26,81.32,78.65,79.38,80.08,78.61,78.62,78.45,74.2,78.74,81.11,79.01,75.42,72.86,78.21,80.13,77.83,76.85,79.9,77.81,76.84,77.97,79.23,82.16,83.4,81.01,79.3,76.34,76.83,81.73,83.23,82.24,80.05,80.29,78.75,79.09,81.83,81.7,78.75,73.05,79.22,77.06,74.26
2026-03-04 10:53:44,87.38,90.05,86.24,87.94,87.72,87.45,87.55,86.49,82.42,75.72,76.06,74.92,70.36,71.89,78.3,79.05,77.86,80.28,81.22,78.51,79.37,80.08,78.67,78.78,78.35,73.76,78.42,80.71,78.39,74.88,72.81,77.86,79.81,77.65,76.88,79.66,77.79,76.89,77.79,79.05,82.04,83.25,81.15,79.21,75.91,76.38,81.51,82.85,81.8,79.54,80.02,78.4,78.95,81.63,81.36,78.27,72.32,78.91,76.85,74.09
2026-03-04 10:53:45,87.31,89.97,86.5,87.85,87.51,87.05,87.02,86.37,82.49,76.18,76.32,75.03,70.61,71.63,78.08,78.96,77.84,80.25,80.98,78.32,79.31,80.01,78.75,78.99,78.32,73.39,78.08,80.3,77.76,74.4,72.82,77.49,79.42,77.53,76.94,79.36,77.82,77.01,77.7,78.97,81.95,83.1,81.31,79.19,75.61,76.08,81.35,82.51,81.42,79.14,79.83,78.07,78.82,81.46,81.04,77.78,71.77,78.68,76.74,74.05
2026-03-04 10:53:46,87.22,89.84,86.71,87.69,87.25,86.61,86.36,86.19,82.56,76.64,76.57,75.16,70.92,71.43,77.83,78.86,77.81,80.16,80.64,78.1,79.22,79.88,78.84,79.24,78.35,73.06,77.71,79.89,77.13,73.99,72.88,77.13,79.0,77.45,77.05,79.03,77.86,77.2,77.7,78.96,81.9,82.95,81.49,79.23,75.43,75.9,81.26,82.22,81.1,78.82,79.7,77.77,78.72,81.3,80.73,77.29,71.39,78.52,76.73,74.12
2026-03-04 10:53:47,87.15,89.73,86.88,87.5,87.0,86.19,85.7,85.96,82.56,77.07,76.82,75.34,71.32,71.37,77.65,78.83,77.81,80.07,80.33,77.94,79.17,79.79,78.98,79.54,78.45,72.79,77.34,79.55,76.64,73.73,73.02,76.86,78.64,77.44,77.23,78.76,77.89,77.45,77.76,78.99,81.89,82.83,81.69,79.33,75.35,75.77,81.19,81.97,80.85,78.6,79.65,77.58,78.7,81.18,80.47,76.9,71.17,78.46,76.81,74.32
2026-03-04 10:53:48,87.09,89.59,87.02,87.35,86.78,85.78,85.04,85.7,82.56,77.47,77.04,75.55,71.8,71.46,77.56,78.87,77.82,79.97,80.09,77.9,79.18,79.71,79.08,79.8,78.57,72.62,77.03,79.27,76.26,73.49,73.23,76.66,78.35,77.42,77.43,78.55,77.96,77.74,77.87,78.99,81.9,82.73,81.91,79.52,75.39,75.67,81.09,81.75,80.71,78.54,79.75,77.52,78.76,81.1,80.29,76.67,71.15,78.46,76.89,74.61
2026-03-04 10:53:49,87.03,89.41,87.14,87.25,86.59,85.35,84.36,85.41,82.57,77.85,77.2,75.81,72.35,71.66,77.54,78.96,77.82,79.84,79.91,77.96,79.24,79.6,79.1,79.98,78.71,72.56,76.81,79.04,75.95,73.2,73.45,76.5,78.1,77.35,77.63,78.38,78.05,78.07,77.99,78.93,81.92,82.62,82.13,79.79,75.55,75.61,80.95,81.56,80.69,78.65,79.97,77.59,78.88,81.06,80.21,76.6,71.3,78.5,76.92,74.95
2026-03-04 10:53:50,86.97,89.2,87.23,87.18,86.43,84.9,83.67,85.09,82.6,78.21,77.31,76.11,72.96,71.97,77.58,79.08,77.8,79.7,79.76,78.11,79.35,79.48,79.05,80.11,78.85,72.58,76.66,78.86,75.71,72.88,73.7,76.36,77.89,77.24,77.82,78.25,78.17,78.43,78.12,78.84,81.93,82.51,82.34,80.12,75.81,75.57,80.75,81.38,80.77,78.9,80.31,77.77,79.05,81.06,80.2,76.68,71.6,78.57,76.92,75.33
2026-03-04 10:53:51,86.91,88.96,87.3,87.15,86.29,84.45,82.98,84.77,82.65,78.56,77.38,76.43,73.61,72.36,77.67,79.24,77.78,79.54,79.66,78.32,79.49,79.34,78.94,80.18,79.01,72.69,76.57,78.72,75.52,72.51,73.95,76.25,77.7,77.1,78.0,78.15,78.31,78.8,78.26,78.7,81.94,82.4,82.54,80.5,76.16,75.55,80.53,81.23,80.93,79.28,80.74,78.04,79.27,81.09,80.27,76.89,72.03,78.66,76.88,75.74
2026-03-04 10:53:52,86.86,88.7,87.36,87.15,86.18,83.99,82.29,84.44,82.7,78.88,77.4,76.77,74.29,72.82,77.8,79.43,77.75,79.36,79.59,78.6,79.65,79.19,78.78,80.2,79.16,72.86,76.54,78.62,75.38,72.13,74.22,76.17,77.55,76.93,78.18,78.08,78.48,79.18,78.41,78.54,81.95,82.28,82.74,80.93,76.58,75.56,80.27,81.09,81.16,79.75,81.24,78.39,79.53,81.15,80.39,77.2,72.57,78.78,76.81,76.18
2026-03-04 10:53:53,86.81,88.42,87.39,87.18,86.08,83.53,81.62,84.1,82.77,79.18,77.39,77.13,74.99,73.34,77.98,79.63,77.71,79.18,79.55,78.92,79.84,79.03,78.58,80.18,79.32,73.09,76.56,78.55,75.29,71.73,74.49,76.11,77.42,76.74,78.34,78.04,78.65,79.57,78.56,78.35,81.96,82.17,82.93,81.38,77.06,75.58,80.0,80.98,81.46,80.31,81.81,78.81,79.81,81.24,80.57,77.6,73.19,78.92,76.71,76.63
2026-03-04 10:53:54,86.77,88.14,87.42,87.23,86.01,83.09,80.96,83.76,82.84,79.45,77.35,77.49,75.69,73.89,78.18,79.86,77.66,78.99,79.54,79.29,80.05,78.86,78.35,80.13,79.48,73.37,76.62,78.51,75.24,71.32,74.77,76.07,77.31,76.53,78.49,78.02,78.84,79.96,78.72,78.14,81.96,82.05,83.12,81.86,77.59,75.62,79.7,80.88,81.8,80.94,82.42,79.27,80.12,81.34,80.78,78.08,73.89,79.07,76.59,77.1
2026-03-04 10:53:55,86.72,87.84,87.43,87.29,85.95,82.65,80.32,83.43,82.92,79.71,77.29,77.86,76.4,74.48,78.41,80.09,77.61,78.8,79.56,79.68,80.27,78.69,78.08,80.04,79.63,73.68,76.72,78.5,75.22,70.9,75.04,76.04,77.23,76.3,78.63,78.02,79.03,80.35,78.88,77.91,81.97,81.94,83.29,82.36,78.15,75.67,79.4,80.8,82.18,81.61,83.07,79.78,80.45,81.46,81.04,78.61,74.63,79.24,76.46,77.56
2026-03-04 10:53:56,86.68,87.55,87.42,87.37,85.9,82.22,79.7,83.1,83.0,79.94,77.2,78.23,77.1,75.09,78.66,80.34,77.56,78.6,79.59,80.1,80.5,78.52,77.8,79.93,79.78,74.03,76.85,78.51,75.23,70.48,75.31,76.03,77.17,76.07,78.77,78.03,79.23,80.73,79.03,77.67,81.98,81.83,83.45,82.86,78.73,75.73,79.09,80.73,82.6,82.33,83.74,80.31,80.79,81.59,81.31,79.19,75.42,79.41,76.32,78.03
2026-03-04 10:53:57,86.65,87.25,87.41,87.47,85.87,81.81,79.11,82.77,83.09,80.16,77.09,78.59,77.79,75.72,78.92,80.59,77.5,78.41,79.64,80.53,80.74,78.36,77.5,79.8,79.93,74.39,77.01,78.54,75.27,70.06,75.57,76.04,77.13,75.83,78.89,78.06,79.43,81.1,79.19,77.43,81.99,81.73,83.61,83.37,79.33,75.79,78.77,80.68,83.03,83.07,84.43,80.86,81.13,81.73,81.61,79.8,76.23,79.58,76.16,78.49
2026-03-04 10:53:58,86.61,86.96,87.39,87.57,85.85,81.42,78.55,82.46,83.18,80.35,76.97,78.95,78.47,76.35,79.19,80.84,77.44,78.22,79.71,80.97,80.98,78.19,77.19,79.65,80.08,74.78,77.18,78.59,75.34,69.66,75.83,76.06,77.1,75.59,79.0,78.11,79.63,81.46,79.34,77.18,82.0,81.63,83.75,83.87,79.93,75.87,78.46,80.64,83.49,83.82,85.12,81.43,81.47,81.88,81.93,80.43,77.06,79.76,76.0,78.93
2026-03-04 10:53:59,86.58,86.67,87.36,87.68,85.84,81.05,78.04,82.17,83.27,80.53,76.85,79.29,79.12,76.97,79.46,81.09,77.39,78.03,79.78,81.41,81.21,78.02,76.88,79.49,80.21,75.17,77.38,78.65,75.42,69.27,76.08,76.09,77.09,75.36,79.11,78.16,79.82,81.81,79.48,76.94,82.0,81.54,83.89,84.36,80.54,75.96,78.16,80.61,83.94,84.58,85.81,82.0,81.81,82.03,82.25,81.09,77.9,79.95,75.84,79.38
2026-03-04 10:54:00,86.58,86.45,87.37,87.84,85.89,80.79,77.7,81.99,83.37,80.73,76.79,79.65,79.75,77.59,79.76,81.38,77.4,77.89,79.85,81.74,81.37,77.84,76.63,79.36,80.35,75.56,77.58,78.74,75.56,68.99,76.35,76.16,77.14,75.23,79.22,78.2,80.0,82.12,79.64,76.76,82.04,81.51,84.02,84.81,81.13,76.1,77.92,80.61,84.38,85.29,86.45,82.58,82.1,82.18,82.6,81.75,78.71,80.13,75.76,79.82
2026-03-04 10:54:01,86.7,86.44,87.51,88.11,86.07,80.72,77.63,81.98,83.54,81.02,76.87,80.08,80.42,78.24,80.14,81.72,77.47,77.8,79.83,81.95,81.48,77.73,76.5,79.29,80.55,76.01,77.81,78.86,75.78,68.9,76.69,76.32,77.28,75.16,79.28,78.19,80.15,82.34,79.76,76.64,82.07,81.43,84.1,85.19,81.69,76.31,77.76,80.66,84.79,85.96,87.06,83.15,82.35,82.32,82.91,82.33,79.4,80.17,75.75,80.3
2026-03-04 10:54:02,86.94,86.62,87.81,88.5,86.39,80.86,77.78,82.12,83.81,81.42,77.12,80.59,81.13,78.93,80.58,82.09,77.59,77.74,79.7,82.07,81.56,77.72,76.51,79.32,80.8,76.52,78.1,79.04,76.07,69.0,77.07,76.56,77.47,75.13,79.27,78.16,80.27,82.5,79.83,76.56,82.08,81.28,84.09,85.5,82.21,76.58,77.7,80.77,85.2,86.59,87.63,83.69,82.55,82.43,83.17,82.8,79.93,80.03,75.84,80.82
2026-03-04 10:54:03,87.23,86.95,88.22,88.93,86.78,81.14,78.09,82.36,84.13,81.86,77.47,81.15,81.84,79.6,81.03,82.45,77.72,77.71,79.5,82.09,81.62,77.75,76.61,79.41,81.07,77.06,78.42,79.24,76.38,69.22,77.47,76.81,77.69,75.14,79.24,78.12,80.37,82.58,79.87,76.51,82.05,81.09,84.03,85.74,82.66,76.89,77.71,80.91,85.56,87.11,88.07,84.18,82.71,82.51,83.36,83.21,80.36,79.83,76.02,81.36
2026-03-04 10:54:04,87.52,87.29,88.6,89.35,87.18,81.44,78.48,82.64,84.48,82.25,77.91,81.69,82.46,80.21,81.44,82.74,77.88,77.73,79.33,82.08,81.53,77.77,76.75,79.52,81.26,77.57,78.76,79.4,76.57,69.45,77.82,77.04,77.81,75.08,79.2,78.03,80.45,82.61,79.92,76.46,81.94,80.91,83.95,85.88,83.02,77.2,77.75,81.02,85.84,87.46,88.21,84.54,82.85,82.58,83.5,83.56,80.81,79.76,76.33,81.91
2026-03-04 10:54:05,87.82,87.65,88.94,89.78,87.6,81.77,78.92,82.94,84.85,82.6,78.41,82.22,83.0,80.8,81.86,82.98,78.09,77.81,79.22,82.07,81.27,77.77,76.93,79.66,81.38,78.06,79.1,79.5,76.64,69.7,78.15,77.23,77.83,74.92,79.13,77.88,80.53,82.64,79.98,76.4,81.75,80.76,83.85,85.94,83.3,77.52,77.82,81.1,86.06,87.64,88.04,84.78,82.97,82.65,83.63,83.85,81.28,79.83,76.76,82.46
2026-03-04 10:54:06,88.11,88.0,89.23,90.22,88.05,82.1,79.42,83.25,85.25,82.89,78.98,82.73,83.46,81.37,82.27,83.16,78.33,77.95,79.16,82.06,80.86,77.75,77.13,79.81,81.43,78.5,79.45,79.57,76.61,69.94,78.45,77.41,77.74,74.66,79.03,77.66,80.6,82.68,80.05,76.34,81.5,80.65,83.75,85.92,83.51,77.83,77.92,81.15,86.21,87.67,87.6,84.91,83.08,82.72,83.74,84.1,81.77,80.02,77.29,83.01
2026-03-04 10:54:07,88.4,88.35,89.49,90.65,88.5,82.44,79.96,83.57,85.66,83.14,79.59,83.21,83.85,81.92,82.67,83.29,78.6,78.14,79.14,82.05,80.33,77.71,77.35,79.97,81.43,78.91,79.78,79.6,76.49,70.19,78.73,77.56,77.57,74.32,78.92,77.39,80.66,82.7,80.14,76.29,81.19,80.55,83.63,85.83,83.66,78.14,78.02,81.18,86.31,87.58,86.93,84.94,83.18,82.78,83.84,84.29,82.26,80.31,77.89,83.55
2026-03-04 10:54:08,88.7,88.71,89.71,91.08,88.97,82.79,80.53,83.9,86.08,83.36,80.24,83.68,84.19,82.44,83.07,83.39,78.91,78.38,79.18,82.04,79.71,77.68,77.59,80.15,81.39,79.3,80.12,79.6,76.3,70.45,78.98,77.7,77.34,73.93,78.79,77.09,80.71,82.74,80.24,76.24,80.85,80.49,83.5,85.69,83.74,78.45,78.15,81.19,86.37,87.4,86.08,84.88,83.25,82.84,83.93,84.45,82.76,80.68,78.56,84.08
2026-03-04 10:54:09,89.03,89.14,90.01,91.53,89.48,83.22,81.17,84.31,86.55,83.64,80.94,84.18,84.5,82.93,83.47,83.53,79.28,78.69,79.27,82.1,79.18,77.71,77.88,80.3,81.36,79.72,80.51,79.66,76.19,70.77,79.26,77.87,77.15,73.65,78.75,76.88,80.79,82.78,80.36,76.27,80.59,80.51,83.4,85.54,83.74,78.77,78.3,81.21,86.43,87.19,85.2,84.73,83.29,82.89,84.04,84.6,83.23,81.07,79.26,84.56
2026-03-04 10:54:10,89.42,89.63,90.38,91.99,90.01,83.72,81.87,84.79,87.02,83.98,81.66,84.68,84.78,83.37,83.85,83.68,79.73,79.09,79.36,82.21,78.73,77.78,78.19,80.35,81.32,80.17,80.92,79.76,76.19,71.15,79.57,78.1,77.07,73.54,78.82,76.81,80.89,82.83,80.47,76.38,80.46,80.61,83.32,85.43,83.79,79.12,78.44,81.32,86.54,87.03,84.39,84.56,83.31,82.96,84.17,84.75,83.63,81.5,79.98,84.99
2026-03-04 10:54:11,89.85,90.16,90.8,92.45,90.54,84.27,82.59,85.31,87.48,84.38,82.4,85.19,85.03,83.77,84.2,83.83,80.24,79.54,79.44,82.37,78.34,77.88,78.52,80.32,81.26,80.66,81.37,79.89,76.28,71.57,79.9,78.38,77.1,73.57,78.97,76.84,81.0,82.88,80.55,76.58,80.45,80.77,83.25,85.37,83.89,79.5,78.58,81.49,86.68,86.9,83.67,84.38,83.31,83.03,84.33,84.91,83.98,81.98,80.7,85.35
2026-03-04 10:54:12,90.32,90.75,91.28,92.92,91.07,84.89,83.36,85.89,87.95,84.84,83.16,85.69,85.28,84.16,84.53,84.0,80.81,80.05,79.53,82.56,78.04,78.03,78.87,80.26,81.21,81.15,81.79,80.04,76.43,72.0,80.22,78.7,77.21,73.69,79.18,76.91,81.12,82.9,80.58,76.84,80.53,81.0,83.2,85.34,84.01,79.87,78.66,81.7,86.83,86.78,83.03,84.19,83.32,83.13,84.45,85.04,84.28,82.46,81.42,85.65
2026-03-04 10:54:13,90.84,91.45,91.86,93.46,91.68,85.63,84.25,86.58,88.51,85.42,84.01,86.26,85.64,84.63,84.91,84.24,81.44,80.62,79.69,82.79,77.89,78.25,79.21,80.25,81.23,81.64,82.15,80.19,76.62,72.45,80.5,79.01,77.35,73.67,79.39,76.99,81.22,82.88,80.59,77.16,80.67,81.26,83.23,85.33,84.02,80.18,78.7,81.95,86.98,86.63,82.51,84.06,83.41,83.25,84.48,85.11,84.53,82.92,82.07,85.89
2026-03-04 10:54:14,91.43,92.23,92.54,94.08,92.39,86.48,85.24,87.37,89.15,86.09,84.94,86.92,86.08,85.18,85.37,84.57,82.11,81.26,79.95,83.05,77.89,78.53,79.52,80.27,81.33,82.12,82.47,80.33,76.86,72.93,80.73,79.32,77.51,73.41,79.61,77.12,81.32,82.79,80.6,77.54,80.85,81.52,83.31,85.32,83.87,80.41,78.77,82.22,87.11,86.48,82.09,84.01,83.57,83.41,84.45,85.12,84.72,83.34,82.62,86.06
2026-03-04 10:54:15,92.05,93.08,93.3,94.77,93.16,87.43,86.33,88.25,89.85,86.84,85.93,87.65,86.6,85.78,85.89,84.97,82.82,81.94,80.3,83.33,78.01,78.88,79.8,80.31,81.48,82.6,82.75,80.46,77.12,73.43,80.92,79.61,77.67,72.95,79.81,77.3,81.41,82.67,80.6,77.97,81.06,81.8,83.45,85.31,83.6,80.57,78.86,82.51,87.23,86.32,81.76,84.03,83.8,83.59,84.38,85.07,84.87,83.71,83.07,86.16
2026-03-04 10:54:16,92.7,93.99,94.11,95.52,94.0,88.44,87.47,89.19,90.61,87.65,86.98,88.44,87.19,86.44,86.45,85.43,83.55,82.66,80.7,83.64,78.23,79.26,80.04,80.38,81.69,83.07,82.99,80.59,77.42,73.95,81.07,79.89,77.84,72.32,80.02,77.52,81.49,82.5,80.6,78.43,81.29,82.07,83.63,85.3,83.21,80.67,78.97,82.82,87.35,86.16,81.51,84.12,84.08,83.8,84.27,84.98,84.97,84.04,83.44,86.2
2026-03-04 10:54:17,93.37,94.93,94.96,96.3,94.87,89.51,88.67,90.18,91.4,88.49,88.05,89.27,87.82,87.13,87.05,85.93,84.3,83.4,81.17,83.96,78.54,79.69,80.26,80.47,81.94,83.52,83.19,80.7,77.73,74.47,81.18,80.16,78.01,71.55,80.22,77.76,81.56,82.3,80.6,78.92,81.55,82.34,83.84,85.29,82.74,80.72,79.09,83.14,87.45,85.99,81.34,84.26,84.4,84.02,84.12,84.84,85.04,84.33,83.74,86.18
2026-03-04 10:54:18,94.02,95.88,95.84,97.1,95.76,90.6,89.87,91.17,92.21,89.37,89.13,90.11,88.47,87.76,87.67,86.45,85.02,84.13,81.66,84.27,78.91,80.11,80.48,80.6,82.23,83.95,83.33,80.82,78.04,74.99,81.27,80.43,78.2,70.79,80.43,78.06,81.65,82.11,80.64,79.45,81.84,82.62,84.07,85.29,82.24,80.73,79.23,83.46,87.54,85.82,81.21,84.42,84.73,84.25,83.97,84.71,85.1,84.59,83.95,86.13
2026-03-04 10:54:19,94.57,96.78,96.68,97.84,96.58,91.6,91.05,92.12,93.01,90.23,90.15,90.89,89.07,88.3,88.27,86.94,85.67,84.81,82.15,84.53,79.3,80.49,80.71,80.76,82.52,84.35,83.44,80.98,78.38,75.52,81.41,80.73,78.36,70.25,80.69,78.45,81.76,82.01,80.73,79.99,82.16,82.88,84.29,85.29,81.81,80.76,79.41,83.7,87.57,85.62,81.15,84.59,85.01,84.47,83.87,84.64,85.18,84.76,84.08,86.06
2026-03-04 10:54:20,95.02,97.51,97.43,98.43,97.24,92.45,92.1,92.97,93.58,90.97,90.96,91.46,89.48,88.7,88.73,87.22,86.17,85.37,82.54,84.71,79.64,80.75,80.88,80.78,82.76,84.7,83.53,81.19,78.7,76.08,81.62,81.05,78.53,69.89,80.92,78.86,81.88,81.93,80.82,80.47,82.47,83.09,84.43,85.29,81.49,80.84,79.6,83.85,87.58,85.48,81.2,84.76,85.27,84.69,83.79,84.62,85.27,84.8,84.12,86.0
2026-03-04 10:54:21,95.35,98.06,98.05,98.84,97.74,93.18,93.04,93.69,93.88,91.53,91.54,91.82,89.68,88.93,89.01,87.23,86.51,85.8,82.8,84.83,79.94,80.87,81.01,80.65,82.92,84.97,83.63,81.41,78.97,76.66,81.87,81.38,78.72,69.68,81.14,79.29,82.03,81.85,80.88,80.88,82.77,83.27,84.48,85.28,81.28,80.97,79.82,83.93,87.58,85.39,81.35,84.92,85.51,84.93,83.72,84.65,85.36,84.75,84.08,85.94
2026-03-04 10:54:22,95.58,98.46,98.56,99.13,98.11,93.83,93.86,94.29,94.0,91.98,91.94,92.01,89.73,89.03,89.16,87.04,86.72,86.11,82.97,84.91,80.21,80.89,81.1,80.43,83.04,85.17,83.71,81.65,79.2,77.23,82.14,81.71,78.93,69.64,81.36,79.73,82.19,81.78,80.94,81.24,83.06,83.44,84.49,85.24,81.12,81.11,80.05,83.99,87.58,85.36,81.58,85.06,85.71,85.15,83.65,84.66,85.45,84.64,84.0,85.89
2026-03-04 10:54:23,95.79,98.83,98.95,99.36,98.42,94.46,94.62,94.83,94.11,92.38,92.29,92.16,89.77,89.13,89.25,86.83,86.89,86.37,83.14,84.99,80.51,80.92,81.19,80.24,83.18,85.36,83.72,81.88,79.38,77.75,82.37,81.99,79.16,69.74,81.56,80.11,82.33,81.72,81.05,81.59,83.38,83.62,84.47,85.17,80.95,81.22,80.29,84.05,87.58,85.34,81.82,85.16,85.87,85.33,83.57,84.6,85.5,84.54,83.87,85.86
2026-03-04 10:54:24,95.99,99.18,99.3,99.55,98.73,95.06,95.36,95.31,94.26,92.77,92.61,92.31,89.84,89.25,89.32,86.67,87.04,86.61,83.36,85.09,80.82,80.96,81.3,80.09,83.33,85.54,83.78,82.13,79.56,78.23,82.57,82.27,79.4,69.96,81.7,80.4,82.42,81.62,81.12,81.81,83.64,83.79,84.42,85.08,80.84,81.32,80.51,84.11,87.59,85.35,82.01,85.22,85.99,85.48,83.53,84.53,85.51,84.44,83.75,85.81
2026-03-04 10:54:25,96.14,99.48,99.6,99.71,99.02,95.61,96.01,95.71,94.36,93.08,92.87,92.41,89.89,89.34,89.36,86.53,87.14,86.8,83.51,85.17,81.13,81.0,81.4,79.97,83.46,85.67,83.84,82.34,79.75,78.69,82.77,82.55,79.62,70.25,81.82,80.66,82.46,81.43,81.17,82.0,83.84,83.95,84.36,84.96,80.73,81.35,80.71,84.16,87.59,85.35,82.16,85.26,86.09,85.58,83.45,84.43,85.52,84.37,83.64,85.71
2026-03-04 10:54:26,96.21,99.71,99.79,99.75,99.27,96.08,96.49,96.0,94.35,93.27,93.04,92.38,89.87,89.34,89.31,86.31,87.17,86.92,83.62,85.2,81.41,81.04,81.46,79.84,83.59,85.75,83.84,82.53,79.95,79.15,82.94,82.8,79.78,70.55,81.9,80.85,82.42,81.25,81.22,82.15,83.97,84.06,84.31,84.85,80.65,81.37,80.94,84.25,87.62,85.39,82.35,85.27,86.16,85.65,83.37,84.29,85.5,84.32,83.45,85.58
2026-03-04 10:54:27,96.22,99.87,99.86,99.65,99.47,96.49,96.78,96.19,94.2,93.33,93.12,92.22,89.77,89.3,89.19,86.0,87.13,86.95,83.66,85.18,81.67,81.1,81.51,79.68,83.71,85.79,83.79,82.7,80.13,79.59,83.1,83.05,79.9,70.87,81.95,80.97,82.32,81.1,81.28,82.26,84.02,84.11,84.28,84.78,80.62,81.42,81.22,84.42,87.71,85.48,82.56,85.29,86.21,85.69,83.3,84.11,85.44,84.26,83.15,85.41
2026-03-04 10:54:28,96.18,99.96,99.83,99.43,99.62,96.83,96.91,96.28,93.94,93.29,93.13,91.93,89.63,89.21,89.01,85.61,87.04,86.9,83.66,85.12,81.92,81.17,81.55,79.5,83.83,85.78,83.67,82.86,80.3,80.01,83.23,83.28,79.98,71.19,81.97,81.03,82.17,80.98,81.35,82.33,84.0,84.12,84.25,84.73,80.62,81.51,81.55,84.64,87.83,85.6,82.8,85.3,86.23,85.71,83.24,83.91,85.35,84.2,82.76,85.22
2026-03-04 10:54:29,96.08,100.0,99.7,99.12,99.74,97.11,96.9,96.29,93.6,93.17,93.08,91.55,89.43,89.09,88.77,85.16,86.89,86.8,83.61,85.02,82.16,81.25,81.59,79.3,83.94,85.74,83.51,83.01,80.47,80.41,83.34,83.5,80.02,71.52,81.96,81.03,81.98,80.89,81.43,82.37,83.92,84.08,84.23,84.71,80.66,81.62,81.91,84.92,87.98,85.76,83.06,85.31,86.24,85.72,83.19,83.68,85.23,84.13,82.3,85.01
2026-03-04 10:54:30,95.95,99.98,99.5,98.73,99.81,97.34,96.77,96.23,93.17,92.97,92.97,91.09,89.19,88.94,88.48,84.66,86.71,86.63,83.53,84.9,82.39,81.34,81.61,79.1,84.06,85.67,83.32,83.14,80.62,80.78,83.44,83.71,80.04,71.84,81.92,80.99,81.75,80.82,81.51,82.38,83.78,84.0,84.22,84.72,80.73,81.76,82.31,85.23,88.16,85.94,83.34,85.31,86.24,85.71,83.15,83.44,85.09,84.07,81.77,84.78
2026-03-04 10:54:31,95.78,99.93,99.24,98.27,99.86,97.52,96.53,96.11,92.69,92.7,92.81,90.56,88.92,88.77,88.16,84.11,86.49,86.43,83.42,84.75,82.6,81.44,81.63,78.88,84.17,85.58,83.09,83.27,80.76,81.13,83.52,83.9,80.03,72.15,81.87,80.9,81.5,80.78,81.6,82.37,83.6,83.9,84.22,84.74,80.83,81.91,82.72,85.58,88.36,86.14,83.63,85.32,86.22,85.7,83.12,83.18,84.94,84.0,81.19,84.54
2026-03-04 10:54:32,95.58,99.83,98.92,97.75,99.88,97.66,96.21,95.95,92.15,92.38,92.62,89.98,88.62,88.58,87.82,83.54,86.24,86.18,83.29,84.58,82.79,81.54,81.65,78.66,84.27,85.46,82.83,83.37,80.9,81.47,83.58,84.09,79.99,72.46,81.8,80.78,81.23,80.76,81.69,82.33,83.39,83.76,84.23,84.78,80.94,82.08,83.15,85.94,88.57,86.36,83.92,85.32,86.19,85.67,83.1,82.92,84.77,83.93,80.58,84.3
2026-03-04 10:54:33,95.36,99.71,98.57,97.21,99.87,97.76,95.82,95.73,91.59,92.02,92.39,89.38,88.31,88.37,87.45,82.96,85.98,85.91,83.13,84.4,82.98,81.65,81.66,78.44,84.37,85.33,82.55,83.46,81.02,81.78,83.63,84.26,79.95,72.77,81.71,80.64,80.94,80.75,81.78,82.28,83.14,83.61,84.24,84.83,81.07,82.26,83.59,86.32,88.79,86.59,84.21,85.32,86.15,85.63,83.08,82.65,84.59,83.86,79.95,84.05
2026-03-04 10:54:34,95.15,99.6,98.23,96.73,99.87,97.82,95.43,95.5,91.1,91.7,92.19,88.86,88.06,88.2,87.13,82.47,85.78,85.67,83.01,84.26,83.18,81.83,81.75,78.31,84.43,85.1,82.23,83.46,81.15,82.1,83.7,84.42,79.94,73.11,81.63,80.49,80.71,80.77,81.88,82.26,82.91,83.5,84.27,84.85,81.18,82.43,83.96,86.65,88.94,86.75,84.43,85.27,86.09,85.58,83.01,82.4,84.37,83.74,79.37,83.81
2026-03-04 10:54:35,94.99,99.53,97.93,96.37,99.91,97.89,95.13,95.24,90.76,91.49,92.05,88.5,87.87,88.11,86.92,82.09,85.65,85.47,82.97,84.16,83.38,82.05,81.82,78.29,84.46,84.85,81.92,83.4,81.31,82.4,83.73,84.56,79.99,73.46,81.56,80.39,80.49,80.76,81.95,82.22,82.71,83.4,84.24,84.78,81.23,82.52,84.22,86.86,88.94,86.77,84.52,85.1,85.95,85.44,82.87,82.16,84.16,83.55,78.86,83.52
2026-03-04 10:54:36,94.88,99.45,97.71,96.07,99.97,97.99,94.83,94.91,90.55,91.35,91.96,88.21,87.67,88.03,86.78,81.78,85.52,85.29,83.0,84.09,83.6,82.26,81.85,78.35,84.51,84.65,81.7,83.35,81.5,82.71,83.6,84.65,80.07,73.84,81.52,80.34,80.2,80.68,81.97,82.16,82.54,83.25,84.13,84.65,81.26,82.57,84.41,86.95,88.78,86.63,84.49,84.82,85.73,85.25,82.69,81.96,83.96,83.36,78.43,83.21
2026-03-04 10:54:37,94.8,99.31,97.56,95.8,100.04,98.12,94.51,94.48,90.44,91.26,91.91,87.96,87.42,87.94,86.7,81.52,85.38,85.11,83.07,84.04,83.83,82.47,81.83,78.5,84.56,84.48,81.58,83.34,81.72,83.03,83.29,84.68,80.17,74.22,81.51,80.34,79.82,80.54,81.96,82.08,82.39,83.05,83.94,84.49,81.27,82.58,84.53,86.97,88.53,86.38,84.35,84.49,85.45,85.02,82.5,81.79,83.77,83.17,78.07,82.87
2026-03-04 10:54:38,94.72,99.13,97.4,95.53,100.06,98.21,94.18,94.01,90.38,91.17,91.86,87.75,87.15,87.81,86.62,81.3,85.23,84.94,83.14,83.99,84.06,82.67,81.78,78.7,84.58,84.33,81.53,83.33,81.94,83.33,82.87,84.63,80.29,74.61,81.51,80.39,79.43,80.36,81.92,82.0,82.27,82.83,83.72,84.32,81.29,82.58,84.61,86.94,88.22,86.08,84.16,84.12,85.13,84.78,82.3,81.59,83.58,82.98,77.8,82.54
2026-03-04 10:54:39,94.58,98.89,97.17,95.23,99.91,98.16,93.87,93.59,90.32,91.02,91.71,87.56,86.9,87.5,86.44,81.03,85.02,84.74,83.2,83.96,84.25,82.81,81.75,78.91,84.56,84.19,81.54,83.3,82.08,83.58,82.46,84.49,80.43,75.06,81.51,80.52,79.17,80.21,81.81,81.94,82.2,82.62,83.56,84.23,81.36,82.51,84.65,86.89,87.94,85.85,84.02,83.73,84.78,84.54,82.12,81.36,83.39,82.72,77.65,82.29
2026-03-04 10:54:40,94.35,98.58,96.92,94.91,99.62,97.99,93.57,93.22,90.27,90.8,91.46,87.39,86.65,86.99,86.17,80.72,84.72,84.5,83.26,83.95,84.37,82.88,81.76,79.16,84.52,84.08,81.61,83.31,82.13,83.76,82.05,84.25,80.57,75.52,81.49,80.72,79.04,80.09,81.63,81.9,82.16,82.42,83.45,84.21,81.46,82.35,84.62,86.81,87.72,85.71,83.94,83.34,84.39,84.33,82.0,81.18,83.24,82.35,77.59,82.09
2026-03-04 10:54:41,94.09,98.23,96.68,94.62,99.27,97.77,93.32,92.92,90.21,90.6,91.18,87.27,86.45,86.37,85.85,80.42,84.41,84.27,83.34,83.95,84.43,82.86,81.8,79.43,84.49,83.99,81.7,83.32,82.13,83.87,81.67,83.98,80.74,76.03,81.45,80.97,79.04,80.02,81.44,81.89,82.17,82.25,83.39,84.25,81.58,82.12,84.57,86.74,87.56,85.63,83.87,82.99,84.02,84.17,81.9,81.04,83.11,81.93,77.61,81.94
2026-03-04 10:54:42,93.87,97.91,96.46,94.41,98.93,97.54,93.13,92.67,90.16,90.49,90.98,87.21,86.29,85.81,85.56,80.24,84.19,84.08,83.41,83.95,84.47,82.81,81.83,79.74,84.52,83.97,81.8,83.33,82.16,83.96,81.37,83.74,80.96,76.61,81.47,81.19,79.07,79.98,81.29,81.92,82.23,82.12,83.37,84.3,81.7,81.9,84.51,86.67,87.41,85.54,83.81,82.75,83.74,84.01,81.84,80.94,82.96,81.58,77.71,81.87
2026-03-04 10:54:43,93.67,97.61,96.2,94.18,98.55,97.26,92.9,92.41,90.1,90.4,90.77,87.16,86.15,85.28,85.28,80.16,84.03,83.93,83.39,83.95,84.48,82.74,81.86,80.04,84.54,83.94,81.91,83.35,82.17,83.95,81.04,83.48,81.2,77.21,81.53,81.39,79.11,79.96,81.16,81.95,82.26,82.02,83.37,84.33,81.78,81.65,84.42,86.52,87.17,85.42,83.77,82.58,83.5,83.84,81.78,80.87,82.84,81.31,77.89,81.84
2026-03-04 10:54:44,93.51,97.35,95.95,93.96,98.16,96.98,92.7,92.18,90.06,90.34,90.58,87.13,86.07,84.86,85.07,80.16,83.92,83.83,83.4,83.97,84.44,82.64,81.89,80.32,84.53,83.91,82.05,83.37,82.1,83.84,80.67,83.24,81.45,77.81,81.64,81.6,79.18,79.98,81.06,81.97,82.31,81.97,83.4,84.34,81.89,81.48,84.36,86.37,86.91,85.31,83.76,82.43,83.32,83.62,81.66,80.8,82.74,81.06,78.11,81.88
2026-03-04 10:54:45,93.37,97.14,95.72,93.76,97.76,96.71,92.54,91.98,90.06,90.33,90.41,87.12,86.03,84.53,84.93,80.24,83.85,83.8,83.45,83.99,84.35,82.51,81.9,80.57,84.5,83.88,82.21,83.37,81.96,83.65,80.3,83.01,81.7,78.41,81.79,81.84,79.26,80.02,80.96,81.98,82.36,81.98,83.47,84.35,82.01,81.4,84.36,86.23,86.63,85.22,83.8,82.31,83.17,83.36,81.5,80.73,82.65,80.83,78.35,81.97
2026-03-04 10:54:46,93.25,96.95,95.54,93.6,97.37,96.43,92.38,91.8,90.05,90.34,90.28,87.12,85.98,84.24,84.83,80.38,83.79,83.77,83.48,84.01,84.26,82.41,81.92,80.77,84.41,83.83,82.37,83.39,81.81,83.44,79.99,82.81,81.93,78.97,81.88,82.04,79.32,80.03,80.84,81.94,82.38,82.02,83.54,84.31,82.08,81.33,84.36,86.11,86.37,85.11,83.86,82.23,82.99,83.1,81.35,80.71,82.59,80.64,78.62,82.07
2026-03-04 10:54:47,93.12,96.77,95.41,93.46,96.97,96.12,92.19,91.61,89.91,90.33,90.19,87.12,85.85,83.96,84.76,80.55,83.7,83.71,83.46,83.98,84.18,82.35,81.9,80.95,84.29,83.77,82.38,83.36,81.62,83.29,79.8,82.69,82.2,79.52,81.92,82.18,79.32,80.01,80.75,81.93,82.4,82.08,83.63,84.27,82.04,81.24,84.33,85.98,86.17,85.03,83.91,82.2,82.82,82.87,81.17,80.68,82.54,80.46,78.89,82.2
2026-03-04 10:54:48,93.01,96.62,95.32,93.34,96.57,95.82,91.93,91.41,89.58,90.26,90.11,87.11,85.62,83.67,84.69,80.71,83.59,83.63,83.42,83.9,84.11,82.31,81.81,81.12,84.19,83.7,82.19,83.28,81.41,83.21,79.75,82.66,82.53,80.08,81.95,82.27,79.26,80.0,80.71,81.98,82.44,82.14,83.76,84.23,81.93,81.16,84.28,85.8,86.03,84.97,83.95,82.23,82.71,82.68,81.0,80.62,82.5,80.27,79.15,82.36
2026-03-04 10:54:49,92.9,96.5,95.26,93.23,96.19,95.51,91.61,91.21,89.09,90.15,90.05,87.09,85.31,83.38,84.63,80.86,83.45,83.52,83.34,83.8,84.04,82.3,81.67,81.3,84.1,83.63,81.83,83.14,81.16,83.18,79.81,82.72,82.9,80.63,81.97,82.32,79.14,79.99,80.73,82.07,82.48,82.21,83.91,84.18,81.78,81.07,84.2,85.6,85.93,84.92,83.98,82.32,82.64,82.52,80.82,80.54,82.46,80.07,79.41,82.54
2026-03-04 10:54:50,92.81,96.4,95.25,93.15,95.82,95.24,91.3,91.01,88.54,90.03,90.02,87.08,84.98,83.13,84.62,81.04,83.32,83.41,83.26,83.7,84.01,82.31,81.49,81.44,84.01,83.55,81.38,82.99,80.93,83.17,79.92,82.83,83.29,81.15,82.0,82.32,79.0,79.99,80.78,82.17,82.54,82.3,84.05,84.12,81.61,81.01,84.09,85.37,85.87,84.9,84.0,82.44,82.64,82.38,80.67,80.45,82.4,79.89,79.66,82.72
2026-03-04 10:54:51,92.75,96.33,95.26,93.06,95.51,95.05,91.11,90.87,88.09,89.95,90.05,87.16,84.73,82.99,84.7,81.29,83.24,83.31,83.15,83.62,84.01,82.33,81.32,81.51,83.91,83.43,80.99,82.88,80.76,83.16,80.05,82.93,83.65,81.65,82.07,82.3,78.89,80.01,80.84,82.3,82.63,82.41,84.15,84.05,81.49,80.99,83.98,85.17,85.82,84.88,84.01,82.59,82.68,82.27,80.55,80.36,82.33,79.8,79.94,82.85
2026-03-04 10:54:52,92.71,96.26,95.24,92.96,95.18,94.87,90.95,90.74,87.72,89.89,90.07,87.23,84.49,82.87,84.8,81.55,83.17,83.22,83.02,83.53,83.99,82.36,81.13,81.54,83.76,83.24,80.64,82.77,80.64,83.11,80.15,82.93,83.93,82.1,82.16,82.27,78.81,80.05,80.92,82.4,82.71,82.49,84.21,84.0,81.43,80.99,83.83,84.95,85.76,84.85,84.03,82.7,82.69,82.15,80.41,80.27,82.22,79.77,80.24,82.96
2026-03-04 10:54:53,92.66,96.14,95.07,92.83,94.8,94.61,90.77,90.57,87.37,89.81,90.03,87.21,84.23,82.73,84.84,81.77,83.11,83.12,82.92,83.49,84.0,82.35,80.79,81.48,83.52,83.01,80.32,82.66,80.56,83.07,80.26,82.92,84.15,82.5,82.24,82.18,78.7,80.06,80.97,82.47,82.75,82.57,84.29,83.99,81.43,81.02,83.63,84.73,85.69,84.82,84.07,82.8,82.7,82.06,80.28,80.15,82.0,79.72,80.49,83.05
2026-03-04 10:54:54,92.59,95.97,94.76,92.69,94.38,94.29,90.59,90.35,87.02,89.7,89.94,87.12,83.93,82.59,84.85,81.95,83.04,83.04,82.84,83.49,84.02,82.33,80.31,81.34,83.2,82.75,80.05,82.56,80.52,83.05,80.37,82.89,84.33,82.86,82.3,82.04,78.57,80.02,80.99,82.51,82.76,82.64,84.37,84.02,81.49,81.09,83.39,84.5,85.62,84.79,84.12,82.9,82.71,82.01,80.17,80.01,81.68,79.67,80.69,83.12
2026-03-04 10:54:55,92.51,95.75,94.34,92.53,93.92,93.91,90.4,90.1,86.68,89.57,89.82,86.96,83.62,82.46,84.81,82.09,82.98,82.95,82.77,83.52,84.07,82.29,79.72,81.13,82.82,82.45,79.82,82.47,80.5,83.04,80.49,82.86,84.47,83.18,82.34,81.86,78.43,79.96,80.99,82.52,82.74,82.72,84.47,84.1,81.61,81.18,83.11,84.28,85.56,84.76,84.19,82.99,82.72,81.99,80.09,79.85,81.28,79.62,80.86,83.18
2026-03-04 10:54:56,92.41,95.49,93.83,92.36,93.44,93.5,90.2,89.82,86.35,89.43,89.67,86.74,83.29,82.32,84.75,82.19,82.92,82.87,82.72,83.58,84.14,82.23,79.04,80.87,82.39,82.13,79.63,82.39,80.52,83.04,80.62,82.82,84.57,83.47,82.37,81.65,78.27,79.87,80.97,82.5,82.7,82.8,84.58,84.2,81.77,81.3,82.8,84.06,85.49,84.72,84.28,83.08,82.73,81.99,80.02,79.68,80.8,79.56,80.99,83.23
2026-03-04 10:54:57,92.31,95.21,93.24,92.19,92.95,93.05,90.0,89.52,86.04,89.28,89.49,86.49,82.95,82.19,84.65,82.27,82.86,82.8,82.68,83.66,84.22,82.17,78.29,80.55,81.92,81.8,79.48,82.32,80.55,83.05,80.75,82.78,84.65,83.72,82.39,81.4,78.1,79.76,80.93,82.47,82.63,82.87,84.69,84.34,81.97,81.43,82.48,83.84,85.43,84.69,84.37,83.16,82.74,82.02,79.98,79.49,80.27,79.49,81.08,83.26
2026-03-04 10:54:58,92.19,94.9,92.59,92.01,92.44,92.58,89.81,89.21,85.74,89.12,89.29,86.19,82.6,82.06,84.54,82.32,82.8,82.73,82.65,83.76,84.31,82.09,77.48,80.2,81.42,81.45,79.35,82.26,80.61,83.06,80.88,82.74,84.7,83.94,82.39,81.14,77.92,79.63,80.88,82.42,82.54,82.94,84.81,84.49,82.21,81.58,82.14,83.62,85.37,84.65,84.47,83.24,82.74,82.07,79.95,79.3,79.7,79.43,81.14,83.29
2026-03-04 10:54:59,92.08,94.58,91.89,91.83,91.94,92.09,89.61,88.89,85.46,88.95,89.07,85.87,82.25,81.93,84.4,82.34,82.75,82.67,82.64,83.88,84.41,82.0,76.63,79.82,80.9,81.1,79.26,82.21,80.68,83.09,81.0,82.69,84.72,84.13,82.39,80.86,77.74,79.48,80.81,82.35,82.44,83.01,84.93,84.67,82.46,81.73,81.79,83.42,85.31,84.61,84.58,83.3,82.75,82.14,79.93,79.11,79.09,79.36,81.18,83.31
2026-03-04 10:55:00,91.96,94.25,91.18,91.66,91.44,91.6,89.43,88.57,85.2,88.79,88.85,85.53,81.92,81.82,84.26,82.36,82.7,82.61,82.64,84.02,84.52,81.91,75.77,79.43,80.38,80.76,79.19,82.17,80.77,83.12,81.13,82.64,84.73,84.29,82.37,80.57,77.56,79.33,80.73,82.27,82.33,83.07,85.05,84.85,82.73,81.9,81.45,83.21,85.25,84.57,84.68,83.37,82.76,82.22,79.93,78.91,78.47,79.29,81.19,83.32
2026-03-04 10:55:01,91.87,93.98,90.56,91.58,91.08,91.23,89.33,88.33,85.05,88.71,88.72,85.3,81.69,81.77,84.18,82.43,82.72,82.6,82.67,84.19,84.67,81.87,75.02,79.08,79.93,80.48,79.17,82.13,80.83,83.15,81.26,82.59,84.71,84.43,82.36,80.31,77.39,79.19,80.64,82.17,82.22,83.11,85.14,85.01,82.99,82.05,81.15,83.01,85.14,84.51,84.76,83.45,82.8,82.28,79.93,78.69,77.86,79.2,81.19,83.33
2026-03-04 10:55:02,91.76,93.72,90.06,91.59,90.82,90.96,89.26,88.18,85.01,88.67,88.61,85.18,81.57,81.76,84.16,82.54,82.8,82.6,82.64,84.31,84.8,81.89,74.43,78.77,79.58,80.25,79.1,81.98,80.84,83.15,81.42,82.57,84.68,84.56,82.36,80.13,77.33,79.13,80.58,82.08,82.1,83.11,85.17,85.15,83.26,82.2,80.92,82.8,84.97,84.44,84.82,83.53,82.87,82.32,79.97,78.51,77.31,79.11,81.17,83.31
2026-03-04 10:55:03,91.62,93.49,89.72,91.7,90.7,90.78,89.24,88.17,85.11,88.69,88.57,85.19,81.6,81.83,84.2,82.71,82.95,82.64,82.62,84.41,84.94,81.94,74.01,78.58,79.35,80.06,79.03,81.83,80.83,83.1,81.61,82.61,84.68,84.7,82.39,79.99,77.33,79.13,80.51,81.92,81.89,83.08,85.14,85.28,83.54,82.33,80.7,82.55,84.72,84.34,84.81,83.57,82.95,82.34,80.06,78.43,76.88,79.07,81.08,83.17
2026-03-04 10:55:04,91.53,93.31,89.48,91.86,90.67,90.67,89.29,88.25,85.29,88.75,88.56,85.29,81.72,81.97,84.26,82.91,83.07,82.65,82.61,84.49,85.06,82.01,73.73,78.48,79.23,79.94,79.07,81.73,80.75,83.03,81.8,82.64,84.67,84.87,82.48,79.91,77.37,79.17,80.45,81.76,81.67,83.04,85.1,85.39,83.78,82.47,80.55,82.33,84.41,84.19,84.69,83.59,83.03,82.31,80.09,78.34,76.58,79.06,80.97,83.0
2026-03-04 10:55:05,91.51,93.2,89.36,92.06,90.68,90.6,89.39,88.38,85.51,88.82,88.56,85.43,81.91,82.15,84.33,83.06,83.15,82.6,82.53,84.55,85.15,82.04,73.52,78.43,79.18,79.91,79.18,81.7,80.69,82.94,81.96,82.65,84.62,85.01,82.56,79.87,77.45,79.25,80.4,81.61,81.49,82.96,85.03,85.46,83.97,82.61,80.5,82.18,84.09,84.02,84.55,83.56,83.07,82.21,80.05,78.27,76.37,79.03,80.87,82.82
2026-03-04 10:55:06,91.48,93.07,89.26,92.16,90.63,90.48,89.47,88.5,85.7,88.85,88.48,85.47,82.07,82.31,84.35,83.11,83.13,82.45,82.43,84.61,85.22,82.05,73.44,78.42,79.12,79.9,79.29,81.68,80.67,82.85,82.1,82.65,84.51,85.11,82.59,79.82,77.53,79.35,80.37,81.51,81.37,82.91,84.87,85.5,84.1,82.7,80.45,82.03,83.77,83.86,84.41,83.5,83.06,82.07,79.93,78.18,76.21,79.01,80.74,82.61
2026-03-04 10:55:07,91.4,92.96,89.2,92.18,90.51,90.27,89.48,88.54,85.89,88.86,88.34,85.44,82.23,82.49,84.33,83.12,83.06,82.28,82.35,84.67,85.25,82.04,73.46,78.43,79.07,79.86,79.42,81.69,80.65,82.69,82.2,82.65,84.35,85.11,82.54,79.73,77.63,79.45,80.36,81.43,81.28,82.85,84.65,85.54,84.22,82.79,80.39,81.85,83.43,83.69,84.27,83.44,83.01,81.92,79.76,78.1,76.11,78.99,80.58,82.37
2026-03-04 10:55:08,91.29,92.82,89.12,92.15,90.39,90.07,89.47,88.48,86.05,88.86,88.15,85.4,82.39,82.68,84.28,83.1,83.0,82.18,82.32,84.74,85.26,82.01,73.53,78.4,79.01,79.79,79.56,81.71,80.64,82.5,82.23,82.57,84.11,84.98,82.44,79.64,77.72,79.54,80.35,81.34,81.17,82.79,84.5,85.59,84.35,82.88,80.35,81.66,83.11,83.53,84.16,83.42,82.99,81.8,79.59,78.03,76.04,78.98,80.46,82.13
2026-03-04 10:55:09,91.09,92.62,88.98,92.04,90.23,89.86,89.44,88.34,86.13,88.78,87.91,85.35,82.52,82.77,84.19,83.05,82.92,82.08,82.29,84.8,85.2,81.97,73.59,78.36,78.9,79.71,79.69,81.68,80.65,82.34,82.22,82.41,83.84,84.78,82.34,79.58,77.85,79.62,80.29,81.18,80.99,82.69,84.33,85.53,84.44,82.95,80.33,81.46,82.81,83.34,84.05,83.45,83.01,81.63,79.4,77.96,75.99,78.98,80.39,81.94
2026-03-04 10:55:10,90.75,92.33,88.76,91.85,90.01,89.64,89.37,88.14,86.18,88.65,87.64,85.27,82.62,82.72,84.03,82.97,82.85,81.97,82.25,84.83,85.02,81.91,73.74,78.36,78.78,79.62,79.8,81.56,80.63,82.2,82.18,82.13,83.56,84.53,82.24,79.55,78.05,79.75,80.24,81.0,80.79,82.58,84.16,85.37,84.44,83.02,80.34,81.31,82.57,83.17,83.96,83.5,83.04,81.42,79.21,77.8,76.01,79.02,80.38,81.8
2026-03-04 10:55:11,90.3,91.97,88.46,91.58,89.74,89.4,89.27,87.89,86.18,88.47,87.34,85.16,82.68,82.52,83.81,82.87,82.79,81.87,82.2,84.83,84.74,81.86,73.97,78.4,78.63,79.51,79.89,81.35,80.6,82.1,82.11,81.76,83.26,84.24,82.14,79.56,78.29,79.92,80.21,80.81,80.57,82.45,83.98,85.13,84.36,83.09,80.37,81.18,82.39,83.04,83.9,83.57,83.07,81.17,79.01,77.57,76.07,79.09,80.43,81.72
2026-03-04 10:55:12,89.75,91.54,88.12,91.25,89.42,89.14,89.14,87.6,86.16,88.26,87.02,85.03,82.7,82.2,83.53,82.76,82.73,81.76,82.15,84.8,84.37,81.8,74.25,78.46,78.46,79.4,79.97,81.07,80.55,82.01,82.02,81.31,82.95,83.91,82.04,79.59,78.57,80.11,80.18,80.61,80.34,82.32,83.79,84.81,84.22,83.15,80.42,81.08,82.26,82.93,83.85,83.65,83.11,80.89,78.81,77.28,76.18,79.2,80.54,81.68
2026-03-04 10:55:13,89.12,91.06,87.72,90.86,89.06,88.89,89.0,87.29,86.11,88.03,86.7,84.89,82.7,81.78,83.22,82.64,82.68,81.65,82.1,84.75,83.92,81.74,74.59,78.54,78.28,79.29,80.03,80.72,80.49,81.95,81.9,80.8,82.63,83.54,81.94,79.65,78.88,80.33,80.17,80.42,80.11,82.19,83.6,84.43,84.02,83.21,80.49,81.01,82.17,82.86,83.82,83.75,83.15,80.58,78.61,76.94,76.33,79.33,80.69,81.69
2026-03-04 10:55:14,88.44,90.55,87.3,90.44,88.68,88.62,88.83,86.95,86.03,87.77,86.37,84.74,82.68,81.29,82.87,82.51,82.63,81.54,82.04,84.66,83.42,81.68,74.97,78.65,78.09,79.17,80.08,80.34,80.42,81.91,81.77,80.24,82.31,83.17,81.84,79.73,79.22,80.58,80.16,80.22,79.88,82.05,83.41,84.01,83.78,83.26,80.58,80.97,82.12,82.8,83.81,83.85,83.2,80.26,78.42,76.56,76.5,79.48,80.87,81.72
2026-03-04 10:55:15,87.82,90.1,86.91,90.01,88.3,88.34,88.64,86.59,85.94,87.53,86.02,84.57,82.61,80.84,82.57,82.37,82.54,81.43,81.95,84.45,82.92,81.61,75.31,78.71,77.88,79.0,80.09,79.97,80.33,81.82,81.65,79.73,82.03,82.84,81.76,79.83,79.6,80.84,80.15,79.99,79.63,81.95,83.26,83.62,83.53,83.29,80.69,80.96,82.08,82.74,83.8,83.94,83.24,79.99,78.25,76.25,76.69,79.63,81.02,81.73
2026-03-04 10:55:16,87.3,89.74,86.6,89.61,87.96,88.09,88.44,86.2,85.82,87.3,85.59,84.38,82.54,80.47,82.32,82.22,82.35,81.27,81.8,84.19,82.47,81.53,75.61,78.68,77.62,78.76,80.03,79.63,80.16,81.65,81.53,79.37,81.84,82.59,81.65,79.94,80.0,81.1,80.06,79.69,79.35,81.87,83.18,83.31,83.3,83.32,80.77,80.95,82.03,82.64,83.8,83.97,83.25,79.77,78.1,76.07,76.93,79.79,81.11,81.7
2026-03-04 10:55:17,86.88,89.48,86.36,89.25,87.67,87.88,88.23,85.8,85.69,87.08,85.09,84.17,82.46,80.17,82.13,82.05,82.07,81.08,81.58,83.91,82.07,81.45,75.88,78.58,77.31,78.47,79.91,79.31,79.91,81.4,81.42,79.13,81.74,82.41,81.53,80.07,80.43,81.35,79.89,79.32,79.04,81.82,83.16,83.07,83.11,83.34,80.84,80.93,81.96,82.52,83.79,83.95,83.23,79.59,77.96,75.99,77.21,79.96,81.14,81.63
2026-03-04 10:55:18,86.55,89.3,86.2,88.91,87.41,87.69,88.03,85.38,85.54,86.87,84.54,83.95,82.39,79.95,81.98,81.87,81.73,80.86,81.32,83.62,81.72,81.37,76.1,78.42,76.96,78.14,79.75,79.0,79.61,81.07,81.31,78.99,81.72,82.29,81.4,80.21,80.88,81.6,79.67,78.89,78.7,81.78,83.18,82.89,82.94,83.36,80.9,80.91,81.88,82.38,83.78,83.88,83.19,79.44,77.83,76.01,77.52,80.13,81.12,81.52
2026-03-04 10:55:19,86.3,89.2,86.09,88.61,87.2,87.54,87.83,84.95,85.37,86.67,83.94,83.71,82.32,79.8,81.88,81.68,81.32,80.61,81.01,83.32,81.4,81.29,76.3,78.21,76.59,77.78,79.55,78.72,79.26,80.7,81.22,78.95,81.76,82.23,81.25,80.35,81.34,81.84,79.4,78.42,78.35,81.76,83.24,82.76,82.8,83.38,80.94,80.88,81.79,82.22,83.76,83.78,83.11,79.33,77.72,76.11,77.86,80.31,81.05,81.4
2026-03-04 10:55:20,86.12,89.15,86.03,88.34,87.01,87.41,87.63,84.51,85.2,86.49,83.3,83.47,82.25,79.7,81.82,81.49,80.87,80.34,80.68,83.01,81.13,81.21,76.46,77.95,76.2,77.38,79.31,78.46,78.87,80.28,81.13,79.0,81.86,82.21,81.1,80.51,81.8,82.08,79.09,77.91,77.99,81.76,83.33,82.68,82.68,83.39,80.96,80.86,81.68,82.05,83.75,83.64,83.02,79.25,77.62,76.28,78.21,80.49,80.95,81.25
2026-03-04 10:55:21,86.01,89.17,86.03,88.09,86.86,87.3,87.44,84.08,85.02,86.32,82.65,83.22,82.18,79.65,81.79,81.3,80.38,80.06,80.31,82.7,80.89,81.13,76.6,77.65,75.79,76.97,79.04,78.22,78.45,79.82,81.06,79.11,82.0,82.23,80.94,80.67,82.27,82.3,78.75,77.38,77.62,81.77,83.46,82.64,82.59,83.4,80.98,80.83,81.58,81.86,83.74,83.47,82.91,79.2,77.53,76.51,78.59,80.67,80.82,81.08
2026-03-04 10:55:22,85.95,89.23,86.06,87.87,86.74,87.22,87.25,83.65,84.84,86.17,81.98,82.97,82.12,79.64,81.79,81.11,79.87,79.77,79.93,82.39,80.69,81.05,76.71,77.33,75.38,76.55,78.76,78.0,78.01,79.34,80.99,79.29,82.19,82.29,80.78,80.83,82.73,82.5,78.38,76.83,77.25,81.79,83.61,82.63,82.51,83.41,80.98,80.79,81.46,81.67,83.72,83.28,82.79,79.17,77.46,76.79,78.96,80.84,80.66,80.91
2026-03-04 10:55:23,85.95,89.34,86.13,87.68,86.65,87.15,87.08,83.24,84.66,86.02,81.32,82.73,82.06,79.68,81.82,80.92,79.35,79.49,79.55,82.1,80.52,80.96,76.8,76.99,74.97,76.13,78.47,77.8,77.57,78.86,80.93,79.52,82.41,82.37,80.62,80.99,83.17,82.69,78.0,76.29,76.89,81.82,83.77,82.66,82.45,83.42,80.98,80.76,81.35,81.49,83.71,83.08,82.66,79.16,77.39,77.1,79.34,81.01,80.47,80.72
2026-03-04 10:55:24,85.97,89.48,86.23,87.54,86.59,87.14,86.93,82.88,84.52,85.89,80.71,82.5,81.99,79.74,81.84,80.71,78.83,79.24,79.24,81.83,80.38,80.84,76.88,76.71,74.66,75.79,78.23,77.65,77.19,78.45,80.89,79.77,82.64,82.45,80.44,81.09,83.5,82.81,77.65,75.83,76.58,81.85,83.89,82.67,82.39,83.41,80.97,80.74,81.27,81.32,83.69,82.9,82.54,79.17,77.36,77.43,79.68,81.04,80.28,80.54
2026-03-04 10:55:25,85.98,89.57,86.33,87.43,86.55,87.12,86.78,82.57,84.4,85.78,80.2,82.27,81.84,79.83,81.88,80.5,78.38,79.07,79.03,81.6,80.26,80.76,76.99,76.48,74.47,75.57,78.08,77.57,76.87,78.14,80.87,80.03,82.85,82.5,80.26,81.11,83.7,82.84,77.34,75.47,76.36,81.9,83.92,82.58,82.31,83.41,80.99,80.73,81.21,81.13,83.6,82.72,82.41,79.18,77.38,77.78,80.0,81.02,80.12,80.42
2026-03-04 10:55:26,85.93,89.58,86.43,87.34,86.52,87.08,86.66,82.36,84.33,85.67,79.79,82.06,81.68,79.98,81.98,80.37,78.09,79.03,78.87,81.29,80.19,80.75,77.17,76.33,74.37,75.42,77.99,77.56,76.62,77.94,80.91,80.32,83.05,82.55,80.08,81.13,83.83,82.79,77.1,75.23,76.27,82.01,83.97,82.48,82.27,83.43,81.04,80.75,81.15,80.96,83.48,82.53,82.3,79.25,77.51,78.19,80.31,81.03,80.05,80.37
2026-03-04 10:55:27,85.81,89.5,86.51,87.25,86.49,87.04,86.59,82.27,84.31,85.52,79.47,81.88,81.56,80.2,82.12,80.3,77.96,79.11,78.72,80.85,80.17,80.79,77.42,76.3,74.36,75.31,77.93,77.57,76.41,77.83,80.98,80.65,83.21,82.58,79.9,81.15,83.92,82.64,76.89,75.08,76.28,82.17,84.06,82.43,82.28,83.49,81.1,80.79,81.08,80.83,83.35,82.35,82.23,79.4,77.75,78.64,80.61,81.08,80.08,80.4
2026-03-04 10:55:28,85.64,89.35,86.59,87.17,86.46,86.98,86.56,82.28,84.34,85.35,79.23,81.73,81.47,80.47,82.31,80.29,77.98,79.29,78.58,80.29,80.18,80.89,77.73,76.35,74.43,75.24,77.91,77.63,76.23,77.8,81.07,81.0,83.34,82.59,79.72,81.17,83.95,82.4,76.73,75.03,76.37,82.38,84.19,82.43,82.34,83.57,81.17,80.84,81.01,80.74,83.22,82.17,82.2,79.62,78.07,79.12,80.91,81.17,80.19,80.49
2026-03-04 10:55:29,85.43,89.14,86.66,87.1,86.43,86.93,86.57,82.37,84.39,85.16,79.06,81.6,81.4,80.79,82.54,80.35,78.11,79.56,78.45,79.65,80.23,81.03,78.09,76.48,74.55,75.2,77.9,77.7,76.08,77.84,81.19,81.36,83.46,82.58,79.54,81.2,83.94,82.09,76.6,75.06,76.54,82.63,84.34,82.45,82.45,83.66,81.25,80.9,80.93,80.67,83.09,81.99,82.19,79.89,78.46,79.62,81.2,81.29,80.37,80.64
2026-03-04 10:55:30,85.18,88.89,86.73,87.03,86.4,86.87,86.61,82.53,84.48,84.95,78.95,81.5,81.36,81.15,82.8,80.44,78.34,79.9,78.33,78.93,80.3,81.21,78.48,76.68,74.73,75.19,77.92,77.8,75.95,77.93,81.33,81.74,83.55,82.56,79.36,81.23,83.89,81.72,76.51,75.16,76.77,82.91,84.52,82.52,82.58,83.78,81.33,80.97,80.85,80.63,82.96,81.83,82.2,80.21,78.91,80.14,81.48,81.44,80.6,80.83
2026-03-04 10:55:31,84.9,88.59,86.78,86.96,86.36,86.8,86.68,82.75,84.6,84.73,78.89,81.43,81.35,81.53,83.08,80.58,78.66,80.3,78.23,78.16,80.39,81.41,78.9,76.94,74.96,75.21,77.95,77.92,75.85,78.07,81.48,82.12,83.62,82.52,79.19,81.26,83.81,81.3,76.44,75.32,77.05,83.21,84.71,82.6,82.75,83.9,81.42,81.04,80.76,80.61,82.83,81.67,82.24,80.57,79.4,80.67,81.75,81.6,80.89,81.05
2026-03-04 10:55:32,84.59,88.26,86.83,86.9,86.33,86.73,86.77,83.02,84.73,84.5,78.88,81.37,81.35,81.94,83.37,80.75,79.05,80.74,78.13,77.35,80.5,81.64,79.34,77.24,75.22,75.25,78.0,78.05,75.77,78.26,81.65,82.51,83.67,82.48,79.02,81.29,83.7,80.85,76.4,75.52,77.38,83.54,84.92,82.71,82.93,84.04,81.51,81.12,80.68,80.61,82.69,81.51,82.3,80.96,79.93,81.2,82.01,81.78,81.21,81.31
2026-03-04 10:55:33,84.27,87.91,86.87,86.84,86.3,86.66,86.88,83.34,84.88,84.27,78.91,81.34,81.37,82.36,83.68,80.95,79.5,81.22,78.05,76.51,80.63,81.89,79.8,77.58,75.51,75.3,78.07,78.2,75.71,78.48,81.82,82.89,83.71,82.43,78.85,81.32,83.57,80.37,76.38,75.77,77.74,83.87,85.14,82.84,83.14,84.18,81.6,81.21,80.59,80.63,82.57,81.37,82.37,81.37,80.48,81.72,82.26,81.98,81.56,81.59
2026-03-04 10:55:34,83.94,87.54,86.91,86.79,86.27,86.6,87.01,83.68,85.04,84.04,78.98,81.32,81.4,82.78,84.0,81.16,79.99,81.73,77.97,75.66,80.76,82.15,80.26,77.95,75.82,75.37,78.14,78.35,75.67,78.72,81.99,83.27,83.74,82.37,78.7,81.35,83.42,79.87,76.39,76.05,78.12,84.21,85.37,82.99,83.36,84.33,81.7,81.29,80.5,80.67,82.44,81.23,82.45,81.79,81.05,82.24,82.49,82.18,81.94,81.88
2026-03-04 10:55:35,83.6,87.16,86.94,86.74,86.24,86.53,87.14,84.05,85.22,83.8,79.08,81.31,81.44,83.21,84.32,81.4,80.52,82.26,77.9,74.8,80.91,82.42,80.72,78.34,76.15,75.46,78.22,78.51,75.65,78.99,82.17,83.64,83.75,82.3,78.55,81.38,83.26,79.35,76.41,76.36,78.53,84.56,85.6,83.14,83.58,84.48,81.79,81.38,80.42,80.72,82.32,81.11,82.54,82.23,81.63,82.75,82.71,82.38,82.33,82.19
2026-03-04 10:55:36,83.26,86.77,86.97,86.69,86.22,86.46,87.29,84.44,85.39,83.57,79.2,81.31,81.5,83.64,84.63,81.64,81.07,82.79,77.85,73.94,81.06,82.69,81.18,78.74,76.49,75.55,78.31,78.67,75.64,79.28,82.35,84.0,83.75,82.24,78.41,81.42,83.09,78.84,76.44,76.69,78.94,84.9,85.83,83.3,83.82,84.63,81.89,81.46,80.33,80.77,82.2,80.99,82.64,82.66,82.2,83.24,82.91,82.59,82.74,82.51
2026-03-04 10:55:37,82.93,86.38,87.0,86.65,86.19,86.39,87.44,84.83,85.58,83.35,79.34,81.33,81.56,84.07,84.95,81.89,81.63,83.32,77.8,73.11,81.22,82.97,81.63,79.15,76.84,75.65,78.4,78.84,75.64,79.57,82.52,84.33,83.74,82.16,78.27,81.44,82.91,78.33,76.49,77.03,79.36,85.23,86.06,83.46,84.05,84.78,81.97,81.54,80.26,80.84,82.09,80.88,82.73,83.08,82.77,83.71,83.1,82.8,83.14,82.82
2026-03-04 10:55:38,82.65,86.03,87.03,86.63,86.16,86.27,87.56,85.2,85.72,83.19,79.52,81.36,81.67,84.48,85.2,82.12,82.09,83.73,77.78,72.43,81.37,83.23,82.08,79.52,77.16,75.74,78.5,79.02,75.66,79.84,82.6,84.6,83.66,82.05,78.15,81.45,82.73,77.89,76.58,77.42,79.79,85.49,86.15,83.58,84.24,84.9,82.02,81.58,80.21,80.93,82.01,80.79,82.76,83.39,83.29,84.13,83.29,82.98,83.44,83.14
2026-03-04 10:55:39,82.35,85.64,87.08,86.65,86.11,86.03,87.64,85.52,85.77,83.1,79.76,81.44,81.83,84.87,85.3,82.3,82.46,84.03,77.82,71.98,81.51,83.47,82.52,79.89,77.44,75.69,78.57,79.18,75.67,80.08,82.68,84.8,83.55,81.94,78.02,81.42,82.58,77.58,76.68,77.84,80.22,85.63,85.99,83.6,84.37,84.98,82.02,81.57,80.21,81.06,81.98,80.75,82.74,83.63,83.75,84.48,83.5,83.17,83.58,83.46
2026-03-04 10:55:40,82.04,85.21,87.16,86.69,86.05,85.69,87.67,85.79,85.73,83.07,80.05,81.55,82.04,85.24,85.26,82.45,82.74,84.22,77.92,71.73,81.64,83.68,82.96,80.26,77.65,75.53,78.6,79.33,75.66,80.31,82.77,84.94,83.4,81.83,77.89,81.36,82.47,77.37,76.78,78.28,80.66,85.67,85.59,83.55,84.45,85.02,82.0,81.51,80.25,81.21,82.02,80.77,82.69,83.81,84.15,84.74,83.71,83.37,83.57,83.78
2026-03-04 10:55:41,81.72,84.75,87.25,86.75,85.98,85.26,87.66,86.02,85.6,83.09,80.39,81.69,82.29,85.59,85.1,82.56,82.96,84.33,78.07,71.66,81.76,83.86,83.4,80.62,77.82,75.27,78.6,79.48,75.63,80.51,82.87,85.03,83.22,81.73,77.74,81.28,82.4,77.25,76.87,78.75,81.08,85.62,85.0,83.44,84.48,85.02,81.94,81.43,80.33,81.4,82.1,80.84,82.61,83.94,84.51,84.92,83.93,83.57,83.44,84.1
2026-03-04 10:55:42,81.4,84.27,87.36,86.83,85.9,84.76,87.63,86.21,85.4,83.17,80.76,81.86,82.58,85.92,84.85,82.64,83.1,84.37,78.26,71.74,81.88,84.02,83.82,80.98,77.95,74.92,78.57,79.61,75.59,80.7,82.98,85.08,83.02,81.62,77.6,81.18,82.35,77.21,76.96,79.22,81.5,85.49,84.24,83.27,84.47,85.0,81.85,81.31,80.44,81.6,82.22,80.94,82.51,84.03,84.82,85.04,84.15,83.78,83.2,84.41
2026-03-04 10:55:43,81.08,83.8,87.48,86.94,85.83,84.23,87.57,86.36,85.17,83.29,81.16,82.05,82.89,86.22,84.52,82.71,83.2,84.34,78.49,71.97,81.98,84.15,84.23,81.33,78.03,74.5,78.52,79.73,75.54,80.87,83.09,85.09,82.81,81.51,77.45,81.06,82.32,77.25,77.05,79.7,81.91,85.3,83.36,83.05,84.43,84.95,81.75,81.16,80.57,81.82,82.37,81.06,82.39,84.08,85.08,85.1,84.37,83.98,82.87,84.72
2026-03-04 10:55:44,80.93,83.48,87.67,87.12,85.86,83.83,87.58,86.56,85.04,83.52,81.65,82.33,83.27,86.55,84.26,82.83,83.34,84.31,78.75,72.31,82.1,84.25,84.57,81.63,78.11,74.13,78.43,79.84,75.55,81.02,83.18,85.06,82.59,81.32,77.31,80.93,82.25,77.35,77.19,80.17,82.28,85.04,82.51,82.87,84.36,84.85,81.65,81.0,80.7,82.05,82.53,81.11,82.22,84.0,85.17,85.1,84.56,84.15,82.58,84.99
2026-03-04 10:55:45,80.97,83.37,87.94,87.39,86.02,83.65,87.67,86.83,85.08,83.89,82.23,82.72,83.73,86.91,84.14,83.06,83.54,84.28,79.05,72.78,82.24,84.29,84.85,81.88,78.17,73.83,78.31,79.95,75.64,81.16,83.23,84.99,82.37,81.02,77.17,80.77,82.11,77.52,77.41,80.63,82.61,84.7,81.75,82.73,84.28,84.72,81.57,80.83,80.84,82.3,82.69,81.04,81.99,83.77,85.05,85.06,84.7,84.29,82.37,85.22
2026-03-04 10:55:46,81.19,83.44,88.27,87.73,86.3,83.65,87.83,87.15,85.26,84.36,82.9,83.2,84.25,87.29,84.13,83.36,83.79,84.27,79.39,73.34,82.41,84.3,85.05,82.08,78.24,73.61,78.16,80.04,75.79,81.29,83.26,84.9,82.15,80.63,77.04,80.59,81.92,77.73,77.67,81.07,82.91,84.3,81.09,82.63,84.18,84.56,81.5,80.65,80.98,82.56,82.85,80.88,81.72,83.41,84.76,84.97,84.81,84.39,82.23,85.41
2026-03-04 10:55:47,81.54,83.67,88.67,88.13,86.68,83.8,88.06,87.52,85.54,84.92,83.61,83.74,84.77,87.66,84.21,83.72,84.09,84.26,79.75,73.98,82.61,84.29,85.21,82.24,78.3,73.48,78.03,80.13,75.99,81.39,83.25,84.78,81.97,80.22,76.93,80.42,81.7,78.0,78.0,81.51,83.17,83.88,80.51,82.57,84.07,84.37,81.46,80.49,81.11,82.81,83.02,80.65,81.42,82.98,84.35,84.87,84.89,84.47,82.13,85.56
2026-03-04 10:55:48,82.01,84.08,89.16,88.62,87.15,84.1,88.38,87.96,85.9,85.51,84.36,84.3,85.27,87.98,84.33,84.09,84.4,84.25,80.15,74.68,82.85,84.29,85.32,82.42,78.43,73.49,77.98,80.19,76.22,81.46,83.22,84.66,81.86,79.91,76.92,80.31,81.5,78.27,78.33,81.88,83.34,83.47,80.0,82.53,83.96,84.18,81.47,80.41,81.27,83.04,83.19,80.49,81.15,82.57,83.97,84.77,84.97,84.53,82.03,85.65
2026-03-04 10:55:49,82.61,84.68,89.75,89.17,87.7,84.55,88.78,88.43,86.33,86.16,85.12,84.85,85.77,88.26,84.48,84.44,84.69,84.28,80.55,75.41,83.13,84.31,85.44,82.6,78.64,73.59,77.92,80.28,76.51,81.57,83.19,84.56,81.83,79.74,76.99,80.23,81.3,78.5,78.65,82.17,83.43,82.99,79.54,82.52,83.86,84.02,81.52,80.41,81.44,83.22,83.35,80.4,80.9,82.22,83.69,84.71,85.05,84.6,81.95,85.73
2026-03-04 10:55:50,83.3,85.39,90.35,89.76,88.33,85.09,89.23,88.9,86.84,86.86,85.91,85.42,86.24,88.56,84.68,84.78,85.0,84.35,80.97,76.17,83.43,84.35,85.49,82.74,78.87,73.8,77.94,80.42,76.9,81.73,83.19,84.53,81.9,79.67,77.08,80.09,81.12,78.76,78.99,82.4,83.45,82.55,79.17,82.53,83.8,83.9,81.61,80.51,81.63,83.34,83.47,80.35,80.7,81.96,83.5,84.67,85.11,84.69,81.94,85.84
2026-03-04 10:55:51,84.0,86.12,90.92,90.34,88.96,85.67,89.67,89.37,87.36,87.54,86.68,85.98,86.68,88.86,84.91,85.11,85.26,84.39,81.38,76.91,83.72,84.4,85.5,82.82,79.02,74.02,77.96,80.56,77.31,81.84,83.12,84.45,81.94,79.61,77.18,79.88,80.95,78.99,79.31,82.49,83.35,82.09,78.86,82.52,83.67,83.79,81.73,80.66,81.81,83.43,83.53,80.29,80.49,81.69,83.29,84.62,85.1,84.72,81.93,85.84
2026-03-04 10:55:52,84.6,86.7,91.38,90.81,89.45,86.15,90.02,89.78,87.8,88.08,87.35,86.45,87.03,89.03,85.07,85.35,85.43,84.37,81.66,77.55,83.94,84.43,85.5,82.87,79.17,74.28,77.97,80.67,77.75,81.93,82.97,84.3,81.89,79.52,77.31,79.72,80.83,79.16,79.54,82.51,83.16,81.61,78.55,82.44,83.52,83.68,81.86,80.77,81.88,83.46,83.52,80.22,80.26,81.37,83.07,84.56,85.03,84.64,81.84,85.67
2026-03-04 10:55:53,85.12,87.19,91.73,91.11,89.78,86.56,90.34,90.18,88.19,88.47,87.87,86.83,87.28,89.09,85.22,85.58,85.61,84.36,81.87,78.13,84.15,84.46,85.51,82.92,79.33,74.53,77.88,80.77,78.22,82.07,82.85,84.16,81.87,79.5,77.51,79.61,80.76,79.35,79.72,82.48,83.0,81.2,78.3,82.35,83.42,83.6,81.95,80.78,81.85,83.38,83.44,80.11,80.04,81.04,82.88,84.52,84.99,84.53,81.71,85.4
2026-03-04 10:55:54,85.58,87.65,92.01,91.27,89.94,86.89,90.65,90.57,88.53,88.71,88.23,87.12,87.44,89.07,85.37,85.82,85.79,84.36,82.01,78.66,84.35,84.53,85.52,82.93,79.49,74.76,77.66,80.86,78.71,82.23,82.74,84.03,81.9,79.57,77.74,79.54,80.73,79.54,79.83,82.39,82.87,80.9,78.1,82.27,83.35,83.55,82.0,80.7,81.75,83.22,83.27,79.94,79.86,80.77,82.74,84.52,84.97,84.43,81.56,85.06
2026-03-04 10:55:55,85.99,88.07,92.22,91.29,89.97,87.17,90.95,90.94,88.83,88.83,88.43,87.34,87.52,88.97,85.53,86.07,85.97,84.38,82.09,79.14,84.54,84.62,85.53,82.92,79.64,74.98,77.35,80.94,79.22,82.41,82.64,83.92,81.99,79.71,78.01,79.51,80.73,79.74,79.89,82.26,82.78,80.68,77.96,82.2,83.33,83.52,82.01,80.55,81.6,82.97,83.04,79.72,79.7,80.56,82.65,84.53,84.97,84.33,81.38,84.64
2026-03-04 10:55:56,86.34,88.47,92.39,91.21,89.88,87.4,91.23,91.31,89.09,88.84,88.51,87.48,87.54,88.8,85.69,86.32,86.14,84.4,82.11,79.57,84.72,84.72,85.54,82.88,79.78,75.17,76.96,81.0,79.74,82.61,82.56,83.82,82.12,79.92,78.3,79.49,80.77,79.93,79.9,82.08,82.71,80.53,77.87,82.14,83.34,83.51,81.99,80.34,81.4,82.65,82.76,79.45,79.56,80.39,82.58,84.56,84.99,84.23,81.19,84.18
2026-03-04 10:55:57,86.65,88.84,92.5,91.03,89.69,87.57,91.5,91.67,89.31,88.76,88.48,87.55,87.5,88.59,85.85,86.58,86.32,84.44,82.09,79.95,84.89,84.84,85.56,82.82,79.91,75.35,76.49,81.04,80.25,82.82,82.49,83.73,82.28,80.17,78.61,79.51,80.83,80.13,79.87,81.87,82.66,80.46,77.83,82.08,83.37,83.51,81.95,80.08,81.17,82.29,82.43,79.15,79.45,80.27,82.55,84.61,85.03,84.14,80.98,83.67
2026-03-04 10:55:58,86.92,89.17,92.56,90.77,89.41,87.71,91.75,92.0,89.49,88.59,88.35,87.57,87.41,88.33,86.01,86.83,86.49,84.48,82.03,80.28,85.05,84.98,85.58,82.74,80.04,75.51,75.97,81.08,80.76,83.04,82.43,83.65,82.48,80.47,78.94,79.54,80.91,80.32,79.81,81.63,82.64,80.44,77.82,82.03,83.44,83.53,81.88,79.78,80.9,81.87,82.06,78.83,79.35,80.19,82.55,84.67,85.07,84.05,80.76,83.13
2026-03-04 10:55:59,87.14,89.48,92.59,90.44,89.05,87.8,91.99,92.32,89.64,88.35,88.14,87.55,87.28,88.03,86.16,87.08,86.66,84.52,81.93,80.58,85.2,85.12,85.59,82.65,80.15,75.65,75.41,81.1,81.26,83.26,82.38,83.58,82.69,80.8,79.27,79.59,81.01,80.51,79.71,81.37,82.64,80.48,77.85,81.98,83.52,83.57,81.8,79.44,80.61,81.43,81.67,78.48,79.28,80.14,82.57,84.75,85.13,83.96,80.53,82.58
2026-03-04 10:56:00,87.34,89.77,92.59,90.08,88.65,87.87,92.21,92.63,89.78,88.07,87.87,87.49,87.12,87.71,86.31,87.32,86.82,84.57,81.81,80.83,85.33,85.26,85.6,82.54,80.26,75.78,74.82,81.12,81.75,83.49,82.34,83.52,82.92,81.15,79.61,79.66,81.12,80.69,79.59,81.1,82.65,80.55,77.9,81.93,83.61,83.6,81.7,79.09,80.31,80.96,81.26,78.13,79.22,80.13,82.61,84.83,85.19,83.88,80.31,82.01
2026-03-04 10:56:01,87.62,90.14,92.67,89.83,88.36,88.03,92.48,92.96,89.96,87.87,87.68,87.5,87.01,87.46,86.48,87.5,86.95,84.63,81.7,81.06,85.4,85.38,85.58,82.43,80.34,75.9,74.29,81.15,82.22,83.69,82.3,83.46,83.13,81.47,79.94,79.73,81.2,80.79,79.45,80.81,82.65,80.65,77.94,81.8,83.62,83.61,81.62,78.78,80.02,80.48,80.87,77.83,79.2,80.19,82.71,84.91,85.23,83.8,80.12,81.51
2026-03-04 10:56:02,87.94,90.54,92.8,89.72,88.23,88.31,92.76,93.23,90.14,87.71,87.55,87.52,86.89,87.16,86.56,87.51,86.88,84.64,81.56,81.25,85.43,85.45,85.52,82.33,80.42,76.04,73.87,81.19,82.65,83.82,82.23,83.37,83.25,81.76,80.2,79.7,81.24,80.84,79.29,80.54,82.65,80.75,78.0,81.65,83.54,83.59,81.55,78.52,79.77,80.04,80.54,77.61,79.2,80.28,82.78,84.93,85.23,83.72,79.95,81.13
2026-03-04 10:56:03,88.18,90.84,92.81,89.56,88.14,88.58,92.94,93.31,90.14,87.46,87.33,87.42,86.66,86.76,86.54,87.42,86.72,84.61,81.37,81.38,85.38,85.45,85.41,82.25,80.5,76.19,73.55,81.21,82.99,83.88,82.13,83.25,83.27,82.0,80.42,79.7,81.26,80.84,79.2,80.33,82.62,80.76,78.09,81.54,83.41,83.51,81.45,78.31,79.6,79.69,80.28,77.52,79.22,80.34,82.79,84.91,85.24,83.66,79.83,80.85
2026-03-04 10:56:04,88.36,91.09,92.8,89.37,88.06,88.8,93.05,93.29,90.02,87.14,87.02,87.23,86.33,86.26,86.41,87.27,86.56,84.59,81.22,81.49,85.3,85.45,85.33,82.23,80.6,76.4,73.36,81.16,83.25,83.83,82.02,83.13,83.31,82.25,80.64,79.71,81.24,80.83,79.14,80.14,82.6,80.74,78.17,81.43,83.28,83.39,81.37,78.19,79.46,79.44,80.13,77.49,79.22,80.39,82.81,84.93,85.29,83.63,79.79,80.67
2026-03-04 10:56:05,88.48,91.34,92.8,89.22,87.98,88.97,93.09,93.22,89.86,86.79,86.64,86.96,85.9,85.68,86.23,87.09,86.42,84.61,81.12,81.59,85.23,85.48,85.31,82.28,80.76,76.67,73.28,81.02,83.42,83.66,81.9,83.05,83.4,82.52,80.88,79.76,81.21,80.81,79.09,80.03,82.61,80.77,78.2,81.31,83.15,83.28,81.3,78.12,79.35,79.3,80.08,77.53,79.16,80.43,82.87,85.01,85.37,83.6,79.82,80.59
2026-03-04 10:56:06,88.57,91.57,92.81,89.1,87.91,89.1,93.09,93.1,89.67,86.43,86.19,86.62,85.38,85.02,86.01,86.9,86.29,84.64,81.05,81.7,85.18,85.53,85.34,82.39,80.95,76.98,73.3,80.81,83.52,83.39,81.79,83.01,83.52,82.83,81.15,79.84,81.18,80.78,79.05,79.96,82.64,80.82,78.21,81.19,83.02,83.16,81.25,78.11,79.25,79.24,80.12,77.61,79.07,80.45,82.97,85.14,85.47,83.59,79.9,80.58
2026-03-04 10:56:07,88.61,91.78,92.82,89.02,87.84,89.19,93.03,92.94,89.44,86.06,85.7,86.24,84.79,84.31,85.75,86.68,86.18,84.69,81.03,81.81,85.13,85.61,85.41,82.56,81.17,77.34,73.41,80.54,83.55,83.04,81.67,83.0,83.67,83.15,81.43,79.94,81.15,80.75,79.02,79.95,82.7,80.9,78.19,81.06,82.91,83.05,81.22,78.15,79.17,79.26,80.24,77.73,78.93,80.48,83.09,85.31,85.59,83.58,80.04,80.65
2026-03-04 10:56:08,88.62,91.98,92.84,88.96,87.78,89.24,92.94,92.75,89.2,85.69,85.18,85.81,84.16,83.56,85.46,86.46,86.08,84.75,81.03,81.91,85.1,85.7,85.51,82.77,81.42,77.73,73.59,80.21,83.52,82.62,81.54,83.01,83.84,83.48,81.72,80.06,81.12,80.71,79.0,79.97,82.78,81.0,78.14,80.93,82.8,82.95,81.2,78.23,79.1,79.34,80.42,77.88,78.77,80.49,83.23,85.52,85.73,83.58,80.21,80.78
2026-03-04 10:56:09,88.6,92.17,92.87,88.92,87.72,89.26,92.82,92.53,88.93,85.31,84.63,85.35,83.48,82.78,85.15,86.23,85.99,84.83,81.06,82.02,85.08,85.8,85.65,83.02,81.69,78.14,73.83,79.85,83.44,82.14,81.43,83.04,84.04,83.82,82.03,80.2,81.09,80.67,78.99,80.04,82.88,81.12,78.08,80.8,82.69,82.85,81.19,78.34,79.05,79.47,80.66,78.07,78.59,80.5,83.39,85.76,85.89,83.58,80.43,80.95
2026-03-04 10:56:10,88.55,92.34,92.9,88.91,87.67,89.26,92.67,92.29,88.65,84.94,84.06,84.87,82.77,81.98,84.82,85.99,85.92,84.92,81.11,82.11,85.06,85.91,85.81,83.3,81.98,78.57,74.13,79.46,83.32,81.62,81.31,83.1,84.25,84.17,82.33,80.35,81.06,80.63,78.99,80.13,82.98,81.25,78.0,80.66,82.6,82.75,81.2,78.48,79.01,79.66,80.94,78.28,78.39,80.5,83.56,86.02,86.05,83.59,80.66,81.17
2026-03-04 10:56:11,88.49,92.5,92.94,88.92,87.63,89.23,92.5,92.03,88.37,84.57,83.49,84.38,82.05,81.18,84.49,85.76,85.86,85.01,81.18,82.21,85.05,86.03,85.98,83.6,82.27,79.01,74.46,79.04,83.16,81.07,81.19,83.17,84.47,84.51,82.64,80.5,81.02,80.58,78.99,80.25,83.1,81.4,77.91,80.53,82.51,82.65,81.22,78.65,78.98,79.88,81.27,78.5,78.17,80.5,83.75,86.29,86.22,83.6,80.93,81.42
2026-03-04 10:56:12,88.4,92.64,92.97,88.94,87.59,89.18,92.31,91.76,88.08,84.22,82.91,83.88,81.32,80.37,84.14,85.52,85.8,85.12,81.26,82.3,85.04,86.16,86.18,83.92,82.58,79.45,74.83,78.61,82.98,80.5,81.08,83.25,84.7,84.85,82.94,80.67,80.99,80.53,79.0,80.39,83.23,81.55,77.8,80.4,82.43,82.57,81.24,78.83,78.96,80.13,81.62,78.74,77.94,80.5,83.94,86.58,86.39,83.62,81.2,81.7
2026-03-04 10:56:13,88.3,92.77,93.01,88.98,87.56,89.11,92.11,91.49,87.79,83.87,82.34,83.37,80.59,79.58,83.8,85.29,85.76,85.22,81.36,82.38,85.05,86.29,86.38,84.25,82.88,79.89,75.22,78.16,82.77,79.92,80.98,83.34,84.93,85.19,83.24,80.84,80.96,80.48,79.02,80.54,83.36,81.71,77.69,80.28,82.35,82.48,81.27,79.03,78.95,80.41,81.99,78.98,77.71,80.49,84.13,86.87,86.57,83.63,81.49,82.0
2026-03-04 10:56:14,88.19,92.89,93.05,89.03,87.53,89.04,91.9,91.21,87.5,83.54,81.78,82.87,79.87,78.8,83.45,85.06,85.73,85.33,81.47,82.46,85.05,86.42,86.59,84.59,83.18,80.32,75.62,77.72,82.55,79.32,80.88,83.45,85.17,85.52,83.53,81.01,80.93,80.43,79.04,80.71,83.49,81.87,77.57,80.16,82.29,82.41,81.31,79.24,78.95,80.7,82.37,79.23,77.47,80.47,84.33,87.17,86.75,83.65,81.78,82.31
2026-03-04 10:56:15,88.07,92.99,93.09,89.09,87.5,88.94,91.68,90.93,87.21,83.22,81.22,82.38,79.16,78.05,83.12,84.84,85.7,85.44,81.59,82.54,85.06,86.55,86.81,84.93,83.48,80.75,76.04,77.27,82.31,78.73,80.78,83.55,85.4,85.83,83.81,81.17,80.9,80.39,79.06,80.89,83.63,82.04,77.45,80.04,82.22,82.33,81.35,79.46,78.95,81.01,82.77,79.49,77.24,80.46,84.53,87.47,86.92,83.68,82.08,82.64
2026-03-04 10:56:16,87.95,93.08,93.13,89.15,87.48,88.85,91.46,90.65,86.94,82.92,80.69,81.9,78.47,77.32,82.78,84.63,85.69,85.54,81.71,82.61,85.08,86.68,87.03,85.27,83.77,81.16,76.46,76.83,82.06,78.15,80.69,83.67,85.63,86.14,84.08,81.34,80.87,80.34,79.08,81.08,83.76,82.2,77.32,79.93,82.17,82.27,81.39,79.68,78.96,81.33,83.17,79.74,77.0,80.44,84.72,87.76,87.09,83.7,82.38,82.97
2026-03-04 10:56:17,87.81,93.16,93.17,89.23,87.46,88.74,91.24,90.38,86.67,82.63,80.18,81.43,77.8,76.62,82.46,84.42,85.67,85.65,81.84,82.67,85.09,86.81,87.25,85.61,84.06,81.56,76.89,76.4,81.81,77.57,80.6,83.78,85.86,86.43,84.33,81.51,80.84,80.29,79.1,81.27,83.9,82.36,77.2,79.82,82.12,82.21,81.44,79.9,78.97,81.65,83.57,79.99,76.77,80.43,84.92,88.05,87.26,83.73,82.67,83.3
2026-03-04 10:56:18,87.68,93.24,93.21,89.3,87.44,88.63,91.02,90.12,86.41,82.36,79.69,80.98,77.16,75.95,82.15,84.23,85.67,85.75,81.96,82.73,85.11,86.94,87.46,85.93,84.33,81.95,77.31,75.98,81.55,77.01,80.52,83.9,86.08,86.7,84.58,81.67,80.81,80.25,79.13,81.46,84.03,82.52,77.07,79.72,82.08,82.15,81.49,80.12,78.99,81.97,83.96,80.23,76.54,80.41,85.1,88.33,87.42,83.75,82.96,83.62
2026-03-04 10:56:19,87.54,93.3,93.25,89.38,87.43,88.52,90.8,89.86,86.16,82.11,79.22,80.55,76.54,75.31,81.86,84.04,85.66,85.86,82.09,82.79,85.13,87.06,87.68,86.25,84.59,82.31,77.72,75.57,81.29,76.47,80.45,84.02,86.29,86.96,84.81,81.82,80.78,80.2,79.16,81.65,84.16,82.67,76.95,79.63,82.04,82.1,81.54,80.34,79.01,82.29,84.35,80.47,76.33,80.39,85.28,88.6,87.57,83.78,83.24,83.95
2026-03-04 10:56:20,87.41,93.35,93.29,89.46,87.42,88.4,90.59,89.61,85.93,81.88,78.77,80.14,75.96,74.72,81.57,83.87,85.67,85.96,82.22,82.84,85.15,87.18,87.88,86.56,84.84,82.66,78.12,75.18,81.04,75.95,80.38,84.13,86.49,87.2,85.02,81.97,80.76,80.16,79.19,81.84,84.28,82.82,76.83,79.54,82.0,82.05,81.59,80.55,79.04,82.6,84.73,80.7,76.12,80.37,85.46,88.86,87.72,83.8,83.52,84.26
2026-03-04 10:56:21,87.28,93.39,93.33,89.55,87.41,88.29,90.39,89.38,85.71,81.66,78.36,79.76,75.41,74.16,81.31,83.71,85.67,86.05,82.34,82.89,85.18,87.29,88.08,86.86,85.08,82.99,78.51,74.81,80.79,75.46,80.31,84.24,86.69,87.43,85.22,82.11,80.74,80.12,79.21,82.02,84.4,82.96,76.71,79.46,81.97,82.01,81.64,80.75,79.06,82.91,85.09,80.92,75.91,80.35,85.62,89.11,87.86,83.83,83.78,84.57
2026-03-04 10:56:22,87.15,93.43,93.36,89.63,87.41,88.17,90.19,89.15,85.5,81.46,77.97,79.39,74.9,73.63,81.05,83.55,85.68,86.14,82.47,82.93,85.2,87.4,88.27,87.14,85.3,83.3,78.89,74.46,80.55,74.98,80.26,84.35,86.87,87.64,85.41,82.25,80.72,80.09,79.24,82.2,84.51,83.09,76.59,79.39,81.95,81.98,81.69,80.95,79.09,83.2,85.44,81.13,75.72,80.33,85.78,89.35,87.99,83.86,84.03,84.87
2026-03-04 10:56:23,87.02,93.46,93.39,89.71,87.41,88.06,90.0,88.94,85.3,81.28,77.6,79.05,74.43,73.16,80.82,83.41,85.69,86.22,82.58,82.96,85.22,87.49,88.45,87.4,85.5,83.58,79.24,74.13,80.32,74.55,80.2,84.45,87.03,87.83,85.58,82.37,80.7,80.05,79.26,82.37,84.62,83.22,76.49,79.32,81.93,81.94,81.73,81.13,79.11,83.47,85.75,81.32,75.54,80.31,85.92,89.57,88.12,83.88,84.26,85.15
2026-03-04 10:56:24,86.89,93.45,93.35,89.76,87.42,87.93,89.75,88.69,85.13,81.13,77.21,78.73,74.04,72.79,80.61,83.29,85.63,86.24,82.66,82.96,85.2,87.52,88.52,87.58,85.62,83.78,79.57,73.87,80.14,74.21,80.16,84.49,87.06,87.89,85.7,82.49,80.71,80.02,79.22,82.47,84.67,83.33,76.45,79.25,81.92,81.94,81.76,81.22,79.08,83.63,85.92,81.45,75.33,80.31,86.03,89.69,88.21,83.89,84.47,85.37
2026-03-04 10:56:25,86.79,93.39,93.18,89.7,87.41,87.78,89.4,88.31,84.86,80.99,76.86,78.44,73.76,72.57,80.43,83.19,85.54,86.23,82.72,82.95,85.19,87.51,88.5,87.68,85.68,83.91,79.83,73.72,80.05,74.03,80.18,84.49,87.02,87.9,85.79,82.6,80.76,80.03,79.19,82.55,84.69,83.41,76.5,79.21,81.93,81.93,81.75,81.3,79.05,83.71,86.0,81.58,75.21,80.35,86.09,89.71,88.25,83.86,84.61,85.51
2026-03-04 10:56:26,86.67,93.26,92.92,89.58,87.36,87.57,89.0,87.89,84.54,80.85,76.53,78.19,73.55,72.44,80.28,83.06,85.42,86.19,82.73,82.93,85.16,87.45,88.41,87.7,85.66,83.84,79.98,73.61,79.97,73.97,80.17,84.4,86.91,87.84,85.83,82.68,80.81,80.01,79.18,82.59,84.67,83.48,76.62,79.2,81.97,81.94,81.68,81.36,79.08,83.76,86.04,81.72,75.19,80.41,86.08,89.62,88.25,83.83,84.65,85.56
2026-03-04 10:56:27,86.48,92.99,92.57,89.42,87.27,87.32,88.61,87.52,84.26,80.75,76.25,78.02,73.44,72.35,80.09,82.94,85.28,86.04,82.71,82.91,85.1,87.27,88.22,87.64,85.55,83.66,80.07,73.53,79.84,73.88,80.12,84.21,86.69,87.71,85.79,82.72,80.85,80.01,79.17,82.6,84.61,83.52,76.77,79.22,82.03,81.93,81.56,81.38,79.15,83.79,86.02,81.81,75.22,80.43,85.95,89.44,88.21,83.81,84.62,85.54
2026-03-04 10:56:28,86.24,92.66,92.21,89.24,87.13,87.06,88.21,87.15,83.97,80.62,76.04,77.89,73.42,72.3,79.89,82.81,85.04,85.81,82.63,82.9,85.01,87.03,88.0,87.51,85.32,83.4,80.08,73.46,79.7,73.82,80.03,83.98,86.39,87.49,85.67,82.77,80.93,80.03,79.17,82.57,84.49,83.44,76.84,79.22,82.05,81.89,81.4,81.36,79.23,83.78,85.93,81.8,75.27,80.42,85.67,89.19,88.08,83.76,84.5,85.37
2026-03-04 10:56:29,85.99,92.29,91.85,89.04,86.87,86.74,87.78,86.78,83.66,80.42,75.85,77.66,73.43,72.26,79.73,82.67,84.72,85.5,82.52,82.89,84.9,86.7,87.72,87.28,85.0,83.01,79.95,73.37,79.55,73.82,79.88,83.68,86.05,87.2,85.52,82.8,81.07,80.12,79.22,82.54,84.34,83.24,76.72,79.12,81.96,81.79,81.21,81.29,79.29,83.76,85.8,81.73,75.34,80.35,85.24,88.85,87.88,83.7,84.32,85.08
2026-03-04 10:56:30,85.74,91.89,91.52,88.82,86.49,86.37,87.33,86.43,83.33,80.17,75.67,77.35,73.47,72.2,79.58,82.53,84.34,85.12,82.37,82.88,84.79,86.26,87.4,86.96,84.6,82.51,79.68,73.25,79.42,73.88,79.68,83.35,85.68,86.87,85.33,82.81,81.24,80.27,79.31,82.52,84.15,82.93,76.41,78.94,81.79,81.66,80.99,81.17,79.34,83.74,85.62,81.62,75.42,80.23,84.66,88.46,87.65,83.61,84.08,84.69
2026-03-04 10:56:31,85.5,91.46,91.21,88.6,86.02,85.97,86.86,86.1,82.99,79.87,75.49,76.96,73.54,72.14,79.47,82.38,83.92,84.69,82.19,82.87,84.66,85.76,87.03,86.57,84.14,81.9,79.29,73.11,79.28,73.99,79.43,82.98,85.28,86.5,85.12,82.8,81.45,80.47,79.44,82.51,83.93,82.54,75.96,78.67,81.53,81.5,80.74,81.0,79.37,83.71,85.41,81.48,75.52,80.07,83.96,88.01,87.4,83.52,83.8,84.21
2026-03-04 10:56:32,85.26,91.02,90.91,88.37,85.47,85.53,86.39,85.77,82.65,79.53,75.33,76.51,73.62,72.08,79.38,82.24,83.47,84.22,81.98,82.86,84.54,85.19,86.64,86.13,83.63,81.22,78.8,72.95,79.16,74.14,79.15,82.58,84.87,86.09,84.9,82.78,81.69,80.7,79.61,82.5,83.7,82.07,75.38,78.34,81.22,81.31,80.48,80.8,79.4,83.68,85.18,81.3,75.63,79.87,83.17,87.53,87.11,83.41,83.49,83.67
2026-03-04 10:56:33,85.02,90.57,90.64,88.13,84.86,85.07,85.91,85.47,82.31,79.17,75.18,76.01,73.72,72.01,79.31,82.11,82.98,83.72,81.75,82.85,84.4,84.58,86.23,85.64,83.08,80.47,78.23,72.78,79.04,74.32,78.83,82.17,84.45,85.67,84.66,82.75,81.95,80.98,79.8,82.49,83.45,81.55,74.69,77.96,80.85,81.1,80.2,80.57,79.41,83.64,84.92,81.09,75.74,79.65,82.3,87.02,86.81,83.29,83.15,83.08
2026-03-04 10:56:34,84.79,90.11,90.39,87.89,84.2,84.59,85.43,85.19,81.97,78.79,75.04,75.48,73.84,71.94,79.26,81.97,82.48,83.19,81.51,82.84,84.27,83.93,85.8,85.11,82.51,79.68,77.61,72.6,78.92,74.53,78.5,81.74,84.02,85.23,84.4,82.7,82.22,81.27,80.02,82.49,83.19,80.98,73.93,77.53,80.44,80.88,79.92,80.32,79.42,83.6,84.65,80.87,75.86,79.41,81.37,86.49,86.5,83.17,82.79,82.45
2026-03-04 10:56:35,84.58,89.67,90.17,87.67,83.52,84.12,84.96,84.92,81.64,78.41,74.92,74.94,73.97,71.88,79.23,81.85,81.98,82.67,81.27,82.84,84.14,83.27,85.38,84.57,81.91,78.86,76.94,72.42,78.83,74.77,78.16,81.31,83.6,84.79,84.15,82.66,82.51,81.59,80.25,82.49,82.92,80.38,73.11,77.09,80.01,80.64,79.63,80.05,79.42,83.56,84.37,80.63,75.98,79.15,80.42,85.95,86.19,83.05,82.42,81.79
2026-03-04 10:56:36,84.47,89.34,90.05,87.53,82.95,83.72,84.56,84.71,81.34,78.17,74.96,74.57,74.22,71.98,79.27,81.76,81.56,82.2,81.05,82.84,84.04,82.71,85.02,84.05,81.27,78.11,76.36,72.34,78.81,75.07,77.89,80.97,83.25,84.4,83.94,82.62,82.79,81.88,80.49,82.48,82.64,79.86,72.46,76.74,79.63,80.41,79.38,79.87,79.48,83.54,84.09,80.43,76.14,78.93,79.6,85.45,85.87,82.95,82.05,81.19
2026-03-04 10:56:37,84.44,89.11,90.01,87.46,82.6,83.48,84.27,84.61,81.09,78.1,75.16,74.43,74.6,72.25,79.38,81.7,81.24,81.8,80.85,82.82,83.95,82.27,84.74,83.59,80.66,77.51,75.91,72.37,78.84,75.4,77.72,80.72,82.95,84.04,83.75,82.58,83.04,82.11,80.72,82.48,82.38,79.43,72.03,76.54,79.37,80.26,79.24,79.78,79.6,83.54,83.81,80.21,76.32,78.72,78.93,85.0,85.55,82.86,81.68,80.69
2026-03-04 10:56:38,84.48,88.96,90.04,87.49,82.45,83.43,84.14,84.64,81.01,78.22,75.52,74.51,75.12,72.71,79.59,81.71,81.05,81.53,80.71,82.77,83.83,81.91,84.5,83.21,80.0,77.02,75.46,72.41,78.86,75.79,77.69,80.59,82.72,83.74,83.46,82.5,83.2,82.25,80.91,82.46,82.12,79.02,71.76,76.46,79.23,80.19,79.23,79.8,79.8,83.54,83.47,80.02,76.56,78.57,78.44,84.62,85.22,82.75,81.39,80.27
2026-03-04 10:56:39,84.58,88.89,90.12,87.62,82.46,83.54,84.13,84.76,81.09,78.48,76.02,74.77,75.76,73.33,79.88,81.75,80.97,81.38,80.64,82.69,83.65,81.59,84.3,82.89,79.25,76.62,74.97,72.43,78.87,76.24,77.79,80.56,82.57,83.47,83.04,82.32,83.25,82.26,81.06,82.42,81.85,78.61,71.61,76.48,79.17,80.22,79.33,79.92,80.06,83.53,83.06,79.87,76.84,78.47,78.13,84.34,84.88,82.62,81.17,79.92
2026-03-04 10:56:40,84.74,88.87,90.24,87.82,82.63,83.79,84.23,84.97,81.31,78.86,76.62,75.18,76.52,74.07,80.22,81.82,80.98,81.33,80.63,82.58,83.41,81.33,84.13,82.64,78.43,76.3,74.44,72.42,78.86,76.73,78.01,80.64,82.48,83.24,82.5,82.08,83.2,82.17,81.16,82.36,81.58,78.21,71.57,76.59,79.19,80.33,79.53,80.15,80.38,83.51,82.59,79.76,77.15,78.42,77.96,84.14,84.53,82.45,81.02,79.61
2026-03-04 10:56:41,84.96,88.93,90.39,88.07,82.93,84.15,84.42,85.25,81.63,79.33,77.3,75.72,77.32,74.91,80.62,81.93,81.06,81.37,80.66,82.45,83.16,81.12,84.0,82.45,77.64,76.05,73.93,72.44,78.86,77.23,78.29,80.77,82.38,83.03,81.9,81.79,83.11,82.03,81.22,82.26,81.3,77.84,71.64,76.73,79.26,80.46,79.74,80.43,80.73,83.49,82.09,79.65,77.5,78.41,77.86,83.93,84.14,82.26,80.93,79.35
2026-03-04 10:56:42,85.28,89.06,90.57,88.31,83.33,84.6,84.71,85.59,82.06,79.85,78.02,76.35,78.1,75.78,81.07,82.08,81.13,81.46,80.75,82.31,82.95,81.01,83.9,82.29,77.02,75.88,73.54,72.59,78.92,77.67,78.57,80.88,82.14,82.82,81.31,81.53,83.06,81.92,81.24,82.09,80.99,77.54,71.81,76.84,79.31,80.54,79.82,80.7,81.08,83.47,81.62,79.49,77.85,78.44,77.7,83.56,83.63,82.01,80.89,79.13
2026-03-04 10:56:43,85.67,89.28,90.79,88.54,83.82,85.13,85.08,85.98,82.56,80.4,78.77,77.05,78.84,76.66,81.56,82.26,81.19,81.57,80.87,82.17,82.79,80.98,83.82,82.16,76.57,75.76,73.25,72.86,79.04,78.06,78.83,80.97,81.79,82.61,80.76,81.3,83.05,81.85,81.25,81.86,80.68,77.31,72.06,76.92,79.35,80.57,79.78,80.96,81.4,83.47,81.18,79.29,78.22,78.51,77.48,83.04,83.01,81.72,80.89,78.93
2026-03-04 10:56:44,86.07,89.43,90.99,88.72,84.34,85.65,85.43,86.34,83.02,80.93,79.51,77.77,79.51,77.48,82.01,82.41,81.13,81.62,81.0,82.07,82.68,81.0,83.74,82.03,76.21,75.66,73.05,73.2,79.19,78.41,79.09,81.06,81.42,82.44,80.28,81.12,83.06,81.85,81.28,81.67,80.44,77.18,72.41,77.05,79.45,80.64,79.72,81.17,81.62,83.51,80.86,79.14,78.61,78.65,77.31,82.54,82.38,81.42,80.9,78.82
2026-03-04 10:56:45,86.41,89.36,91.15,88.84,84.84,86.08,85.72,86.66,83.35,81.4,80.21,78.48,80.12,78.2,82.41,82.55,81.07,81.54,81.12,82.0,82.6,81.04,83.66,81.89,75.89,75.52,72.89,73.58,79.34,78.71,79.33,81.14,80.99,82.26,79.82,80.95,83.06,81.9,81.35,81.56,80.3,77.13,72.84,77.21,79.59,80.76,79.66,81.34,81.86,83.61,80.67,79.05,79.0,78.88,77.22,82.11,81.83,81.15,80.8,78.78
2026-03-04 10:56:46,86.68,89.08,91.27,88.9,85.32,86.45,85.96,86.93,83.56,81.8,80.87,79.19,80.68,78.81,82.76,82.69,81.01,81.34,81.23,81.96,82.52,81.12,83.59,81.74,75.6,75.37,72.76,73.97,79.47,78.96,79.56,81.19,80.52,82.07,79.38,80.79,83.04,82.0,81.46,81.5,80.23,77.14,73.34,77.39,79.74,80.92,79.59,81.47,82.1,83.77,80.61,79.01,79.39,79.17,77.21,81.74,81.35,80.9,80.62,78.8
2026-03-04 10:56:47,86.91,88.62,91.35,88.89,85.77,86.74,86.15,87.18,83.66,82.15,81.48,79.88,81.19,79.33,83.07,82.82,80.96,81.05,81.32,81.96,82.47,81.22,83.52,81.59,75.36,75.19,72.66,74.37,79.6,79.16,79.78,81.23,80.01,81.87,78.95,80.63,83.01,82.14,81.6,81.49,80.23,77.22,73.89,77.59,79.92,81.12,79.52,81.56,82.36,83.98,80.65,79.03,79.77,79.53,77.25,81.42,80.93,80.67,80.37,78.87
2026-03-04 10:56:48,87.09,88.0,91.39,88.84,86.21,86.98,86.29,87.38,83.67,82.44,82.05,80.56,81.64,79.76,83.34,82.94,80.91,80.67,81.41,81.97,82.43,81.33,83.45,81.44,75.14,74.99,72.59,74.79,79.71,79.32,79.98,81.25,79.47,81.67,78.54,80.49,82.97,82.31,81.77,81.53,80.28,77.35,74.49,77.79,80.11,81.35,79.45,81.62,82.62,84.23,80.78,79.08,80.14,79.93,77.34,81.16,80.58,80.47,80.05,78.98
2026-03-04 10:56:49,87.23,87.29,91.42,88.76,86.62,87.17,86.4,87.57,83.61,82.7,82.58,81.22,82.06,80.13,83.57,83.07,80.88,80.23,81.49,82.02,82.4,81.47,83.39,81.3,74.96,74.8,72.55,75.2,79.81,79.44,80.17,81.26,78.92,81.48,78.15,80.36,82.92,82.51,81.96,81.6,80.39,77.53,75.11,78.01,80.31,81.6,79.38,81.66,82.88,84.5,80.98,79.17,80.5,80.36,77.48,80.95,80.29,80.29,79.68,79.13
2026-03-04 10:56:50,87.39,86.7,91.53,88.78,87.1,87.43,86.61,87.83,83.67,83.05,83.18,81.93,82.53,80.54,83.85,83.26,80.96,79.93,81.65,82.14,82.43,81.62,83.35,81.2,74.9,74.72,72.63,75.61,79.88,79.57,80.39,81.3,78.45,81.33,77.89,80.31,82.89,82.68,82.13,81.72,80.53,77.74,75.78,78.28,80.55,81.89,79.36,81.72,83.08,84.68,81.12,79.3,80.88,80.79,77.65,80.82,80.1,80.17,79.29,79.25
2026-03-04 10:56:51,87.57,86.33,91.75,88.95,87.66,87.79,86.94,88.2,83.9,83.54,83.87,82.72,83.08,81.04,84.19,83.54,81.16,79.81,81.92,82.35,82.52,81.79,83.33,81.16,74.98,74.8,72.85,76.03,79.92,79.73,80.65,81.38,78.09,81.27,77.78,80.36,82.89,82.82,82.27,81.88,80.71,78.0,76.49,78.62,80.84,82.2,79.42,81.82,83.2,84.72,81.17,79.48,81.27,81.22,77.85,80.77,80.04,80.1,78.9,79.32
2026-03-04 10:56:52,87.76,86.12,92.01,89.18,88.25,88.21,87.34,88.6,84.21,84.09,84.57,83.5,83.6,81.55,84.56,83.87,81.43,79.82,82.25,82.63,82.65,81.96,83.3,81.18,75.2,75.01,73.19,76.45,79.96,79.92,80.93,81.45,77.82,81.24,77.77,80.47,82.88,82.93,82.39,82.05,80.89,78.29,77.22,79.01,81.15,82.52,79.53,81.96,83.28,84.7,81.16,79.67,81.66,81.63,78.09,80.8,80.08,80.1,78.57,79.4
2026-03-04 10:56:53,87.94,85.97,92.2,89.39,88.79,88.59,87.7,88.9,84.45,84.59,85.14,84.12,83.9,81.97,84.87,84.19,81.7,79.89,82.6,82.92,82.78,82.1,83.25,81.24,75.53,75.35,73.6,76.87,80.06,80.16,81.2,81.44,77.58,81.18,77.77,80.61,82.79,83.0,82.5,82.21,81.05,78.59,77.93,79.43,81.48,82.79,79.65,82.13,83.4,84.72,81.17,79.86,82.04,82.06,78.39,80.9,80.2,80.2,78.4,79.56
2026-03-04 10:56:54,88.09,85.86,92.3,89.54,89.27,88.93,88.02,89.1,84.61,85.02,85.57,84.57,83.99,82.29,85.13,84.49,81.94,79.99,82.95,83.23,82.91,82.2,83.16,81.34,75.97,75.78,74.07,77.29,80.22,80.46,81.47,81.36,77.38,81.1,77.79,80.76,82.64,83.04,82.59,82.35,81.18,78.89,78.61,79.88,81.82,83.03,79.78,82.33,83.55,84.77,81.2,80.02,82.41,82.48,78.73,81.06,80.38,80.38,78.38,79.81
2026-03-04 10:56:55,88.21,85.78,92.33,89.66,89.7,89.22,88.29,89.21,84.7,85.4,85.88,84.89,83.89,82.52,85.34,84.77,82.16,80.13,83.3,83.54,83.04,82.28,83.05,81.48,76.49,76.29,74.59,77.71,80.43,80.8,81.72,81.22,77.2,80.99,77.81,80.93,82.42,83.06,82.67,82.48,81.29,79.19,79.25,80.35,82.16,83.23,79.9,82.55,83.73,84.85,81.25,80.17,82.76,82.9,79.11,81.27,80.63,80.64,78.49,80.13
2026-03-04 10:56:56,88.32,85.74,92.31,89.75,90.07,89.47,88.53,89.24,84.73,85.72,86.08,85.08,83.65,82.66,85.51,85.03,82.37,80.3,83.65,83.85,83.16,82.33,82.92,81.63,77.08,76.86,75.15,78.12,80.68,81.18,81.97,81.02,77.05,80.87,77.83,81.11,82.15,83.05,82.74,82.58,81.38,79.49,79.87,80.83,82.5,83.4,80.03,82.79,83.92,84.96,81.32,80.29,83.09,83.32,79.52,81.52,80.93,80.96,78.7,80.51
2026-03-04 10:56:57,88.4,85.73,92.23,89.81,90.4,89.69,88.74,89.2,84.7,85.99,86.18,85.16,83.26,82.74,85.63,85.27,82.55,80.48,83.99,84.17,83.27,82.36,82.77,81.81,77.73,77.49,75.74,78.53,80.95,81.57,82.2,80.79,76.92,80.73,77.86,81.29,81.84,83.03,82.79,82.67,81.45,79.79,80.45,81.32,82.84,83.53,80.16,83.04,84.14,85.09,81.4,80.41,83.41,83.72,79.96,81.8,81.26,81.33,79.02,80.93
2026-03-04 10:56:58,88.47,85.74,92.11,89.83,90.69,89.88,88.92,89.1,84.62,86.21,86.21,85.15,82.77,82.76,85.72,85.49,82.72,80.69,84.33,84.48,83.39,82.38,82.61,82.01,78.41,78.15,76.35,78.92,81.25,81.99,82.41,80.52,76.82,80.58,77.9,81.47,81.5,82.98,82.84,82.75,81.5,80.08,80.99,81.8,83.16,83.64,80.28,83.3,84.37,85.23,81.49,80.51,83.7,84.12,80.41,82.1,81.63,81.73,79.41,81.38
2026-03-04 10:56:59,88.53,85.79,91.96,89.85,90.94,90.04,89.07,88.96,84.52,86.41,86.17,85.06,82.2,82.73,85.78,85.7,82.88,80.91,84.65,84.79,83.49,82.37,82.45,82.22,79.11,78.83,76.95,79.3,81.57,82.41,82.61,80.21,76.74,80.43,77.94,81.65,81.14,82.92,82.88,82.81,81.54,80.36,81.49,82.28,83.48,83.71,80.4,83.55,84.59,85.38,81.58,80.59,83.97,84.49,80.85,82.42,82.0,82.15,79.85,81.86
2026-03-04 10:57:00,88.64,85.94,91.86,89.92,91.2,90.22,89.26,88.89,84.51,86.64,86.18,85.01,81.74,82.76,85.87,85.91,83.06,81.16,84.97,85.04,83.5,82.36,82.31,82.4,79.7,79.41,77.45,79.65,81.85,82.75,82.71,79.88,76.7,80.31,77.98,81.81,80.78,82.82,82.91,82.84,81.51,80.56,81.9,82.71,83.74,83.72,80.5,83.74,84.73,85.44,81.6,80.66,84.21,84.72,81.19,82.66,82.29,82.45,80.24,82.25
2026-03-04 10:57:01,88.81,86.19,91.79,90.0,91.41,90.34,89.44,88.84,84.55,86.86,86.19,84.96,81.36,82.8,85.96,86.08,83.2,81.4,85.25,85.19,83.39,82.3,82.17,82.57,80.18,79.91,77.9,79.95,82.09,83.0,82.73,79.57,76.69,80.23,78.02,81.93,80.42,82.69,82.91,82.78,81.39,80.66,82.24,83.08,83.91,83.65,80.6,83.9,84.83,85.42,81.61,80.71,84.38,84.83,81.5,82.85,82.52,82.72,80.59,82.54
2026-03-04 10:57:02,89.03,86.54,91.81,90.15,91.66,90.52,89.63,88.88,84.68,87.14,86.27,85.0,81.08,82.9,86.05,86.18,83.33,81.66,85.5,85.28,83.26,82.25,82.02,82.69,80.59,80.4,78.3,80.21,82.28,83.18,82.7,79.35,76.74,80.15,78.08,82.07,80.17,82.6,82.88,82.68,81.28,80.69,82.53,83.38,84.03,83.57,80.69,84.04,84.92,85.32,81.59,80.77,84.51,84.91,81.83,83.05,82.69,82.95,80.95,82.83
2026-03-04 10:57:03,89.31,86.98,91.95,90.4,91.96,90.73,89.87,89.03,84.92,87.5,86.45,85.18,80.97,83.11,86.2,86.29,83.52,81.96,85.74,85.36,83.18,82.22,81.9,82.79,80.98,80.86,78.68,80.35,82.42,83.32,82.63,79.15,76.85,80.14,78.22,82.22,79.96,82.5,82.78,82.54,81.2,80.74,82.8,83.68,84.19,83.53,80.76,84.15,85.01,85.2,81.44,80.78,84.51,84.97,82.18,83.26,82.83,83.15,81.28,83.06
2026-03-04 10:57:04,89.64,87.55,92.2,90.73,92.28,90.97,90.18,89.28,85.29,87.94,86.75,85.5,81.06,83.44,86.41,86.45,83.79,82.34,85.99,85.45,83.13,82.22,81.81,82.9,81.38,81.3,79.02,80.34,82.54,83.44,82.57,78.97,77.0,80.22,78.44,82.35,79.75,82.39,82.57,82.37,81.13,80.82,83.1,84.02,84.39,83.5,80.78,84.24,85.1,85.06,81.14,80.73,84.37,84.99,82.54,83.48,82.94,83.33,81.57,83.22
2026-03-04 10:57:05,90.01,88.15,92.53,91.09,92.62,91.21,90.5,89.61,85.71,88.44,87.11,85.89,81.3,83.84,86.66,86.62,84.09,82.74,86.23,85.55,83.11,82.23,81.77,83.03,81.79,81.74,79.36,80.28,82.66,83.54,82.5,78.79,77.19,80.36,78.72,82.49,79.55,82.24,82.32,82.21,81.1,80.94,83.4,84.35,84.59,83.45,80.81,84.34,85.19,84.91,80.79,80.68,84.16,84.99,82.88,83.72,83.06,83.5,81.85,83.29
2026-03-04 10:57:06,90.44,88.65,92.9,91.45,92.97,91.46,90.8,89.98,86.04,88.93,87.44,86.27,81.66,84.25,86.92,86.74,84.32,83.15,86.44,85.68,83.1,82.24,81.76,83.16,82.2,82.19,79.75,80.28,82.82,83.66,82.4,78.63,77.43,80.55,79.04,82.65,79.39,81.96,82.1,82.11,81.15,81.12,83.66,84.62,84.74,83.29,80.88,84.47,85.25,84.71,80.54,80.72,84.0,85.01,83.18,83.97,83.23,83.71,82.14,83.25
2026-03-04 10:57:07,90.92,89.05,93.3,91.78,93.32,91.71,91.07,90.4,86.28,89.4,87.73,86.63,82.12,84.64,87.17,86.8,84.49,83.54,86.64,85.83,83.08,82.24,81.8,83.31,82.63,82.65,80.17,80.37,83.04,83.78,82.28,78.47,77.7,80.77,79.39,82.83,79.26,81.59,81.91,82.05,81.27,81.35,83.88,84.82,84.83,83.02,81.01,84.63,85.28,84.49,80.41,80.86,83.9,85.04,83.44,84.23,83.43,83.94,82.43,83.1
2026-03-04 10:57:08,91.44,89.35,93.72,92.09,93.67,91.96,91.31,90.84,86.43,89.87,87.98,86.98,82.64,85.03,87.41,86.83,84.61,83.91,86.81,86.0,83.07,82.23,81.87,83.45,83.06,83.12,80.63,80.53,83.28,83.91,82.15,78.32,77.99,81.02,79.76,83.04,79.17,81.12,81.75,82.05,81.45,81.62,84.07,84.96,84.88,82.68,81.18,84.81,85.28,84.24,80.37,81.08,83.83,85.08,83.66,84.5,83.66,84.18,82.73,82.87
2026-03-04 10:57:09,91.99,89.57,94.15,92.38,94.02,92.2,91.53,91.3,86.51,90.31,88.19,87.31,83.23,85.41,87.65,86.81,84.67,84.27,86.96,86.19,83.05,82.23,81.97,83.6,83.48,83.6,81.11,80.75,83.56,84.03,82.0,78.19,78.31,81.3,80.14,83.26,79.11,80.58,81.61,82.08,81.68,81.93,84.23,85.05,84.88,82.26,81.39,85.01,85.26,83.96,80.42,81.37,83.81,85.13,83.85,84.78,83.91,84.44,83.02,82.57
2026-03-04 10:57:10,92.56,89.72,94.6,92.64,94.37,92.43,91.71,91.77,86.53,90.74,88.38,87.63,83.87,85.77,87.88,86.75,84.69,84.62,87.09,86.39,83.03,82.22,82.1,83.75,83.9,84.07,81.6,81.01,83.86,84.16,81.84,78.06,78.64,81.59,80.54,83.49,79.07,79.99,81.5,82.15,81.96,82.26,84.36,85.1,84.85,81.78,81.63,85.23,85.23,83.67,80.55,81.71,83.82,85.19,84.0,85.05,84.19,84.71,83.32,82.21
2026-03-04 10:57:11,93.14,89.8,95.05,92.89,94.7,92.66,91.87,92.25,86.49,91.14,88.53,87.92,84.53,86.11,88.1,86.67,84.68,84.94,87.21,86.59,83.01,82.21,82.24,83.9,84.31,84.53,82.1,81.31,84.17,84.29,81.68,77.95,78.98,81.89,80.94,83.73,79.05,79.35,81.42,82.25,82.26,82.61,84.46,85.11,84.79,81.27,81.88,85.45,85.18,83.37,80.74,82.1,83.86,85.26,84.13,85.32,84.47,84.99,83.6,81.8
2026-03-04 10:57:12,93.73,89.83,95.49,93.12,95.03,92.88,92.01,92.73,86.4,91.52,88.66,88.19,85.23,86.44,88.31,86.56,84.63,85.25,87.3,86.8,83.0,82.19,82.4,84.04,84.71,84.99,82.61,81.64,84.5,84.42,81.51,77.84,79.32,82.19,81.34,83.98,79.05,78.68,81.35,82.38,82.6,82.97,84.54,85.08,84.71,80.71,82.16,85.68,85.12,83.06,80.97,82.52,83.92,85.33,84.22,85.59,84.77,85.27,83.88,81.35
2026-03-04 10:57:13,94.3,89.87,95.94,93.34,95.35,93.1,92.14,93.2,86.32,91.89,88.78,88.45,85.92,86.76,88.51,86.45,84.57,85.52,87.38,86.99,82.99,82.19,82.57,84.15,85.09,85.42,83.1,81.95,84.81,84.54,81.35,77.76,79.67,82.48,81.71,84.2,79.07,78.02,81.32,82.53,82.94,83.32,84.6,85.01,84.59,80.15,82.43,85.88,85.05,82.78,81.26,82.95,83.99,85.4,84.28,85.83,85.05,85.54,84.15,80.9
2026-03-04 10:57:14,94.89,90.09,96.44,93.64,95.7,93.38,92.33,93.68,86.35,92.26,88.94,88.73,86.61,87.1,88.72,86.37,84.56,85.78,87.47,87.13,83.0,82.25,82.76,84.23,85.42,85.85,83.58,82.22,85.08,84.62,81.19,77.75,80.03,82.73,82.06,84.42,79.14,77.52,81.38,82.77,83.33,83.66,84.68,84.92,84.47,79.67,82.6,85.97,84.97,82.57,81.57,83.35,84.05,85.47,84.35,86.07,85.32,85.81,84.42,80.55
2026-03-04 10:57:15,95.54,90.49,96.98,94.03,96.09,93.7,92.58,94.15,86.5,92.63,89.16,89.05,87.29,87.48,88.94,86.36,84.6,86.04,87.55,87.2,83.02,82.38,83.0,84.34,85.74,86.26,84.06,82.49,85.31,84.67,81.05,77.84,80.4,82.97,82.43,84.66,79.3,77.21,81.53,83.08,83.77,84.04,84.79,84.83,84.34,79.29,82.68,85.93,84.88,82.43,81.9,83.67,84.08,85.55,84.44,86.31,85.61,86.09,84.7,80.3
2026-03-04 10:57:16,96.23,91.05,97.57,94.48,96.51,94.06,92.88,94.63,86.75,93.01,89.42,89.38,87.96,87.87,89.17,86.39,84.68,86.29,87.64,87.21,83.05,82.56,83.27,84.46,86.02,86.66,84.53,82.76,85.5,84.69,80.91,78.0,80.78,83.19,82.82,84.92,79.54,77.07,81.77,83.45,84.25,84.45,84.92,84.73,84.22,78.99,82.66,85.78,84.78,82.35,82.23,83.94,84.09,85.62,84.56,86.56,85.92,86.38,85.0,80.14
2026-03-04 10:57:17,96.95,91.74,98.19,94.98,96.96,94.45,93.23,95.1,87.09,93.38,89.72,89.73,88.62,88.28,89.41,86.47,84.81,86.55,87.74,87.18,83.1,82.79,83.57,84.59,86.29,87.05,85.0,83.03,85.66,84.68,80.78,78.23,81.16,83.4,83.21,85.18,79.83,77.07,82.07,83.88,84.76,84.88,85.08,84.62,84.11,78.78,82.57,85.54,84.68,82.32,82.57,84.15,84.09,85.7,84.71,86.81,86.24,86.67,85.3,80.06
2026-03-04 10:57:18,97.68,92.53,98.82,95.53,97.42,94.87,93.62,95.55,87.5,93.75,90.04,90.1,89.25,88.7,89.64,86.58,84.96,86.8,87.83,87.11,83.16,83.06,83.88,84.73,86.53,87.42,85.46,83.29,85.79,84.65,80.66,78.52,81.53,83.59,83.61,85.45,80.17,77.2,82.43,84.35,85.3,85.32,85.24,84.52,83.99,78.64,82.42,85.22,84.57,82.34,82.91,84.31,84.06,85.78,84.87,87.05,86.56,86.96,85.6,80.04
2026-03-04 10:57:19,98.42,93.41,99.47,96.11,97.89,95.3,94.03,95.99,87.98,94.11,90.38,90.46,89.86,89.13,89.88,86.72,85.14,87.05,87.93,87.01,83.22,83.36,84.22,84.88,86.75,87.77,85.9,83.55,85.89,84.6,80.55,78.85,81.9,83.76,84.0,85.73,80.54,77.43,82.83,84.85,85.85,85.78,85.42,84.42,83.89,78.57,82.2,84.84,84.45,82.4,83.25,84.43,84.03,85.85,85.04,87.3,86.88,87.25,85.9,80.08
2026-03-04 10:57:20,99.17,94.34,100.11,96.71,98.36,95.74,94.46,96.42,88.5,94.46,90.74,90.83,90.44,89.55,90.12,86.89,85.34,87.29,88.02,86.88,83.28,83.68,84.56,85.03,86.94,88.1,86.32,83.8,85.97,84.52,80.45,79.22,82.26,83.92,84.39,86.0,80.95,77.76,83.26,85.38,86.41,86.24,85.61,84.32,83.79,78.55,81.95,84.4,84.34,82.49,83.58,84.51,83.99,85.93,85.22,87.53,87.21,87.54,86.2,80.17
2026-03-04 10:57:21,99.87,95.3,100.74,97.31,98.81,96.18,94.89,96.81,89.04,94.79,91.1,91.2,90.99,89.97,90.35,87.08,85.55,87.51,88.11,86.76,83.38,84.01,84.88,85.17,87.13,88.42,86.73,84.03,86.04,84.45,80.38,79.61,82.59,84.08,84.77,86.26,81.36,78.12,83.7,85.89,86.94,86.67,85.79,84.22,83.71,78.59,81.69,83.97,84.23,82.61,83.91,84.57,83.95,86.0,85.39,87.7,87.49,87.79,86.48,80.32
2026-03-04 10:57:22,100.42,96.15,101.25,97.84,99.17,96.56,95.23,97.06,89.55,94.99,91.41,91.48,91.43,90.32,90.51,87.27,85.69,87.69,88.2,86.67,83.51,84.34,85.16,85.27,87.3,88.68,87.09,84.27,86.11,84.37,80.32,80.0,82.87,84.26,85.16,86.49,81.72,78.47,84.1,86.34,87.37,87.04,85.97,84.08,83.63,78.67,81.48,83.61,84.15,82.75,84.22,84.65,83.97,86.08,85.52,87.75,87.67,87.97,86.71,80.53
2026-03-04 10:57:23,100.87,96.94,101.66,98.3,99.42,96.85,95.5,97.21,89.99,95.09,91.67,91.72,91.8,90.63,90.62,87.43,85.8,87.87,88.26,86.63,83.72,84.65,85.37,85.37,87.42,88.83,87.38,84.51,86.15,84.25,80.3,80.4,83.12,84.41,85.48,86.67,82.09,78.87,84.41,86.65,87.77,87.38,86.08,83.91,83.54,78.81,81.33,83.29,84.06,82.88,84.42,84.75,84.02,86.15,85.6,87.74,87.8,88.08,86.94,80.8
2026-03-04 10:57:24,101.24,97.65,102.01,98.74,99.57,97.12,95.79,97.35,90.36,95.19,91.95,91.94,92.15,90.95,90.75,87.58,85.96,88.08,88.23,86.61,83.97,84.94,85.46,85.47,87.5,88.9,87.61,84.72,86.18,84.11,80.37,80.79,83.28,84.46,85.59,86.75,82.48,79.34,84.72,86.7,88.13,87.69,86.12,83.66,83.43,79.0,81.26,82.94,83.98,83.02,84.58,84.83,84.06,86.17,85.63,87.72,87.85,88.08,87.19,81.13
2026-03-04 10:57:25,101.54,98.28,102.3,99.15,99.65,97.38,96.11,97.49,90.65,95.29,92.25,92.16,92.48,91.29,90.89,87.71,86.17,88.3,88.12,86.62,84.27,85.19,85.44,85.55,87.55,88.9,87.77,84.93,86.17,83.96,80.49,81.16,83.37,84.39,85.52,86.73,82.89,79.87,85.02,86.5,88.44,87.96,86.08,83.34,83.28,79.24,81.26,82.58,83.93,83.17,84.73,84.89,84.11,86.14,85.62,87.7,87.84,87.97,87.44,81.48
2026-03-04 10:57:26,101.78,98.84,102.53,99.53,99.66,97.62,96.44,97.62,90.87,95.38,92.56,92.38,92.8,91.64,91.05,87.83,86.42,88.53,87.94,86.65,84.61,85.41,85.33,85.64,87.56,88.84,87.88,85.13,86.15,83.8,80.68,81.5,83.38,84.24,85.29,86.63,83.31,80.44,85.31,86.1,88.72,88.2,85.99,82.97,83.1,79.51,81.33,82.21,83.9,83.33,84.85,84.94,84.14,86.06,85.57,87.67,87.77,87.76,87.69,81.87
2026-03-04 10:57:27,101.97,99.33,102.71,99.89,99.62,97.84,96.78,97.74,91.04,95.47,92.87,92.58,93.09,91.99,91.22,87.94,86.7,88.77,87.69,86.7,84.97,85.61,85.13,85.71,87.54,88.72,87.95,85.31,86.11,83.64,80.91,81.83,83.33,84.01,84.93,86.47,83.75,81.05,85.6,85.53,88.97,88.4,85.84,82.56,82.91,79.82,81.44,81.83,83.89,83.49,84.96,84.98,84.17,85.96,85.49,87.64,87.66,87.47,87.94,82.27
2026-03-04 10:57:28,102.1,99.76,102.84,100.23,99.52,98.04,97.13,97.85,91.16,95.55,93.19,92.78,93.37,92.34,91.39,88.03,87.0,89.01,87.4,86.77,85.35,85.78,84.86,85.78,87.5,88.56,87.98,85.48,86.06,83.47,81.18,82.13,83.23,83.71,84.46,86.24,84.18,81.69,85.87,84.81,89.18,88.57,85.66,82.11,82.7,80.16,81.61,81.45,83.9,83.65,85.05,85.01,84.2,85.83,85.37,87.6,87.51,87.11,88.19,82.69
2026-03-04 10:57:29,102.17,100.15,102.94,100.52,99.4,98.22,97.47,97.92,91.26,95.59,93.5,92.91,93.62,92.65,91.55,88.11,87.31,89.22,87.06,86.82,85.71,85.9,84.54,85.82,87.42,88.37,87.95,85.63,85.99,83.31,81.47,82.39,83.05,83.39,83.94,85.99,84.59,82.32,86.13,84.03,89.31,88.69,85.42,81.68,82.49,80.49,81.78,81.09,83.91,83.77,85.12,85.01,84.21,85.68,85.24,87.56,87.31,86.69,88.41,83.11
2026-03-04 10:57:30,102.17,100.5,103.02,100.78,99.3,98.37,97.77,97.95,91.38,95.58,93.77,92.97,93.81,92.89,91.69,88.2,87.6,89.36,86.69,86.84,86.0,85.91,84.23,85.83,87.27,88.16,87.89,85.77,85.89,83.17,81.78,82.61,82.82,83.1,83.49,85.76,84.91,82.93,86.37,83.34,89.33,88.71,85.14,81.31,82.3,80.78,81.91,80.8,83.91,83.81,85.12,84.9,84.19,85.55,85.14,87.51,87.07,86.24,88.56,83.54
2026-03-04 10:57:31,102.13,100.79,103.02,100.96,99.19,98.46,98.0,97.91,91.46,95.54,93.98,92.93,93.9,93.07,91.79,88.25,87.82,89.43,86.29,86.82,86.18,85.82,83.89,85.8,87.11,87.95,87.85,85.91,85.79,83.06,82.09,82.83,82.62,82.86,83.12,85.56,85.02,83.5,86.58,82.78,89.25,88.62,84.79,81.0,82.17,81.06,82.06,80.61,83.88,83.77,84.99,84.61,84.16,85.46,85.09,87.48,86.81,85.77,88.69,83.96
2026-03-04 10:57:32,102.05,101.0,102.96,101.08,99.07,98.48,98.13,97.8,91.5,95.47,94.12,92.81,93.89,93.18,91.85,88.26,87.97,89.43,85.86,86.78,86.29,85.64,83.56,85.74,86.94,87.74,87.81,86.05,85.69,82.98,82.41,83.04,82.46,82.66,82.83,85.39,84.95,84.01,86.75,82.33,89.1,88.42,84.38,80.74,82.08,81.34,82.21,80.49,83.84,83.68,84.74,84.16,84.12,85.41,85.09,87.46,86.54,85.3,88.77,84.38
2026-03-04 10:57:33,101.91,101.15,102.83,101.12,98.88,98.41,98.15,97.62,91.48,95.34,94.21,92.6,93.77,93.17,91.79,88.22,88.04,89.35,85.43,86.67,86.29,85.39,83.23,85.67,86.71,87.44,87.73,86.14,85.58,82.91,82.69,83.14,82.31,82.48,82.57,85.2,84.79,84.46,86.9,81.96,88.89,88.18,83.98,80.52,82.03,81.56,82.28,80.31,83.78,83.6,84.51,83.69,84.09,85.4,85.1,87.38,86.28,84.89,88.79,84.69
2026-03-04 10:57:34,101.69,101.21,102.62,101.05,98.64,98.22,97.99,97.36,91.36,95.1,94.2,92.3,93.52,93.03,91.61,88.12,87.99,89.18,84.97,86.46,86.18,85.09,82.92,85.6,86.48,87.1,87.6,86.21,85.46,82.83,82.91,83.19,82.18,82.31,82.3,84.91,84.57,84.86,87.01,81.65,88.63,87.85,83.54,80.25,81.93,81.68,82.31,80.15,83.73,83.52,84.26,83.21,84.07,85.39,85.1,87.23,86.07,84.54,88.75,84.9
2026-03-04 10:57:35,101.36,101.14,102.31,100.87,98.29,97.9,97.73,97.01,91.12,94.75,94.02,91.88,93.15,92.76,91.38,87.95,87.7,88.89,84.49,86.14,85.98,84.76,82.56,85.49,86.25,86.73,87.41,86.21,85.29,82.67,83.0,83.13,81.98,82.14,82.06,84.61,84.31,85.16,87.04,81.35,88.32,87.5,83.13,79.98,81.78,81.73,82.32,80.03,83.64,83.45,84.04,82.78,84.01,85.32,85.12,87.12,85.87,84.18,88.62,85.03
2026-03-04 10:57:36,100.91,100.89,101.84,100.52,97.8,97.43,97.39,96.58,90.74,94.28,93.64,91.28,92.65,92.32,91.08,87.71,87.27,88.46,83.99,85.72,85.69,84.37,82.14,85.28,85.93,86.25,87.09,86.09,85.0,82.44,82.99,82.95,81.69,81.97,81.85,84.36,84.08,85.36,86.95,81.05,88.0,87.19,82.79,79.76,81.6,81.77,82.32,79.93,83.48,83.41,83.9,82.44,83.9,85.2,85.15,87.05,85.64,83.8,88.42,85.04
2026-03-04 10:57:37,100.36,100.48,101.23,100.03,97.2,96.82,96.97,96.07,90.23,93.7,93.06,90.52,92.03,91.72,90.72,87.39,86.72,87.91,83.47,85.22,85.33,83.94,81.65,84.99,85.55,85.67,86.67,85.86,84.62,82.15,82.89,82.67,81.35,81.8,81.67,84.13,83.9,85.49,86.78,80.73,87.66,86.9,82.52,79.58,81.39,81.82,82.3,79.85,83.27,83.38,83.82,82.19,83.72,85.03,85.2,87.0,85.37,83.41,88.17,84.94
2026-03-04 10:57:38,99.81,100.07,100.59,99.44,96.55,96.14,96.44,95.45,89.65,93.04,92.4,89.68,91.35,91.06,90.26,87.02,86.1,87.26,82.97,84.71,84.95,83.52,81.15,84.64,85.15,85.07,86.23,85.58,84.2,81.81,82.75,82.36,81.03,81.58,81.5,83.91,83.73,85.57,86.53,80.34,87.28,86.59,82.29,79.46,81.19,81.83,82.23,79.79,83.04,83.33,83.77,82.01,83.53,84.85,85.25,86.91,85.13,83.1,87.91,84.67
2026-03-04 10:57:39,99.27,99.68,99.92,98.85,95.92,95.42,95.81,94.74,89.02,92.27,91.68,88.86,90.65,90.39,89.72,86.59,85.48,86.59,82.51,84.22,84.61,83.15,80.67,84.28,84.74,84.46,85.77,85.22,83.74,81.47,82.61,82.06,80.76,81.39,81.34,83.66,83.57,85.59,86.2,79.98,86.9,86.24,82.06,79.4,81.01,81.83,82.15,79.76,82.83,83.29,83.73,81.9,83.37,84.68,85.23,86.72,84.9,82.88,87.68,84.36
2026-03-04 10:57:40,98.7,99.25,99.18,98.23,95.28,94.68,95.12,94.02,88.42,91.41,90.91,88.02,89.87,89.66,89.08,86.15,84.91,85.92,82.09,83.79,84.31,82.82,80.25,83.89,84.36,83.91,85.32,84.82,83.32,81.12,82.47,81.79,80.52,81.24,81.21,83.43,83.41,85.57,85.86,79.68,86.54,85.9,81.89,79.38,80.83,81.82,82.1,79.74,82.63,83.23,83.64,81.84,83.24,84.53,85.2,86.51,84.67,82.69,87.44,84.12
2026-03-04 10:57:41,98.1,98.77,98.41,97.61,94.66,93.9,94.34,93.24,87.77,90.56,90.14,87.22,89.07,88.91,88.41,85.71,84.38,85.22,81.64,83.36,83.95,82.49,79.88,83.5,83.98,83.4,84.89,84.46,82.94,80.78,82.33,81.53,80.33,81.11,81.09,83.24,83.26,85.52,85.53,79.39,86.2,85.57,81.68,79.33,80.63,81.73,82.02,79.73,82.43,83.11,83.52,81.82,83.17,84.39,85.17,86.33,84.43,82.49,87.22,83.94
2026-03-04 10:57:42,97.42,98.26,97.63,96.99,94.06,93.05,93.54,92.43,87.05,89.69,89.38,86.43,88.2,88.12,87.73,85.23,83.84,84.51,81.19,82.95,83.51,82.12,79.49,83.0,83.54,82.91,84.44,84.09,82.53,80.45,82.16,81.25,80.14,80.98,80.94,82.99,83.05,85.36,85.17,79.17,85.84,85.22,81.44,79.3,80.47,81.59,81.91,79.77,82.27,82.97,83.37,81.76,83.11,84.26,85.13,86.15,84.14,82.32,87.02,83.77
2026-03-04 10:57:43,96.64,97.67,96.75,96.35,93.48,92.23,92.75,91.65,86.32,88.8,88.6,85.66,87.37,87.35,87.04,84.75,83.31,83.84,80.81,82.57,83.05,81.7,79.11,82.47,83.09,82.45,84.03,83.72,82.11,80.15,81.96,80.99,80.01,80.86,80.79,82.73,82.85,85.18,84.82,79.01,85.48,84.91,81.26,79.35,80.36,81.39,81.75,79.81,82.17,82.89,83.24,81.7,83.09,84.21,85.16,85.99,83.89,82.12,86.8,83.63
2026-03-04 10:57:44,95.84,97.02,95.73,95.71,92.96,91.48,91.99,90.89,85.54,87.91,87.74,84.95,86.61,86.62,86.39,84.29,82.87,83.28,80.54,82.23,82.55,81.3,78.79,81.99,82.67,82.04,83.71,83.44,81.76,79.91,81.77,80.79,79.94,80.77,80.68,82.54,82.74,85.06,84.49,78.93,85.22,84.69,81.17,79.47,80.25,81.18,81.56,79.83,82.13,82.88,83.13,81.65,83.15,84.25,85.25,85.88,83.7,81.99,86.56,83.53
2026-03-04 10:57:45,95.03,96.34,94.58,95.07,92.49,90.82,91.27,90.15,84.73,87.03,86.83,84.31,85.93,85.94,85.77,83.85,82.5,82.85,80.37,81.93,82.04,80.93,78.53,81.57,82.27,81.68,83.46,83.23,81.5,79.74,81.57,80.66,79.93,80.71,80.63,82.45,82.72,85.0,84.19,78.92,85.03,84.55,81.18,79.64,80.16,80.95,81.35,79.82,82.12,82.93,83.03,81.64,83.28,84.36,85.39,85.82,83.57,81.91,86.28,83.46
2026-03-04 10:57:46,94.22,95.63,93.33,94.44,92.08,90.22,90.59,89.44,83.89,86.17,85.88,83.72,85.31,85.31,85.2,83.43,82.21,82.52,80.3,81.65,81.52,80.58,78.33,81.2,81.89,81.35,83.27,83.09,81.31,79.63,81.38,80.57,79.98,80.66,80.61,82.42,82.77,84.97,83.91,78.95,84.91,84.49,81.26,79.85,80.08,80.72,81.11,79.79,82.15,83.02,82.95,81.65,83.47,84.54,85.58,85.82,83.5,81.88,85.98,83.42
2026-03-04 10:57:47,93.43,94.91,92.02,93.83,91.71,89.7,89.96,88.77,83.04,85.33,84.91,83.2,84.77,84.73,84.66,83.03,81.98,82.29,80.31,81.4,80.99,80.27,78.18,80.89,81.54,81.06,83.15,83.01,81.19,79.58,81.19,80.54,80.07,80.64,80.64,82.46,82.89,84.99,83.65,79.04,84.86,84.5,81.41,80.11,80.01,80.48,80.86,79.74,82.21,83.16,82.87,81.67,83.71,84.78,85.81,85.84,83.47,81.9,85.66,83.41
2026-03-04 10:57:48,92.65,94.17,90.66,93.23,91.39,89.24,89.37,88.13,82.18,84.52,83.93,82.74,84.29,84.2,84.16,82.65,81.81,82.14,80.38,81.18,80.46,79.98,78.08,80.62,81.22,80.8,83.07,82.98,81.12,79.57,81.01,80.54,80.2,80.63,80.69,82.55,83.06,85.04,83.42,79.16,84.85,84.57,81.62,80.39,79.95,80.24,80.6,79.67,82.29,83.33,82.8,81.71,83.99,85.05,86.06,85.91,83.47,81.96,85.33,83.42
2026-03-04 10:57:49,91.89,93.44,89.28,92.66,91.11,88.84,88.82,87.53,81.33,83.74,82.95,82.32,83.87,83.71,83.7,82.3,81.69,82.07,80.52,80.99,79.94,79.73,78.02,80.39,80.92,80.58,83.05,83.0,81.11,79.6,80.83,80.58,80.36,80.64,80.77,82.68,83.28,85.11,83.21,79.31,84.89,84.68,81.88,80.7,79.9,80.0,80.33,79.6,82.4,83.52,82.74,81.77,84.3,85.37,86.34,86.0,83.52,82.06,84.99,83.46
2026-03-04 10:57:50,91.16,92.72,87.88,92.11,90.87,88.5,88.31,86.96,80.5,83.0,81.97,81.96,83.5,83.26,83.28,81.97,81.62,82.07,80.7,80.82,79.42,79.49,78.0,80.2,80.64,80.39,83.06,83.06,81.15,79.67,80.66,80.64,80.55,80.66,80.88,82.86,83.53,85.21,83.02,79.49,84.97,84.84,82.18,81.02,79.86,79.76,80.06,79.51,82.52,83.74,82.69,81.83,84.64,85.71,86.64,86.12,83.59,82.18,84.65,83.51
2026-03-04 10:57:51,90.46,92.02,86.51,91.59,90.66,88.21,87.85,86.44,79.7,82.3,81.03,81.64,83.19,82.86,82.89,81.65,81.58,82.12,80.92,80.68,78.93,79.29,78.0,80.06,80.39,80.22,83.1,83.16,81.22,79.76,80.5,80.73,80.76,80.69,81.0,83.07,83.81,85.32,82.85,79.7,85.09,85.02,82.5,81.35,79.82,79.53,79.79,79.42,82.66,83.98,82.64,81.91,84.99,86.07,86.94,86.25,83.69,82.32,84.32,83.58
2026-03-04 10:57:52,89.85,91.43,85.33,91.13,90.44,87.92,87.45,86.01,79.01,81.65,80.21,81.39,82.91,82.47,82.5,81.32,81.56,82.17,81.1,80.55,78.53,79.11,78.01,79.96,80.19,80.03,83.07,83.24,81.31,79.86,80.32,80.79,80.93,80.64,81.16,83.3,84.06,85.38,82.69,79.95,85.21,85.17,82.82,81.67,79.76,79.3,79.53,79.35,82.8,84.19,82.6,82.02,85.32,86.37,87.23,86.4,83.81,82.51,84.07,83.69
2026-03-04 10:57:53,89.35,90.97,84.37,90.71,90.18,87.58,87.09,85.67,78.48,81.06,79.55,81.2,82.67,82.02,82.11,81.0,81.5,82.13,81.16,80.43,78.23,78.95,78.03,79.89,79.98,79.83,83.01,83.3,81.4,79.97,80.15,80.82,81.04,80.56,81.33,83.52,84.24,85.38,82.56,80.18,85.26,85.21,83.05,81.93,79.64,79.04,79.29,79.28,82.91,84.38,82.58,82.12,85.56,86.54,87.47,86.56,83.92,82.69,83.87,83.82
2026-03-04 10:57:54,88.9,90.62,83.66,90.4,89.95,87.24,86.76,85.4,78.06,80.48,78.98,81.0,82.45,81.64,81.79,80.72,81.4,82.01,81.12,80.28,78.0,78.83,78.07,79.82,79.76,79.61,82.92,83.31,81.44,80.06,80.0,80.83,81.07,80.41,81.48,83.7,84.32,85.29,82.44,80.36,85.19,85.11,83.16,82.11,79.5,78.71,79.05,79.21,82.98,84.52,82.59,82.22,85.72,86.64,87.69,86.72,84.01,82.84,83.72,83.96
2026-03-04 10:57:55,88.51,90.37,83.17,90.17,89.76,86.91,86.46,85.18,77.73,79.91,78.48,80.78,82.26,81.32,81.53,80.49,81.25,81.84,80.98,80.13,77.85,78.74,78.13,79.73,79.52,79.38,82.81,83.27,81.42,80.12,79.87,80.82,81.02,80.21,81.62,83.84,84.32,85.11,82.34,80.49,85.02,84.9,83.2,82.22,79.33,78.32,78.8,79.15,83.04,84.63,82.62,82.31,85.82,86.68,87.88,86.87,84.09,82.97,83.61,84.09
2026-03-04 10:57:56,88.21,90.18,82.81,89.93,89.47,86.58,86.16,84.96,77.49,79.39,78.03,80.51,82.04,81.04,81.3,80.25,81.1,81.66,80.82,79.99,77.74,78.65,78.19,79.59,79.28,79.14,82.66,83.19,81.36,80.12,79.71,80.76,80.96,80.01,81.77,84.0,84.34,84.93,82.22,80.61,84.81,84.66,83.22,82.33,79.2,77.97,78.63,79.17,83.16,84.76,82.65,82.35,85.84,86.67,88.0,86.97,84.18,83.09,83.5,84.24
2026-03-04 10:57:57,87.99,90.04,82.53,89.64,89.08,86.22,85.86,84.75,77.34,78.94,77.62,80.24,81.82,80.76,81.08,80.01,80.96,81.49,80.59,79.83,77.66,78.6,78.29,79.47,79.05,78.81,82.45,83.06,81.27,80.03,79.48,80.7,80.93,79.83,81.98,84.22,84.42,84.78,82.08,80.73,84.58,84.44,83.3,82.49,79.14,77.74,78.63,79.37,83.41,84.94,82.67,82.37,85.8,86.63,88.11,87.07,84.3,83.23,83.38,84.4
2026-03-04 10:57:58,87.84,89.94,82.32,89.31,88.61,85.85,85.55,84.55,77.25,78.55,77.26,79.98,81.59,80.48,80.86,79.75,80.83,81.31,80.33,79.67,77.59,78.58,78.42,79.38,78.79,78.4,82.17,82.9,81.14,79.87,79.2,80.63,80.94,79.67,82.24,84.49,84.55,84.66,81.91,80.85,84.35,84.23,83.43,82.69,79.14,77.6,78.76,79.71,83.75,85.17,82.7,82.38,85.7,86.58,88.2,87.17,84.44,83.36,83.25,84.59
2026-03-04 10:57:59,87.68,89.82,82.16,88.96,88.1,85.45,85.21,84.3,77.21,78.23,76.96,79.71,81.32,80.15,80.56,79.41,80.62,81.07,80.03,79.45,77.49,78.55,78.52,79.23,78.51,77.97,81.84,82.7,80.95,79.62,78.9,80.55,80.93,79.52,82.48,84.73,84.66,84.5,81.7,80.92,84.09,84.0,83.52,82.84,79.11,77.47,78.91,80.08,84.05,85.35,82.66,82.36,85.56,86.45,88.21,87.23,84.57,83.45,83.14,84.76
2026-03-04 10:58:00,87.47,89.67,82.08,88.63,87.61,85.12,84.92,84.06,77.23,78.0,76.76,79.46,80.99,79.75,80.22,79.04,80.35,80.75,79.69,79.15,77.37,78.56,78.61,79.04,78.27,77.6,81.48,82.46,80.73,79.35,78.59,80.42,80.92,79.38,82.69,84.93,84.76,84.33,81.46,80.97,83.83,83.77,83.56,82.96,79.09,77.4,79.05,80.45,84.31,85.46,82.6,82.37,85.41,86.24,88.16,87.24,84.67,83.52,83.05,84.9
2026-03-04 10:58:01,87.16,89.48,82.09,88.33,87.15,84.89,84.7,83.81,77.29,77.76,76.64,79.25,80.64,79.36,79.89,78.65,80.07,80.38,79.33,78.9,77.33,78.63,78.72,78.89,78.1,77.32,81.06,82.14,80.43,79.1,78.31,80.3,80.91,79.28,82.87,85.1,84.82,84.18,81.27,81.0,83.59,83.57,83.57,83.1,79.17,77.43,79.19,80.85,84.56,85.55,82.58,82.35,85.28,85.99,88.01,87.17,84.75,83.59,82.98,85.03
2026-03-04 10:58:02,86.77,89.26,82.19,88.05,86.75,84.74,84.54,83.53,77.37,77.47,76.58,79.09,80.26,78.99,79.57,78.23,79.78,79.96,78.95,78.69,77.37,78.74,78.84,78.79,78.01,77.1,80.56,81.76,80.01,78.89,78.07,80.17,80.89,79.21,82.98,85.25,84.82,84.04,81.15,81.0,83.37,83.38,83.56,83.22,79.3,77.52,79.31,81.27,84.8,85.6,82.58,82.28,85.15,85.69,87.75,87.03,84.83,83.65,82.94,85.15
2026-03-04 10:58:03,86.3,89.0,82.37,87.79,86.4,84.67,84.44,83.23,77.46,77.14,76.59,78.98,79.87,78.63,79.27,77.79,79.49,79.51,78.56,78.54,77.49,78.9,78.98,78.73,77.97,76.95,79.99,81.33,79.5,78.7,77.88,80.04,80.85,79.15,83.05,85.38,84.78,83.91,81.08,80.98,83.16,83.21,83.51,83.33,79.5,77.68,79.41,81.7,85.01,85.62,82.58,82.16,85.02,85.35,87.4,86.83,84.89,83.7,82.9,85.25
2026-03-04 10:58:04,85.78,88.72,82.59,87.55,86.11,84.65,84.39,82.92,77.57,76.78,76.63,78.91,79.46,78.3,78.97,77.33,79.19,79.05,78.16,78.44,77.67,79.09,79.13,78.71,77.97,76.84,79.37,80.87,78.92,78.54,77.72,79.92,80.8,79.11,83.07,85.5,84.7,83.79,81.05,80.92,82.97,83.05,83.43,83.44,79.74,77.89,79.5,82.13,85.2,85.61,82.6,82.0,84.89,84.97,86.97,86.56,84.93,83.74,82.87,85.34
2026-03-04 10:58:05,85.22,88.44,82.84,87.28,85.86,84.6,84.35,82.63,77.68,76.47,76.67,78.85,78.99,77.96,78.56,76.88,78.93,78.64,77.82,78.38,77.88,79.27,79.26,78.69,77.95,76.73,78.77,80.42,78.34,78.39,77.62,79.8,80.56,79.0,83.04,85.57,84.61,83.69,81.08,80.89,82.79,82.9,83.29,83.51,80.01,78.13,79.62,82.56,85.38,85.55,82.63,81.86,84.73,84.53,86.46,86.17,84.9,83.74,82.86,85.41
2026-03-04 10:58:06,84.63,88.19,83.07,86.99,85.64,84.47,84.31,82.37,77.8,76.23,76.66,78.79,78.45,77.62,77.99,76.46,78.72,78.32,77.56,78.36,78.11,79.41,79.38,78.65,77.88,76.59,78.21,80.0,77.8,78.26,77.58,79.68,80.1,78.81,82.98,85.61,84.53,83.62,81.14,80.89,82.63,82.74,83.09,83.55,80.29,78.39,79.76,82.97,85.55,85.43,82.68,81.74,84.52,84.04,85.87,85.62,84.78,83.7,82.85,85.44
2026-03-04 10:58:07,84.03,87.95,83.3,86.67,85.46,84.27,84.26,82.13,77.91,76.06,76.62,78.72,77.85,77.28,77.29,76.08,78.55,78.09,77.37,78.37,78.34,79.53,79.48,78.6,77.76,76.43,77.69,79.62,77.29,78.14,77.61,79.56,79.44,78.54,82.89,85.61,84.45,83.56,81.25,80.92,82.48,82.58,82.83,83.55,80.59,78.66,79.94,83.37,85.7,85.26,82.74,81.65,84.27,83.5,85.21,84.96,84.57,83.63,82.85,85.44
2026-03-04 10:58:08,83.41,87.74,83.52,86.34,85.3,84.02,84.21,81.92,78.02,75.95,76.55,78.66,77.21,76.94,76.49,75.72,78.42,77.93,77.23,78.42,78.59,79.62,79.56,78.54,77.61,76.25,77.22,79.26,76.83,78.03,77.68,79.45,78.63,78.21,82.77,85.58,84.38,83.53,81.38,80.97,82.34,82.41,82.52,83.53,80.9,78.94,80.14,83.75,85.84,85.06,82.81,81.58,84.0,82.93,84.51,84.18,84.3,83.54,82.86,85.42
2026-03-04 10:58:09,82.8,87.54,83.73,85.99,85.17,83.73,84.17,81.74,78.14,75.89,76.45,78.6,76.54,76.61,75.61,75.39,78.32,77.83,77.16,78.49,78.84,79.69,79.63,78.48,77.42,76.06,76.79,78.94,76.39,77.94,77.8,79.33,77.68,77.83,82.62,85.53,84.31,83.51,81.55,81.05,82.22,82.25,82.18,83.48,81.21,79.23,80.36,84.11,85.96,84.81,82.89,81.53,83.7,82.34,83.78,83.33,83.97,83.42,82.88,85.38
2026-03-04 10:58:10,82.19,87.36,83.93,85.63,85.07,83.4,84.12,81.58,78.24,75.87,76.33,78.53,75.85,76.29,74.66,75.09,78.25,77.79,77.13,78.59,79.09,79.73,79.68,78.4,77.21,75.86,76.39,78.64,76.0,77.86,77.94,79.22,76.62,77.41,82.46,85.45,84.25,83.5,81.73,81.14,82.11,82.09,81.81,83.41,81.52,79.52,80.59,84.44,86.07,84.55,82.98,81.51,83.38,81.73,83.02,82.42,83.6,83.28,82.89,85.33
2026-03-04 10:58:11,81.59,87.2,84.12,85.28,84.99,83.04,84.07,81.43,78.35,75.89,76.2,78.47,75.15,75.97,73.67,74.81,78.21,77.8,77.14,78.7,79.35,79.76,79.73,78.32,76.98,75.65,76.04,78.38,75.64,77.79,78.12,79.12,75.49,76.97,82.29,85.36,84.2,83.51,81.93,81.24,82.01,81.94,81.42,83.32,81.83,79.81,80.83,84.76,86.18,84.26,83.08,81.49,83.06,81.12,82.25,81.47,83.19,83.12,82.92,85.25
2026-03-04 10:58:12,81.01,87.06,84.3,84.92,84.92,82.66,84.03,81.31,78.45,75.95,76.05,78.42,74.45,75.67,72.65,74.57,78.2,77.85,77.19,78.83,79.59,79.77,79.76,78.24,76.74,75.44,75.72,78.14,75.31,77.72,78.32,79.01,74.3,76.5,82.1,85.26,84.15,83.53,82.14,81.36,81.93,81.78,81.01,83.22,82.14,80.09,81.08,85.06,86.27,83.96,83.17,81.5,82.72,80.51,81.48,80.49,82.76,82.96,82.94,85.17
2026-03-04 10:58:13,80.44,86.93,84.47,84.57,84.88,82.27,83.98,81.21,78.55,76.03,75.89,78.36,73.76,75.38,71.61,74.34,78.21,77.94,77.27,78.97,79.83,79.77,79.78,78.15,76.49,75.22,75.44,77.92,75.01,77.67,78.54,78.92,73.07,76.01,81.91,85.14,84.1,83.56,82.35,81.48,81.85,81.64,80.6,83.1,82.43,80.37,81.33,85.33,86.35,83.65,83.27,81.51,82.39,79.9,80.71,79.49,82.3,82.78,82.97,85.08
2026-03-04 10:58:14,79.9,86.81,84.62,84.23,84.85,81.87,83.94,81.12,78.64,76.14,75.72,78.31,73.07,75.1,70.57,74.14,78.23,78.06,77.38,79.12,80.07,79.75,79.79,78.07,76.22,75.01,75.19,77.73,74.75,77.63,78.78,78.83,71.82,75.52,81.71,85.01,84.06,83.59,82.58,81.61,81.79,81.5,80.18,82.98,82.72,80.64,81.58,85.59,86.42,83.33,83.37,81.54,82.05,79.31,79.96,78.49,81.84,82.6,83.0,84.98
2026-03-04 10:58:15,79.37,86.72,84.76,83.9,84.84,81.47,83.9,81.05,78.72,76.27,75.55,78.26,72.4,74.84,69.54,73.97,78.27,78.21,77.51,79.27,80.3,79.72,79.8,77.98,75.96,74.8,74.97,77.57,74.52,77.59,79.02,78.74,70.56,75.02,81.51,84.88,84.03,83.63,82.8,81.75,81.74,81.37,79.76,82.86,82.99,80.9,81.83,85.82,86.48,83.01,83.47,81.57,81.72,78.73,79.22,77.49,81.37,82.42,83.03,84.87
2026-03-04 10:58:16,78.89,86.63,84.89,83.58,84.8,81.08,83.85,80.98,78.76,76.37,75.39,78.2,71.78,74.62,68.6,73.84,78.33,78.35,77.64,79.42,80.51,79.65,79.78,77.89,75.7,74.59,74.79,77.42,74.31,77.55,79.23,78.58,69.36,74.56,81.31,84.72,83.98,83.65,83.01,81.89,81.7,81.25,79.34,82.7,83.2,81.13,82.04,86.01,86.52,82.7,83.52,81.6,81.42,78.2,78.49,76.57,80.93,82.26,83.06,84.73
2026-03-04 10:58:17,78.5,86.55,85.01,83.33,84.76,80.77,83.71,80.86,78.64,76.39,75.23,78.13,71.28,74.45,67.76,73.8,78.4,78.42,77.74,79.58,80.71,79.55,79.71,77.78,75.48,74.41,74.65,77.3,74.13,77.43,79.37,78.35,68.35,74.16,81.08,84.51,83.89,83.59,83.18,82.02,81.72,81.17,78.94,82.48,83.25,81.33,82.23,86.13,86.54,82.42,83.46,81.64,81.19,77.77,77.76,75.78,80.56,82.11,83.1,84.56
2026-03-04 10:58:18,78.18,86.49,85.13,83.18,84.76,80.52,83.47,80.68,78.33,76.32,75.09,78.05,70.87,74.33,66.99,73.84,78.47,78.4,77.8,79.76,80.91,79.44,79.61,77.66,75.29,74.27,74.54,77.17,73.98,77.22,79.45,78.12,67.55,73.82,80.83,84.29,83.75,83.43,83.32,82.14,81.78,81.14,78.59,82.21,83.13,81.5,82.39,86.21,86.54,82.17,83.34,81.68,81.03,77.43,77.04,75.13,80.24,81.96,83.15,84.39
2026-03-04 10:58:19,77.94,86.44,85.24,83.09,84.79,80.34,83.14,80.45,77.88,76.17,74.97,77.95,70.54,74.25,66.28,73.94,78.55,78.31,77.82,79.95,81.1,79.33,79.48,77.53,75.13,74.16,74.47,77.05,73.85,76.94,79.48,77.89,66.93,73.52,80.57,84.05,83.58,83.19,83.44,82.25,81.88,81.16,78.31,81.9,82.89,81.65,82.54,86.26,86.53,81.96,83.16,81.74,80.92,77.19,76.34,74.59,79.95,81.8,83.21,84.24
2026-03-04 10:58:20,77.77,86.41,85.36,83.08,84.86,80.21,82.73,80.18,77.3,75.95,74.87,77.86,70.3,74.21,65.63,74.1,78.63,78.15,77.82,80.14,81.3,79.23,79.33,77.39,75.0,74.09,74.42,76.94,73.74,76.59,79.46,77.67,66.48,73.27,80.29,83.8,83.38,82.89,83.52,82.35,82.0,81.22,78.07,81.56,82.53,81.77,82.67,86.28,86.51,81.78,82.93,81.8,80.87,77.02,75.65,74.15,79.7,81.64,83.26,84.1
2026-03-04 10:58:21,77.66,86.39,85.47,83.13,84.95,80.13,82.27,79.88,76.61,75.68,74.78,77.75,70.14,74.2,65.03,74.3,78.72,77.95,77.8,80.34,81.48,79.13,79.15,77.24,74.9,74.04,74.4,76.83,73.65,76.2,79.39,77.46,66.18,73.06,80.01,83.55,83.15,82.53,83.58,82.44,82.16,81.3,77.88,81.18,82.07,81.87,82.78,86.27,86.47,81.63,82.67,81.86,80.86,76.92,74.98,73.81,79.48,81.47,83.33,83.96
2026-03-04 10:58:22,77.6,86.38,85.58,83.22,85.06,80.1,81.76,79.56,75.85,75.37,74.7,77.65,70.03,74.22,64.49,74.54,78.81,77.7,77.75,80.54,81.66,79.04,78.96,77.09,74.82,74.02,74.4,76.73,73.59,75.76,79.3,77.26,66.01,72.89,79.73,83.3,82.91,82.12,83.63,82.53,82.33,81.42,77.74,80.79,81.53,81.95,82.88,86.24,86.43,81.51,82.37,81.94,80.89,76.88,74.35,73.56,79.3,81.31,83.39,83.84
2026-03-04 10:58:23,77.59,86.38,85.69,83.36,85.19,80.11,81.21,79.22,75.01,75.02,74.63,77.54,69.98,74.27,64.01,74.82,78.9,77.41,77.69,80.74,81.83,78.95,78.77,76.94,74.77,74.02,74.41,76.64,73.53,75.29,79.17,77.07,65.96,72.76,79.45,83.04,82.65,81.68,83.65,82.6,82.53,81.56,77.63,80.39,80.94,82.01,82.97,86.18,86.39,81.41,82.05,82.01,80.96,76.9,73.74,73.38,79.15,81.15,83.45,83.72
2026-03-04 10:58:24,77.62,86.38,85.79,83.54,85.33,80.15,80.64,78.87,74.13,74.65,74.58,77.43,69.99,74.33,63.57,75.11,78.98,77.09,77.61,80.93,82.0,78.86,78.56,76.78,74.73,74.03,74.45,76.55,73.5,74.8,79.03,76.89,66.01,72.66,79.17,82.79,82.39,81.21,83.66,82.67,82.73,81.71,77.55,79.98,80.29,82.06,83.04,86.11,86.34,81.33,81.71,82.09,81.06,76.96,73.16,73.28,79.02,81.0,83.52,83.62
2026-03-04 10:58:25,77.68,86.4,85.89,83.74,85.49,80.22,80.05,78.51,73.22,74.25,74.54,77.33,70.03,74.41,63.19,75.43,79.07,76.76,77.52,81.13,82.15,78.78,78.35,76.63,74.71,74.07,74.49,76.47,73.47,74.3,78.86,76.72,66.15,72.59,78.9,82.54,82.12,80.73,83.65,82.72,82.94,81.88,77.5,79.57,79.61,82.09,83.11,86.03,86.28,81.27,81.36,82.16,81.18,77.06,72.61,73.23,78.92,80.85,83.58,83.52
2026-03-04 10:58:26,77.77,86.42,85.98,83.97,85.65,80.31,79.46,78.14,72.29,73.85,74.5,77.22,70.11,74.51,62.84,75.75,79.16,76.41,77.42,81.31,82.3,78.71,78.14,76.49,74.71,74.11,74.55,76.39,73.46,73.79,78.68,76.56,66.36,72.54,78.63,82.3,81.84,80.24,83.64,82.77,83.16,82.06,77.48,79.16,78.91,82.11,83.16,85.93,86.23,81.23,81.0,82.24,81.32,77.19,72.1,73.23,78.85,80.7,83.64,83.43
2026-03-04 10:58:27,77.89,86.44,86.07,84.21,85.82,80.42,78.86,77.78,71.35,73.43,74.48,77.12,70.22,74.61,62.55,76.09,79.24,76.05,77.31,81.49,82.43,78.64,77.92,76.34,74.72,74.17,74.61,76.32,73.46,73.28,78.48,76.41,66.63,72.51,78.37,82.07,81.57,79.74,83.61,82.82,83.38,82.25,77.48,78.76,78.19,82.11,83.2,85.83,86.17,81.2,80.64,82.32,81.47,77.35,71.62,73.28,78.79,80.56,83.71,83.35
2026-03-04 10:58:28,78.04,86.47,86.16,84.47,85.98,80.54,78.27,77.43,70.43,73.02,74.47,77.02,70.36,74.73,62.3,76.43,79.32,75.68,77.19,81.66,82.56,78.57,77.71,76.2,74.73,74.24,74.68,76.26,73.46,72.78,78.28,76.28,66.95,72.5,78.12,81.84,81.29,79.24,83.56,82.85,83.6,82.44,77.5,78.37,77.47,82.1,83.22,85.71,86.1,81.18,80.28,82.39,81.63,77.53,71.17,73.37,78.75,80.43,83.76,83.28
2026-03-04 10:58:29,78.26,86.53,86.27,84.7,86.05,80.63,77.74,77.12,69.68,72.74,74.52,76.93,70.53,74.86,62.21,76.73,79.35,75.3,77.02,81.78,82.59,78.51,77.53,76.07,74.74,74.31,74.78,76.21,73.42,72.33,78.07,76.17,67.34,72.49,77.84,81.58,80.95,78.72,83.4,82.8,83.73,82.57,77.52,78.01,76.8,82.01,83.13,85.54,85.97,81.11,79.92,82.44,81.75,77.65,70.78,73.46,78.69,80.31,83.81,83.2
2026-03-04 10:58:30,78.52,86.63,86.42,84.89,85.95,80.72,77.33,76.8,69.14,72.62,74.64,76.84,70.75,75.04,62.32,76.97,79.33,75.0,76.85,81.81,82.36,78.47,77.41,75.98,74.77,74.38,74.89,76.12,73.34,71.92,77.83,76.11,67.81,72.55,77.62,81.32,80.6,78.24,83.07,82.69,83.75,82.62,77.56,77.67,76.25,81.9,82.95,85.32,85.78,80.96,79.61,82.45,81.74,77.71,70.51,73.58,78.64,80.23,83.83,83.07
2026-03-04 10:58:31,78.8,86.76,86.59,85.04,85.67,80.82,77.04,76.44,68.78,72.65,74.85,76.76,71.02,75.25,62.6,77.16,79.26,74.77,76.7,81.79,81.84,78.45,77.37,75.96,74.86,74.44,75.03,75.98,73.2,71.5,77.57,76.11,68.34,72.7,77.49,81.1,80.29,77.83,82.59,82.53,83.71,82.59,77.62,77.34,75.8,81.79,82.72,85.05,85.58,80.75,79.35,82.43,81.61,77.74,70.38,73.78,78.61,80.18,83.81,82.89
2026-03-04 10:58:32,79.1,86.9,86.78,85.16,85.23,80.93,76.86,76.04,68.59,72.79,75.11,76.69,71.32,75.5,63.03,77.3,79.15,74.6,76.57,81.7,81.08,78.44,77.38,76.01,74.99,74.5,75.17,75.79,73.02,71.1,77.28,76.16,68.93,72.93,77.43,80.91,80.03,77.48,81.99,82.33,83.61,82.51,77.69,77.02,75.45,81.68,82.45,84.75,85.35,80.48,79.14,82.38,81.37,77.74,70.37,74.02,78.61,80.16,83.77,82.66
2026-03-04 10:58:33,79.41,87.07,87.0,85.25,84.69,81.05,76.77,75.63,68.54,73.04,75.43,76.64,71.65,75.77,63.58,77.41,79.0,74.5,76.45,81.57,80.13,78.45,77.45,76.09,75.15,74.54,75.33,75.56,72.81,70.71,76.99,76.24,69.55,73.23,77.44,80.74,79.79,77.19,81.3,82.1,83.46,82.37,77.77,76.72,75.19,81.57,82.15,84.43,85.11,80.17,78.97,82.31,81.04,77.71,70.47,74.31,78.63,80.16,83.7,82.41
2026-03-04 10:58:34,79.78,87.3,87.24,85.33,84.2,81.2,76.78,75.35,68.65,73.35,75.75,76.6,72.02,76.08,64.25,77.51,78.85,74.45,76.33,81.39,79.19,78.48,77.5,76.17,75.32,74.63,75.51,75.37,72.63,70.35,76.64,76.28,70.18,73.56,77.44,80.58,79.55,76.95,80.65,81.85,83.28,82.21,77.85,76.45,74.97,81.43,81.83,84.03,84.77,79.84,78.83,82.23,80.67,77.72,70.64,74.61,78.67,80.16,83.62,82.18
2026-03-04 10:58:35,80.18,87.52,87.49,85.42,83.83,81.37,76.86,75.2,68.92,73.72,76.03,76.56,72.39,76.4,65.0,77.64,78.71,74.42,76.19,81.21,78.39,78.48,77.47,76.23,75.52,74.72,75.65,75.22,72.5,70.06,76.28,76.28,70.75,73.85,77.39,80.37,79.3,76.7,80.07,81.6,83.04,82.0,77.86,76.14,74.76,81.24,81.48,83.61,84.38,79.51,78.65,82.13,80.35,77.76,70.84,74.86,78.72,80.14,83.52,81.97
2026-03-04 10:58:36,80.53,87.66,87.67,85.53,83.56,81.53,76.98,75.12,69.28,74.15,76.32,76.51,72.77,76.7,65.76,77.75,78.56,74.39,76.05,80.99,77.68,78.46,77.38,76.29,75.77,74.87,75.79,75.15,72.46,69.87,76.01,76.3,71.31,74.15,77.32,80.17,79.08,76.46,79.51,81.3,82.76,81.75,77.87,75.93,74.63,81.07,81.14,83.2,84.03,79.24,78.44,82.0,80.09,77.83,71.05,75.06,78.77,80.12,83.45,81.81
2026-03-04 10:58:37,80.87,87.78,87.76,85.63,83.4,81.71,77.08,75.08,69.68,74.57,76.62,76.51,73.19,76.94,66.5,77.79,78.44,74.44,75.96,80.73,76.97,78.37,77.25,76.38,76.07,75.08,76.0,75.15,72.52,69.67,75.86,76.4,71.93,74.51,77.29,79.96,78.89,76.19,79.0,80.99,82.46,81.53,77.88,75.83,74.6,80.93,80.87,82.84,83.66,79.06,78.28,81.85,79.88,77.91,71.35,75.35,78.82,80.13,83.43,81.7
2026-03-04 10:58:38,81.22,87.89,87.8,85.7,83.33,81.91,77.12,75.09,70.1,74.97,76.92,76.57,73.65,77.11,67.23,77.73,78.34,74.56,75.93,80.45,76.24,78.23,77.1,76.49,76.42,75.37,76.25,75.21,72.67,69.42,75.82,76.59,72.58,74.93,77.31,79.77,78.72,75.85,78.56,80.7,82.15,81.34,77.84,75.82,74.64,80.82,80.66,82.53,83.23,78.95,78.18,81.72,79.71,77.98,71.71,75.7,78.89,80.18,83.46,81.64
2026-03-04 10:58:39,81.57,88.01,87.77,85.75,83.33,82.11,77.12,75.14,70.53,75.34,77.22,76.67,74.13,77.24,67.94,77.61,78.27,74.76,75.96,80.14,75.51,78.04,76.93,76.63,76.8,75.71,76.54,75.33,72.91,69.13,75.87,76.85,73.27,75.38,77.38,79.58,78.58,75.47,78.18,80.41,81.84,81.18,77.78,75.88,74.74,80.72,80.52,82.26,82.77,78.91,78.15,81.61,79.59,78.05,72.13,76.11,78.96,80.26,83.52,81.63
2026-03-04 10:58:40,81.96,88.14,87.74,85.83,83.38,82.3,77.19,75.26,70.99,75.68,77.48,76.75,74.62,77.36,68.61,77.47,78.24,75.02,76.05,79.86,74.89,77.87,76.78,76.79,77.2,76.03,76.83,75.49,73.22,68.97,75.97,77.1,73.92,75.85,77.48,79.39,78.43,75.14,77.87,80.14,81.47,81.04,77.77,76.02,74.9,80.63,80.34,82.01,82.32,78.91,78.17,81.52,79.5,78.13,72.61,76.52,79.07,80.38,83.59,81.61
2026-03-04 10:58:41,82.41,88.34,87.75,85.94,83.43,82.51,77.34,75.45,71.49,75.99,77.74,76.83,75.1,77.5,69.27,77.36,78.21,75.31,76.16,79.66,74.4,77.71,76.68,76.97,77.57,76.25,77.03,75.63,73.6,69.0,76.09,77.29,74.49,76.27,77.54,79.18,78.27,74.85,77.6,79.86,81.08,80.91,77.79,76.2,75.1,80.52,80.12,81.76,81.87,78.89,78.19,81.39,79.39,78.21,73.13,76.92,79.16,80.48,83.63,81.59
2026-03-04 10:58:42,82.94,88.6,87.78,85.99,83.5,82.76,77.58,75.72,72.02,76.27,78.01,76.95,75.59,77.68,69.92,77.27,78.19,75.59,76.28,79.52,74.03,77.53,76.62,77.13,77.89,76.4,77.16,75.77,74.03,69.13,76.24,77.46,75.0,76.6,77.61,79.0,78.11,74.58,77.34,79.61,80.71,80.71,77.79,76.36,75.29,80.4,79.83,81.48,81.41,78.88,78.23,81.22,79.29,78.3,73.64,77.28,79.22,80.58,83.68,81.59
2026-03-04 10:58:43,83.45,88.82,87.8,86.05,83.6,83.01,77.86,76.02,72.52,76.57,78.31,77.12,76.03,77.82,70.52,77.18,78.17,75.85,76.36,79.37,73.68,77.34,76.57,77.29,78.19,76.54,77.23,75.88,74.4,69.2,76.37,77.59,75.39,76.85,77.68,78.83,77.93,74.39,77.13,79.3,80.3,80.42,77.78,76.56,75.53,80.27,79.49,81.08,80.93,78.87,78.29,81.04,79.17,78.41,74.15,77.6,79.23,80.59,83.66,81.61
2026-03-04 10:58:44,83.9,88.96,87.77,86.13,83.71,83.2,78.19,76.36,73.03,76.9,78.59,77.3,76.42,77.96,71.12,77.1,78.12,76.04,76.4,79.17,73.38,77.17,76.5,77.4,78.47,76.65,77.23,75.91,74.67,69.27,76.46,77.7,75.63,77.04,77.73,78.66,77.74,74.25,76.92,78.85,79.82,80.0,77.69,76.73,75.77,80.1,79.15,80.69,80.44,78.77,78.34,80.86,79.03,78.53,74.63,77.84,79.19,80.54,83.56,81.61
2026-03-04 10:58:45,84.34,89.05,87.66,86.21,83.81,83.37,78.57,76.79,73.61,77.26,78.86,77.48,76.8,78.13,71.76,77.09,78.06,76.16,76.4,78.96,73.17,77.05,76.36,77.43,78.69,76.73,77.17,75.87,74.87,69.37,76.52,77.77,75.8,77.16,77.69,78.44,77.54,74.08,76.73,78.41,79.33,79.42,77.54,76.88,75.99,79.91,78.82,80.32,79.95,78.62,78.4,80.67,78.91,78.68,75.12,78.05,79.13,80.46,83.4,81.61
2026-03-04 10:58:46,84.78,89.11,87.46,86.28,83.9,83.52,79.0,77.28,74.25,77.65,79.13,77.66,77.17,78.32,72.44,77.12,78.0,76.21,76.35,78.75,73.07,76.97,76.15,77.39,78.86,76.77,77.08,75.79,75.02,69.51,76.55,77.82,75.92,77.22,77.58,78.2,77.34,73.9,76.55,78.03,78.85,78.69,77.34,77.0,76.19,79.7,78.54,80.0,79.47,78.43,78.46,80.47,78.79,78.85,75.62,78.24,79.06,80.35,83.2,81.6
2026-03-04 10:58:47,85.19,89.14,87.21,86.34,83.99,83.67,79.47,77.83,74.94,78.07,79.38,77.84,77.53,78.54,73.15,77.21,77.94,76.2,76.27,78.54,73.05,76.92,75.9,77.29,78.98,76.79,76.95,75.68,75.12,69.67,76.57,77.85,76.0,77.22,77.41,77.93,77.12,73.7,76.39,77.68,78.38,77.84,77.09,77.09,76.38,79.48,78.28,79.71,78.98,78.21,78.52,80.29,78.69,79.04,76.12,78.41,78.98,80.23,82.97,81.59
2026-03-04 10:58:48,85.58,89.14,86.9,86.4,84.08,83.8,79.96,78.41,75.66,78.5,79.62,78.02,77.87,78.76,73.86,77.33,77.87,76.15,76.17,78.35,73.08,76.9,75.59,77.14,79.06,76.78,76.8,75.54,75.18,69.85,76.56,77.87,76.05,77.18,77.18,77.64,76.91,73.49,76.24,77.38,77.92,76.91,76.81,77.15,76.55,79.24,78.05,79.45,78.52,77.98,78.58,80.1,78.6,79.23,76.62,78.55,78.89,80.09,82.71,81.56
2026-03-04 10:58:49,85.95,89.14,86.63,86.46,84.19,83.94,80.46,78.91,76.39,78.96,79.87,78.23,78.23,78.96,74.59,77.51,77.83,76.12,76.13,78.19,73.12,76.9,75.31,77.01,79.13,76.77,76.71,75.44,75.24,70.05,76.54,77.86,76.13,77.15,76.89,77.38,76.7,73.29,76.12,77.13,77.53,76.06,76.56,77.19,76.67,78.94,77.84,79.23,78.1,77.78,78.63,79.88,78.54,79.41,77.04,78.65,78.78,79.92,82.43,81.53
2026-03-04 10:58:50,86.29,89.17,86.47,86.57,84.34,84.15,81.02,79.43,77.16,79.47,80.18,78.5,78.62,79.21,75.29,77.74,77.88,76.16,76.14,78.12,73.22,76.94,75.12,76.92,79.2,76.79,76.68,75.36,75.35,70.33,76.54,77.86,76.25,77.13,76.61,77.12,76.5,73.14,76.05,76.9,77.16,75.28,76.3,77.16,76.69,78.62,77.62,78.99,77.75,77.63,78.62,79.63,78.48,79.51,77.35,78.68,78.61,79.68,82.17,81.51
2026-03-04 10:58:51,86.59,89.24,86.37,86.68,84.52,84.38,81.56,79.95,77.9,79.94,80.46,78.76,78.95,79.47,75.94,77.94,77.95,76.24,76.18,78.07,73.34,76.97,74.99,76.86,79.21,76.82,76.69,75.3,75.46,70.63,76.55,77.83,76.34,77.03,76.34,76.83,76.3,73.02,76.02,76.7,76.85,74.57,76.02,77.06,76.65,78.28,77.4,78.74,77.42,77.45,78.56,79.38,78.42,79.53,77.51,78.61,78.34,79.38,81.9,81.46
2026-03-04 10:58:52,86.84,89.31,86.34,86.74,84.7,84.52,81.98,80.34,78.54,80.3,80.63,78.95,79.26,79.68,76.55,78.16,78.04,76.37,76.29,78.05,73.51,77.03,74.96,76.85,79.22,76.87,76.76,75.3,75.63,70.99,76.58,77.78,76.39,76.96,76.15,76.63,76.16,72.96,76.02,76.55,76.64,74.0,75.78,76.97,76.64,78.03,77.2,78.54,77.17,77.3,78.52,79.16,78.43,79.59,77.65,78.52,78.1,79.12,81.61,81.42
2026-03-04 10:58:53,87.02,89.41,86.39,86.78,84.84,84.57,82.34,80.68,79.12,80.61,80.73,79.1,79.56,79.9,77.1,78.4,78.13,76.53,76.38,78.06,73.72,77.09,74.9,76.86,79.25,76.85,76.82,75.26,75.83,71.41,76.65,77.78,76.45,76.95,76.05,76.48,76.07,72.97,76.05,76.42,76.53,73.58,75.61,76.89,76.67,77.84,77.02,78.39,77.04,77.22,78.51,78.98,78.49,79.66,77.77,78.49,77.93,78.9,81.32,81.39
2026-03-04 10:58:54,87.17,89.54,86.49,86.85,84.99,84.59,82.67,81.0,79.63,80.85,80.77,79.19,79.83,80.13,77.63,78.66,78.2,76.61,76.44,78.07,73.93,77.14,74.82,76.88,79.26,76.78,76.82,75.18,76.05,71.88,76.7,77.68,76.47,76.93,76.02,76.39,76.04,73.0,76.11,76.32,76.47,73.27,75.5,76.86,76.72,77.67,76.83,78.23,76.96,77.18,78.56,78.88,78.58,79.73,77.84,78.46,77.78,78.7,81.04,81.32
2026-03-04 10:58:55,87.27,89.67,86.61,86.93,85.14,84.65,82.97,81.28,80.09,81.02,80.75,79.26,80.07,80.34,78.13,78.93,78.25,76.68,76.49,78.11,74.17,77.22,74.79,76.85,79.23,76.68,76.76,75.0,76.25,72.36,76.77,77.53,76.45,76.9,76.03,76.32,76.06,73.02,76.2,76.24,76.44,73.02,75.44,76.85,76.76,77.5,76.66,78.1,76.93,77.2,78.61,78.76,78.7,79.77,77.83,78.34,77.65,78.58,80.83,81.16
2026-03-04 10:58:56,87.39,89.81,86.77,87.06,85.3,84.74,83.24,81.48,80.46,81.09,80.65,79.23,80.27,80.55,78.61,79.23,78.32,76.71,76.56,78.17,74.37,77.33,74.79,76.79,79.12,76.61,76.74,74.92,76.5,72.89,76.9,77.46,76.49,76.9,76.0,76.27,76.1,72.96,76.32,76.22,76.44,72.85,75.41,76.84,76.81,77.38,76.54,77.94,76.91,77.19,78.56,78.59,78.85,79.85,77.81,78.17,77.58,78.56,80.67,80.96
2026-03-04 10:58:57,87.56,89.99,86.96,87.22,85.49,84.84,83.47,81.59,80.7,81.04,80.48,79.1,80.41,80.76,79.1,79.56,78.42,76.69,76.63,78.24,74.52,77.44,74.85,76.69,78.93,76.58,76.81,74.97,76.8,73.45,77.08,77.48,76.6,76.92,75.87,76.22,76.14,72.79,76.47,76.28,76.5,72.75,75.4,76.8,76.86,77.32,76.46,77.73,76.86,77.14,78.39,78.43,79.03,79.96,77.8,78.0,77.58,78.62,80.56,80.72
2026-03-04 10:58:58,87.79,90.19,87.17,87.42,85.69,84.95,83.66,81.62,80.83,80.89,80.24,78.89,80.5,80.97,79.59,79.92,78.53,76.64,76.71,78.33,74.62,77.56,74.94,76.57,78.68,76.57,76.94,75.13,77.15,74.04,77.32,77.57,76.76,76.96,75.67,76.18,76.2,72.53,76.65,76.41,76.62,72.72,75.42,76.75,76.92,77.32,76.4,77.46,76.81,77.05,78.11,78.29,79.24,80.11,77.79,77.85,77.66,78.75,80.49,80.43
2026-03-04 10:58:59,88.05,90.41,87.4,87.64,85.91,85.08,83.82,81.6,80.88,80.67,79.95,78.6,80.54,81.16,80.07,80.3,78.66,76.54,76.8,78.42,74.67,77.68,75.06,76.43,78.37,76.6,77.12,75.38,77.52,74.65,77.59,77.71,76.96,77.02,75.42,76.15,76.26,72.2,76.86,76.6,76.78,72.76,75.46,76.68,76.97,77.35,76.38,77.16,76.74,76.93,77.75,78.17,79.48,80.29,77.78,77.7,77.79,78.94,80.45,80.12
2026-03-04 10:59:00,88.32,90.64,87.66,87.87,86.15,85.21,83.98,81.59,80.87,80.38,79.64,78.32,80.52,81.25,80.5,80.64,78.77,76.43,76.87,78.47,74.7,77.74,75.18,76.29,78.08,76.61,77.31,75.66,77.89,75.21,77.87,77.84,77.1,77.07,75.22,76.16,76.35,71.93,77.06,76.81,76.98,72.86,75.54,76.63,77.05,77.42,76.4,76.9,76.72,76.86,77.46,78.13,79.75,80.5,77.83,77.58,77.87,79.12,80.4,79.83
2026-03-04 10:59:01,88.57,90.86,87.92,88.05,86.35,85.33,84.14,81.57,80.8,80.01,79.33,78.11,80.47,81.27,80.86,80.92,78.84,76.35,76.95,78.49,74.73,77.7,75.24,76.15,77.78,76.55,77.46,75.94,78.22,75.67,78.12,77.96,77.22,77.11,75.07,76.2,76.42,71.7,77.18,76.97,77.14,73.01,75.66,76.61,77.07,77.52,76.44,76.75,76.76,76.85,77.25,78.07,79.96,80.72,77.94,77.47,77.85,79.26,80.34,79.55
2026-03-04 10:59:02,88.73,91.0,88.08,88.17,86.49,85.4,84.25,81.51,80.69,79.65,79.09,77.95,80.42,81.23,81.14,81.13,78.89,76.27,76.98,78.51,74.78,77.68,75.3,76.01,77.46,76.4,77.53,76.13,78.51,76.1,78.38,78.07,77.35,77.18,74.95,76.25,76.44,71.51,77.28,77.11,77.32,73.21,75.78,76.6,77.07,77.63,76.54,76.7,76.81,76.83,77.03,77.96,80.08,80.86,78.04,77.37,77.82,79.34,80.21,79.27
2026-03-04 10:59:03,88.81,91.06,88.14,88.22,86.56,85.43,84.29,81.42,80.56,79.31,78.9,77.87,80.37,81.14,81.35,81.26,78.93,76.2,77.02,78.54,74.84,77.67,75.38,75.9,77.11,76.19,77.56,76.25,78.72,76.48,78.58,78.15,77.46,77.26,74.84,76.23,76.44,71.35,77.34,77.23,77.49,73.41,75.83,76.58,77.05,77.73,76.65,76.7,76.87,76.77,76.79,77.79,80.06,80.93,78.14,77.32,77.77,79.31,79.99,79.0
2026-03-04 10:59:04,88.87,91.08,88.16,88.2,86.59,85.42,84.25,81.31,80.4,78.93,78.7,77.83,80.29,81.03,81.43,81.31,78.95,76.14,77.03,78.55,74.95,77.67,75.43,75.8,76.8,76.02,77.56,76.3,78.84,76.79,78.67,78.19,77.51,77.31,74.78,76.17,76.36,71.24,77.31,77.29,77.58,73.56,75.82,76.54,77.01,77.82,76.74,76.71,76.9,76.65,76.55,77.61,79.96,80.92,78.24,77.27,77.67,79.17,79.72,78.77
2026-03-04 10:59:05,88.83,91.01,88.12,88.14,86.58,85.31,84.09,81.16,80.27,78.57,78.49,77.77,80.15,80.82,81.37,81.23,78.89,76.06,77.01,78.51,75.04,77.63,75.43,75.66,76.49,75.85,77.5,76.29,78.87,77.02,78.7,78.19,77.53,77.31,74.72,76.07,76.2,71.16,77.23,77.29,77.6,73.67,75.77,76.45,76.93,77.81,76.77,76.67,76.9,76.49,76.3,77.37,79.81,80.79,78.31,77.19,77.55,78.96,79.41,78.56
2026-03-04 10:59:06,88.61,90.76,87.94,88.03,86.5,85.13,83.85,80.95,80.12,78.21,78.26,77.64,79.92,80.46,81.19,81.01,78.75,75.97,76.93,78.39,75.07,77.52,75.39,75.49,76.2,75.66,77.35,76.21,78.86,77.2,78.68,78.17,77.52,77.27,74.63,75.94,76.02,71.08,77.07,77.24,77.58,73.78,75.7,76.31,76.8,77.77,76.8,76.6,76.8,76.27,76.06,77.11,79.56,80.56,78.28,77.06,77.45,78.76,79.08,78.34
2026-03-04 10:59:07,88.32,90.46,87.68,87.88,86.4,84.95,83.6,80.76,79.95,77.84,77.98,77.48,79.69,80.09,80.97,80.71,78.55,75.83,76.82,78.23,75.1,77.43,75.39,75.38,75.98,75.5,77.11,76.06,78.78,77.34,78.64,78.13,77.52,77.24,74.55,75.8,75.8,70.97,76.9,77.14,77.53,73.92,75.61,76.19,76.68,77.69,76.83,76.51,76.67,76.02,75.83,76.81,79.28,80.32,78.25,76.92,77.35,78.61,78.8,78.15
2026-03-04 10:59:08,88.02,90.14,87.44,87.73,86.3,84.79,83.4,80.61,79.78,77.48,77.71,77.32,79.52,79.8,80.73,80.36,78.31,75.69,76.73,78.04,75.14,77.36,75.42,75.33,75.8,75.36,76.86,75.86,78.66,77.48,78.59,78.06,77.5,77.22,74.53,75.64,75.53,70.79,76.72,77.03,77.45,74.09,75.57,76.12,76.58,77.59,76.83,76.36,76.54,75.64,75.62,76.51,79.02,80.14,78.27,76.82,77.2,78.48,78.57,78.0
2026-03-04 10:59:09,87.72,89.81,87.22,87.56,86.22,84.64,83.23,80.5,79.59,77.14,77.45,77.19,79.4,79.6,80.49,79.97,78.06,75.56,76.66,77.83,75.18,77.3,75.5,75.34,75.66,75.24,76.59,75.62,78.5,77.62,78.52,77.97,77.47,77.2,74.56,75.47,75.21,70.56,76.53,76.91,77.33,74.29,75.59,76.11,76.5,77.45,76.8,76.14,76.41,75.16,75.44,76.22,78.78,80.01,78.35,76.76,77.0,78.37,78.37,77.89
2026-03-04 10:59:10,87.43,89.47,87.02,87.4,86.14,84.5,83.09,80.43,79.39,76.83,77.2,77.08,79.34,79.46,80.25,79.55,77.79,75.44,76.61,77.6,75.21,77.25,75.6,75.39,75.54,75.13,76.32,75.36,78.3,77.76,78.44,77.85,77.42,77.17,74.64,75.28,74.85,70.29,76.35,76.77,77.19,74.52,75.66,76.15,76.43,77.29,76.74,75.86,76.27,74.59,75.29,75.94,78.57,79.94,78.47,76.72,76.75,78.27,78.21,77.81
2026-03-04 10:59:11,87.13,89.14,86.84,87.23,86.06,84.38,82.99,80.39,79.19,76.53,76.96,76.98,79.32,79.39,80.0,79.11,77.51,75.32,76.57,77.35,75.25,77.21,75.74,75.49,75.45,75.04,76.05,75.07,78.08,77.9,78.35,77.71,77.35,77.15,74.76,75.08,74.47,69.98,76.17,76.63,77.03,74.76,75.76,76.22,76.38,77.11,76.66,75.54,76.14,73.95,75.17,75.68,78.38,79.9,78.63,76.71,76.46,78.18,78.07,77.77
2026-03-04 10:59:12,86.85,88.8,86.67,87.07,85.99,84.27,82.92,80.38,78.99,76.26,76.74,76.9,79.34,79.37,79.76,78.65,77.22,75.22,76.54,77.1,75.28,77.18,75.89,75.61,75.39,74.97,75.78,74.77,77.84,78.04,78.25,77.56,77.28,77.13,74.91,74.87,74.06,69.65,75.99,76.47,76.85,75.02,75.91,76.33,76.34,76.91,76.57,75.19,76.01,73.25,75.06,75.42,78.22,79.91,78.83,76.73,76.15,78.1,77.97,77.75
2026-03-04 10:59:13,86.57,88.48,86.52,86.91,85.93,84.17,82.87,80.39,78.8,76.01,76.54,76.83,79.39,79.4,79.52,78.18,76.92,75.13,76.52,76.84,75.32,77.16,76.06,75.77,75.35,74.91,75.51,74.46,77.58,78.17,78.15,77.39,77.19,77.11,75.08,74.66,73.64,69.29,75.81,76.32,76.66,75.28,76.08,76.46,76.31,76.7,76.46,74.8,75.89,72.51,74.98,75.18,78.07,79.95,79.05,76.76,75.81,78.03,77.9,77.76
2026-03-04 10:59:14,86.3,88.15,86.39,86.75,85.87,84.08,82.85,80.43,78.6,75.77,76.35,76.78,79.47,79.47,79.29,77.7,76.63,75.04,76.51,76.58,75.35,77.15,76.24,75.95,75.33,74.87,75.24,74.14,77.31,78.3,78.04,77.22,77.1,77.1,75.28,74.44,73.22,68.91,75.64,76.16,76.46,75.55,76.27,76.62,76.29,76.49,76.34,74.4,75.77,71.75,74.91,74.95,77.94,80.02,79.29,76.81,75.46,77.98,77.85,77.79
2026-03-04 10:59:15,86.04,87.85,86.28,86.6,85.82,84.01,82.85,80.49,78.42,75.57,76.18,76.74,79.58,79.58,79.06,77.23,76.35,74.97,76.52,76.32,75.37,77.15,76.44,76.15,75.33,74.84,74.98,73.82,77.04,78.42,77.92,77.05,77.01,77.08,75.49,74.23,72.8,68.54,75.48,76.0,76.26,75.82,76.48,76.78,76.27,76.27,76.21,74.0,75.66,70.97,74.86,74.75,77.83,80.1,79.55,76.87,75.11,77.94,77.82,77.83
2026-03-04 10:59:16,85.75,87.65,86.28,86.51,85.87,83.99,82.95,80.6,78.38,75.5,76.14,76.83,79.74,79.76,78.87,76.87,76.15,74.95,76.6,76.11,75.33,77.2,76.71,76.39,75.35,74.84,74.73,73.47,76.83,78.58,77.73,76.93,76.94,77.1,75.69,74.04,72.49,68.29,75.34,75.88,76.11,76.06,76.67,76.91,76.28,76.09,76.12,73.7,75.6,70.31,74.88,74.64,77.79,80.11,79.84,77.01,74.78,77.96,77.86,77.94
2026-03-04 10:59:17,85.42,87.58,86.41,86.5,86.04,84.02,83.18,80.78,78.51,75.61,76.26,77.06,79.94,80.02,78.72,76.62,76.04,74.99,76.76,75.96,75.19,77.32,77.06,76.68,75.39,74.89,74.48,73.09,76.71,78.78,77.44,76.89,76.89,77.15,75.86,73.87,72.32,68.18,75.24,75.82,76.01,76.25,76.83,76.97,76.31,75.97,76.06,73.55,75.62,69.81,74.98,74.66,77.82,79.99,80.17,77.24,74.5,78.06,77.97,78.1
2026-03-04 10:59:18,85.04,87.61,86.66,86.55,86.31,84.1,83.52,81.01,78.79,75.87,76.52,77.42,80.2,80.33,78.61,76.49,76.03,75.08,76.99,75.86,74.99,77.5,77.49,77.02,75.46,74.99,74.24,72.68,76.65,79.01,77.06,76.92,76.87,77.23,76.0,73.73,72.27,68.21,75.16,75.79,75.97,76.41,76.96,76.97,76.36,75.9,76.04,73.54,75.7,69.45,75.15,74.79,77.91,79.78,80.53,77.54,74.25,78.24,78.14,78.33
2026-03-04 10:59:19,84.71,87.76,86.98,86.68,86.66,84.24,83.94,81.31,79.2,76.25,76.89,77.88,80.49,80.71,78.56,76.48,76.11,75.23,77.28,75.83,74.76,77.7,77.96,77.38,75.54,75.11,74.05,72.28,76.65,79.26,76.66,77.02,76.88,77.31,76.12,73.62,72.33,68.34,75.11,75.8,75.95,76.51,77.04,76.95,76.45,75.9,76.05,73.61,75.84,69.23,75.35,74.98,78.04,79.52,80.89,77.83,74.02,78.43,78.33,78.58
2026-03-04 10:59:20,84.55,88.03,87.37,86.94,87.12,84.5,84.46,81.71,79.73,76.77,77.38,78.44,80.86,81.16,78.64,76.6,76.31,75.42,77.6,75.89,74.63,77.89,78.42,77.75,75.62,75.28,73.96,72.0,76.7,79.46,76.33,77.16,76.92,77.39,76.22,73.55,72.48,68.56,75.08,75.83,75.94,76.56,77.06,76.94,76.57,75.97,76.13,73.73,75.99,69.16,75.53,75.17,78.13,79.26,81.18,78.07,73.8,78.59,78.5,78.85
2026-03-04 10:59:21,84.59,88.41,87.81,87.28,87.67,84.87,85.02,82.18,80.35,77.4,77.96,79.06,81.26,81.62,78.84,76.85,76.57,75.64,77.89,76.02,74.63,78.09,78.88,78.12,75.63,75.51,73.97,71.85,76.82,79.64,76.07,77.36,77.05,77.53,76.38,73.61,72.72,68.82,75.04,75.89,76.0,76.64,77.04,76.94,76.72,76.09,76.29,73.94,76.06,69.16,75.78,75.43,78.23,79.07,81.49,78.35,73.66,78.74,78.72,79.17
2026-03-04 10:59:22,84.82,88.88,88.27,87.67,88.29,85.33,85.6,82.71,81.03,78.13,78.61,79.71,81.67,82.04,79.12,77.22,76.87,75.86,78.14,76.22,74.72,78.29,79.33,78.47,75.55,75.77,74.07,71.82,77.02,79.78,75.87,77.59,77.25,77.74,76.61,73.8,73.06,69.12,74.98,76.0,76.12,76.75,77.02,76.97,76.9,76.26,76.53,74.23,76.01,69.16,76.09,75.77,78.39,78.99,81.82,78.66,73.6,78.89,78.99,79.54
2026-03-04 10:59:23,85.15,89.38,88.72,88.08,88.92,85.81,86.18,83.25,81.7,78.86,79.23,80.32,82.05,82.41,79.43,77.62,77.15,76.09,78.33,76.44,74.86,78.46,79.77,78.8,75.42,76.03,74.21,71.85,77.24,79.86,75.71,77.81,77.48,78.0,76.86,74.06,73.42,69.39,74.91,76.1,76.29,76.88,77.01,77.02,77.11,76.45,76.81,74.55,75.87,69.14,76.41,76.14,78.56,78.94,82.13,78.99,73.59,79.01,79.28,79.9
2026-03-04 10:59:24,85.44,89.78,89.12,88.43,89.41,86.19,86.69,83.75,82.26,79.5,79.69,80.78,82.32,82.63,79.69,77.94,77.35,76.3,78.49,76.59,74.96,78.59,80.15,79.07,75.31,76.18,74.35,71.9,77.43,79.88,75.53,77.93,77.65,78.19,77.01,74.25,73.75,69.66,74.86,76.14,76.4,76.99,76.99,77.06,77.31,76.65,77.03,74.86,75.76,69.19,76.68,76.44,78.68,78.82,82.31,79.28,73.65,79.11,79.55,80.2
2026-03-04 10:59:25,85.61,90.06,89.43,88.66,89.71,86.4,87.09,84.17,82.75,80.05,80.08,81.14,82.51,82.73,79.84,78.17,77.48,76.45,78.56,76.67,75.07,78.69,80.44,79.23,75.19,76.27,74.45,71.95,77.58,79.85,75.33,77.98,77.75,78.24,77.09,74.37,74.0,69.95,74.8,76.11,76.44,77.02,76.94,77.01,77.46,76.84,77.24,75.16,75.69,69.36,76.89,76.68,78.74,78.69,82.4,79.53,73.72,79.19,79.76,80.46
2026-03-04 10:59:26,85.72,90.26,89.63,88.75,89.89,86.54,87.38,84.45,83.11,80.44,80.41,81.48,82.67,82.74,79.89,78.27,77.59,76.57,78.57,76.74,75.19,78.75,80.62,79.25,75.05,76.3,74.51,72.01,77.67,79.75,75.13,77.98,77.8,78.22,77.15,74.48,74.22,70.28,74.75,76.08,76.49,77.1,76.93,76.96,77.56,77.02,77.4,75.4,75.66,69.65,77.07,76.91,78.78,78.57,82.37,79.74,73.81,79.23,79.95,80.66
2026-03-04 10:59:27,85.77,90.38,89.75,88.79,89.95,86.63,87.56,84.59,83.35,80.72,80.72,81.8,82.73,82.66,79.92,78.39,77.71,76.72,78.6,76.85,75.36,78.78,80.68,79.16,74.93,76.33,74.6,72.14,77.75,79.64,74.99,78.0,77.86,78.16,77.18,74.6,74.45,70.63,74.77,76.07,76.46,77.24,76.99,76.93,77.61,77.2,77.59,75.66,75.71,69.99,77.27,77.17,78.84,78.5,82.26,79.89,73.94,79.29,80.15,80.83
2026-03-04 10:59:28,85.73,90.41,89.79,88.78,89.91,86.69,87.66,84.62,83.48,80.93,80.97,82.06,82.7,82.5,79.93,78.48,77.78,76.81,78.58,76.93,75.54,78.75,80.67,79.03,74.85,76.37,74.75,72.35,77.81,79.55,74.9,77.98,77.88,78.06,77.16,74.76,74.68,70.98,74.85,76.13,76.44,77.42,77.12,76.97,77.67,77.39,77.8,75.94,75.83,70.39,77.46,77.44,78.93,78.48,82.13,80.01,74.15,79.34,80.32,80.96
2026-03-04 10:59:29,85.58,90.36,89.74,88.71,89.81,86.7,87.62,84.54,83.5,81.1,81.14,82.24,82.64,82.33,79.9,78.52,77.82,76.85,78.52,76.99,75.67,78.68,80.63,78.86,74.76,76.4,74.91,72.5,77.81,79.43,74.77,77.91,77.9,77.99,77.12,74.93,74.92,71.35,74.96,76.21,76.45,77.62,77.31,77.09,77.77,77.59,78.02,76.25,75.99,70.87,77.68,77.72,79.05,78.48,81.97,80.15,74.43,79.41,80.46,81.04
2026-03-04 10:59:30,85.33,90.26,89.68,88.61,89.65,86.64,87.45,84.39,83.5,81.23,81.23,82.29,82.57,82.13,79.82,78.54,77.85,76.84,78.42,76.98,75.73,78.58,80.59,78.71,74.66,76.42,75.05,72.63,77.77,79.25,74.63,77.82,77.93,77.91,77.07,75.02,75.06,71.69,75.07,76.27,76.46,77.7,77.44,77.15,77.86,77.8,78.25,76.55,76.17,71.37,77.85,77.96,79.12,78.42,81.77,80.27,74.67,79.46,80.55,81.06
2026-03-04 10:59:31,85.06,90.17,89.65,88.49,89.48,86.57,87.25,84.25,83.48,81.34,81.3,82.28,82.46,81.94,79.71,78.56,77.9,76.85,78.3,76.91,75.74,78.48,80.55,78.53,74.54,76.43,75.17,72.77,77.71,79.03,74.52,77.77,78.0,77.8,76.99,75.07,75.13,71.99,75.17,76.34,76.45,77.73,77.47,77.06,77.88,77.97,78.47,76.85,76.4,71.87,77.93,77.98,79.1,78.28,81.55,80.37,74.94,79.51,80.57,81.02
2026-03-04 10:59:32,84.81,90.1,89.64,88.41,89.32,86.49,87.07,84.14,83.47,81.41,81.36,82.23,82.33,81.75,79.58,78.58,77.96,76.87,78.18,76.78,75.71,78.38,80.48,78.3,74.42,76.44,75.29,72.9,77.62,78.79,74.47,77.76,78.1,77.73,76.93,75.1,75.18,72.23,75.25,76.4,76.43,77.74,77.43,76.84,77.86,78.07,78.65,77.18,76.67,72.37,77.91,77.76,78.97,78.08,81.31,80.48,75.26,79.59,80.55,80.96
2026-03-04 10:59:33,84.58,90.05,89.67,88.36,89.17,86.41,86.89,84.06,83.45,81.46,81.41,82.14,82.18,81.57,79.44,78.59,78.03,76.9,78.06,76.6,75.64,78.29,80.41,78.05,74.3,76.45,75.41,73.03,77.51,78.54,74.46,77.8,78.22,77.7,76.89,75.12,75.2,72.41,75.32,76.46,76.41,77.71,77.32,76.51,77.78,78.1,78.8,77.53,76.98,72.85,77.82,77.34,78.75,77.83,81.05,80.58,75.63,79.7,80.48,80.88
2026-03-04 10:59:34,84.37,90.02,89.72,88.35,89.03,86.32,86.71,83.99,83.44,81.49,81.46,82.02,82.01,81.39,79.29,78.6,78.11,76.96,77.95,76.38,75.56,78.2,80.32,77.77,74.18,76.46,75.52,73.15,77.38,78.28,74.49,77.87,78.37,77.69,76.86,75.13,75.19,72.56,75.36,76.52,76.39,77.67,77.15,76.09,77.65,78.09,78.92,77.89,77.32,73.31,77.66,76.76,78.46,77.53,80.77,80.68,76.03,79.83,80.37,80.78
2026-03-04 10:59:35,84.19,90.0,89.78,88.37,88.9,86.24,86.54,83.95,83.43,81.49,81.51,81.88,81.82,81.22,79.13,78.61,78.2,77.02,77.84,76.13,75.45,78.12,80.22,77.46,74.05,76.47,75.63,73.28,77.24,78.02,74.55,77.96,78.53,77.71,76.84,75.13,75.17,72.66,75.39,76.58,76.36,77.61,76.94,75.59,77.5,78.03,79.03,78.26,77.68,73.75,77.44,76.02,78.1,77.2,80.49,80.77,76.46,79.98,80.24,80.66
2026-03-04 10:59:36,84.02,89.99,89.87,88.41,88.78,86.15,86.38,83.92,83.42,81.48,81.55,81.72,81.62,81.06,78.97,78.62,78.3,77.1,77.74,75.86,75.32,78.05,80.12,77.15,73.93,76.48,75.73,73.4,77.08,77.75,74.64,78.08,78.71,77.76,76.84,75.12,75.13,72.72,75.41,76.63,76.34,77.53,76.69,75.04,77.31,77.94,79.11,78.64,78.05,74.18,77.17,75.18,77.7,76.84,80.2,80.86,76.91,80.14,80.09,80.54
2026-03-04 10:59:37,83.86,89.99,89.96,88.46,88.66,86.07,86.23,83.91,83.4,81.46,81.59,81.54,81.42,80.9,78.8,78.63,78.4,77.18,77.64,75.56,75.18,77.98,80.02,76.82,73.81,76.5,75.82,73.52,76.92,77.49,74.75,78.22,78.89,77.82,76.84,75.11,75.08,72.76,75.42,76.68,76.3,77.44,76.41,74.44,77.1,77.81,79.17,79.02,78.44,74.58,76.87,74.24,77.25,76.47,79.91,80.94,77.37,80.31,79.91,80.4
2026-03-04 10:59:38,83.73,90.01,90.07,88.54,88.56,85.99,86.08,83.91,83.39,81.42,81.62,81.36,81.21,80.75,78.64,78.63,78.5,77.27,77.55,75.25,75.03,77.92,79.91,76.49,73.69,76.51,75.91,73.63,76.76,77.23,74.88,78.38,79.09,77.89,76.85,75.09,75.02,72.76,75.41,76.73,76.27,77.34,76.1,73.81,76.87,77.66,79.21,79.39,78.83,74.96,76.54,73.23,76.78,76.08,79.62,81.02,77.83,80.49,79.72,80.26
2026-03-04 10:59:39,83.63,90.03,90.15,88.62,88.45,85.92,85.93,83.92,83.39,81.39,81.66,81.16,80.96,80.6,78.48,78.63,78.6,77.38,77.49,74.97,74.9,77.89,79.8,76.15,73.54,76.52,76.02,73.74,76.57,76.96,75.01,78.55,79.28,77.97,76.87,75.07,74.96,72.78,75.41,76.79,76.23,77.23,75.8,73.19,76.6,77.49,79.21,79.71,79.18,75.31,76.23,72.26,76.33,75.71,79.37,81.11,78.3,80.68,79.56,80.15
2026-03-04 10:59:40,83.61,90.06,90.17,88.72,88.32,85.88,85.73,83.93,83.42,81.42,81.71,80.97,80.58,80.41,78.35,78.59,78.68,77.53,77.49,74.79,74.86,77.91,79.7,75.77,73.3,76.55,76.17,73.89,76.34,76.64,75.13,78.73,79.47,78.0,76.91,75.07,74.97,72.88,75.44,76.88,76.17,77.09,75.53,72.66,76.26,77.31,79.14,79.86,79.44,75.63,76.04,71.53,75.98,75.43,79.19,81.23,78.75,80.89,79.51,80.11
2026-03-04 10:59:41,83.67,90.09,90.12,88.82,88.16,85.87,85.48,83.95,83.47,81.5,81.79,80.78,80.09,80.18,78.24,78.54,78.74,77.72,77.57,74.7,74.91,78.0,79.61,75.36,72.96,76.59,76.37,74.07,76.06,76.3,75.22,78.92,79.64,78.0,76.96,75.08,75.02,73.05,75.51,76.99,76.08,76.94,75.3,72.22,75.85,77.14,79.01,79.88,79.59,75.92,75.95,71.02,75.73,75.23,79.08,81.39,79.18,81.12,79.56,80.15
2026-03-04 10:59:42,83.78,90.12,90.02,88.92,87.98,85.89,85.2,83.96,83.55,81.62,81.88,80.6,79.51,79.94,78.15,78.46,78.79,77.94,77.69,74.69,75.04,78.13,79.52,74.92,72.56,76.64,76.62,74.26,75.74,75.92,75.29,79.11,79.81,77.96,77.02,75.11,75.11,73.28,75.59,77.11,75.98,76.78,75.11,71.87,75.38,76.96,78.81,79.76,79.66,76.19,75.96,70.71,75.58,75.1,79.05,81.57,79.59,81.35,79.7,80.25
2026-03-04 10:59:43,83.95,90.16,89.87,89.03,87.79,85.94,84.9,83.97,83.65,81.78,81.98,80.42,78.86,79.67,78.09,78.36,78.83,78.18,77.87,74.75,75.22,78.3,79.44,74.48,72.1,76.69,76.89,74.47,75.4,75.52,75.35,79.31,79.97,77.9,77.1,75.15,75.25,73.57,75.7,77.26,75.86,76.61,74.95,71.59,74.88,76.79,78.57,79.53,79.66,76.43,76.05,70.59,75.5,75.04,79.06,81.77,79.99,81.59,79.92,80.41
2026-03-04 10:59:44,84.15,90.2,89.68,89.14,87.59,86.0,84.57,83.98,83.76,81.97,82.09,80.26,78.15,79.39,78.03,78.25,78.85,78.45,78.08,74.87,75.46,78.51,79.37,74.03,71.59,76.75,77.19,74.69,75.03,75.11,75.39,79.52,80.11,77.82,77.17,75.21,75.41,73.9,75.82,77.41,75.73,76.44,74.83,71.38,74.34,76.62,78.28,79.22,79.59,76.64,76.22,70.61,75.49,75.03,79.13,81.99,80.36,81.84,80.19,80.62
2026-03-04 10:59:45,84.4,90.24,89.46,89.24,87.38,86.08,84.23,83.99,83.88,82.19,82.21,80.1,77.4,79.1,78.0,78.13,78.87,78.73,78.33,75.03,75.74,78.74,79.31,73.57,71.05,76.82,77.5,74.93,74.66,74.69,75.41,79.72,80.25,77.72,77.26,75.26,75.59,74.26,75.96,77.58,75.59,76.25,74.73,71.23,73.78,76.46,77.97,78.82,79.47,76.82,76.44,70.77,75.54,75.07,79.24,82.22,80.71,82.09,80.52,80.86
2026-03-04 10:59:46,84.67,90.28,89.21,89.35,87.16,86.17,83.88,83.99,84.02,82.42,82.33,79.94,76.62,78.8,77.98,78.01,78.88,79.02,78.6,75.25,76.06,78.99,79.25,73.12,70.49,76.89,77.83,75.16,74.27,74.27,75.42,79.91,80.38,77.6,77.35,75.33,75.8,74.65,76.11,77.75,75.45,76.07,74.65,71.14,73.2,76.3,77.63,78.37,79.3,76.99,76.71,71.04,75.64,75.15,79.39,82.46,81.04,82.33,80.89,81.13
2026-03-04 10:59:47,84.97,90.34,88.96,89.46,86.95,86.29,83.54,84.02,84.17,82.68,82.47,79.81,75.84,78.51,77.97,77.88,78.88,79.31,78.89,75.5,76.4,79.26,79.2,72.68,69.92,76.96,78.16,75.4,73.89,73.86,75.44,80.11,80.49,77.48,77.44,75.4,76.02,75.06,76.27,77.92,75.3,75.89,74.6,71.09,72.63,76.15,77.28,77.87,79.1,77.13,77.02,71.4,75.78,75.27,79.56,82.7,81.35,82.57,81.29,81.42
2026-03-04 10:59:48,85.36,90.47,88.78,89.62,86.86,86.51,83.35,84.16,84.41,83.0,82.68,79.8,75.25,78.35,78.07,77.88,78.97,79.61,79.18,75.84,76.8,79.58,79.2,72.36,69.49,77.06,78.47,75.67,73.62,73.58,75.52,80.33,80.63,77.4,77.56,75.5,76.27,75.51,76.47,78.06,75.2,75.75,74.58,71.17,72.18,76.04,76.97,77.44,78.95,77.29,77.33,71.84,75.95,75.41,79.73,82.9,81.61,82.77,81.62,81.69
2026-03-04 10:59:49,85.83,90.68,88.71,89.88,86.9,86.86,83.35,84.46,84.77,83.41,82.99,79.95,74.93,78.37,78.28,78.02,79.18,79.95,79.5,76.28,77.27,79.95,79.26,72.22,69.25,77.23,78.76,75.94,73.48,73.43,75.68,80.59,80.8,77.37,77.66,75.65,76.56,76.01,76.74,78.22,75.19,75.7,74.69,71.4,71.84,76.0,76.77,77.1,78.84,77.48,77.68,72.33,76.12,75.57,79.91,83.11,81.86,82.83,81.9,81.92
2026-03-04 10:59:50,86.34,90.94,88.76,90.21,87.1,87.33,83.53,84.88,85.25,83.93,83.39,80.25,74.88,78.57,78.63,78.3,79.49,80.34,79.87,76.82,77.83,80.38,79.42,72.24,69.22,77.47,79.04,76.2,73.45,73.41,75.91,80.88,80.99,77.38,77.76,75.82,76.87,76.55,77.09,78.44,75.28,75.75,74.92,71.76,71.58,76.03,76.65,76.82,78.77,77.7,78.1,72.87,76.26,75.76,80.13,83.34,82.11,82.7,82.14,82.1
2026-03-04 10:59:51,86.88,91.24,88.9,90.62,87.42,87.88,83.86,85.42,85.83,84.52,83.86,80.67,75.05,78.91,79.08,78.7,79.89,80.77,80.29,77.44,78.46,80.86,79.66,72.42,69.37,77.76,79.31,76.43,73.54,73.5,76.18,81.18,81.2,77.44,77.83,76.03,77.2,77.11,77.5,78.71,75.46,75.89,75.25,72.23,71.38,76.12,76.62,76.6,78.73,77.94,78.56,73.44,76.38,75.96,80.39,83.59,82.35,82.41,82.34,82.25
2026-03-04 10:59:52,87.45,91.56,89.13,91.08,87.84,88.5,84.32,86.03,86.48,85.17,84.4,81.2,75.43,79.38,79.62,79.19,80.36,81.23,80.74,78.12,79.14,81.38,79.96,72.72,69.68,78.1,79.57,76.65,73.71,73.68,76.49,81.49,81.42,77.54,77.9,76.25,77.55,77.7,77.97,79.02,75.71,76.11,75.66,72.79,71.24,76.26,76.66,76.43,78.72,78.19,79.05,74.04,76.48,76.17,80.67,83.86,82.6,81.98,82.5,82.37
2026-03-04 10:59:53,88.03,91.92,89.43,91.59,88.35,89.18,84.88,86.72,87.19,85.87,84.99,81.81,75.97,79.96,80.22,79.76,80.88,81.72,81.23,78.85,79.87,81.93,80.31,73.13,70.12,78.47,79.82,76.85,73.95,73.94,76.84,81.81,81.66,77.67,77.95,76.49,77.9,78.3,78.47,79.37,76.02,76.38,76.14,73.42,71.16,76.43,76.76,76.31,78.72,78.45,79.57,74.66,76.56,76.39,80.98,84.14,82.83,81.45,82.62,82.46
2026-03-04 10:59:54,88.62,92.29,89.78,92.12,88.93,89.9,85.53,87.46,87.94,86.6,85.62,82.48,76.65,80.62,80.89,80.39,81.45,82.22,81.73,79.61,80.62,82.49,80.71,73.63,70.66,78.88,80.04,77.03,74.26,74.26,77.21,82.14,81.9,77.82,78.0,76.73,78.26,78.9,79.0,79.75,76.38,76.71,76.67,74.11,71.11,76.64,76.91,76.23,78.75,78.72,80.1,75.28,76.63,76.62,81.3,84.42,83.06,80.82,82.72,82.52
2026-03-04 10:59:55,89.2,92.67,90.18,92.69,89.56,90.64,86.25,88.24,88.73,87.35,86.27,83.21,77.45,81.35,81.59,81.06,82.06,82.73,82.25,80.39,81.38,83.07,81.14,74.2,71.29,79.3,80.26,77.2,74.62,74.64,77.6,82.46,82.15,77.98,78.03,76.99,78.62,79.49,79.56,80.14,76.78,77.08,77.24,74.84,71.11,76.88,77.11,76.19,78.79,78.99,80.64,75.9,76.69,76.86,81.63,84.7,83.29,80.11,82.78,82.56
2026-03-04 10:59:56,89.81,93.09,90.64,93.22,90.25,91.42,87.0,89.04,89.54,88.12,86.9,83.97,78.34,82.1,82.31,81.78,82.68,83.21,82.76,81.18,82.14,83.61,81.58,74.82,71.96,79.73,80.48,77.36,75.0,75.06,77.98,82.77,82.38,78.13,78.04,77.25,78.95,80.05,80.1,80.5,77.19,77.45,77.8,75.57,71.14,77.12,77.34,76.19,78.82,79.26,81.17,76.5,76.72,77.06,81.94,84.95,83.41,79.38,82.8,82.57
2026-03-04 10:59:57,90.48,93.61,91.21,93.66,90.98,92.23,87.74,89.82,90.36,88.9,87.42,84.77,79.3,82.81,83.04,82.54,83.33,83.61,83.26,81.97,82.87,84.06,82.0,75.47,72.58,80.17,80.75,77.57,75.37,75.52,78.33,83.04,82.56,78.17,78.02,77.51,79.19,80.51,80.57,80.72,77.56,77.74,78.27,76.24,71.22,77.32,77.58,76.22,78.76,79.5,81.66,77.06,76.7,77.18,82.19,85.1,83.27,78.68,82.74,82.54
2026-03-04 10:59:58,91.21,94.23,91.87,93.99,91.76,93.07,88.46,90.58,91.2,89.68,87.85,85.58,80.31,83.49,83.75,83.34,83.99,83.93,83.74,82.75,83.57,84.41,82.39,76.13,73.15,80.62,81.06,77.81,75.73,76.02,78.63,83.27,82.71,78.11,77.97,77.77,79.36,80.87,80.97,80.81,77.88,77.95,78.64,76.83,71.32,77.49,77.84,76.3,78.63,79.72,82.1,77.58,76.65,77.23,82.37,85.15,82.89,78.01,82.61,82.46
2026-03-04 10:59:59,91.97,94.92,92.6,94.23,92.56,93.92,89.15,91.31,92.04,90.45,88.18,86.41,81.37,84.11,84.46,84.15,84.65,84.18,84.19,83.51,84.22,84.67,82.76,76.8,73.66,81.06,81.41,78.09,76.06,76.54,78.9,83.47,82.81,77.97,77.9,78.03,79.45,81.15,81.31,80.8,78.15,78.1,78.92,77.36,71.45,77.62,78.1,76.4,78.44,79.91,82.5,78.05,76.57,77.2,82.5,85.12,82.31,77.38,82.42,82.35
2026-03-04 11:00:00,92.76,95.66,93.37,94.4,93.36,94.76,89.81,92.01,92.86,91.2,88.43,87.22,82.43,84.7,85.14,84.97,85.31,84.36,84.62,84.24,84.83,84.86,83.11,77.47,74.14,81.49,81.78,78.38,76.37,77.06,79.13,83.64,82.88,77.77,77.8,78.29,79.49,81.35,81.6,80.69,78.39,78.19,79.12,77.83,71.61,77.72,78.38,76.53,78.2,80.09,82.86,78.47,76.47,77.13,82.59,85.02,81.57,76.8,82.17,82.22
2026-03-04 11:00:01,93.53,96.39,94.11,94.53,94.05,95.5,90.43,92.68,93.62,91.89,88.66,87.93,83.41,85.22,85.75,85.72,85.92,84.51,85.0,84.83,85.34,84.99,83.41,78.13,74.61,81.88,82.1,78.67,76.64,77.47,79.3,83.74,82.92,77.6,77.68,78.54,79.54,81.53,81.87,80.61,78.59,78.29,79.3,78.29,71.85,77.85,78.67,76.7,78.05,80.29,83.16,78.8,76.45,77.13,82.66,84.89,80.91,76.36,81.91,82.06
2026-03-04 11:00:02,94.27,97.09,94.79,94.65,94.61,96.11,91.02,93.33,94.33,92.56,88.96,88.58,84.31,85.65,86.26,86.39,86.5,84.7,85.38,85.36,85.73,85.06,83.67,78.79,75.11,82.26,82.4,78.96,76.87,77.79,79.44,83.75,82.93,77.5,77.45,78.81,79.63,81.7,82.13,80.59,78.83,78.45,79.54,78.79,72.2,78.01,79.0,76.89,78.03,80.56,83.44,79.15,76.55,77.25,82.75,84.77,80.43,76.13,81.74,81.84
2026-03-04 11:00:03,94.96,97.75,95.42,94.76,95.05,96.59,91.58,93.96,94.98,93.2,89.3,89.18,85.13,86.02,86.67,86.99,87.05,84.92,85.75,85.84,86.01,85.07,83.88,79.41,75.62,82.61,82.7,79.24,77.06,78.06,79.54,83.67,82.9,77.48,77.15,79.09,79.76,81.86,82.37,80.62,79.08,78.65,79.82,79.32,72.65,78.21,79.36,77.1,78.13,80.88,83.71,79.52,76.77,77.48,82.84,84.67,80.12,76.07,81.64,81.55
2026-03-04 11:00:04,95.55,98.33,96.0,94.9,95.42,96.98,92.14,94.56,95.52,93.77,89.65,89.74,85.86,86.38,87.04,87.55,87.55,85.11,86.06,86.27,86.26,85.05,84.06,79.98,76.15,82.93,82.93,79.52,77.3,78.33,79.64,83.56,82.84,77.48,76.87,79.36,79.93,82.05,82.63,80.69,79.29,78.84,80.08,79.83,73.17,78.39,79.68,77.31,78.28,81.21,83.93,79.9,77.03,77.77,82.94,84.58,79.89,76.12,81.57,81.26
2026-03-04 11:00:05,95.97,98.8,96.56,95.1,95.81,97.34,92.74,95.19,96.01,94.24,90.0,90.29,86.57,86.8,87.43,88.07,87.96,85.29,86.34,86.65,86.53,85.08,84.21,80.54,76.7,83.19,83.1,79.81,77.59,78.63,79.74,83.44,82.73,77.49,76.63,79.55,80.09,82.22,82.79,80.71,79.48,78.99,80.32,80.3,73.72,78.54,79.93,77.5,78.45,81.49,84.08,80.24,77.29,78.08,83.04,84.51,79.74,76.25,81.55,81.02
2026-03-04 11:00:06,96.38,99.27,97.12,95.36,96.22,97.7,93.37,95.8,96.45,94.66,90.4,90.82,87.25,87.23,87.79,88.54,88.3,85.44,86.56,86.99,86.76,85.07,84.36,81.09,77.23,83.38,83.22,80.11,77.91,78.93,79.86,83.31,82.63,77.54,76.43,79.68,80.22,82.34,82.9,80.69,79.67,79.18,80.57,80.75,74.32,78.71,80.15,77.69,78.67,81.74,84.2,80.52,77.53,78.38,83.15,84.44,79.67,76.44,81.54,80.83
2026-03-04 11:00:07,96.79,99.72,97.66,95.64,96.63,98.02,93.95,96.36,96.83,94.99,90.78,91.31,87.86,87.62,88.11,88.92,88.51,85.53,86.73,87.25,86.91,85.0,84.45,81.56,77.68,83.49,83.26,80.36,78.17,79.17,79.98,83.17,82.55,77.62,76.27,79.78,80.34,82.43,83.02,80.72,79.91,79.4,80.81,81.19,74.94,78.87,80.36,77.9,78.88,81.93,84.28,80.77,77.8,78.69,83.26,84.36,79.62,76.66,81.53,80.66
2026-03-04 11:00:08,97.16,100.14,98.15,95.92,97.01,98.28,94.47,96.85,97.14,95.23,91.14,91.74,88.36,87.93,88.38,89.2,88.62,85.58,86.81,87.39,86.94,84.86,84.45,81.9,78.02,83.56,83.28,80.55,78.37,79.41,80.13,82.99,82.46,77.68,76.21,79.89,80.51,82.54,83.14,80.81,80.15,79.58,80.97,81.6,75.55,79.04,80.58,78.13,79.03,82.0,84.31,81.01,78.07,78.99,83.37,84.27,79.52,76.85,81.46,80.45
2026-03-04 11:00:09,97.49,100.53,98.62,96.19,97.33,98.48,94.93,97.26,97.37,95.42,91.48,92.13,88.77,88.16,88.57,89.38,88.65,85.59,86.8,87.42,86.84,84.66,84.38,82.09,78.24,83.58,83.29,80.73,78.56,79.66,80.3,82.79,82.35,77.69,76.2,80.0,80.74,82.64,83.24,80.95,80.4,79.74,81.02,81.97,76.14,79.24,80.82,78.39,79.17,81.95,84.29,81.25,78.32,79.32,83.52,84.17,79.35,77.0,81.36,80.18
2026-03-04 11:00:10,97.73,100.85,99.04,96.44,97.6,98.61,95.3,97.57,97.47,95.52,91.75,92.43,89.08,88.32,88.7,89.44,88.61,85.56,86.75,87.39,86.65,84.44,84.27,82.2,78.37,83.56,83.29,80.88,78.75,79.91,80.5,82.59,82.25,77.67,76.24,80.1,81.0,82.75,83.33,81.07,80.64,79.88,81.03,82.31,76.69,79.43,81.06,78.67,79.31,81.87,84.27,81.49,78.55,79.63,83.68,84.1,79.19,77.15,81.25,79.89
2026-03-04 11:00:11,97.86,101.07,99.35,96.61,97.74,98.63,95.53,97.71,97.4,95.47,91.91,92.59,89.3,88.42,88.75,89.36,88.5,85.46,86.68,87.31,86.43,84.24,84.15,82.31,78.53,83.53,83.32,81.03,78.96,80.2,80.7,82.39,82.16,77.69,76.35,80.19,81.28,82.86,83.39,81.11,80.86,80.05,81.08,82.58,77.19,79.56,81.24,78.97,79.46,81.84,84.28,81.7,78.78,79.89,83.81,84.06,79.11,77.4,81.26,79.67
2026-03-04 11:00:12,97.93,101.22,99.53,96.75,97.84,98.57,95.68,97.74,97.28,95.34,91.97,92.61,89.43,88.45,88.7,89.19,88.32,85.36,86.53,87.17,86.22,84.09,84.06,82.45,78.66,83.48,83.31,81.18,79.22,80.49,80.89,82.23,82.08,77.75,76.55,80.28,81.54,82.96,83.41,81.09,81.03,80.17,81.19,82.86,77.71,79.72,81.35,79.23,79.59,81.84,84.3,81.94,79.06,80.17,83.86,84.0,79.07,77.74,81.37,79.58
2026-03-04 11:00:13,97.95,101.29,99.59,96.86,97.9,98.46,95.76,97.7,97.15,95.2,91.98,92.54,89.49,88.44,88.55,88.96,88.08,85.25,86.29,86.96,86.03,83.99,83.98,82.59,78.72,83.37,83.26,81.36,79.52,80.75,81.06,82.14,81.99,77.83,76.83,80.38,81.76,83.04,83.38,81.0,81.17,80.23,81.33,83.2,78.29,79.92,81.39,79.45,79.72,81.86,84.32,82.21,79.42,80.49,83.87,83.92,79.04,78.16,81.56,79.61
2026-03-04 11:00:14,97.92,101.3,99.55,96.94,97.94,98.29,95.8,97.59,97.0,95.05,91.94,92.37,89.49,88.38,88.32,88.67,87.79,85.15,85.97,86.7,85.87,83.93,83.92,82.72,78.71,83.23,83.16,81.56,79.87,80.99,81.21,82.12,81.92,77.92,77.18,80.46,81.95,83.1,83.31,80.86,81.25,80.23,81.52,83.57,78.92,80.17,81.36,79.62,79.84,81.88,84.33,82.48,79.82,80.83,83.85,83.83,79.04,78.65,81.83,79.75
2026-03-04 11:00:15,97.86,101.26,99.42,97.0,97.95,98.08,95.79,97.42,96.84,94.9,91.85,92.12,89.45,88.28,88.03,88.34,87.45,85.05,85.59,86.41,85.73,83.9,83.87,82.86,78.65,83.06,83.02,81.78,80.23,81.21,81.34,82.14,81.84,78.02,77.59,80.55,82.1,83.14,83.21,80.67,81.31,80.17,81.73,83.97,79.58,80.45,81.27,79.76,79.96,81.91,84.33,82.77,80.26,81.2,83.79,83.72,79.05,79.18,82.15,79.98
2026-03-04 11:00:16,97.76,101.17,99.21,97.04,97.95,97.83,95.75,97.21,96.68,94.74,91.74,91.82,89.36,88.15,87.67,87.97,87.07,84.95,85.16,86.08,85.61,83.91,83.84,83.0,78.54,82.85,82.85,82.0,80.62,81.41,81.45,82.21,81.77,78.13,78.04,80.62,82.22,83.16,83.07,80.44,81.32,80.08,81.97,84.4,80.27,80.75,81.13,79.87,80.07,81.95,84.34,83.06,80.73,81.58,83.7,83.6,79.07,79.75,82.52,80.28
2026-03-04 11:00:17,97.64,101.04,98.93,97.06,97.93,97.56,95.66,96.97,96.51,94.57,91.59,91.46,89.23,87.99,87.27,87.58,86.67,84.85,84.69,85.72,85.51,83.94,83.81,83.13,78.4,82.63,82.65,82.24,81.02,81.58,81.54,82.32,81.7,78.24,78.53,80.69,82.31,83.17,82.91,80.17,81.32,79.95,82.23,84.83,80.97,81.07,80.95,79.94,80.18,82.0,84.34,83.36,81.23,81.97,83.6,83.47,79.1,80.34,82.93,80.65
2026-03-04 11:00:18,97.49,100.88,98.61,97.06,97.89,97.26,95.56,96.7,96.35,94.41,91.43,91.06,89.08,87.82,86.84,87.16,86.25,84.76,84.19,85.35,85.42,84.0,83.8,83.25,78.22,82.39,82.43,82.47,81.43,81.74,81.61,82.46,81.64,78.35,79.04,80.76,82.38,83.17,82.73,79.88,81.28,79.78,82.5,85.28,81.67,81.4,80.74,79.99,80.27,82.05,84.34,83.65,81.73,82.37,83.47,83.33,79.13,80.96,83.37,81.07
2026-03-04 11:00:19,97.33,100.7,98.24,97.06,97.84,96.95,95.42,96.4,96.18,94.24,91.24,90.63,88.9,87.62,86.38,86.73,85.82,84.67,83.67,84.97,85.36,84.08,83.79,83.38,78.01,82.14,82.2,82.71,81.85,81.88,81.67,82.63,81.58,78.46,79.57,80.82,82.43,83.15,82.54,79.57,81.23,79.6,82.78,85.73,82.38,81.74,80.51,80.02,80.36,82.1,84.34,83.95,82.25,82.76,83.34,83.19,79.18,81.58,83.83,81.53
2026-03-04 11:00:20,97.15,100.49,97.84,97.04,97.78,96.63,95.27,96.08,96.02,94.08,91.04,90.18,88.7,87.42,85.9,86.29,85.37,84.58,83.14,84.58,85.3,84.17,83.8,83.5,77.78,81.88,81.95,82.94,82.26,82.0,81.72,82.81,81.52,78.58,80.1,80.87,82.45,83.12,82.33,79.25,81.16,79.39,83.07,86.18,83.07,82.09,80.25,80.03,80.45,82.16,84.34,84.23,82.76,83.16,83.19,83.05,79.23,82.21,84.31,82.02
2026-03-04 11:00:21,96.96,100.27,97.41,97.01,97.72,96.31,95.11,95.76,95.86,93.93,90.83,89.71,88.49,87.2,85.4,85.86,84.93,84.5,82.6,84.18,85.26,84.28,83.8,83.61,77.54,81.62,81.7,83.18,82.66,82.1,81.76,83.02,81.47,78.69,80.64,80.93,82.46,83.09,82.12,78.92,81.07,79.17,83.35,86.63,83.74,82.43,79.98,80.01,80.52,82.22,84.33,84.51,83.28,83.54,83.03,82.91,79.28,82.83,84.79,82.53
2026-03-04 11:00:22,96.76,100.04,96.96,96.97,97.64,95.98,94.93,95.43,95.7,93.77,90.61,89.24,88.26,86.98,84.91,85.42,84.49,84.42,82.06,83.8,85.23,84.39,83.82,83.71,77.28,81.35,81.44,83.4,83.06,82.19,81.78,83.24,81.42,78.81,81.18,80.97,82.46,83.05,81.9,78.58,80.97,78.94,83.64,87.06,84.4,82.77,79.69,79.99,80.59,82.27,84.33,84.78,83.78,83.91,82.86,82.77,79.34,83.44,85.27,83.05
2026-03-04 11:00:23,96.57,99.8,96.51,96.93,97.56,95.65,94.75,95.09,95.55,93.63,90.39,88.76,88.03,86.76,84.41,84.99,84.06,84.35,81.52,83.41,85.21,84.52,83.84,83.81,77.02,81.09,81.19,83.62,83.45,82.26,81.79,83.46,81.38,78.91,81.71,81.01,82.44,83.01,81.68,78.25,80.87,78.7,83.92,87.48,85.04,83.1,79.4,79.95,80.66,82.33,84.32,85.04,84.27,84.27,82.7,82.63,79.4,84.03,85.75,83.58
2026-03-04 11:00:24,96.36,99.55,96.05,96.88,97.48,95.33,94.56,94.76,95.4,93.49,90.17,88.28,87.79,86.53,83.92,84.57,83.64,84.29,81.0,83.04,85.2,84.65,83.86,83.91,76.75,80.83,80.93,83.83,83.82,82.32,81.8,83.69,81.34,79.02,82.23,81.05,82.41,82.96,81.46,77.91,80.75,78.46,84.19,87.89,85.64,83.43,79.11,79.9,80.71,82.39,84.32,85.28,84.74,84.62,82.53,82.5,79.46,84.61,86.22,84.11
2026-03-04 11:00:25,96.16,99.3,95.59,96.82,97.4,95.01,94.36,94.43,95.27,93.36,89.95,87.81,87.56,86.31,83.44,84.17,83.23,84.22,80.48,82.67,85.2,84.78,83.89,83.99,76.48,80.58,80.68,84.04,84.18,82.38,81.8,83.93,81.3,79.12,82.73,81.08,82.38,82.9,81.25,77.59,80.64,78.22,84.46,88.28,86.22,83.74,78.81,79.84,80.77,82.45,84.31,85.52,85.2,84.95,82.36,82.37,79.52,85.16,86.68,84.63
2026-03-04 11:00:26,95.97,99.06,95.14,96.77,97.31,94.71,94.17,94.11,95.14,93.23,89.73,87.35,87.32,86.1,82.97,83.77,82.84,84.17,79.99,82.32,85.2,84.92,83.92,84.07,76.22,80.34,80.44,84.23,84.52,82.41,81.79,84.16,81.27,79.22,83.21,81.11,82.33,82.85,81.03,77.27,80.51,77.98,84.71,88.65,86.77,84.04,78.52,79.77,80.81,82.51,84.3,85.74,85.64,85.26,82.2,82.25,79.59,85.69,87.12,85.15
2026-03-04 11:00:27,95.77,98.81,94.69,96.71,97.23,94.41,93.98,93.79,95.01,93.11,89.51,86.9,87.09,85.88,82.52,83.4,82.46,84.12,79.51,81.99,85.21,85.05,83.95,84.15,75.96,80.1,80.2,84.41,84.84,82.45,81.78,84.39,81.24,79.31,83.68,81.13,82.28,82.79,80.83,76.96,80.39,77.74,84.96,89.0,87.29,84.33,78.24,79.7,80.85,82.56,84.29,85.95,86.05,85.56,82.04,82.13,79.65,86.2,87.55,85.65
2026-03-04 11:00:28,95.58,98.57,94.26,96.65,97.14,94.13,93.79,93.49,94.9,93.0,89.31,86.47,86.86,85.68,82.09,83.04,82.1,84.07,79.06,81.67,85.23,85.19,83.98,84.22,75.7,79.88,79.97,84.58,85.14,82.47,81.76,84.61,81.21,79.4,84.12,81.16,82.22,82.73,80.63,76.66,80.27,77.51,85.19,89.33,87.77,84.6,77.96,79.62,80.89,82.62,84.28,86.14,86.45,85.84,81.88,82.01,79.71,86.68,87.96,86.14
2026-03-04 11:00:29,95.4,98.34,93.84,96.59,97.06,93.86,93.61,93.2,94.79,92.9,89.11,86.05,86.64,85.48,81.67,82.7,81.76,84.03,78.63,81.36,85.25,85.32,84.01,84.28,75.45,79.66,79.75,84.75,85.43,82.48,81.74,84.83,81.19,79.48,84.54,81.17,82.16,82.68,80.44,76.38,80.15,77.28,85.42,89.64,88.22,84.86,77.69,79.54,80.92,82.67,84.27,86.32,86.82,86.1,81.73,81.91,79.76,87.13,88.35,86.61
2026-03-04 11:00:30,95.21,98.11,93.46,96.54,96.98,93.63,93.45,92.93,94.65,92.79,88.89,85.67,86.42,85.29,81.32,82.42,81.44,83.98,78.26,81.11,85.26,85.44,84.02,84.32,75.25,79.49,79.54,84.87,85.66,82.48,81.68,85.03,81.19,79.58,84.93,81.2,82.11,82.62,80.27,76.15,80.06,77.11,85.63,89.91,88.62,85.1,77.45,79.47,80.97,82.73,84.26,86.44,87.15,86.33,81.59,81.82,79.84,87.54,88.71,87.05
2026-03-04 11:00:31,95.01,97.86,93.17,96.54,96.94,93.47,93.37,92.73,94.52,92.68,88.72,85.39,86.23,85.15,81.12,82.29,81.21,83.96,78.06,80.97,85.25,85.54,84.02,84.33,75.16,79.41,79.41,84.95,85.79,82.43,81.61,85.19,81.23,79.72,85.28,81.23,82.04,82.54,80.16,76.04,80.04,77.05,85.81,90.13,88.96,85.32,77.2,79.39,81.04,82.8,84.25,86.51,87.41,86.48,81.43,81.72,79.97,87.89,88.96,87.43
2026-03-04 11:00:32,94.8,97.6,92.98,96.59,96.94,93.38,93.34,92.6,94.41,92.58,88.61,85.21,86.11,85.07,81.06,82.24,81.04,83.98,78.0,80.93,85.22,85.6,84.07,84.4,75.18,79.4,79.37,85.01,85.88,82.39,81.57,85.33,81.34,79.9,85.61,81.35,82.05,82.52,80.12,76.04,80.06,77.02,85.9,90.28,89.26,85.52,77.0,79.33,81.14,82.9,84.27,86.53,87.59,86.56,81.32,81.62,80.11,88.2,89.14,87.74
2026-03-04 11:00:33,94.56,97.29,92.81,96.62,96.9,93.27,93.27,92.45,94.17,92.4,88.49,85.05,85.98,84.96,80.99,82.15,80.8,83.94,77.99,80.88,85.11,85.62,84.12,84.45,75.25,79.41,79.37,85.02,85.89,82.35,81.55,85.42,81.47,80.09,85.84,81.46,82.07,82.51,80.14,76.14,80.12,77.05,85.89,90.31,89.44,85.66,76.86,79.3,81.25,82.98,84.29,86.51,87.71,86.6,81.21,81.52,80.23,88.44,89.26,87.99
2026-03-04 11:00:34,94.32,96.98,92.68,96.67,96.89,93.21,93.22,92.36,93.9,92.22,88.42,84.98,85.87,84.88,80.97,82.09,80.61,83.93,78.05,80.77,84.97,85.62,84.16,84.47,75.4,79.41,79.41,85.02,85.84,82.34,81.56,85.48,81.58,80.27,86.0,81.57,82.04,82.47,80.17,76.29,80.19,77.1,85.8,90.16,89.44,85.75,76.75,79.27,81.3,83.01,84.31,86.48,87.76,86.59,81.08,81.39,80.32,88.62,89.31,88.16
2026-03-04 11:00:35,94.16,96.77,92.63,96.76,96.94,93.21,93.21,92.33,93.71,92.09,88.45,85.05,85.87,84.88,81.02,82.11,80.53,84.02,78.22,80.68,84.75,85.65,84.24,84.53,75.65,79.4,79.46,85.05,85.82,82.39,81.63,85.46,81.67,80.46,86.14,81.66,81.99,82.42,80.19,76.48,80.24,77.19,85.69,89.94,89.33,85.77,76.65,79.23,81.32,83.02,84.36,86.46,87.75,86.59,81.03,81.3,80.43,88.74,89.33,88.2
2026-03-04 11:00:36,94.07,96.64,92.67,96.9,97.05,93.27,93.23,92.36,93.59,92.02,88.56,85.24,85.96,84.95,81.13,82.18,80.57,84.2,78.52,80.66,84.41,85.7,84.36,84.62,76.0,79.4,79.52,85.12,85.82,82.47,81.74,85.33,81.72,80.63,86.27,81.74,81.95,82.35,80.21,76.7,80.27,77.33,85.6,89.69,89.17,85.73,76.56,79.16,81.35,83.05,84.43,86.45,87.71,86.6,81.08,81.3,80.55,88.82,89.32,88.08
2026-03-04 11:00:37,94.05,96.58,92.76,97.07,97.2,93.36,93.26,92.41,93.51,91.99,88.73,85.51,86.14,85.1,81.28,82.29,80.72,84.44,78.91,80.71,83.98,85.78,84.51,84.75,76.42,79.39,79.59,85.21,85.84,82.59,81.88,85.13,81.76,80.8,86.38,81.82,81.91,82.28,80.22,76.94,80.27,77.52,85.52,89.42,88.95,85.65,76.47,79.06,81.4,83.09,84.51,86.46,87.64,86.64,81.23,81.39,80.71,88.86,89.28,87.85
2026-03-04 11:00:38,94.03,96.56,92.9,97.18,97.33,93.48,93.27,92.38,93.41,91.93,88.92,85.76,86.29,85.19,81.45,82.41,80.86,84.66,79.31,80.75,83.57,85.85,84.64,84.87,76.84,79.37,79.71,85.31,85.82,82.64,82.0,84.92,81.8,80.94,86.44,81.93,81.91,82.19,80.22,77.23,80.32,77.76,85.38,89.13,88.72,85.57,76.43,78.95,81.42,83.06,84.61,86.47,87.56,86.7,81.46,81.57,80.92,88.82,89.21,87.63
2026-03-04 11:00:39,94.0,96.56,93.05,97.19,97.42,93.61,93.25,92.23,93.26,91.83,89.12,85.93,86.37,85.2,81.64,82.52,80.97,84.81,79.69,80.75,83.23,85.89,84.72,84.97,77.24,79.33,79.87,85.4,85.74,82.6,82.06,84.72,81.85,81.06,86.43,82.09,81.96,82.08,80.19,77.57,80.45,78.07,85.14,88.82,88.49,85.48,76.45,78.82,81.4,82.93,84.71,86.49,87.49,86.78,81.79,81.85,81.21,88.71,89.11,87.48
2026-03-04 11:00:40,93.96,96.58,93.21,97.13,97.47,93.76,93.18,91.99,93.06,91.68,89.32,86.04,86.38,85.13,81.83,82.63,81.04,84.9,80.04,80.73,82.95,85.92,84.77,85.04,77.62,79.28,80.08,85.49,85.61,82.47,82.08,84.54,81.92,81.15,86.37,82.29,82.07,81.96,80.15,77.94,80.65,78.41,84.82,88.49,88.26,85.41,76.51,78.68,81.36,82.73,84.82,86.52,87.42,86.89,82.18,82.21,81.57,88.52,88.98,87.39
2026-03-04 11:00:41,93.92,96.61,93.38,96.99,97.48,93.9,93.09,91.65,92.82,91.5,89.52,86.09,86.34,85.0,82.02,82.72,81.09,84.93,80.38,80.69,82.72,85.93,84.79,85.1,77.97,79.21,80.32,85.57,85.43,82.27,82.07,84.37,81.99,81.22,86.26,82.52,82.21,81.83,80.1,78.34,80.91,78.79,84.43,88.16,88.04,85.34,76.61,78.54,81.29,82.46,84.93,86.55,87.36,87.02,82.63,82.64,81.97,88.28,88.83,87.35
2026-03-04 11:00:42,93.86,96.66,93.55,96.81,97.47,94.06,92.98,91.26,92.56,91.29,89.73,86.11,86.27,84.82,82.23,82.81,81.11,84.93,80.69,80.63,82.55,85.92,84.79,85.14,78.3,79.13,80.59,85.63,85.21,82.01,82.03,84.22,82.07,81.28,86.11,82.77,82.37,81.69,80.03,78.77,81.21,79.2,84.0,87.83,87.81,85.26,76.75,78.39,81.2,82.15,85.04,86.57,87.3,87.16,83.12,83.12,82.41,88.0,88.66,87.36
2026-03-04 11:00:43,93.84,96.72,93.78,96.7,97.5,94.22,92.96,90.97,92.32,91.12,89.95,86.12,86.22,84.67,82.48,82.96,81.17,84.94,81.01,80.59,82.41,85.92,84.81,85.19,78.59,79.09,80.86,85.62,84.97,81.76,81.98,84.04,82.13,81.33,85.91,82.99,82.51,81.55,79.97,79.17,81.52,79.62,83.56,87.47,87.55,85.1,76.9,78.29,81.11,81.84,85.14,86.49,87.21,87.23,83.51,83.54,82.77,87.67,88.38,87.31
2026-03-04 11:00:44,93.86,96.79,93.99,96.56,97.5,94.39,92.95,90.68,92.07,90.91,90.11,86.06,86.15,84.57,82.73,83.13,81.26,84.9,81.26,80.52,82.24,85.89,84.8,85.18,78.84,79.06,81.1,85.5,84.69,81.49,81.89,83.69,82.12,81.32,85.68,83.15,82.59,81.41,79.9,79.49,81.79,79.99,83.14,87.08,87.27,84.88,77.01,78.14,80.99,81.51,85.16,86.35,87.07,87.19,83.8,83.85,83.03,87.26,88.04,87.15
2026-03-04 11:00:45,93.88,96.81,94.12,96.31,97.37,94.45,92.81,90.36,91.73,90.61,90.2,85.96,86.04,84.41,82.92,83.25,81.31,84.67,81.42,80.36,82.06,85.82,84.72,85.08,79.0,78.98,81.28,85.31,84.35,81.2,81.74,83.25,82.04,81.25,85.39,83.23,82.63,81.31,79.85,79.78,82.01,80.25,82.7,86.64,86.92,84.65,77.13,77.98,80.86,81.19,85.11,86.17,86.89,87.05,83.97,84.04,83.19,86.82,87.65,86.95
2026-03-04 11:00:46,93.86,96.8,94.2,96.03,97.15,94.44,92.65,90.07,91.37,90.24,90.2,85.85,85.84,84.21,83.06,83.32,81.33,84.35,81.53,80.2,81.86,85.71,84.55,84.92,79.15,78.92,81.39,85.04,83.99,80.94,81.61,82.85,81.96,81.18,85.08,83.32,82.67,81.26,79.81,80.03,82.19,80.46,82.3,86.18,86.53,84.45,77.3,77.86,80.7,80.92,85.02,85.98,86.71,86.88,84.08,84.17,83.33,86.41,87.27,86.76
2026-03-04 11:00:47,93.8,96.75,94.21,95.7,96.85,94.34,92.4,89.8,90.98,89.79,90.11,85.73,85.58,84.0,83.17,83.35,81.33,84.02,81.62,80.05,81.67,85.57,84.37,84.76,79.31,78.91,81.47,84.71,83.62,80.74,81.53,82.49,81.88,81.11,84.79,83.41,82.72,81.22,79.73,80.22,82.33,80.62,81.96,85.63,86.14,84.3,77.51,77.77,80.57,80.73,84.88,85.74,86.54,86.69,84.14,84.24,83.42,85.99,86.9,86.57
2026-03-04 11:00:48,93.68,96.68,94.19,95.33,96.46,94.16,92.11,89.51,90.58,89.3,89.96,85.58,85.27,83.77,83.26,83.37,81.32,83.7,81.73,79.95,81.5,85.37,84.15,84.53,79.45,78.97,81.58,84.39,83.25,80.54,81.44,82.12,81.8,81.06,84.47,83.43,82.71,81.16,79.62,80.37,82.45,80.73,81.65,85.01,85.77,84.18,77.75,77.74,80.52,80.59,84.7,85.49,86.38,86.47,84.12,84.23,83.46,85.57,86.52,86.34
2026-03-04 11:00:49,93.55,96.57,94.14,94.88,96.0,93.93,91.8,89.18,90.15,88.86,89.81,85.4,84.92,83.53,83.32,83.36,81.27,83.31,81.83,79.91,81.25,85.15,83.91,84.25,79.57,79.07,81.73,84.1,82.88,80.35,81.3,81.78,81.73,81.01,84.16,83.43,82.68,81.06,79.44,80.53,82.6,80.87,81.33,84.37,85.32,84.04,78.0,77.79,80.53,80.53,84.56,85.28,86.21,86.21,84.03,84.07,83.44,85.16,86.15,86.09
2026-03-04 11:00:50,93.41,96.41,94.05,94.36,95.49,93.65,91.47,88.81,89.71,88.48,89.66,85.18,84.52,83.3,83.36,83.35,81.18,82.83,81.9,79.9,80.86,84.92,83.66,83.93,79.68,79.18,81.9,83.84,82.53,80.18,81.12,81.49,81.67,80.96,83.89,83.44,82.65,80.92,79.18,80.68,82.78,81.01,80.98,83.67,84.77,83.86,78.26,77.92,80.61,80.53,84.48,85.11,86.02,85.9,83.84,83.76,83.37,84.79,85.8,85.82
2026-03-04 11:00:51,93.28,96.21,93.92,93.76,94.94,93.33,91.12,88.41,89.25,88.14,89.51,84.93,84.09,83.06,83.37,83.34,81.05,82.27,81.95,79.92,80.37,84.68,83.41,83.6,79.78,79.31,82.09,83.62,82.21,80.02,80.92,81.23,81.64,80.91,83.64,83.46,82.62,80.75,78.84,80.84,82.98,81.16,80.62,82.95,84.14,83.65,78.51,78.1,80.73,80.58,84.44,84.97,85.81,85.55,83.58,83.3,83.25,84.43,85.48,85.53
2026-03-04 11:00:52,93.14,95.98,93.77,93.12,94.35,92.96,90.76,87.97,88.79,87.83,89.34,84.66,83.64,82.83,83.34,83.32,80.91,81.66,81.98,79.96,79.79,84.45,83.16,83.25,79.88,79.46,82.28,83.42,81.9,79.87,80.69,81.02,81.61,80.85,83.42,83.49,82.6,80.55,78.46,80.99,83.2,81.31,80.25,82.21,83.45,83.41,78.76,78.34,80.88,80.66,84.44,84.87,85.57,85.17,83.26,82.75,83.1,84.11,85.18,85.25
2026-03-04 11:00:53,92.96,95.72,93.58,92.48,93.72,92.59,90.36,87.58,88.38,87.49,89.09,84.4,83.21,82.58,83.25,83.28,80.79,81.1,82.01,80.01,79.26,84.25,82.93,82.9,80.0,79.63,82.42,83.21,81.63,79.74,80.49,80.85,81.57,80.82,83.2,83.51,82.58,80.34,78.14,81.12,83.36,81.47,79.92,81.54,82.81,83.14,78.99,78.6,81.03,80.73,84.44,84.76,85.27,84.81,82.95,82.24,82.98,83.8,84.88,84.95
2026-03-04 11:00:54,92.74,95.45,93.37,91.86,93.1,92.2,89.92,87.22,88.0,87.12,88.79,84.1,82.8,82.32,83.09,83.23,80.69,80.61,82.02,80.06,78.84,84.06,82.68,82.58,80.14,79.82,82.55,82.99,81.37,79.66,80.35,80.74,81.54,80.83,83.01,83.53,82.59,80.14,77.92,81.27,83.51,81.62,79.67,80.91,82.21,82.88,79.14,78.81,81.08,80.76,84.4,84.62,84.96,84.46,82.68,81.81,82.88,83.49,84.58,84.64
2026-03-04 11:00:55,92.51,95.19,93.13,91.29,92.5,91.82,89.47,86.73,87.56,86.76,88.44,83.75,82.39,82.12,83.01,83.22,80.58,80.16,81.97,80.15,78.57,83.87,82.43,82.3,80.29,80.04,82.63,82.77,81.15,79.61,80.29,80.67,81.52,80.87,82.78,83.58,82.67,79.98,77.81,81.43,83.63,81.79,79.45,80.35,81.67,82.61,79.23,78.97,81.1,80.78,84.35,84.48,84.69,84.14,82.36,81.43,82.79,83.2,84.3,84.34
2026-03-04 11:00:56,92.26,94.92,92.84,90.78,91.92,91.44,89.01,86.07,87.04,86.42,88.07,83.38,81.97,81.95,83.01,83.29,80.51,79.72,81.87,80.28,78.44,83.68,82.2,82.05,80.44,80.3,82.68,82.56,80.97,79.55,80.32,80.67,81.5,80.95,82.53,83.66,82.81,79.84,77.79,81.59,83.7,81.96,79.25,79.86,81.19,82.34,79.31,79.11,81.1,80.79,84.28,84.32,84.47,83.86,81.97,81.09,82.69,82.92,84.04,84.05
2026-03-04 11:00:57,91.99,94.65,92.52,90.33,91.35,91.08,88.54,85.25,86.44,86.08,87.68,82.98,81.55,81.82,83.08,83.41,80.46,79.31,81.73,80.44,78.42,83.49,81.97,81.83,80.58,80.59,82.7,82.36,80.83,79.5,80.43,80.71,81.46,81.08,82.26,83.76,83.0,79.72,77.86,81.76,83.73,82.14,79.06,79.43,80.79,82.08,79.37,79.23,81.08,80.8,84.21,84.17,84.29,83.61,81.53,80.79,82.59,82.67,83.81,83.78
2026-03-04 11:00:58,91.72,94.38,92.16,89.93,90.81,90.72,88.08,84.32,85.79,85.76,87.28,82.56,81.12,81.72,83.22,83.58,80.43,78.93,81.55,80.62,78.51,83.3,81.75,81.63,80.72,80.9,82.68,82.17,80.71,79.45,80.6,80.79,81.42,81.23,81.98,83.87,83.24,79.62,78.0,81.92,83.72,82.33,78.9,79.06,80.44,81.81,79.42,79.33,81.05,80.81,84.13,84.01,84.15,83.39,81.05,80.52,82.49,82.43,83.6,83.51
2026-03-04 11:00:59,91.44,94.12,91.79,89.58,90.3,90.37,87.62,83.29,85.1,85.46,86.87,82.13,80.7,81.66,83.4,83.79,80.42,78.57,81.33,80.82,78.69,83.11,81.54,81.46,80.85,81.22,82.64,81.99,80.63,79.4,80.83,80.9,81.38,81.41,81.68,84.01,83.51,79.54,78.2,82.08,83.68,82.51,78.75,78.74,80.16,81.56,79.45,79.41,81.01,80.81,84.05,83.86,84.05,83.2,80.54,80.29,82.39,82.21,83.41,83.27
2026-03-04 11:01:00,91.16,93.86,91.41,89.27,89.81,90.04,87.17,82.19,84.38,85.17,86.46,81.69,80.29,81.61,83.63,84.03,80.44,78.23,81.09,81.04,78.94,82.93,81.34,81.31,80.97,81.56,82.58,81.82,80.57,79.35,81.11,81.04,81.34,81.61,81.38,84.16,83.81,79.47,78.45,82.24,83.61,82.7,78.62,78.47,79.93,81.32,79.48,79.48,80.95,80.81,83.96,83.71,83.97,83.04,80.0,80.09,82.29,82.0,83.24,83.04
2026-03-04 11:01:01,90.87,93.61,91.02,89.0,89.35,89.73,86.73,81.04,83.64,84.9,86.05,81.26,79.88,81.59,83.9,84.3,80.46,77.92,80.83,81.27,79.25,82.76,81.15,81.18,81.08,81.9,82.5,81.67,80.53,79.3,81.42,81.21,81.3,81.82,81.07,84.31,84.13,79.41,78.74,82.39,83.51,82.88,78.5,78.25,79.75,81.08,79.5,79.53,80.89,80.81,83.87,83.56,83.93,82.9,79.45,79.92,82.19,81.82,83.09,82.82
2026-03-04 11:01:02,90.6,93.37,90.62,88.78,88.92,89.43,86.31,79.86,82.89,84.64,85.65,80.83,79.49,81.59,84.19,84.58,80.5,77.64,80.56,81.51,79.62,82.59,80.97,81.07,81.19,82.25,82.41,81.53,80.51,79.26,81.76,81.4,81.25,82.05,80.77,84.48,84.47,79.37,79.06,82.54,83.4,83.06,78.4,78.07,79.6,80.86,79.51,79.57,80.83,80.81,83.78,83.41,83.91,82.79,78.89,79.78,82.1,81.65,82.96,82.62
2026-03-04 11:01:03,90.33,93.14,90.22,88.59,88.52,89.15,85.91,78.66,82.15,84.41,85.26,80.4,79.12,81.61,84.51,84.89,80.55,77.38,80.27,81.76,80.02,82.42,80.81,80.97,81.29,82.59,82.31,81.39,80.51,79.22,82.13,81.59,81.2,82.28,80.47,84.65,84.81,79.34,79.41,82.68,83.27,83.24,78.31,77.93,79.5,80.64,79.52,79.59,80.76,80.81,83.7,83.28,83.9,82.7,78.33,79.67,82.0,81.49,82.85,82.44
2026-03-04 11:01:04,90.06,92.92,89.83,88.43,88.15,88.89,85.52,77.46,81.41,84.19,84.88,79.99,78.76,81.64,84.84,85.2,80.61,77.14,79.98,82.0,80.46,82.27,80.66,80.9,81.39,82.93,82.19,81.27,80.53,79.18,82.51,81.8,81.16,82.52,80.17,84.82,85.16,79.32,79.78,82.81,83.13,83.41,78.23,77.83,79.44,80.44,79.52,79.61,80.68,80.81,83.61,83.14,83.92,82.63,77.78,79.57,81.92,81.35,82.75,82.27
2026-03-04 11:01:05,89.81,92.71,89.45,88.3,87.81,88.65,85.16,76.29,80.7,84.0,84.52,79.6,78.43,81.68,85.18,85.51,80.67,76.93,79.69,82.23,80.91,82.12,80.52,80.83,81.47,83.26,82.07,81.16,80.56,79.15,82.89,82.02,81.11,82.75,79.88,84.98,85.51,79.31,80.14,82.93,82.98,83.57,78.17,77.75,79.4,80.26,79.52,79.62,80.61,80.81,83.52,83.02,83.96,82.58,77.24,79.51,81.84,81.23,82.67,82.11
2026-03-04 11:01:06,89.58,92.52,89.12,88.23,87.57,88.51,84.92,75.36,80.17,83.87,84.28,79.36,78.17,81.8,85.53,85.81,80.78,76.8,79.43,82.4,81.32,82.01,80.43,80.73,81.54,83.54,81.94,81.06,80.61,79.16,83.25,82.24,81.07,82.94,79.6,85.11,85.82,79.27,80.37,82.93,82.82,83.72,78.15,77.73,79.42,80.15,79.58,79.69,80.57,80.83,83.44,82.91,84.01,82.54,76.82,79.51,81.83,81.19,82.63,81.99
2026-03-04 11:01:07,89.46,92.39,88.94,88.28,87.45,88.52,84.85,74.74,79.88,83.87,84.19,79.32,78.02,82.02,85.91,86.11,80.97,76.81,79.3,82.6,81.69,81.9,80.4,80.65,81.65,83.79,81.78,80.98,80.71,79.23,83.55,82.43,81.06,83.09,79.37,85.19,86.06,79.24,80.46,82.83,82.63,83.86,78.17,77.76,79.44,80.09,79.68,79.8,80.52,80.75,83.32,82.73,83.99,82.51,76.5,79.56,81.87,81.18,82.6,81.9
2026-03-04 11:01:08,89.45,92.36,88.91,88.4,87.39,88.64,84.92,74.37,79.78,83.94,84.22,79.42,77.93,82.29,86.27,86.36,81.12,76.91,79.27,82.74,81.96,81.78,80.37,80.56,81.75,84.01,81.62,80.91,80.84,79.32,83.76,82.52,81.03,83.18,79.13,85.22,86.19,79.17,80.41,82.68,82.39,83.92,78.17,77.78,79.49,80.08,79.82,79.88,80.47,80.62,83.17,82.51,83.95,82.51,76.32,79.67,81.91,81.14,82.54,81.81
2026-03-04 11:01:09,89.52,92.4,88.98,88.58,87.37,88.81,85.1,74.26,79.79,84.01,84.31,79.61,77.95,82.56,86.62,86.55,81.19,77.05,79.27,82.71,82.15,81.66,80.32,80.35,81.79,84.18,81.48,80.85,80.97,79.38,83.85,82.5,80.94,83.18,78.92,85.19,86.23,79.08,80.3,82.47,82.07,83.89,78.19,77.83,79.58,80.1,79.98,79.95,80.39,80.48,83.01,82.28,83.87,82.56,76.3,79.84,81.91,81.09,82.42,81.7
2026-03-04 11:01:10,89.65,92.51,89.14,88.79,87.39,89.02,85.37,74.37,79.91,84.08,84.43,79.88,78.04,82.82,86.94,86.69,81.2,77.24,79.28,82.53,82.29,81.55,80.23,80.05,81.78,84.31,81.35,80.79,81.08,79.41,83.83,82.4,80.78,83.09,78.73,85.13,86.18,78.99,80.15,82.21,81.69,83.79,78.22,77.91,79.69,80.15,80.13,80.01,80.29,80.32,82.85,82.06,83.76,82.64,76.4,80.06,81.89,81.02,82.24,81.57
2026-03-04 11:01:11,89.83,92.67,89.36,89.04,87.43,89.28,85.72,74.67,80.12,84.14,84.6,80.22,78.21,83.08,87.24,86.79,81.15,77.45,79.31,82.2,82.38,81.44,80.13,79.67,81.72,84.39,81.24,80.75,81.2,79.42,83.72,82.21,80.58,82.93,78.56,85.03,86.07,78.88,79.97,81.92,81.25,83.63,78.27,78.02,79.83,80.22,80.3,80.06,80.16,80.16,82.7,81.84,83.63,82.75,76.62,80.31,81.85,80.95,82.01,81.43
2026-03-04 11:01:12,90.05,92.86,89.64,89.31,87.5,89.55,86.11,75.12,80.41,84.19,84.78,80.6,78.43,83.33,87.53,86.84,81.06,77.69,79.35,81.76,82.42,81.33,80.01,79.23,81.62,84.43,81.14,80.71,81.3,79.42,83.54,81.96,80.34,82.71,78.41,84.89,85.89,78.78,79.76,81.6,80.77,83.41,78.33,78.14,79.99,80.31,80.46,80.12,80.03,79.98,82.54,81.63,83.47,82.87,76.93,80.59,81.8,80.88,81.73,81.28
2026-03-04 11:01:13,90.19,93.0,89.89,89.51,87.55,89.75,86.43,75.63,80.68,84.21,84.86,80.85,78.65,83.56,87.76,86.88,81.01,77.89,79.39,81.24,82.43,81.26,79.95,78.87,81.52,84.38,81.04,80.7,81.42,79.44,83.34,81.74,80.09,82.46,78.2,84.71,85.64,78.68,79.55,81.25,80.31,83.18,78.42,78.24,80.16,80.4,80.64,80.21,79.86,79.85,82.38,81.46,83.31,82.92,77.19,80.86,81.8,80.86,81.36,81.11
2026-03-04 11:01:14,90.22,93.06,90.07,89.61,87.55,89.85,86.62,76.15,80.93,84.19,84.81,80.88,78.83,83.79,87.95,86.91,81.01,78.05,79.43,80.66,82.41,81.24,79.96,78.62,81.43,84.24,80.96,80.73,81.55,79.49,83.17,81.57,79.84,82.2,77.9,84.48,85.31,78.61,79.37,80.89,79.88,82.95,78.52,78.31,80.32,80.47,80.84,80.37,79.67,79.76,82.2,81.34,83.16,82.87,77.36,81.11,81.86,80.9,80.9,80.93
2026-03-04 11:01:15,90.14,93.04,90.19,89.62,87.53,89.86,86.69,76.68,81.14,84.14,84.64,80.74,78.98,84.0,88.08,86.94,81.07,78.16,79.46,80.02,82.38,81.27,80.03,78.48,81.36,84.02,80.87,80.79,81.69,79.57,83.01,81.46,79.6,81.92,77.54,84.2,84.93,78.54,79.19,80.51,79.49,82.72,78.65,78.35,80.48,80.54,81.05,80.58,79.45,79.71,82.02,81.26,83.02,82.72,77.44,81.34,81.98,81.01,80.35,80.73
2026-03-04 11:01:16,89.97,92.96,90.26,89.56,87.47,89.8,86.67,77.21,81.32,84.05,84.37,80.45,79.1,84.19,88.18,86.97,81.18,78.23,79.49,79.35,82.33,81.33,80.16,78.43,81.29,83.73,80.79,80.88,81.85,79.68,82.87,81.4,79.37,81.64,77.12,83.89,84.49,78.5,79.04,80.12,79.13,82.5,78.78,78.37,80.64,80.6,81.27,80.83,79.22,79.69,81.83,81.23,82.88,82.49,77.45,81.55,82.16,81.16,79.73,80.52
2026-03-04 11:01:17,89.73,92.83,90.29,89.44,87.39,89.67,86.57,77.73,81.48,83.94,84.01,80.03,79.19,84.37,88.24,87.0,81.32,78.27,79.51,78.66,82.26,81.42,80.33,78.46,81.24,83.39,80.72,81.0,82.01,79.81,82.74,81.38,79.14,81.35,76.66,83.56,84.02,78.47,78.9,79.74,78.8,82.29,78.93,78.36,80.79,80.65,81.49,81.12,78.97,79.71,81.64,81.23,82.75,82.2,77.39,81.74,82.37,81.35,79.07,80.31
2026-03-04 11:01:18,89.42,92.64,90.27,89.26,87.3,89.49,86.39,78.24,81.61,83.81,83.59,79.51,79.26,84.54,88.26,87.02,81.5,78.29,79.53,77.95,82.18,81.54,80.54,78.56,81.19,83.0,80.65,81.13,82.17,79.95,82.63,81.4,78.93,81.06,76.16,83.2,83.52,78.45,78.78,79.36,78.51,82.08,79.09,78.33,80.93,80.7,81.71,81.43,78.72,79.76,81.45,81.26,82.64,81.86,77.28,81.92,82.62,81.58,78.37,80.09
2026-03-04 11:01:19,89.07,92.42,90.23,89.03,87.18,89.25,86.15,78.74,81.72,83.67,83.11,78.89,79.3,84.7,88.25,87.04,81.7,78.27,79.55,77.24,82.1,81.68,80.78,78.72,81.16,82.58,80.58,81.28,82.33,80.1,82.53,81.44,78.72,80.78,75.63,82.84,83.0,78.44,78.67,78.98,78.25,81.88,79.25,78.29,81.07,80.73,81.94,81.76,78.46,79.83,81.26,81.32,82.52,81.47,77.12,82.07,82.89,81.83,77.65,79.87
2026-03-04 11:01:20,88.67,92.17,90.15,88.77,87.05,88.98,85.86,79.22,81.8,83.51,82.58,78.21,79.33,84.84,88.23,87.06,81.92,78.23,79.56,76.53,82.0,81.83,81.05,78.94,81.13,82.12,80.53,81.44,82.5,80.27,82.45,81.52,78.53,80.5,75.09,82.46,82.47,78.43,78.57,78.61,78.02,81.69,79.41,78.23,81.19,80.76,82.16,82.1,78.19,79.92,81.08,81.4,82.42,81.05,76.93,82.21,83.18,82.1,76.91,79.65
2026-03-04 11:01:21,88.24,91.9,90.05,88.48,86.91,88.68,85.54,79.68,81.87,83.34,82.02,77.47,79.34,84.97,88.17,87.08,82.16,78.17,79.57,75.82,81.9,82.0,81.33,79.19,81.11,81.65,80.47,81.61,82.66,80.44,82.38,81.61,78.35,80.23,74.54,82.08,81.93,78.44,78.48,78.25,77.81,81.52,79.58,78.16,81.32,80.79,82.38,82.46,77.93,80.02,80.89,81.5,82.33,80.6,76.7,82.33,83.49,82.39,76.16,79.44
2026-03-04 11:01:22,87.81,91.6,89.89,88.17,86.76,88.35,85.19,80.11,81.91,83.16,81.46,76.76,79.36,85.07,88.08,87.08,82.4,78.1,79.59,75.19,81.79,82.15,81.61,79.45,81.07,81.2,80.41,81.78,82.84,80.63,82.31,81.7,78.18,79.99,74.04,81.68,81.4,78.47,78.42,77.9,77.66,81.37,79.75,78.09,81.43,80.81,82.59,82.81,77.72,80.17,80.76,81.61,82.23,80.17,76.5,82.45,83.78,82.67,75.47,79.24
2026-03-04 11:01:23,87.43,91.3,89.59,87.85,86.57,87.97,84.86,80.49,81.92,82.92,80.93,76.21,79.41,85.11,87.89,87.01,82.63,78.0,79.65,74.73,81.68,82.21,81.85,79.68,80.99,80.81,80.3,81.96,83.05,80.87,82.26,81.72,78.05,79.83,73.67,81.2,80.86,78.55,78.41,77.54,77.58,81.3,79.94,78.02,81.56,80.83,82.76,83.14,77.64,80.4,80.73,81.73,82.09,79.84,76.46,82.62,83.97,82.93,74.94,79.06
2026-03-04 11:01:24,87.08,90.98,89.18,87.51,86.35,87.56,84.54,80.81,81.9,82.65,80.44,75.82,79.49,85.1,87.62,86.9,82.85,77.88,79.75,74.42,81.55,82.18,82.04,79.88,80.85,80.49,80.16,82.14,83.29,81.14,82.21,81.69,77.96,79.73,73.43,80.66,80.33,78.68,78.43,77.2,77.58,81.31,80.14,77.96,81.7,80.84,82.91,83.46,77.68,80.71,80.8,81.87,81.93,79.6,76.56,82.83,84.09,83.14,74.56,78.92
2026-03-04 11:01:25,86.79,90.66,88.66,87.17,86.11,87.12,84.24,81.1,81.86,82.35,79.99,75.56,79.6,85.04,87.27,86.73,83.06,77.75,79.87,74.26,81.42,82.09,82.19,80.04,80.67,80.23,80.0,82.32,83.56,81.44,82.17,81.6,77.89,79.7,73.31,80.07,79.81,78.84,78.49,76.86,77.64,81.37,80.34,77.9,81.84,80.86,83.03,83.75,77.84,81.09,80.96,82.0,81.73,79.44,76.77,83.08,84.13,83.32,74.31,78.8
2026-03-04 11:01:26,86.53,90.35,88.08,86.84,85.86,86.68,83.96,81.34,81.8,82.03,79.57,75.42,79.73,84.95,86.88,86.53,83.26,77.6,80.02,74.23,81.29,81.95,82.31,80.17,80.47,80.03,79.81,82.49,83.84,81.74,82.13,81.48,77.84,79.73,73.29,79.45,79.31,79.04,78.57,76.53,77.76,81.48,80.56,77.85,81.98,80.88,83.13,84.02,78.07,81.51,81.19,82.15,81.53,79.36,77.09,83.34,84.11,83.48,74.19,78.71
2026-03-04 11:01:27,86.37,90.13,87.56,86.58,85.67,86.27,83.71,81.58,81.77,81.77,79.2,75.35,79.85,84.8,86.47,86.32,83.42,77.48,80.15,74.27,81.18,81.82,82.42,80.33,80.3,79.84,79.63,82.63,84.05,81.96,82.09,81.36,77.83,79.8,73.4,78.95,78.93,79.24,78.6,76.25,77.88,81.59,80.78,77.82,82.07,80.92,83.23,84.21,78.29,81.89,81.41,82.33,81.38,79.33,77.41,83.57,84.05,83.58,74.16,78.67
2026-03-04 11:01:28,86.26,89.93,87.09,86.37,85.5,85.89,83.5,81.84,81.75,81.54,78.9,75.35,79.92,84.64,86.13,86.13,83.51,77.35,80.24,74.35,81.12,81.72,82.48,80.49,80.15,79.61,79.43,82.68,84.16,82.07,82.0,81.21,77.8,79.85,73.57,78.51,78.57,79.4,78.62,76.07,77.97,81.62,80.94,77.79,82.06,80.95,83.31,84.32,78.47,82.18,81.59,82.5,81.24,79.32,77.7,83.69,83.94,83.6,74.17,78.65
2026-03-04 11:01:29,86.16,89.69,86.63,86.14,85.34,85.53,83.31,82.07,81.74,81.32,78.67,75.41,79.9,84.49,85.85,85.93,83.54,77.24,80.23,74.46,81.08,81.63,82.51,80.65,80.02,79.32,79.19,82.64,84.16,82.09,81.88,80.99,77.74,79.82,73.73,78.04,78.07,79.47,78.67,75.97,78.06,81.57,81.02,77.77,82.04,80.97,83.35,84.35,78.63,82.31,81.73,82.67,81.14,79.32,77.94,83.63,83.78,83.5,74.2,78.67
2026-03-04 11:01:30,86.06,89.39,86.19,85.89,85.2,85.2,83.13,82.28,81.72,81.12,78.52,75.54,79.8,84.35,85.62,85.73,83.5,77.13,80.11,74.62,81.07,81.55,82.51,80.81,79.91,78.98,78.92,82.52,84.04,82.02,81.74,80.73,77.65,79.7,73.89,77.55,77.46,79.48,78.73,75.94,78.15,81.44,81.01,77.79,82.0,81.01,83.36,84.32,78.76,82.28,81.83,82.82,81.08,79.35,78.16,83.41,83.56,83.29,74.24,78.72
2026-03-04 11:01:31,85.97,89.06,85.77,85.64,85.07,84.9,82.97,82.47,81.7,80.94,78.43,75.71,79.63,84.23,85.44,85.52,83.42,77.04,79.92,74.8,81.08,81.49,82.49,80.95,79.82,78.6,78.62,82.33,83.83,81.88,81.58,80.43,77.54,79.53,74.03,77.05,76.76,79.42,78.81,75.99,78.24,81.24,80.93,77.82,81.96,81.04,83.36,84.24,78.87,82.13,81.89,82.95,81.05,79.39,78.34,83.04,83.31,82.99,74.29,78.81
2026-03-04 11:01:32,85.88,88.7,85.37,85.38,84.95,84.62,82.83,82.63,81.67,80.77,78.4,75.92,79.4,84.12,85.31,85.31,83.3,76.95,79.66,75.01,81.11,81.43,82.44,81.1,79.75,78.2,78.3,82.08,83.55,81.68,81.41,80.1,77.41,79.3,74.16,76.54,75.98,79.31,78.9,76.08,78.33,80.98,80.79,77.88,81.92,81.08,83.33,84.12,78.96,81.87,81.92,83.07,81.06,79.45,78.5,82.55,83.02,82.63,74.36,78.92
2026-03-04 11:01:33,85.8,88.32,84.99,85.12,84.85,84.36,82.7,82.77,81.65,80.63,78.42,76.17,79.11,84.03,85.22,85.1,83.14,76.88,79.34,75.24,81.16,81.38,82.37,81.23,79.69,77.76,77.97,81.79,83.19,81.43,81.23,79.74,77.26,79.02,74.28,76.04,75.14,79.16,78.99,76.23,78.42,80.68,80.59,77.95,81.87,81.12,83.28,83.96,79.03,81.51,81.93,83.17,81.08,79.52,78.63,81.97,82.71,82.2,74.43,79.05
2026-03-04 11:01:34,85.72,87.92,84.62,84.86,84.77,84.14,82.58,82.89,81.63,80.49,78.48,76.44,78.79,83.95,85.16,84.89,82.95,76.81,78.97,75.49,81.22,81.35,82.28,81.36,79.64,77.32,77.63,81.46,82.79,81.14,81.04,79.36,77.11,78.71,74.39,75.54,74.25,78.97,79.1,76.41,78.5,80.35,80.36,78.03,81.82,81.16,83.22,83.77,79.09,81.08,81.91,83.27,81.13,79.61,78.73,81.31,82.38,81.72,74.51,79.2
2026-03-04 11:01:35,85.65,87.51,84.27,84.59,84.69,83.91,82.47,82.99,81.6,80.36,78.57,76.73,78.43,83.87,85.13,84.69,82.73,76.74,78.57,75.74,81.28,81.31,82.18,81.48,79.61,76.87,77.28,81.1,82.35,80.82,80.84,78.97,76.93,78.37,74.49,75.06,73.35,78.76,79.21,76.63,78.59,79.99,80.09,78.12,81.76,81.21,83.14,83.56,79.13,80.59,81.87,83.35,81.19,79.7,78.82,80.59,82.04,81.22,74.6,79.37
2026-03-04 11:01:36,85.59,87.1,83.83,84.26,84.58,83.51,82.33,82.99,81.51,80.1,78.65,77.01,78.1,83.78,85.02,84.43,82.49,76.59,78.16,75.96,81.32,81.22,82.05,81.58,79.53,76.44,76.98,80.75,81.86,80.49,80.61,78.59,76.69,78.03,74.63,74.69,72.56,78.55,79.37,76.93,78.73,79.72,79.91,78.26,81.69,81.23,83.03,83.38,79.22,80.18,81.86,83.44,81.28,79.81,78.95,79.92,81.74,80.74,74.72,79.56
2026-03-04 11:01:37,85.53,86.67,83.27,83.85,84.44,82.85,82.14,82.88,81.34,79.67,78.69,77.25,77.8,83.65,84.82,84.1,82.22,76.34,77.76,76.15,81.32,81.05,81.91,81.67,79.4,76.04,76.74,80.41,81.35,80.17,80.35,78.23,76.37,77.72,74.83,74.46,71.93,78.37,79.59,77.3,78.94,79.59,79.83,78.43,81.59,81.23,82.88,83.24,79.39,79.89,81.9,83.53,81.38,79.93,79.13,79.33,81.51,80.32,74.87,79.77
2026-03-04 11:01:38,85.48,86.24,82.6,83.36,84.27,82.0,81.91,82.67,81.11,79.09,78.71,77.46,77.55,83.49,84.53,83.72,81.92,76.01,77.37,76.31,81.28,80.82,81.74,81.74,79.22,75.68,76.55,80.09,80.81,79.86,80.06,77.88,75.98,77.42,75.06,74.36,71.44,78.22,79.87,77.75,79.21,79.57,79.86,78.64,81.47,81.22,82.69,83.14,79.61,79.71,81.97,83.63,81.5,80.08,79.35,78.83,81.34,79.95,75.06,80.0
2026-03-04 11:01:39,85.44,85.82,81.85,82.81,84.07,80.97,81.64,82.38,80.83,78.38,78.69,77.64,77.32,83.31,84.17,83.3,81.61,75.61,77.0,76.43,81.21,80.54,81.56,81.79,79.0,75.35,76.41,79.79,80.27,79.56,79.74,77.54,75.53,77.14,75.33,74.36,71.07,78.08,80.18,78.24,79.53,79.64,79.98,78.87,81.33,81.19,82.48,83.07,79.88,79.63,82.07,83.74,81.64,80.23,79.61,78.4,81.21,79.63,75.26,80.25
2026-03-04 11:01:40,85.4,85.42,81.1,82.27,83.85,79.89,81.37,82.06,80.55,77.67,78.69,77.82,77.14,83.1,83.79,82.87,81.31,75.21,76.67,76.54,81.13,80.25,81.36,81.84,78.78,75.06,76.33,79.55,79.77,79.3,79.43,77.23,75.07,76.9,75.64,74.47,70.86,78.0,80.49,78.74,79.87,79.8,80.14,79.12,81.22,81.17,82.27,83.03,80.18,79.62,82.21,83.86,81.78,80.37,79.87,78.04,81.14,79.37,75.48,80.51
2026-03-04 11:01:41,85.36,85.09,80.51,81.82,83.62,78.94,81.15,81.81,80.36,77.13,78.76,78.04,77.01,82.84,83.46,82.54,81.09,74.92,76.44,76.69,81.09,80.03,81.16,81.86,78.63,74.87,76.32,79.43,79.43,79.16,79.15,76.92,74.66,76.71,76.0,74.7,70.86,78.02,80.73,79.14,80.23,80.01,80.31,79.39,81.19,81.21,82.14,83.01,80.5,79.64,82.41,84.03,81.91,80.44,80.06,77.77,81.13,79.15,75.67,80.79
2026-03-04 11:01:42,85.3,84.83,80.06,81.47,83.39,78.14,80.97,81.63,80.26,76.75,78.88,78.28,76.93,82.54,83.19,82.29,80.94,74.76,76.3,76.88,81.09,79.88,80.95,81.88,78.53,74.76,76.38,79.43,79.24,79.11,78.92,76.63,74.32,76.56,76.42,75.03,71.05,78.12,80.88,79.46,80.58,80.26,80.46,79.65,81.24,81.31,82.07,83.02,80.83,79.68,82.66,84.23,82.03,80.46,80.2,77.57,81.18,78.98,75.84,81.09
2026-03-04 11:01:43,85.24,84.64,79.75,81.19,83.16,77.47,80.83,81.5,80.23,76.52,79.07,78.55,76.9,82.2,82.98,82.11,80.85,74.7,76.24,77.09,81.12,79.79,80.74,81.89,78.48,74.72,76.5,79.53,79.18,79.15,78.74,76.35,74.04,76.46,76.86,75.45,71.4,78.31,80.97,79.69,80.93,80.55,80.61,79.92,81.36,81.46,82.07,83.04,81.16,79.74,82.94,84.46,82.15,80.42,80.29,77.44,81.27,78.86,75.98,81.39
2026-03-04 11:01:44,85.22,84.54,79.57,81.02,82.97,76.97,80.75,81.47,80.31,76.45,79.31,78.85,76.92,81.88,82.82,82.01,80.82,74.74,76.26,77.35,81.19,79.75,80.55,81.91,78.49,74.72,76.66,79.69,79.21,79.26,78.6,76.1,73.82,76.42,77.34,75.93,71.86,78.54,81.01,79.88,81.27,80.85,80.73,80.14,81.52,81.63,82.09,83.09,81.5,79.83,83.22,84.67,82.25,80.36,80.34,77.35,81.39,78.79,76.12,81.69
2026-03-04 11:01:45,85.29,84.56,79.5,80.98,82.91,76.72,80.77,81.56,80.48,76.52,79.61,79.17,76.99,81.6,82.73,81.94,80.84,74.87,76.36,77.66,81.31,79.75,80.38,81.94,78.52,74.75,76.79,79.84,79.23,79.37,78.49,75.92,73.66,76.42,77.8,76.39,72.36,78.74,81.07,80.09,81.6,81.14,80.81,80.27,81.61,81.77,82.1,83.13,81.84,79.95,83.42,84.77,82.29,80.33,80.38,77.25,81.5,78.77,76.33,82.01
2026-03-04 11:01:46,85.39,84.63,79.49,81.01,82.94,76.64,80.84,81.7,80.66,76.7,79.91,79.46,77.08,81.35,82.65,81.76,80.83,74.97,76.45,77.97,81.45,79.75,80.24,81.97,78.53,74.78,76.91,79.99,79.27,79.45,78.39,75.84,73.57,76.44,78.14,76.81,72.86,78.95,81.19,80.35,81.94,81.44,80.92,80.42,81.68,81.88,82.1,83.19,82.17,80.07,83.54,84.82,82.32,80.34,80.41,77.22,81.62,78.79,76.61,82.31
2026-03-04 11:01:47,85.5,84.75,79.53,81.1,83.01,76.69,80.94,81.84,80.87,76.97,80.21,79.68,77.17,81.15,82.54,81.5,80.75,74.98,76.5,78.25,81.56,79.71,80.06,81.99,78.54,74.84,77.05,80.12,79.33,79.52,78.32,75.82,73.56,76.48,78.48,77.26,73.38,79.12,81.25,80.52,82.21,81.75,81.04,80.58,81.75,81.98,82.11,83.24,82.47,80.24,83.67,84.84,82.37,80.39,80.45,77.24,81.75,78.84,76.94,82.59
2026-03-04 11:01:48,85.65,84.93,79.73,81.32,83.19,76.9,81.13,82.05,81.17,77.36,80.57,79.96,77.32,81.03,82.48,81.34,80.73,75.06,76.62,78.56,81.67,79.66,79.88,82.04,78.62,74.98,77.23,80.18,79.4,79.62,78.3,75.9,73.55,76.54,78.81,77.69,73.92,79.3,81.25,80.63,82.36,82.02,81.15,80.75,81.8,82.11,82.19,83.31,82.76,80.44,83.8,84.87,82.45,80.42,80.5,77.32,81.88,78.97,77.31,82.8
2026-03-04 11:01:49,85.9,85.25,80.13,81.72,83.53,77.32,81.48,82.4,81.61,77.91,81.04,80.36,77.64,81.06,82.57,81.34,80.84,75.3,76.88,78.96,81.8,79.63,79.77,82.16,78.8,75.21,77.45,80.28,79.52,79.72,78.28,76.06,73.63,76.63,79.16,78.17,74.56,79.53,81.17,80.71,82.29,82.22,81.28,80.96,81.88,82.27,82.32,83.41,83.06,80.67,83.98,84.97,82.53,80.38,80.61,77.5,81.98,79.17,77.7,82.93
2026-03-04 11:01:50,86.23,85.7,80.7,82.28,84.01,77.93,81.97,82.87,82.18,78.61,81.63,80.89,78.11,81.24,82.78,81.48,81.07,75.68,77.26,79.41,81.97,79.64,79.74,82.34,79.06,75.52,77.71,80.42,79.69,79.83,78.24,76.29,73.81,76.73,79.52,78.7,75.27,79.83,81.01,80.77,81.99,82.36,81.42,81.2,82.0,82.45,82.49,83.54,83.37,80.92,84.19,85.12,82.63,80.28,80.76,77.76,82.06,79.42,78.1,83.0
2026-03-04 11:01:51,86.61,86.22,81.38,82.91,84.57,78.65,82.54,83.4,82.81,79.37,82.27,81.46,78.65,81.5,83.05,81.68,81.34,76.15,77.69,79.91,82.15,79.67,79.75,82.5,79.36,75.88,78.0,80.58,79.9,79.91,78.2,76.56,74.07,76.89,79.91,79.26,76.0,80.03,80.82,80.83,81.58,82.42,81.57,81.46,82.12,82.64,82.69,83.7,83.69,81.2,84.43,85.3,82.71,80.17,80.95,78.1,82.11,79.71,78.46,82.95
2026-03-04 11:01:52,86.95,86.77,82.09,83.51,85.13,79.4,83.09,83.88,83.41,80.11,82.88,81.98,79.17,81.78,83.29,81.82,81.57,76.61,78.1,80.38,82.35,79.73,79.76,82.52,79.6,76.25,78.31,80.74,80.1,79.93,78.19,76.8,74.36,77.12,80.33,79.8,76.66,79.89,80.67,80.92,81.18,82.41,81.75,81.73,82.19,82.82,82.86,83.85,84.03,81.53,84.67,85.49,82.76,80.13,81.16,78.48,82.16,79.98,78.67,82.74
2026-03-04 11:01:53,87.26,87.32,82.83,84.06,85.67,80.16,83.61,84.32,83.96,80.8,83.45,82.44,79.66,82.06,83.48,81.88,81.75,77.05,78.47,80.84,82.55,79.82,79.75,82.42,79.77,76.63,78.63,80.89,80.3,79.88,78.19,77.03,74.68,77.43,80.79,80.3,77.25,79.41,80.58,81.04,80.83,82.33,81.94,82.01,82.21,82.97,83.01,84.01,84.38,81.89,84.91,85.67,82.78,80.15,81.4,78.89,82.2,80.25,78.75,82.36
2026-03-04 11:01:54,87.54,87.87,83.58,84.56,86.2,80.92,84.11,84.7,84.48,81.46,83.99,82.84,80.12,82.34,83.63,81.87,81.88,77.47,78.8,81.27,82.76,79.93,79.74,82.19,79.89,77.01,78.95,81.04,80.48,79.77,78.2,77.22,75.02,77.8,81.27,80.78,77.78,78.67,80.53,81.18,80.51,82.19,82.15,82.29,82.19,83.1,83.14,84.16,84.75,82.28,85.15,85.85,82.78,80.23,81.65,79.32,82.23,80.52,78.7,81.85
2026-03-04 11:01:55,87.79,88.42,84.34,85.03,86.71,81.66,84.58,85.03,84.97,82.07,84.49,83.18,80.54,82.61,83.74,81.8,81.97,77.86,79.09,81.68,82.97,80.04,79.72,81.88,79.96,77.38,79.26,81.17,80.66,79.62,78.23,77.4,75.37,78.22,81.76,81.22,78.24,77.71,80.51,81.34,80.22,82.0,82.36,82.56,82.13,83.22,83.25,84.31,85.1,82.68,85.38,86.01,82.75,80.35,81.92,79.77,82.27,80.77,78.56,81.25
2026-03-04 11:01:56,88.05,88.99,85.11,85.47,87.16,82.35,85.0,85.32,85.36,82.63,84.96,83.48,80.92,82.87,83.8,81.63,82.03,78.22,79.32,82.03,83.15,80.15,79.72,81.59,80.03,77.74,79.56,81.31,80.82,79.48,78.27,77.53,75.72,78.68,82.22,81.61,78.7,76.85,80.52,81.46,79.99,81.83,82.44,82.83,82.12,83.36,83.34,84.41,85.34,83.05,85.54,86.09,82.7,80.47,82.21,80.29,82.37,81.05,78.48,80.7
2026-03-04 11:01:57,88.34,89.58,85.88,85.88,87.55,82.93,85.35,85.53,85.58,83.12,85.36,83.73,81.29,83.1,83.75,81.46,82.1,78.57,79.56,82.38,83.32,80.25,79.75,81.34,80.06,78.06,79.86,81.46,80.94,79.37,78.29,77.57,76.09,79.17,82.67,81.93,79.18,76.22,80.53,81.54,79.82,81.68,82.38,83.1,82.19,83.53,83.43,84.49,85.52,83.34,85.58,86.09,82.65,80.53,82.54,80.88,82.55,81.32,78.53,80.34
2026-03-04 11:01:58,88.66,90.19,86.65,86.25,87.87,83.41,85.63,85.66,85.64,83.53,85.71,83.94,81.64,83.32,83.62,81.29,82.16,78.91,79.8,82.72,83.5,80.37,79.8,81.14,80.06,78.34,80.16,81.62,81.03,79.28,78.3,77.52,76.48,79.68,83.09,82.18,79.65,75.78,80.53,81.58,79.71,81.57,82.2,83.37,82.33,83.72,83.52,84.54,85.66,83.58,85.52,86.03,82.61,80.54,82.91,81.53,82.81,81.58,78.7,80.13
2026-03-04 11:01:59,89.01,90.8,87.4,86.6,88.15,83.8,85.86,85.73,85.57,83.88,86.02,84.12,81.98,83.51,83.4,81.13,82.23,79.24,80.04,83.05,83.67,80.48,79.88,80.98,80.03,78.57,80.46,81.79,81.09,79.21,78.3,77.4,76.87,80.22,83.5,82.37,80.13,75.52,80.52,81.6,79.66,81.48,81.92,83.63,82.53,83.93,83.61,84.58,85.76,83.76,85.36,85.92,82.57,80.5,83.3,82.24,83.11,81.82,78.98,80.06
2026-03-04 11:02:00,89.36,91.41,88.13,86.91,88.37,84.11,86.02,85.73,85.37,84.17,86.27,84.25,82.31,83.68,83.12,80.97,82.3,79.55,80.28,83.37,83.84,80.6,79.97,80.86,79.98,78.76,80.77,81.96,81.13,79.17,78.28,77.21,77.27,80.77,83.88,82.5,80.6,75.42,80.5,81.59,79.65,81.41,81.55,83.89,82.79,84.16,83.7,84.6,85.83,83.89,85.14,85.75,82.53,80.42,83.71,82.98,83.47,82.06,79.34,80.12
2026-03-04 11:02:01,89.73,92.02,88.84,87.2,88.55,84.34,86.14,85.69,85.08,84.41,86.49,84.36,82.62,83.83,82.79,80.83,82.37,79.85,80.52,83.68,84.01,80.72,80.07,80.76,79.9,78.92,81.06,82.13,81.14,79.14,78.25,76.96,77.67,81.32,84.24,82.59,81.06,75.45,80.48,81.56,79.69,81.37,81.11,84.15,83.08,84.39,83.79,84.61,85.87,83.98,84.84,85.55,82.5,80.31,84.13,83.74,83.85,82.28,79.78,80.28
2026-03-04 11:02:02,90.1,92.61,89.51,87.46,88.68,84.5,86.21,85.6,84.69,84.59,86.66,84.44,82.91,83.97,82.41,80.69,82.44,80.13,80.75,83.98,84.17,80.84,80.19,80.7,79.81,79.05,81.35,82.31,81.13,79.13,78.22,76.67,78.07,81.87,84.58,82.64,81.51,75.6,80.46,81.51,79.75,81.34,80.61,84.4,83.41,84.63,83.87,84.61,85.88,84.03,84.5,85.33,82.47,80.16,84.55,84.51,84.27,82.48,80.27,80.54
2026-03-04 11:02:03,90.43,93.13,90.12,87.67,88.77,84.6,86.25,85.48,84.27,84.73,86.79,84.47,83.16,84.07,82.0,80.54,82.5,80.41,80.97,84.24,84.31,80.96,80.31,80.67,79.7,79.15,81.62,82.46,81.11,79.1,78.17,76.37,78.43,82.33,84.88,82.65,81.92,75.82,80.43,81.44,79.83,81.33,80.1,84.61,83.73,84.87,83.94,84.57,85.87,84.06,84.15,85.09,82.44,80.03,84.95,85.26,84.66,82.67,80.8,80.87
2026-03-04 11:02:04,90.65,93.54,90.62,87.8,88.78,84.62,86.27,85.31,83.86,84.83,86.85,84.39,83.34,84.12,81.56,80.29,82.52,80.69,81.16,84.37,84.38,80.96,80.43,80.64,79.56,79.19,81.86,82.6,81.06,78.97,78.04,76.09,78.66,82.57,85.09,82.66,82.26,76.07,80.45,81.4,79.93,81.37,79.7,84.76,84.0,85.06,83.99,84.51,85.85,84.08,83.85,84.92,82.47,79.99,85.34,85.96,85.02,82.87,81.33,81.21
2026-03-04 11:02:05,90.76,93.87,91.06,87.84,88.72,84.54,86.26,85.07,83.46,84.86,86.84,84.21,83.45,84.13,81.09,79.94,82.51,80.96,81.3,84.35,84.36,80.82,80.52,80.63,79.37,79.17,82.07,82.73,80.99,78.71,77.83,75.83,78.74,82.64,85.22,82.68,82.56,76.36,80.53,81.4,80.07,81.47,79.42,84.87,84.22,85.2,84.03,84.45,85.83,84.1,83.61,84.79,82.56,80.07,85.75,86.63,85.39,83.12,81.83,81.54
2026-03-04 11:02:06,90.79,94.11,91.43,87.79,88.61,84.38,86.24,84.77,83.06,84.86,86.78,83.94,83.51,84.11,80.6,79.5,82.47,81.24,81.42,84.2,84.27,80.55,80.59,80.64,79.16,79.1,82.26,82.86,80.92,78.35,77.55,75.58,78.7,82.56,85.29,82.71,82.82,76.67,80.66,81.45,80.25,81.63,79.25,84.94,84.4,85.32,84.05,84.4,85.8,84.11,83.42,84.71,82.72,80.24,86.16,87.27,85.76,83.4,82.3,81.86
2026-03-04 11:02:07,90.73,94.28,91.75,87.67,88.44,84.15,86.21,84.42,82.68,84.81,86.67,83.61,83.52,84.04,80.09,78.99,82.41,81.52,81.5,83.93,84.11,80.18,80.64,80.65,78.93,78.98,82.42,82.97,80.83,77.89,77.21,75.34,78.55,82.34,85.3,82.75,83.04,77.0,80.84,81.54,80.46,81.82,79.18,84.97,84.53,85.4,84.06,84.36,85.77,84.12,83.28,84.68,82.91,80.5,86.57,87.87,86.13,83.71,82.75,82.16
2026-03-04 11:02:08,90.6,94.39,92.01,87.49,88.23,83.86,86.16,84.04,82.31,84.73,86.52,83.22,83.48,83.95,79.57,78.43,82.32,81.79,81.56,83.57,83.9,79.72,80.68,80.67,78.68,78.83,82.55,83.09,80.73,77.37,76.83,75.12,78.31,82.02,85.27,82.8,83.23,77.35,81.04,81.65,80.7,82.06,79.19,84.97,84.64,85.45,84.06,84.32,85.74,84.13,83.18,84.68,83.15,80.83,86.99,88.44,86.5,84.04,83.17,82.45
2026-03-04 11:02:09,90.41,94.44,92.22,87.27,87.99,83.52,86.11,83.64,81.95,84.62,86.34,82.78,83.41,83.84,79.05,77.82,82.21,82.05,81.6,83.14,83.64,79.19,80.7,80.7,78.41,78.65,82.67,83.19,80.63,76.78,76.41,74.91,77.99,81.61,85.18,82.85,83.39,77.7,81.28,81.79,80.96,82.32,79.27,84.95,84.71,85.47,84.05,84.28,85.7,84.13,83.11,84.72,83.42,81.22,87.4,88.97,86.86,84.39,83.55,82.72
2026-03-04 11:02:10,90.18,94.44,92.4,87.0,87.72,83.14,86.04,83.21,81.61,84.49,86.13,82.31,83.3,83.71,78.54,77.18,82.09,82.31,81.61,82.64,83.35,78.6,80.7,80.73,78.14,78.44,82.76,83.29,80.53,76.16,75.96,74.72,77.61,81.12,85.07,82.91,83.52,78.05,81.54,81.96,81.23,82.61,79.42,84.9,84.75,85.47,84.03,84.25,85.67,84.12,83.07,84.78,83.71,81.65,87.8,89.46,87.21,84.75,83.91,82.97
2026-03-04 11:02:11,89.91,94.4,92.53,86.7,87.42,82.74,85.97,82.77,81.29,84.34,85.9,81.82,83.17,83.56,78.04,76.52,81.95,82.55,81.6,82.09,83.03,77.97,80.7,80.77,77.87,78.22,82.84,83.37,80.42,75.51,75.5,74.55,77.19,80.58,84.92,82.96,83.62,78.41,81.81,82.14,81.51,82.91,79.61,84.84,84.78,85.45,84.0,84.22,85.63,84.11,83.07,84.86,84.02,82.12,88.19,89.91,87.54,85.1,84.24,83.2
2026-03-04 11:02:12,89.62,94.33,92.65,86.44,87.1,82.37,85.86,82.37,81.01,84.18,85.67,81.37,83.05,83.43,77.64,75.98,81.77,82.7,81.57,81.55,82.72,77.42,80.67,80.81,77.66,78.06,82.92,83.4,80.28,74.95,75.13,74.38,76.79,80.02,84.71,82.98,83.7,78.78,82.06,82.31,81.78,83.19,79.84,84.78,84.8,85.4,83.9,84.2,85.58,84.05,83.09,84.95,84.27,82.57,88.52,90.29,87.81,85.38,84.49,83.36
2026-03-04 11:02:13,89.35,94.23,92.76,86.24,86.76,82.05,85.71,82.01,80.77,84.01,85.45,80.98,82.96,83.33,77.37,75.58,81.54,82.75,81.52,81.05,82.41,76.99,80.62,80.85,77.53,78.0,82.99,83.37,80.11,74.52,74.88,74.21,76.46,79.49,84.45,82.94,83.76,79.16,82.26,82.47,82.01,83.44,80.1,84.73,84.83,85.32,83.71,84.18,85.51,83.91,83.15,85.05,84.44,82.98,88.78,90.57,87.98,85.56,84.65,83.44
2026-03-04 11:02:14,89.08,94.11,92.86,86.1,86.41,81.77,85.52,81.7,80.57,83.84,85.23,80.66,82.88,83.24,77.21,75.32,81.26,82.72,81.46,80.57,82.11,76.67,80.54,80.89,77.48,78.03,83.06,83.27,79.91,74.21,74.73,74.06,76.18,78.98,84.14,82.87,83.81,79.56,82.41,82.62,82.22,83.65,80.37,84.7,84.87,85.21,83.45,84.15,85.44,83.71,83.24,85.15,84.53,83.37,88.97,90.77,88.08,85.65,84.74,83.44
2026-03-04 11:02:15,88.82,93.98,92.96,86.0,86.04,81.54,85.3,81.43,80.4,83.66,85.03,80.4,82.82,83.18,77.16,75.18,80.94,82.6,81.37,80.13,81.83,76.44,80.45,80.92,77.5,78.12,83.12,83.13,79.69,74.0,74.69,73.91,75.95,78.5,83.79,82.75,83.83,79.96,82.54,82.76,82.4,83.84,80.66,84.68,84.91,85.08,83.12,84.13,85.35,83.46,83.35,85.25,84.56,83.72,89.1,90.91,88.11,85.67,84.75,83.38
2026-03-04 11:02:16,88.61,93.87,93.07,85.98,85.73,81.4,85.1,81.24,80.31,83.52,84.88,80.22,82.78,83.16,77.21,75.15,80.63,82.46,81.31,79.75,81.58,76.31,80.36,80.98,77.59,78.28,83.17,82.97,79.48,73.9,74.73,73.78,75.77,78.08,83.46,82.62,83.87,80.37,82.65,82.88,82.57,84.02,80.96,84.65,84.95,84.94,82.77,84.1,85.25,83.2,83.46,85.35,84.56,84.05,89.19,90.95,88.08,85.64,84.73,83.29
2026-03-04 11:02:17,88.45,93.82,93.19,86.04,85.53,81.41,85.0,81.23,80.36,83.47,84.81,80.18,82.79,83.21,77.37,75.24,80.4,82.39,81.31,79.45,81.38,76.28,80.3,81.07,77.74,78.48,83.21,82.81,79.31,73.85,74.8,73.71,75.63,77.74,83.18,82.52,83.89,80.75,82.72,82.92,82.68,84.17,81.27,84.59,84.95,84.75,82.46,84.06,85.15,83.0,83.54,85.43,84.58,84.36,89.26,90.94,88.02,85.6,84.68,83.2
2026-03-04 11:02:18,88.25,93.76,93.33,86.14,85.32,81.55,85.02,81.37,80.53,83.48,84.76,80.23,82.84,83.27,77.58,75.39,80.24,82.34,81.31,79.18,81.18,76.36,80.31,81.17,77.93,78.75,83.28,82.65,79.12,73.82,74.89,73.71,75.53,77.4,82.92,82.43,83.9,80.98,82.7,82.84,82.71,84.25,81.57,84.52,84.94,84.5,82.17,84.0,85.05,82.87,83.58,85.47,84.62,84.67,89.33,90.91,87.94,85.5,84.62,83.12
2026-03-04 11:02:19,88.02,93.7,93.46,86.27,85.1,81.79,85.13,81.64,80.79,83.53,84.71,80.35,82.91,83.34,77.82,75.59,80.15,82.32,81.33,78.94,80.98,76.52,80.36,81.28,78.13,79.08,83.38,82.48,78.94,73.81,75.0,73.78,75.46,77.04,82.67,82.35,83.88,81.09,82.59,82.66,82.68,84.25,81.85,84.48,84.91,84.21,81.92,83.93,84.96,82.8,83.57,85.49,84.69,84.98,89.4,90.87,87.84,85.33,84.55,83.05
2026-03-04 11:02:20,87.76,93.64,93.6,86.42,84.86,82.12,85.32,82.02,81.12,83.63,84.66,80.54,83.02,83.43,78.09,75.83,80.11,82.32,81.36,78.72,80.77,76.74,80.46,81.4,78.34,79.45,83.52,82.31,78.75,73.81,75.11,73.9,75.41,76.68,82.43,82.3,83.85,81.08,82.4,82.39,82.59,84.19,82.12,84.45,84.88,83.89,81.69,83.85,84.87,82.78,83.52,85.48,84.78,85.29,89.48,90.82,87.72,85.12,84.47,83.0
2026-03-04 11:02:21,87.48,93.57,93.73,86.59,84.61,82.53,85.59,82.49,81.53,83.76,84.61,80.78,83.14,83.51,78.38,76.1,80.11,82.34,81.39,78.53,80.56,77.03,80.6,81.53,78.57,79.86,83.67,82.13,78.56,73.82,75.24,74.07,75.39,76.32,82.21,82.26,83.8,80.98,82.14,82.04,82.45,84.08,82.37,84.43,84.83,83.53,81.48,83.75,84.78,82.81,83.44,85.45,84.88,85.6,89.55,90.76,87.59,84.87,84.38,82.95
2026-03-04 11:02:22,87.18,93.5,93.87,86.77,84.35,83.0,85.91,83.04,81.98,83.92,84.57,81.06,83.28,83.6,78.69,76.4,80.16,82.38,81.42,78.36,80.35,77.36,80.78,81.65,78.8,80.31,83.84,81.96,78.37,73.85,75.38,74.28,75.39,75.96,82.01,82.24,83.74,80.79,81.83,81.63,82.28,83.92,82.59,84.42,84.78,83.16,81.3,83.65,84.7,82.88,83.33,85.39,85.0,85.89,89.63,90.7,87.45,84.58,84.29,82.91
2026-03-04 11:02:23,86.88,93.44,93.99,86.96,84.1,83.51,86.27,83.65,82.48,84.1,84.53,81.38,83.44,83.7,79.01,76.72,80.25,82.43,81.46,78.21,80.15,77.74,80.98,81.78,79.03,80.77,84.03,81.79,78.19,73.89,75.52,74.53,75.4,75.6,81.82,82.23,83.67,80.53,81.47,81.18,82.07,83.73,82.81,84.43,84.72,82.77,81.14,83.55,84.63,82.98,83.2,85.33,85.13,86.18,89.7,90.63,87.31,84.27,84.19,82.88
2026-03-04 11:02:24,86.56,93.37,94.12,87.16,83.84,84.06,86.68,84.3,83.0,84.3,84.5,81.73,83.6,83.79,79.33,77.05,80.36,82.5,81.51,78.08,79.95,78.14,81.2,81.91,79.27,81.24,84.22,81.62,78.01,73.94,75.67,74.8,75.43,75.26,81.64,82.23,83.6,80.21,81.08,80.68,81.83,83.5,83.0,84.44,84.65,82.37,81.0,83.44,84.56,83.11,83.05,85.24,85.26,86.46,89.77,90.56,87.16,83.95,84.09,82.86
2026-03-04 11:02:25,86.25,93.3,94.24,87.36,83.59,84.64,87.11,84.99,83.55,84.52,84.46,82.09,83.77,83.89,79.66,77.39,80.5,82.57,81.55,77.98,79.76,78.56,81.43,82.04,79.5,81.72,84.42,81.45,77.84,73.99,75.81,75.08,75.47,74.92,81.47,82.23,83.51,79.84,80.66,80.16,81.57,83.25,83.18,84.45,84.58,81.97,80.88,83.32,84.5,83.26,82.88,85.15,85.41,86.72,89.84,90.49,87.0,83.6,83.99,82.85
2026-03-04 11:02:26,85.93,93.23,94.35,87.56,83.34,85.23,87.57,85.7,84.11,84.74,84.43,82.47,83.94,83.98,79.99,77.74,80.65,82.65,81.6,77.88,79.58,79.0,81.68,82.16,79.73,82.2,84.63,81.3,77.68,74.05,75.96,75.39,75.52,74.59,81.32,82.25,83.43,79.44,80.23,79.62,81.3,82.98,83.34,84.48,84.51,81.57,80.77,83.21,84.44,83.43,82.7,85.05,85.55,86.97,89.9,90.41,86.85,83.25,83.89,82.84
2026-03-04 11:02:27,85.65,93.18,94.45,87.76,83.12,85.78,88.01,86.4,84.63,84.95,84.41,82.83,84.1,84.07,80.29,78.07,80.82,82.72,81.61,77.81,79.4,79.42,81.92,82.27,79.94,82.65,84.78,81.09,77.49,74.09,76.1,75.69,75.58,74.31,81.18,82.27,83.34,79.01,79.77,79.09,81.02,82.7,83.46,84.47,84.4,81.15,80.67,83.07,84.37,83.6,82.5,84.94,85.68,87.17,89.92,90.31,86.68,82.91,83.79,82.8
2026-03-04 11:02:28,85.41,93.13,94.5,87.91,82.93,86.22,88.38,87.03,85.07,85.06,84.34,83.1,84.23,84.09,80.53,78.35,80.96,82.75,81.55,77.72,79.23,79.74,82.09,82.33,80.08,83.01,84.83,80.8,77.26,74.12,76.22,75.93,75.64,74.08,81.01,82.29,83.22,78.59,79.32,78.6,80.73,82.41,83.52,84.3,84.11,80.7,80.53,82.83,84.19,83.7,82.27,84.75,85.68,87.25,89.8,90.11,86.48,82.61,83.67,82.71
2026-03-04 11:02:29,85.13,92.98,94.5,88.05,82.82,86.55,88.66,87.58,85.42,85.11,84.26,83.28,84.32,84.07,80.66,78.51,81.02,82.72,81.45,77.56,79.09,80.02,82.19,82.34,80.19,83.28,84.81,80.45,77.05,74.19,76.33,76.1,75.72,73.94,80.84,82.27,83.01,78.17,78.85,78.14,80.43,82.06,83.48,84.0,83.75,80.28,80.38,82.53,83.88,83.71,81.99,84.48,85.57,87.19,89.6,89.82,86.24,82.35,83.54,82.57
2026-03-04 11:02:30,84.79,92.72,94.43,88.18,82.76,86.77,88.87,88.03,85.68,85.13,84.21,83.43,84.4,84.02,80.71,78.51,80.98,82.61,81.33,77.23,78.94,80.26,82.21,82.28,80.24,83.43,84.72,80.06,76.9,74.27,76.41,76.25,75.82,73.9,80.65,82.16,82.77,77.79,78.38,77.69,80.13,81.68,83.31,83.54,83.36,79.86,80.19,82.22,83.52,83.65,81.67,84.15,85.39,86.94,89.3,89.49,85.96,82.12,83.39,82.39
2026-03-04 11:02:31,84.42,92.35,94.3,88.3,82.76,86.88,89.01,88.4,85.84,85.13,84.2,83.54,84.46,83.96,80.68,78.38,80.84,82.43,81.19,76.74,78.79,80.46,82.16,82.16,80.25,83.47,84.57,79.64,76.81,74.38,76.47,76.39,75.95,73.95,80.45,81.98,82.52,77.46,77.91,77.26,79.84,81.27,83.02,82.93,82.94,79.45,79.98,81.92,83.13,83.54,81.31,83.76,85.15,86.52,88.94,89.14,85.65,81.92,83.24,82.19
2026-03-04 11:02:32,84.02,91.89,94.12,88.4,82.8,86.89,89.09,88.69,85.92,85.1,84.22,83.61,84.5,83.89,80.59,78.13,80.63,82.19,81.05,76.12,78.64,80.62,82.05,81.98,80.21,83.42,84.38,79.2,76.76,74.49,76.52,76.52,76.1,74.06,80.24,81.75,82.25,77.18,77.45,76.86,79.54,80.85,82.63,82.21,82.51,79.05,79.75,81.62,82.71,83.39,80.93,83.33,84.87,85.97,88.52,88.76,85.32,81.75,83.08,81.96
2026-03-04 11:02:33,83.59,91.37,93.9,88.5,82.89,86.83,89.12,88.91,85.92,85.05,84.27,83.66,84.54,83.8,80.44,77.78,80.34,81.91,80.9,75.4,78.49,80.75,81.89,81.75,80.14,83.29,84.15,78.75,76.76,74.61,76.54,76.63,76.27,74.24,80.02,81.47,81.98,76.94,77.01,76.48,79.25,80.41,82.16,81.39,82.06,78.66,79.5,81.33,82.28,83.19,80.52,82.87,84.55,85.3,88.06,88.37,84.98,81.6,82.92,81.72
2026-03-04 11:02:34,83.15,90.79,93.65,88.59,83.0,86.69,89.11,89.07,85.87,84.98,84.34,83.68,84.56,83.71,80.26,77.34,80.0,81.58,80.74,74.59,78.35,80.86,81.69,81.48,80.03,83.1,83.88,78.29,76.78,74.73,76.55,76.73,76.45,74.47,79.79,81.15,81.7,76.74,76.58,76.12,78.96,79.97,81.63,80.49,81.61,78.28,79.24,81.05,81.83,82.97,80.1,82.39,84.2,84.53,87.56,87.97,84.63,81.48,82.76,81.47
2026-03-04 11:02:35,82.71,90.17,93.37,88.67,83.15,86.5,89.06,89.17,85.76,84.9,84.43,83.68,84.58,83.6,80.03,76.84,79.62,81.22,80.58,73.71,78.21,80.93,81.45,81.19,79.9,82.84,83.59,77.82,76.84,74.87,76.55,76.83,76.63,74.74,79.57,80.8,81.43,76.58,76.16,75.79,78.69,79.52,81.04,79.54,81.16,77.93,78.97,80.79,81.38,82.72,79.68,81.89,83.82,83.7,87.04,87.57,84.27,81.38,82.61,81.2
2026-03-04 11:02:36,82.25,89.51,93.07,88.74,83.32,86.26,88.98,89.22,85.61,84.81,84.53,83.66,84.59,83.5,79.77,76.29,79.2,80.84,80.42,72.78,78.07,80.99,81.18,80.87,79.75,82.54,83.28,77.35,76.93,75.0,76.53,76.91,76.82,75.04,79.34,80.43,81.15,76.44,75.76,75.49,78.42,79.08,80.41,78.56,80.71,77.59,78.7,80.53,80.93,82.46,79.25,81.39,83.43,82.81,86.49,87.16,83.92,81.29,82.45,80.93
2026-03-04 11:02:37,81.81,88.84,92.76,88.8,83.5,85.98,88.88,89.23,85.42,84.72,84.65,83.62,84.59,83.39,79.5,75.69,78.76,80.44,80.26,71.82,77.94,81.02,80.89,80.53,79.58,82.21,82.96,76.9,77.04,75.13,76.51,76.98,77.02,75.37,79.12,80.04,80.88,76.34,75.39,75.2,78.17,78.65,79.76,77.55,80.27,77.26,78.43,80.29,80.48,82.18,78.83,80.88,83.03,81.88,85.94,86.76,83.56,81.23,82.3,80.66
2026-03-04 11:02:38,81.36,88.16,92.44,88.86,83.7,85.67,88.75,89.2,85.19,84.61,84.78,83.57,84.58,83.27,79.2,75.06,78.3,80.03,80.1,70.83,77.81,81.03,80.59,80.19,79.4,81.84,82.63,76.45,77.16,75.27,76.48,77.04,77.21,75.72,78.9,79.64,80.62,76.26,75.03,74.94,77.93,78.23,79.09,76.52,79.84,76.96,78.16,80.06,80.05,81.89,78.41,80.37,82.63,80.92,85.39,86.37,83.21,81.18,82.16,80.39
2026-03-04 11:02:39,80.94,87.48,92.11,88.91,83.92,85.34,88.6,89.13,84.95,84.5,84.91,83.51,84.57,83.16,78.9,74.43,77.83,79.63,79.95,69.87,77.7,81.04,80.27,79.84,79.22,81.46,82.3,76.02,77.3,75.4,76.45,77.1,77.41,76.08,78.69,79.24,80.37,76.21,74.71,74.71,77.7,77.83,78.43,75.52,79.43,76.68,77.91,79.85,79.63,81.61,78.0,79.88,82.23,79.96,84.84,85.99,82.88,81.14,82.02,80.13
2026-03-04 11:02:40,80.68,86.96,91.82,88.95,84.15,85.1,88.49,89.09,84.75,84.41,85.03,83.51,84.62,83.11,78.68,73.95,77.49,79.32,79.84,69.12,77.7,81.09,79.99,79.54,79.1,81.09,81.99,75.68,77.47,75.62,76.52,77.23,77.65,76.47,78.49,78.88,80.18,76.23,74.5,74.58,77.52,77.51,77.89,74.72,79.13,76.46,77.71,79.7,79.28,81.39,77.72,79.48,81.89,79.06,84.34,85.65,82.62,81.16,81.91,79.89
2026-03-04 11:02:41,80.62,86.66,91.6,89.0,84.38,84.97,88.46,89.12,84.7,84.43,85.25,83.65,84.78,83.18,78.52,73.68,77.34,79.18,79.73,68.67,77.84,81.24,79.79,79.34,79.07,80.8,81.71,75.46,77.72,75.97,76.75,77.47,77.94,76.84,78.27,78.6,80.09,76.38,74.47,74.58,77.43,77.34,77.54,74.17,78.96,76.34,77.61,79.65,79.01,81.28,77.61,79.22,81.64,78.36,83.93,85.31,82.45,81.24,81.87,79.71
2026-03-04 11:02:42,80.74,86.53,91.46,89.03,84.59,84.93,88.53,89.23,84.77,84.57,85.55,83.92,85.06,83.36,78.42,73.61,77.38,79.18,79.63,68.48,78.11,81.45,79.66,79.24,79.13,80.59,81.45,75.34,78.05,76.44,77.1,77.79,78.29,77.2,78.03,78.39,80.1,76.66,74.59,74.7,77.42,77.3,77.36,73.86,78.9,76.3,77.6,79.69,78.81,81.25,77.65,79.1,81.49,77.84,83.58,84.97,82.37,81.4,81.91,79.61
2026-03-04 11:02:43,81.01,86.58,91.38,89.07,84.79,84.98,88.66,89.41,84.95,84.8,85.91,84.29,85.43,83.63,78.36,73.71,77.57,79.3,79.54,68.52,78.5,81.74,79.6,79.22,79.27,80.44,81.21,75.32,78.43,77.0,77.57,78.19,78.67,77.54,77.76,78.24,80.19,77.03,74.84,74.93,77.5,77.37,77.32,73.74,78.95,76.33,77.66,79.81,78.67,81.31,77.82,79.11,81.43,77.49,83.3,84.64,82.36,81.6,82.01,79.57
2026-03-04 11:02:44,81.41,86.76,91.36,89.09,84.98,85.09,88.86,89.64,85.23,85.11,86.34,84.76,85.88,83.98,78.36,73.95,77.89,79.53,79.45,68.76,78.97,82.07,79.59,79.27,79.47,80.36,81.0,75.37,78.86,77.65,78.12,78.65,79.08,77.87,77.48,78.15,80.36,77.49,75.21,75.24,77.63,77.55,77.4,73.8,79.08,76.43,77.79,79.99,78.58,81.42,78.1,79.21,81.44,77.28,83.09,84.32,82.41,81.86,82.16,79.57
2026-03-04 11:02:45,81.92,87.06,91.39,89.12,85.14,85.26,89.11,89.91,85.59,85.49,86.81,85.29,86.4,84.39,78.38,74.32,78.33,79.86,79.36,69.17,79.52,82.45,79.63,79.38,79.72,80.32,80.8,75.5,79.32,78.35,78.75,79.15,79.51,78.17,77.18,78.11,80.58,78.02,75.67,75.63,77.82,77.8,77.59,74.02,79.3,76.58,77.96,80.22,78.53,81.59,78.47,79.4,81.51,77.2,82.92,84.01,82.52,82.15,82.35,79.63
2026-03-04 11:02:46,82.52,87.46,91.47,89.15,85.31,85.49,89.41,90.22,86.01,85.92,87.32,85.89,86.96,84.84,78.45,74.79,78.85,80.25,79.29,69.71,80.13,82.85,79.71,79.54,80.02,80.33,80.63,75.67,79.81,79.1,79.42,79.68,79.95,78.45,76.89,78.11,80.86,78.6,76.19,76.07,78.05,78.12,77.86,74.35,79.57,76.78,78.19,80.49,78.53,81.81,78.92,79.66,81.62,77.23,82.81,83.71,82.68,82.47,82.58,79.71
2026-03-04 11:02:47,83.19,87.93,91.66,89.32,85.61,85.79,89.77,90.6,86.51,86.41,87.88,86.54,87.52,85.25,78.62,75.39,79.45,80.69,79.28,70.35,80.75,83.23,79.85,79.77,80.35,80.38,80.5,75.91,80.25,79.81,80.09,80.2,80.38,78.7,76.65,78.15,81.14,79.18,76.7,76.54,78.28,78.44,78.15,74.75,79.87,77.07,78.48,80.74,78.59,82.04,79.39,79.96,81.71,77.32,82.74,83.44,82.85,82.79,82.79,79.75
2026-03-04 11:02:48,83.9,88.39,91.96,89.67,86.06,86.1,90.21,91.05,87.06,86.89,88.49,87.24,88.08,85.59,78.91,76.1,80.11,81.12,79.4,71.1,81.35,83.53,80.04,80.08,80.71,80.5,80.49,76.23,80.63,80.43,80.72,80.73,80.82,78.95,76.5,78.19,81.4,79.77,77.23,77.05,78.54,78.79,78.5,75.23,80.23,77.48,78.86,81.02,78.74,82.28,79.86,80.29,81.8,77.47,82.75,83.27,83.06,83.11,82.99,79.77
2026-03-04 11:02:49,84.65,88.83,92.35,90.17,86.64,86.41,90.73,91.57,87.64,87.36,89.13,87.98,88.63,85.88,79.3,76.91,80.8,81.55,79.62,71.96,81.95,83.77,80.27,80.44,81.11,80.69,80.59,76.62,80.94,80.98,81.33,81.26,81.26,79.21,76.43,78.22,81.64,80.34,77.79,77.58,78.85,79.17,78.9,75.78,80.64,77.99,79.32,81.35,78.96,82.52,80.32,80.64,81.91,77.68,82.81,83.17,83.3,83.44,83.18,79.77
2026-03-04 11:02:50,85.41,89.24,92.83,90.8,87.32,86.72,91.32,92.14,88.25,87.81,89.78,88.74,89.18,86.1,79.77,77.8,81.52,81.96,79.93,72.9,82.54,83.94,80.53,80.85,81.53,80.93,80.77,77.07,81.19,81.46,81.9,81.8,81.7,79.47,76.43,78.25,81.85,80.91,78.36,78.12,79.18,79.58,79.34,76.38,81.1,78.59,79.84,81.7,79.25,82.75,80.78,81.02,82.03,77.93,82.93,83.14,83.56,83.76,83.36,79.75
2026-03-04 11:02:51,86.18,89.63,93.36,91.53,88.09,87.02,91.94,92.75,88.87,88.23,90.45,89.52,89.71,86.28,80.31,78.74,82.26,82.36,80.32,73.91,83.1,84.06,80.82,81.3,81.96,81.22,81.03,77.57,81.39,81.87,82.44,82.34,82.13,79.73,76.49,78.27,82.04,81.47,78.94,78.68,79.54,80.01,79.8,77.03,81.59,79.26,80.42,82.08,79.59,82.97,81.21,81.41,82.16,78.22,83.1,83.18,83.83,84.09,83.52,79.72
2026-03-04 11:02:52,86.94,89.99,93.95,92.35,88.93,87.31,92.6,93.39,89.5,88.63,91.12,90.3,90.23,86.42,80.9,79.72,83.01,82.74,80.76,74.96,83.64,84.13,81.13,81.78,82.41,81.54,81.36,78.11,81.55,82.22,82.94,82.87,82.55,79.98,76.61,78.29,82.21,82.0,79.52,79.23,79.92,80.45,80.3,77.71,82.1,79.98,81.03,82.47,79.97,83.19,81.64,81.8,82.3,78.54,83.3,83.27,84.13,84.41,83.67,79.68
2026-03-04 11:02:53,87.7,90.32,94.56,93.22,89.8,87.6,93.28,94.04,90.12,89.01,91.77,91.07,90.72,86.51,81.53,80.71,83.74,83.1,81.24,76.03,84.15,84.15,81.45,82.27,82.85,81.89,81.72,78.66,81.65,82.51,83.41,83.38,82.95,80.23,76.76,78.31,82.35,82.51,80.09,79.78,80.32,80.89,80.79,78.41,82.62,80.73,81.67,82.86,80.39,83.41,82.04,82.2,82.44,78.88,83.53,83.41,84.42,84.72,83.82,79.63
2026-03-04 11:02:54,88.41,90.65,95.12,94.01,90.59,87.89,93.88,94.62,90.71,89.37,92.35,91.73,91.1,86.6,82.12,81.62,84.39,83.41,81.69,77.06,84.63,84.1,81.76,82.72,83.23,82.16,82.05,79.19,81.73,82.75,83.81,83.84,83.31,80.36,76.9,78.32,82.43,82.93,80.62,80.27,80.7,81.33,81.26,79.04,83.08,81.44,82.3,83.19,80.81,83.59,82.4,82.59,82.61,79.23,83.75,83.57,84.7,84.99,83.98,79.62
2026-03-04 11:02:55,89.08,90.98,95.57,94.65,91.22,88.18,94.38,95.13,91.31,89.78,92.88,92.29,91.36,86.7,82.7,82.47,84.97,83.73,82.13,78.07,85.07,84.08,82.05,83.09,83.52,82.33,82.28,79.68,81.77,82.95,84.15,84.24,83.63,80.23,77.0,78.34,82.47,83.26,81.08,80.62,81.04,81.76,81.7,79.62,83.46,81.99,82.88,83.51,81.24,83.75,82.72,82.99,82.83,79.64,83.91,83.71,84.88,85.15,84.14,79.61
2026-03-04 11:02:56,89.69,91.3,95.94,95.15,91.69,88.47,94.8,95.6,91.93,90.24,93.39,92.74,91.51,86.82,83.29,83.26,85.47,84.06,82.56,79.05,85.48,84.07,82.33,83.39,83.72,82.39,82.42,80.12,81.8,83.12,84.43,84.59,83.9,79.88,77.09,78.36,82.47,83.53,81.51,80.85,81.35,82.17,82.12,80.16,83.78,82.4,83.43,83.85,81.66,83.86,83.01,83.37,83.09,80.09,84.03,83.83,84.98,85.22,84.29,79.59
2026-03-04 11:02:57,90.22,91.61,96.26,95.54,92.09,88.73,95.08,95.95,92.47,90.64,93.8,93.05,91.53,86.89,83.78,83.94,85.86,84.3,82.93,79.94,85.79,84.03,82.57,83.62,83.87,82.43,82.54,80.54,81.79,83.19,84.59,84.88,84.16,79.56,77.22,78.43,82.46,83.78,81.94,81.07,81.6,82.5,82.51,80.68,84.02,82.68,83.91,84.2,82.08,83.92,83.27,83.69,83.35,80.53,84.13,83.95,85.03,85.28,84.46,79.62
2026-03-04 11:02:58,90.58,91.87,96.53,95.85,92.4,88.89,95.18,96.14,92.84,90.89,94.06,93.22,91.35,86.79,84.04,84.47,86.11,84.43,83.13,80.72,86.02,83.98,82.74,83.8,84.03,82.49,82.65,80.96,81.79,83.2,84.59,85.1,84.42,79.39,77.46,78.58,82.47,84.06,82.41,81.32,81.81,82.67,82.85,81.16,84.17,82.82,84.28,84.53,82.48,83.93,83.51,83.99,83.59,80.84,84.2,84.06,85.08,85.35,84.61,79.69
2026-03-04 11:02:59,90.76,92.08,96.75,96.08,92.62,88.95,95.1,96.17,93.07,91.02,94.2,93.25,90.98,86.56,84.1,84.86,86.26,84.47,83.19,81.39,86.17,83.93,82.87,83.91,84.18,82.57,82.75,81.39,81.81,83.16,84.45,85.25,84.67,79.35,77.79,78.8,82.51,84.37,82.91,81.61,82.0,82.69,83.16,81.61,84.24,82.85,84.55,84.85,82.86,83.9,83.73,84.29,83.8,81.03,84.23,84.15,85.13,85.44,84.75,79.79
2026-03-04 11:03:00,90.8,92.24,96.92,96.24,92.78,88.94,94.88,96.08,93.17,91.04,94.21,93.16,90.45,86.2,83.97,85.13,86.3,84.42,83.11,81.96,86.26,83.86,82.94,83.97,84.34,82.65,82.85,81.81,81.85,83.08,84.18,85.33,84.9,79.43,78.22,79.08,82.58,84.68,83.44,81.93,82.17,82.59,83.42,82.02,84.24,82.76,84.74,85.16,83.22,83.83,83.94,84.58,84.0,81.11,84.22,84.23,85.18,85.54,84.87,79.92
2026-03-04 11:03:01,90.71,92.36,97.05,96.35,92.87,88.85,94.53,95.87,93.15,90.95,94.13,92.97,89.8,85.75,83.69,85.28,86.26,84.29,82.93,82.45,86.3,83.8,82.96,83.99,84.5,82.74,82.94,82.23,81.9,82.96,83.8,85.37,85.12,79.62,78.7,79.4,82.67,85.01,83.98,82.27,82.31,82.38,83.64,82.4,84.18,82.59,84.85,85.45,83.56,83.73,84.14,84.86,84.17,81.09,84.19,84.29,85.24,85.64,84.97,80.07
2026-03-04 11:03:02,90.51,92.45,97.15,96.4,92.9,88.71,94.08,95.57,93.04,90.78,93.96,92.7,89.04,85.21,83.27,85.34,86.15,84.1,82.65,82.85,86.28,83.73,82.95,83.97,84.66,82.84,83.03,82.64,81.95,82.81,83.34,85.35,85.33,79.89,79.24,79.77,82.78,85.34,84.53,82.62,82.43,82.08,83.82,82.75,84.06,82.33,84.89,85.72,83.87,83.6,84.32,85.13,84.32,81.0,84.13,84.35,85.29,85.75,85.06,80.24
2026-03-04 11:03:03,90.22,92.5,97.22,96.41,92.89,88.52,93.54,95.19,92.84,90.54,93.72,92.35,88.19,84.6,82.74,85.31,85.97,83.86,82.29,83.18,86.22,83.65,82.91,83.91,84.81,82.95,83.1,83.03,82.02,82.64,82.8,85.3,85.52,80.23,79.82,80.16,82.9,85.68,85.08,82.98,82.53,81.7,83.98,83.06,83.9,82.02,84.87,85.98,84.17,83.45,84.49,85.39,84.45,80.83,84.05,84.39,85.35,85.87,85.14,80.41
2026-03-04 11:03:04,89.85,92.53,97.26,96.38,92.83,88.29,92.93,94.75,92.57,90.24,93.41,91.95,87.28,83.94,82.12,85.21,85.74,83.58,81.87,83.45,86.13,83.58,82.84,83.83,84.96,83.06,83.18,83.41,82.09,82.44,82.21,85.21,85.7,80.63,80.44,80.58,83.03,86.01,85.62,83.35,82.62,81.26,84.11,83.35,83.71,81.65,84.8,86.22,84.44,83.29,84.64,85.63,84.57,80.6,83.95,84.42,85.4,85.99,85.2,80.6
2026-03-04 11:03:05,89.42,92.53,97.27,96.32,92.73,88.02,92.27,94.25,92.25,89.89,93.06,91.5,86.32,83.24,81.43,85.04,85.47,83.26,81.4,83.65,86.01,83.5,82.74,83.72,85.1,83.16,83.24,83.78,82.17,82.23,81.58,85.09,85.87,81.08,81.07,81.01,83.16,86.34,86.16,83.72,82.68,80.77,84.2,83.6,83.49,81.24,84.69,86.44,84.69,83.12,84.78,85.86,84.66,80.33,83.84,84.44,85.45,86.1,85.25,80.8
2026-03-04 11:03:06,88.97,92.51,97.23,96.21,92.6,87.72,91.57,93.71,91.84,89.48,92.64,90.97,85.32,82.54,80.7,84.8,85.15,82.9,80.89,83.78,85.86,83.43,82.65,83.6,85.21,83.25,83.28,84.11,82.24,82.03,80.95,84.94,85.98,81.46,81.67,81.44,83.3,86.63,86.64,84.06,82.73,80.3,84.29,83.81,83.21,80.77,84.54,86.64,84.91,82.94,84.91,86.08,84.75,80.05,83.73,84.43,85.49,86.21,85.29,81.01
2026-03-04 11:03:07,88.55,92.44,97.08,95.99,92.38,87.38,90.86,93.1,91.35,89.02,92.1,90.36,84.36,81.87,80.0,84.47,84.79,82.49,80.38,83.84,85.68,83.3,82.53,83.43,85.14,83.27,83.3,84.35,82.28,81.83,80.39,84.76,85.96,81.66,82.18,81.8,83.32,86.81,86.99,84.32,82.74,79.91,84.36,83.95,82.89,80.3,84.37,86.76,85.06,82.8,85.02,86.28,84.83,79.84,83.62,84.37,85.43,86.28,85.31,81.23
2026-03-04 11:03:08,88.12,92.29,96.84,95.63,92.05,87.04,90.17,92.43,90.76,88.45,91.45,89.65,83.45,81.2,79.27,83.99,84.34,82.01,79.84,83.83,85.45,83.07,82.3,83.16,84.97,83.25,83.3,84.49,82.26,81.61,79.89,84.51,85.8,81.73,82.56,82.01,83.19,86.84,87.15,84.48,82.64,79.54,84.35,84.01,82.5,79.9,84.22,86.87,85.18,82.66,85.06,86.41,84.87,79.65,83.51,84.23,85.34,86.35,85.34,81.43
2026-03-04 11:03:09,87.63,92.06,96.51,95.17,91.62,86.69,89.49,91.73,90.09,87.8,90.72,88.84,82.56,80.52,78.52,83.36,83.79,81.44,79.29,83.77,85.2,82.78,81.98,82.82,84.73,83.2,83.27,84.53,82.17,81.38,79.43,84.17,85.47,81.68,82.82,82.07,82.92,86.72,87.1,84.54,82.43,79.19,84.27,83.98,82.03,79.56,84.13,86.99,85.26,82.51,84.98,86.46,84.88,79.46,83.38,84.01,85.24,86.4,85.38,81.58
2026-03-04 11:03:10,87.11,91.77,96.1,94.63,91.13,86.34,88.85,91.01,89.35,87.1,89.94,87.95,81.71,79.82,77.75,82.6,83.16,80.79,78.73,83.66,84.92,82.45,81.58,82.43,84.44,83.14,83.23,84.5,82.04,81.13,79.01,83.77,85.01,81.53,82.98,81.99,82.53,86.48,86.87,84.5,82.13,78.85,84.13,83.89,81.5,79.29,84.09,87.1,85.31,82.35,84.8,86.45,84.87,79.26,83.23,83.73,85.14,86.45,85.42,81.7
2026-03-04 11:03:11,86.57,91.41,95.65,94.03,90.58,86.0,88.23,90.27,88.56,86.34,89.1,87.0,80.89,79.12,76.98,81.75,82.48,80.1,78.17,83.52,84.63,82.07,81.11,81.99,84.1,83.06,83.18,84.4,81.86,80.86,78.63,83.31,84.44,81.29,83.03,81.8,82.05,86.13,86.49,84.38,81.76,78.52,83.93,83.73,80.92,79.06,84.1,87.21,85.32,82.18,84.54,86.39,84.83,79.05,83.06,83.38,85.03,86.48,85.47,81.77
2026-03-04 11:03:12,86.05,91.05,95.15,93.43,90.04,85.67,87.64,89.55,87.73,85.61,88.27,86.03,80.09,78.47,76.32,80.95,81.83,79.47,77.67,83.31,84.28,81.65,80.61,81.52,83.73,82.96,83.09,84.23,81.65,80.57,78.24,82.79,83.8,80.97,82.96,81.54,81.55,85.73,86.03,84.16,81.36,78.24,83.71,83.53,80.33,78.86,84.08,87.23,85.23,81.96,84.26,86.31,84.78,78.85,82.87,83.02,84.89,86.48,85.47,81.76
2026-03-04 11:03:13,85.63,90.73,94.64,92.87,89.52,85.35,87.13,88.9,86.9,84.97,87.49,85.09,79.39,77.93,75.78,80.23,81.23,78.92,77.26,83.11,83.9,81.2,80.08,81.02,83.33,82.82,82.98,84.01,81.45,80.28,77.88,82.27,83.15,80.66,82.87,81.28,81.02,85.26,85.5,83.89,80.96,78.0,83.49,83.31,79.79,78.7,84.02,87.14,85.07,81.76,84.01,86.23,84.71,78.61,82.57,82.58,84.71,86.41,85.37,81.7
2026-03-04 11:03:14,85.24,90.42,94.13,92.31,89.01,85.0,86.64,88.29,86.12,84.36,86.75,84.18,78.75,77.49,75.36,79.58,80.62,78.37,76.87,82.86,83.51,80.77,79.58,80.52,82.87,82.61,82.81,83.72,81.23,79.99,77.55,81.78,82.46,80.35,82.75,81.03,80.51,84.76,84.95,83.59,80.54,77.8,83.24,83.01,79.22,78.5,83.88,86.97,84.86,81.57,83.73,86.06,84.54,78.33,82.23,82.08,84.44,86.25,85.22,81.67
2026-03-04 11:03:15,84.84,90.13,93.59,91.75,88.48,84.62,86.13,87.66,85.34,83.76,86.03,83.28,78.17,77.09,75.01,78.98,80.02,77.79,76.51,82.55,83.06,80.35,79.09,80.0,82.37,82.32,82.55,83.35,80.9,79.65,77.19,81.19,81.78,80.02,82.57,80.75,80.0,84.11,84.35,83.27,80.13,77.54,82.89,82.62,78.66,78.26,83.62,86.66,84.61,81.36,83.37,85.77,84.33,78.11,81.93,81.58,84.11,85.99,84.99,81.61
2026-03-04 11:03:16,84.43,89.83,93.07,91.19,87.87,84.25,85.61,86.97,84.55,83.19,85.35,82.41,77.59,76.75,74.72,78.42,79.43,77.26,76.18,82.2,82.56,79.91,78.6,79.45,81.85,81.97,82.19,82.91,80.5,79.27,76.81,80.45,81.1,79.65,82.26,80.44,79.48,83.25,83.68,82.9,79.71,77.21,82.37,82.08,78.1,78.02,83.27,86.22,84.3,81.11,82.94,85.39,84.07,77.94,81.68,81.09,83.72,85.65,84.72,81.54
2026-03-04 11:03:17,84.02,89.54,92.57,90.64,87.17,83.89,85.09,86.25,83.77,82.67,84.7,81.57,77.03,76.45,74.48,77.9,78.86,76.77,75.89,81.82,82.02,79.48,78.12,78.89,81.33,81.58,81.73,82.41,80.05,78.87,76.4,79.59,80.43,79.27,81.85,80.08,78.96,82.21,82.95,82.47,79.29,76.82,81.7,81.4,77.54,77.78,82.84,85.67,83.95,80.81,82.44,84.95,83.78,77.81,81.47,80.61,83.28,85.25,84.41,81.47
2026-03-04 11:03:18,83.59,89.25,92.09,90.09,86.41,83.53,84.58,85.5,82.98,82.18,84.09,80.76,76.48,76.2,74.28,77.41,78.31,76.32,75.64,81.41,81.43,79.04,77.66,78.33,80.8,81.16,81.21,81.87,79.56,78.44,75.98,78.63,79.76,78.87,81.36,79.69,78.43,81.03,82.19,82.01,78.87,76.38,80.91,80.6,76.99,77.54,82.35,85.04,83.56,80.47,81.89,84.46,83.46,77.72,81.29,80.14,82.8,84.79,84.08,81.39
2026-03-04 11:03:19,83.17,88.97,91.63,89.55,85.6,83.19,84.08,84.73,82.22,81.73,83.51,79.99,75.95,75.99,74.13,76.97,77.78,75.91,75.43,80.99,80.83,78.61,77.21,77.77,80.28,80.71,80.62,81.3,79.05,78.01,75.56,77.6,79.12,78.47,80.8,79.28,77.91,79.73,81.4,81.53,78.45,75.91,80.03,79.71,76.45,77.32,81.81,84.34,83.14,80.1,81.3,83.93,83.12,77.66,81.14,79.69,82.29,84.29,83.74,81.31
2026-03-04 11:03:20,82.76,88.7,91.19,89.03,84.76,82.87,83.59,83.97,81.47,81.32,82.98,79.26,75.44,75.82,74.02,76.56,77.28,75.54,75.24,80.55,80.2,78.19,76.77,77.21,79.76,80.25,79.99,80.7,78.51,77.56,75.13,76.52,78.5,78.06,80.19,78.85,77.39,78.35,80.59,81.02,78.04,75.4,79.07,78.75,75.92,77.1,81.24,83.58,82.7,79.72,80.68,83.37,82.77,77.62,81.02,79.25,81.75,83.76,83.38,81.22
2026-03-04 11:03:21,82.35,88.44,90.78,88.53,83.89,82.56,83.12,83.2,80.74,80.94,82.48,78.57,74.95,75.69,73.95,76.18,76.81,75.21,75.08,80.1,79.57,77.78,76.36,76.67,79.26,79.77,79.33,80.1,77.97,77.11,74.7,75.39,77.9,77.66,79.54,78.41,76.89,76.91,79.78,80.5,77.64,74.88,78.05,77.74,75.41,76.88,80.64,82.78,82.25,79.32,80.05,82.78,82.4,77.61,80.92,78.84,81.2,83.21,83.01,81.14
2026-03-04 11:03:22,81.95,88.19,90.4,88.05,83.01,82.27,82.67,82.44,80.04,80.6,82.02,77.92,74.49,75.59,73.9,75.84,76.36,74.92,74.95,79.66,78.94,77.38,75.97,76.14,78.77,79.3,78.64,79.48,77.42,76.67,74.28,74.25,77.33,77.26,78.86,77.96,76.4,75.43,78.97,79.98,77.25,74.35,77.0,76.7,74.92,76.68,80.02,81.96,81.79,78.92,79.41,82.19,82.04,77.63,80.85,78.44,80.65,82.65,82.64,81.05
2026-03-04 11:03:23,81.57,87.95,90.05,87.59,82.14,82.0,82.24,81.7,79.37,80.3,81.6,77.32,74.05,75.51,73.88,75.53,75.95,74.67,74.85,79.22,78.32,77.0,75.6,75.63,78.3,78.82,77.95,78.87,76.87,76.23,73.86,73.11,76.79,76.87,78.16,77.52,75.93,73.93,78.17,79.46,76.88,73.81,75.92,75.63,74.46,76.49,79.39,81.13,81.33,78.51,78.76,81.59,81.67,77.66,80.81,78.07,80.09,82.08,82.28,80.97
2026-03-04 11:03:24,81.2,87.72,89.71,87.16,81.27,81.74,81.83,80.99,78.74,80.02,81.22,76.76,73.64,75.47,73.89,75.26,75.56,74.44,74.76,78.79,77.71,76.63,75.26,75.13,77.84,78.35,77.24,78.27,76.33,75.81,73.46,71.96,76.28,76.49,77.45,77.08,75.48,72.43,77.38,78.94,76.53,73.28,74.84,74.56,74.01,76.31,78.77,80.29,80.88,78.1,78.12,81.0,81.31,77.71,80.78,77.72,79.54,81.51,81.91,80.89
2026-03-04 11:03:25,80.85,87.51,89.41,86.75,80.42,81.51,81.45,80.29,78.14,79.78,80.87,76.24,73.26,75.44,73.91,75.01,75.2,74.25,74.7,78.36,77.11,76.29,74.94,74.66,77.42,77.89,76.55,77.68,75.8,75.39,73.07,70.84,75.8,76.13,76.74,76.65,75.05,70.95,76.62,78.44,76.2,72.75,73.75,73.49,73.6,76.14,78.15,79.45,80.43,77.7,77.49,80.41,80.95,77.77,80.76,77.39,79.0,80.94,81.56,80.81
2026-03-04 11:03:26,80.51,87.31,89.13,86.37,79.59,81.29,81.09,79.63,77.57,79.57,80.55,75.77,72.9,75.43,73.95,74.8,74.87,74.08,74.65,77.96,76.53,75.96,74.64,74.22,77.01,77.44,75.86,77.1,75.28,74.99,72.7,69.74,75.36,75.78,76.04,76.23,74.65,69.49,75.89,77.95,75.88,72.23,72.68,72.44,73.21,75.98,77.54,78.63,79.99,77.31,76.88,79.84,80.6,77.84,80.77,77.08,78.48,80.39,81.21,80.73
2026-03-04 11:03:27,80.2,87.13,88.88,86.02,78.79,81.09,80.75,78.99,77.05,79.38,80.27,75.33,72.57,75.44,74.01,74.6,74.57,73.94,74.62,77.56,75.98,75.66,74.36,73.8,76.63,77.0,75.19,76.55,74.78,74.61,72.35,68.67,74.94,75.45,75.35,75.83,74.27,68.07,75.19,77.47,75.58,71.72,71.63,71.41,72.84,75.84,76.94,77.83,79.57,76.92,76.28,79.28,80.27,77.92,80.78,76.8,77.97,79.85,80.88,80.66
2026-03-04 11:03:28,79.9,86.96,88.65,85.69,78.01,80.9,80.44,78.39,76.56,79.22,80.02,74.94,72.27,75.47,74.08,74.44,74.3,73.82,74.61,77.19,75.45,75.38,74.11,73.41,76.27,76.59,74.53,76.01,74.3,74.25,72.01,67.64,74.56,75.13,74.68,75.44,73.92,66.69,74.52,77.02,75.3,71.24,70.61,70.41,72.5,75.7,76.37,77.05,79.16,76.55,75.71,78.74,79.94,78.01,80.8,76.54,77.48,79.33,80.56,80.58
2026-03-04 11:03:29,79.63,86.8,88.44,85.39,77.29,80.73,80.15,77.84,76.11,79.09,79.8,74.59,72.0,75.5,74.16,74.29,74.04,73.72,74.61,76.84,74.95,75.11,73.88,73.04,75.93,76.2,73.91,75.51,73.86,73.91,71.7,66.66,74.21,74.83,74.03,75.07,73.59,65.38,73.9,76.59,75.05,70.78,69.63,69.46,72.19,75.58,75.82,76.29,78.76,76.2,75.17,78.23,79.64,78.1,80.84,76.31,77.02,78.84,80.26,80.51
2026-03-04 11:03:30,79.42,86.67,88.25,85.18,76.7,80.59,79.91,77.39,75.79,79.01,79.63,74.35,71.83,75.56,74.24,74.1,73.8,73.64,74.65,76.54,74.49,74.86,73.69,72.74,75.57,75.86,73.38,75.1,73.55,73.68,71.47,65.86,73.91,74.54,73.39,74.73,73.29,64.32,73.4,76.25,74.9,70.45,68.81,68.68,71.95,75.49,75.34,75.57,78.3,75.88,74.71,77.78,79.38,78.2,80.87,76.15,76.65,78.45,80.02,80.4
2026-03-04 11:03:31,79.28,86.56,88.09,85.07,76.29,80.47,79.71,77.08,75.64,79.01,79.5,74.23,71.78,75.64,74.31,73.83,73.54,73.58,74.77,76.32,74.09,74.62,73.56,72.5,75.18,75.59,72.97,74.79,73.41,73.59,71.32,65.26,73.67,74.25,72.78,74.41,73.01,63.57,73.08,76.02,74.88,70.29,68.17,68.11,71.8,75.45,74.94,74.87,77.75,75.58,74.34,77.42,79.18,78.3,80.89,76.08,76.4,78.19,79.85,80.24
2026-03-04 11:03:32,79.21,86.48,87.95,85.04,76.04,80.37,79.56,76.89,75.61,79.07,79.41,74.21,71.83,75.72,74.38,73.52,73.29,73.52,74.93,76.16,73.75,74.39,73.48,72.32,74.78,75.38,72.67,74.59,73.42,73.61,71.26,64.85,73.49,73.97,72.19,74.12,72.78,63.08,72.9,75.89,74.96,70.27,67.71,67.74,71.72,75.45,74.63,74.22,77.14,75.32,74.06,77.13,79.03,78.39,80.9,76.08,76.25,78.05,79.73,80.04
2026-03-04 11:03:33,79.18,86.42,87.82,85.01,75.88,80.32,79.46,76.73,75.61,79.14,79.33,74.27,71.94,75.79,74.42,73.28,73.1,73.43,75.1,76.09,73.51,74.21,73.43,72.2,74.43,75.26,72.5,74.47,73.49,73.72,71.32,64.68,73.42,73.71,71.68,73.9,72.63,62.83,72.83,75.87,75.14,70.38,67.43,67.56,71.74,75.53,74.44,73.71,76.59,75.13,73.85,76.88,78.91,78.41,80.84,76.08,76.2,78.01,79.65,79.8
2026-03-04 11:03:34,79.19,86.38,87.68,84.93,75.79,80.32,79.43,76.56,75.61,79.22,79.24,74.38,72.06,75.81,74.43,73.14,72.98,73.29,75.27,76.09,73.37,74.07,73.41,72.13,74.16,75.22,72.46,74.43,73.6,73.88,71.5,64.75,73.46,73.5,71.27,73.76,72.58,62.79,72.85,75.93,75.4,70.6,67.34,67.55,71.89,75.69,74.4,73.37,76.15,75.04,73.68,76.65,78.8,78.33,80.71,76.05,76.22,78.05,79.59,79.54
2026-03-04 11:03:35,79.22,86.35,87.55,84.81,75.77,80.37,79.45,76.38,75.6,79.29,79.14,74.54,72.2,75.8,74.41,73.09,72.93,73.12,75.43,76.17,73.33,73.98,73.42,72.1,73.97,75.27,72.54,74.46,73.73,74.08,71.8,65.02,73.59,73.33,70.95,73.69,72.62,62.92,72.94,76.07,75.72,70.92,67.4,67.69,72.13,75.92,74.49,73.18,75.81,75.02,73.56,76.44,78.71,78.15,80.51,75.98,76.32,78.17,79.55,79.26
2026-03-04 11:03:36,79.28,86.33,87.43,84.67,75.79,80.45,79.53,76.21,75.59,79.37,79.03,74.74,72.36,75.75,74.37,73.12,72.93,72.92,75.59,76.32,73.37,73.92,73.45,72.11,73.85,75.38,72.71,74.54,73.89,74.33,72.18,65.47,73.82,73.19,70.71,73.69,72.74,63.2,73.1,76.28,76.11,71.32,67.59,67.95,72.46,76.22,74.68,73.13,75.55,75.07,73.48,76.25,78.63,77.9,80.24,75.9,76.49,78.36,79.53,78.96
2026-03-04 11:03:37,79.36,86.33,87.31,84.5,75.86,80.57,79.64,76.04,75.57,79.44,78.93,74.97,72.52,75.68,74.3,73.22,72.99,72.69,75.75,76.51,73.49,73.9,73.5,72.15,73.78,75.55,72.97,74.67,74.07,74.61,72.63,66.07,74.11,73.09,70.54,73.73,72.92,63.61,73.31,76.55,76.54,71.79,67.9,68.32,72.85,76.56,74.96,73.2,75.38,75.19,73.44,76.07,78.56,77.58,79.93,75.79,76.7,78.6,79.53,78.66
2026-03-04 11:03:38,79.46,86.33,87.19,84.31,75.98,80.71,79.79,75.86,75.55,79.51,78.82,75.22,72.69,75.59,74.22,73.38,73.08,72.44,75.89,76.75,73.66,73.91,73.56,72.22,73.77,75.76,73.3,74.84,74.26,74.91,73.15,66.78,74.46,73.01,70.44,73.82,73.16,64.13,73.56,76.86,77.0,72.3,68.31,68.78,73.3,76.95,75.31,73.36,75.28,75.35,73.42,75.91,78.51,77.21,79.59,75.67,76.95,78.88,79.53,78.35
2026-03-04 11:03:39,79.57,86.35,87.08,84.1,76.12,80.88,79.96,75.69,75.52,79.58,78.71,75.49,72.87,75.48,74.12,73.58,73.22,72.18,76.03,77.02,73.89,73.94,73.64,72.31,73.8,76.01,73.68,75.05,74.46,75.23,73.71,67.6,74.86,72.95,70.39,73.96,73.44,64.74,73.85,77.21,77.49,72.86,68.79,69.31,73.79,77.36,75.73,73.62,75.24,75.55,73.44,75.77,78.47,76.81,79.21,75.54,77.24,79.19,79.55,78.04
2026-03-04 11:03:40,79.69,86.37,86.98,83.88,76.29,81.06,80.16,75.53,75.5,79.65,78.6,75.77,73.05,75.36,74.01,73.83,73.38,71.92,76.16,77.32,74.16,74.0,73.73,72.42,73.88,76.3,74.11,75.28,74.67,75.57,74.3,68.49,75.3,72.92,70.39,74.12,73.76,65.42,74.17,77.58,78.0,73.44,69.34,69.9,74.32,77.8,76.2,73.94,75.26,75.79,73.47,75.64,78.43,76.37,78.81,75.4,77.56,79.53,79.58,77.73
2026-03-04 11:03:41,79.83,86.42,86.92,83.7,76.5,81.29,80.41,75.42,75.51,79.75,78.52,76.08,73.26,75.26,73.91,74.11,73.58,71.68,76.29,77.62,74.46,74.06,73.84,72.55,73.98,76.59,74.56,75.52,74.85,75.87,74.91,69.43,75.75,72.92,70.45,74.32,74.1,66.13,74.51,77.94,78.5,74.03,69.93,70.52,74.84,78.23,76.67,74.28,75.3,76.05,73.54,75.55,78.39,75.94,78.42,75.29,77.89,79.87,79.62,77.46
2026-03-04 11:03:42,80.0,86.46,86.88,83.59,76.73,81.59,80.72,75.37,75.58,79.85,78.51,76.36,73.54,75.22,73.87,74.39,73.8,71.51,76.44,77.89,74.78,74.18,74.02,72.73,74.03,76.82,74.95,75.74,74.98,76.1,75.5,70.41,76.2,72.93,70.57,74.51,74.44,66.85,74.84,78.25,78.98,74.62,70.55,71.15,75.3,78.6,77.12,74.62,75.38,76.32,73.65,75.51,78.39,75.63,78.08,75.21,78.2,80.14,79.66,77.27
2026-03-04 11:03:43,80.21,86.47,86.84,83.52,76.93,81.93,81.07,75.35,75.66,79.93,78.56,76.6,73.87,75.26,73.93,74.64,74.02,71.4,76.63,78.14,75.1,74.4,74.28,72.96,73.98,76.99,75.28,75.96,75.06,76.26,76.07,71.4,76.62,72.93,70.71,74.68,74.78,67.59,75.17,78.55,79.44,75.22,71.2,71.78,75.68,78.9,77.55,75.0,75.54,76.6,73.79,75.53,78.45,75.44,77.77,75.16,78.5,80.34,79.71,77.14
2026-03-04 11:03:44,80.45,86.48,86.82,83.5,77.13,82.29,81.44,75.4,75.75,79.98,78.65,76.8,74.23,75.34,74.07,74.92,74.29,71.39,76.86,78.36,75.42,74.68,74.59,73.22,73.89,77.11,75.56,76.2,75.15,76.4,76.62,72.4,77.03,72.96,70.91,74.86,75.11,68.33,75.52,78.83,79.86,75.83,71.88,72.41,76.03,79.16,77.98,75.4,75.76,76.9,73.98,75.63,78.56,75.37,77.52,75.13,78.77,80.5,79.76,77.06
2026-03-04 11:03:45,80.74,86.57,86.88,83.55,77.37,82.68,81.86,75.56,75.86,80.01,78.73,76.91,74.54,75.46,74.31,75.27,74.66,71.54,77.15,78.57,75.79,75.0,74.91,73.55,73.86,77.19,75.82,76.49,75.36,76.62,77.16,73.4,77.49,73.1,71.18,75.04,75.41,69.11,75.89,79.06,80.17,76.42,72.59,73.1,76.43,79.41,78.41,75.82,76.06,77.25,74.23,75.81,78.74,75.41,77.38,75.17,79.06,80.69,79.85,77.04
2026-03-04 11:03:46,81.08,86.73,87.03,83.65,77.63,83.1,82.32,75.84,75.97,80.01,78.78,76.92,74.78,75.59,74.64,75.7,75.11,71.84,77.47,78.78,76.2,75.36,75.22,73.94,73.91,77.22,76.07,76.82,75.67,76.91,77.7,74.4,77.98,73.35,71.5,75.2,75.64,69.9,76.28,79.23,80.34,76.99,73.35,73.84,76.89,79.66,78.83,76.26,76.43,77.63,74.52,76.08,78.97,75.56,77.35,75.28,79.38,80.91,80.0,77.11
2026-03-04 11:03:47,81.46,86.95,87.25,83.81,77.9,83.53,82.81,76.21,76.08,79.99,78.82,76.82,74.97,75.74,75.04,76.2,75.64,72.27,77.82,78.96,76.65,75.74,75.52,74.37,74.01,77.21,76.3,77.19,76.06,77.27,78.24,75.4,78.5,73.69,71.85,75.34,75.81,70.71,76.68,79.34,80.4,77.52,74.13,74.62,77.4,79.9,79.25,76.7,76.85,78.04,74.83,76.42,79.25,75.78,77.41,75.47,79.72,81.16,80.21,77.24
2026-03-04 11:03:48,81.86,87.23,87.52,84.01,78.19,83.98,83.33,76.65,76.2,79.95,78.83,76.64,75.1,75.9,75.5,76.75,76.22,72.81,78.19,79.14,77.11,76.14,75.8,74.84,74.17,77.16,76.52,77.59,76.52,77.68,78.76,76.37,79.05,74.11,72.23,75.45,75.93,71.52,77.08,79.41,80.36,78.01,74.93,75.44,77.93,80.13,79.66,77.14,77.31,78.46,75.17,76.82,79.56,76.08,77.56,75.7,80.07,81.42,80.45,77.43
2026-03-04 11:03:49,82.28,87.54,87.85,84.24,78.49,84.44,83.86,77.16,76.3,79.89,78.83,76.39,75.19,76.06,76.0,77.33,76.84,73.43,78.57,79.3,77.6,76.54,76.06,75.34,74.37,77.09,76.73,78.0,77.04,78.12,79.28,77.32,79.6,74.59,72.63,75.55,76.01,72.33,77.48,79.43,80.23,78.48,75.73,76.27,78.49,80.34,80.05,77.57,77.81,78.9,75.52,77.26,79.91,76.44,77.77,75.99,80.43,81.7,80.72,77.67
2026-03-04 11:03:50,82.71,87.89,88.21,84.51,78.78,84.89,84.4,77.71,76.41,79.82,78.82,76.08,75.24,76.24,76.53,77.94,77.5,74.12,78.96,79.44,78.1,76.95,76.31,75.86,74.61,76.99,76.92,78.43,77.6,78.6,79.78,78.23,80.15,75.12,73.05,75.63,76.04,73.13,77.88,79.42,80.02,78.91,76.53,77.1,79.07,80.55,80.42,78.0,78.33,79.34,75.87,77.74,80.27,76.85,78.05,76.31,80.8,81.98,81.01,77.95
2026-03-04 11:03:51,83.16,88.25,88.58,84.76,79.06,85.3,84.89,78.24,76.49,79.75,78.8,75.74,75.25,76.41,77.06,78.54,78.14,74.78,79.31,79.56,78.56,77.34,76.53,76.35,74.83,76.87,77.08,78.83,78.17,79.06,80.23,79.06,80.67,75.66,73.48,75.72,76.08,73.91,78.25,79.38,79.76,79.28,77.29,77.86,79.62,80.75,80.78,78.41,78.84,79.77,76.23,78.22,80.65,77.29,78.35,76.64,81.16,82.24,81.31,78.27
2026-03-04 11:03:52,83.59,88.58,88.9,84.94,79.27,85.57,85.21,78.59,76.52,79.68,78.82,75.46,75.23,76.53,77.45,79.05,78.68,75.32,79.55,79.62,78.9,77.64,76.69,76.76,75.0,76.75,77.19,79.13,78.64,79.41,80.57,79.72,81.08,76.15,73.9,75.8,76.16,74.7,78.58,79.3,79.47,79.57,77.96,78.49,80.11,80.94,81.11,78.78,79.29,80.19,76.57,78.62,80.99,77.7,78.63,76.94,81.44,82.43,81.58,78.57
2026-03-04 11:03:53,84.01,88.87,89.14,85.1,79.45,85.74,85.42,78.84,76.51,79.52,78.83,75.23,75.15,76.59,77.72,79.45,79.09,75.78,79.72,79.6,79.13,77.87,76.81,77.12,75.16,76.62,77.25,79.32,78.98,79.64,80.81,80.28,81.4,76.51,74.24,75.78,76.24,75.45,78.87,79.16,79.19,79.83,78.55,79.03,80.53,81.08,81.37,79.13,79.67,80.57,76.92,79.01,81.34,78.06,78.85,77.14,81.62,82.54,81.77,78.81
2026-03-04 11:03:54,84.38,89.12,89.32,85.18,79.58,85.8,85.54,79.01,76.45,79.17,78.8,75.05,75.05,76.57,77.94,79.77,79.42,76.2,79.82,79.53,79.28,78.03,76.86,77.4,75.3,76.46,77.25,79.38,79.17,79.7,80.92,80.74,81.63,76.72,74.45,75.65,76.32,76.17,79.13,79.02,78.94,80.04,79.08,79.49,80.89,81.19,81.56,79.46,80.04,80.87,77.26,79.4,81.7,78.44,79.07,77.35,81.79,82.65,81.9,79.02
2026-03-04 11:03:55,84.72,89.33,89.44,85.21,79.64,85.74,85.59,79.11,76.36,78.64,78.75,74.91,74.94,76.49,78.12,80.04,79.69,76.57,79.85,79.41,79.36,78.14,76.84,77.6,75.41,76.27,77.18,79.31,79.25,79.63,80.92,81.1,81.77,76.81,74.56,75.42,76.39,76.86,79.37,78.89,78.71,80.22,79.56,79.9,81.21,81.28,81.69,79.77,80.41,81.08,77.57,79.78,82.1,78.87,79.31,77.57,81.96,82.75,81.98,79.2
2026-03-04 11:03:56,85.02,89.51,89.51,85.19,79.67,85.61,85.57,79.16,76.24,78.01,78.65,74.8,74.82,76.37,78.25,80.25,79.9,76.88,79.83,79.24,79.34,78.17,76.77,77.72,75.49,76.05,77.03,79.14,79.21,79.44,80.81,81.36,81.77,76.78,74.6,75.16,76.47,77.5,79.57,78.72,78.47,80.32,79.96,80.22,81.45,81.34,81.76,80.06,80.75,81.21,77.83,80.11,82.46,79.29,79.53,77.77,82.12,82.85,82.03,79.37
2026-03-04 11:03:57,85.24,89.59,89.51,85.18,79.69,85.41,85.45,79.15,76.1,77.39,78.5,74.71,74.7,76.27,78.34,80.36,80.04,77.14,79.73,79.04,79.24,78.09,76.67,77.75,75.48,75.81,76.85,78.89,79.1,79.18,80.64,81.48,81.61,76.68,74.59,74.91,76.52,78.04,79.68,78.47,78.19,80.34,80.25,80.43,81.59,81.28,81.8,80.31,81.03,81.27,78.03,80.34,82.71,79.64,79.69,77.93,82.24,82.93,82.03,79.49
2026-03-04 11:03:58,85.38,89.54,89.42,85.14,79.68,85.1,85.23,79.04,75.93,76.82,78.34,74.66,74.62,76.2,78.4,80.4,80.1,77.37,79.55,78.83,79.14,78.01,76.59,77.77,75.44,75.58,76.65,78.55,78.9,78.92,80.46,81.48,81.4,76.55,74.53,74.63,76.46,78.47,79.73,78.22,77.9,80.31,80.4,80.57,81.62,81.09,81.76,80.5,81.25,81.27,78.2,80.52,82.91,79.94,79.82,78.07,82.34,83.01,82.0,79.51
2026-03-04 11:03:59,85.46,89.36,89.25,85.06,79.63,84.71,84.92,78.85,75.73,76.29,78.18,74.67,74.6,76.15,78.45,80.37,80.09,77.57,79.3,78.61,79.05,77.93,76.54,77.76,75.38,75.37,76.45,78.15,78.62,78.66,80.26,81.37,81.15,76.39,74.41,74.33,76.32,78.79,79.74,77.99,77.62,80.23,80.42,80.65,81.58,80.8,81.68,80.66,81.42,81.22,78.35,80.68,83.06,80.2,79.91,78.18,82.42,83.08,81.92,79.42
2026-03-04 11:04:00,85.47,89.07,89.01,84.97,79.54,84.25,84.55,78.58,75.51,75.81,78.01,74.72,74.62,76.12,78.48,80.3,80.02,77.76,78.99,78.39,78.97,77.87,76.51,77.75,75.31,75.16,76.24,77.69,78.29,78.4,80.05,81.17,80.87,76.22,74.26,74.0,76.11,79.02,79.72,77.76,77.35,80.12,80.33,80.66,81.45,80.41,81.54,80.78,81.55,81.13,78.47,80.82,83.17,80.42,79.97,78.27,82.49,83.15,81.81,79.26
2026-03-04 11:04:01,85.43,88.7,88.72,84.86,79.44,83.74,84.11,78.25,75.27,75.36,77.83,74.8,74.68,76.12,78.5,80.18,79.9,77.92,78.64,78.17,78.9,77.81,76.5,77.73,75.22,74.97,76.04,77.19,77.9,78.16,79.84,80.88,80.57,76.03,74.07,73.67,75.83,79.16,79.66,77.55,77.08,79.97,80.14,80.63,81.27,79.94,81.36,80.86,81.64,81.0,78.58,80.93,83.25,80.6,80.0,78.35,82.55,83.21,81.67,79.02
2026-03-04 11:04:02,85.35,88.25,88.38,84.73,79.31,83.18,83.64,77.88,75.02,74.96,77.66,74.91,74.78,76.14,78.5,80.02,79.73,78.07,78.24,77.95,78.84,77.76,76.5,77.69,75.11,74.8,75.84,76.65,77.47,77.92,79.62,80.53,80.25,75.83,73.85,73.33,75.5,79.23,79.58,77.35,76.82,79.81,79.87,80.56,81.03,79.41,81.15,80.92,81.69,80.83,78.67,81.02,83.29,80.74,80.01,78.4,82.59,83.27,81.51,78.72
2026-03-04 11:04:03,85.23,87.74,88.01,84.59,79.17,82.6,83.13,77.46,74.77,74.59,77.49,75.05,74.9,76.16,78.5,79.83,79.53,78.2,77.81,77.73,78.78,77.72,76.53,77.65,75.0,74.63,75.64,76.09,77.02,77.69,79.41,80.12,79.92,75.63,73.61,72.98,75.12,79.23,79.47,77.17,76.57,79.62,79.54,80.45,80.75,78.84,80.91,80.95,81.71,80.64,78.74,81.09,83.31,80.86,80.0,78.45,82.62,83.32,81.33,78.37
2026-03-04 11:04:04,85.08,87.19,87.61,84.45,79.02,81.99,82.6,77.02,74.51,74.27,77.32,75.2,75.05,76.21,78.49,79.62,79.3,78.31,77.36,77.51,78.73,77.68,76.56,77.6,74.88,74.48,75.45,75.52,76.54,77.47,79.19,79.67,79.58,75.42,73.36,72.64,74.72,79.18,79.34,76.99,76.34,79.42,79.15,80.31,80.44,78.23,80.65,80.96,81.71,80.43,78.8,81.14,83.3,80.94,79.98,78.48,82.64,83.36,81.14,77.98
2026-03-04 11:04:05,84.9,86.6,87.19,84.29,78.85,81.37,82.05,76.55,74.25,73.97,77.16,75.38,75.22,76.26,78.47,79.38,79.04,78.41,76.9,77.3,78.69,77.65,76.61,77.55,74.76,74.34,75.26,74.94,76.05,77.26,78.99,79.19,79.24,75.21,73.09,72.3,74.29,79.08,79.2,76.83,76.12,79.2,78.71,80.15,80.1,77.59,80.37,80.95,81.68,80.2,78.84,81.18,83.27,81.01,79.93,78.49,82.66,83.4,80.93,77.56
2026-03-04 11:04:06,84.7,85.98,86.75,84.13,78.68,80.74,81.49,76.07,73.99,73.72,77.0,75.56,75.4,76.32,78.45,79.14,78.77,78.49,76.43,77.1,78.66,77.62,76.67,77.5,74.64,74.22,75.08,74.36,75.55,77.06,78.78,78.68,78.9,75.01,72.82,71.97,73.84,78.94,79.05,76.69,75.91,78.98,78.24,79.97,79.73,76.94,80.08,80.92,81.64,79.97,78.87,81.2,83.23,81.05,79.88,78.5,82.66,83.44,80.73,77.12
2026-03-04 11:04:07,84.48,85.36,86.31,83.97,78.5,80.12,80.93,75.59,73.73,73.49,76.85,75.75,75.59,76.39,78.42,78.88,78.48,78.56,75.95,76.91,78.63,77.6,76.73,77.44,74.51,74.1,74.91,73.78,75.05,76.87,78.59,78.16,78.56,74.8,72.54,71.64,73.39,78.77,78.89,76.56,75.71,78.76,77.75,79.77,79.36,76.28,79.79,80.87,81.57,79.72,78.89,81.22,83.16,81.07,79.82,78.5,82.66,83.47,80.51,76.67
2026-03-04 11:04:08,84.25,84.72,85.87,83.81,78.32,79.5,80.38,75.1,73.48,73.29,76.7,75.95,75.79,76.46,78.38,78.61,78.19,78.62,75.48,76.73,78.6,77.58,76.8,77.38,74.39,74.0,74.75,73.22,74.55,76.7,78.4,77.63,78.23,74.6,72.26,71.33,72.93,78.57,78.73,76.43,75.53,78.53,77.25,79.56,78.98,75.63,79.49,80.81,81.5,79.47,78.91,81.22,83.09,81.07,79.74,78.49,82.65,83.49,80.3,76.21
2026-03-04 11:04:09,84.03,84.1,85.44,83.66,78.16,78.91,79.85,74.63,73.24,73.13,76.57,76.16,75.99,76.54,78.35,78.35,77.9,78.66,75.02,76.56,78.59,77.57,76.88,77.32,74.27,73.91,74.6,72.68,74.07,76.54,78.23,77.1,77.91,74.41,71.99,71.04,72.47,78.35,78.56,76.33,75.36,78.3,76.73,79.35,78.59,74.98,79.19,80.74,81.41,79.22,78.91,81.21,83.01,81.06,79.67,78.48,82.64,83.51,80.08,75.75
2026-03-04 11:04:10,83.85,83.6,85.12,83.56,78.09,78.48,79.44,74.27,73.02,73.02,76.5,76.39,76.22,76.62,78.37,78.16,77.67,78.64,74.59,76.44,78.6,77.57,76.94,77.27,74.21,73.86,74.47,72.22,73.61,76.41,78.05,76.61,77.63,74.28,71.77,70.8,72.09,78.13,78.4,76.26,75.22,78.06,76.26,79.14,78.25,74.4,78.9,80.66,81.33,78.98,78.89,81.19,82.9,81.06,79.6,78.46,82.6,83.5,79.88,75.34
2026-03-04 11:04:11,83.71,83.19,84.88,83.48,78.08,78.16,79.13,74.02,72.82,72.93,76.45,76.61,76.44,76.72,78.4,77.96,77.46,78.53,74.16,76.32,78.63,77.56,76.94,77.21,74.21,73.85,74.36,71.81,73.15,76.22,77.81,76.14,77.36,74.18,71.63,70.65,71.77,77.94,78.23,76.18,75.13,77.85,75.85,78.95,77.95,73.97,78.66,80.59,81.26,78.71,78.77,81.11,82.78,81.06,79.53,78.43,82.5,83.39,79.69,75.0
2026-03-04 11:04:12,83.62,82.85,84.7,83.38,78.11,77.87,78.81,73.84,72.66,72.87,76.4,76.78,76.62,76.78,78.43,77.73,77.22,78.38,73.76,76.15,78.65,77.51,76.89,77.14,74.24,73.88,74.24,71.45,72.7,75.99,77.5,75.69,77.08,74.11,71.53,70.52,71.5,77.74,78.06,76.05,75.01,77.64,75.5,78.77,77.67,73.64,78.45,80.51,81.18,78.48,78.62,80.98,82.64,81.04,79.44,78.37,82.35,83.25,79.55,74.76
2026-03-04 11:04:13,83.53,82.62,84.62,83.33,78.15,77.6,78.5,73.75,72.65,72.92,76.41,76.95,76.76,76.83,78.47,77.53,76.97,78.24,73.45,75.97,78.64,77.39,76.83,77.05,74.28,73.9,74.19,71.18,72.3,75.77,77.18,75.25,76.81,74.09,71.47,70.48,71.34,77.54,77.87,75.9,74.89,77.43,75.21,78.6,77.42,73.38,78.28,80.42,81.09,78.32,78.54,80.87,82.51,81.02,79.35,78.27,82.15,83.13,79.48,74.61
2026-03-04 11:04:14,83.4,82.45,84.61,83.35,78.2,77.37,78.22,73.74,72.76,73.09,76.45,77.05,76.87,76.83,78.46,77.38,76.77,78.15,73.23,75.76,78.58,77.26,76.77,76.94,74.28,73.89,74.15,70.99,72.01,75.56,76.9,74.85,76.55,74.1,71.45,70.48,71.24,77.35,77.63,75.71,74.78,77.24,74.98,78.41,77.19,73.19,78.12,80.3,80.98,78.2,78.47,80.76,82.37,80.97,79.24,78.18,81.97,83.0,79.42,74.52
2026-03-04 11:04:15,83.31,82.38,84.71,83.39,78.37,77.24,78.03,73.83,72.98,73.36,76.53,77.14,76.99,76.78,78.41,77.21,76.61,78.11,73.09,75.52,78.49,77.13,76.73,76.83,74.24,73.84,74.09,70.84,71.81,75.4,76.72,74.57,76.28,74.1,71.48,70.5,71.13,77.13,77.32,75.39,74.67,77.08,74.78,78.12,76.99,73.1,77.99,80.14,80.85,78.08,78.38,80.62,82.19,80.89,79.08,78.12,81.8,82.84,79.38,74.48
2026-03-04 11:04:16,83.29,82.44,84.89,83.4,78.66,77.26,77.96,74.05,73.33,73.75,76.69,77.23,77.12,76.71,78.32,77.04,76.5,78.12,73.02,75.25,78.39,77.04,76.72,76.73,74.18,73.77,74.03,70.7,71.69,75.29,76.64,74.41,76.01,74.08,71.57,70.53,71.02,76.89,76.94,74.94,74.56,76.96,74.6,77.7,76.79,73.08,77.9,79.95,80.71,77.99,78.29,80.48,81.98,80.76,78.87,78.09,81.63,82.65,79.38,74.5
2026-03-04 11:04:17,83.31,82.6,85.16,83.41,79.07,77.43,78.0,74.38,73.79,74.24,76.92,77.31,77.27,76.62,78.19,76.86,76.45,78.18,73.02,74.96,78.28,76.98,76.73,76.63,74.11,73.67,73.96,70.59,71.65,75.22,76.63,74.34,75.73,74.04,71.7,70.56,70.92,76.64,76.51,74.37,74.45,76.87,74.45,77.18,76.59,73.13,77.84,79.73,80.58,77.92,78.19,80.33,81.75,80.59,78.61,78.07,81.48,82.44,79.4,74.58
2026-03-04 11:04:18,83.37,82.85,85.5,83.41,79.56,77.7,78.12,74.79,74.34,74.81,77.21,77.39,77.42,76.51,78.05,76.67,76.45,78.29,73.08,74.66,78.17,76.94,76.76,76.55,74.03,73.58,73.9,70.51,71.67,75.18,76.69,74.36,75.46,73.99,71.88,70.61,70.82,76.38,76.04,73.73,74.33,76.81,74.32,76.59,76.41,73.24,77.8,79.5,80.44,77.87,78.09,80.19,81.51,80.4,78.33,78.08,81.33,82.22,79.45,74.7
2026-03-04 11:04:19,83.49,83.15,85.87,83.47,80.1,78.03,78.27,75.23,74.91,75.41,77.52,77.52,77.56,76.42,77.9,76.48,76.51,78.46,73.21,74.41,78.02,76.92,76.8,76.51,74.02,73.56,73.87,70.48,71.76,75.19,76.72,74.39,75.21,73.93,72.07,70.69,70.79,76.14,75.63,73.16,74.24,76.7,74.17,76.0,76.23,73.35,77.72,79.28,80.34,77.85,77.93,80.06,81.28,80.22,78.1,78.13,81.18,81.96,79.48,74.85
2026-03-04 11:04:20,83.64,83.52,86.25,83.63,80.68,78.4,78.48,75.68,75.5,76.01,77.86,77.71,77.77,76.4,77.8,76.28,76.57,78.62,73.41,74.27,77.91,76.91,76.88,76.51,74.06,73.61,73.88,70.48,71.89,75.21,76.69,74.46,75.01,73.85,72.22,70.78,70.8,75.92,75.25,72.71,74.14,76.57,74.01,75.41,76.06,73.46,77.62,78.98,80.21,77.85,77.79,79.92,81.0,80.04,77.92,78.18,80.97,81.61,79.44,74.99
2026-03-04 11:04:21,83.81,83.92,86.64,83.86,81.26,78.82,78.75,76.17,76.07,76.58,78.22,77.93,77.99,76.47,77.75,76.11,76.61,78.72,73.62,74.2,77.84,76.92,76.95,76.52,74.11,73.71,73.93,70.5,72.06,75.24,76.61,74.56,74.89,73.81,72.39,70.92,70.81,75.72,74.92,72.34,74.05,76.4,73.86,74.87,75.89,73.57,77.53,78.71,80.06,77.86,77.59,79.74,80.6,79.83,77.81,78.24,80.73,81.22,79.36,75.18
2026-03-04 11:04:22,83.94,84.34,87.02,84.11,81.76,79.21,79.0,76.64,76.6,77.1,78.53,78.07,78.12,76.5,77.67,75.92,76.64,78.75,73.74,74.09,77.77,76.94,77.0,76.54,74.07,73.78,73.99,70.55,72.22,75.26,76.51,74.67,74.78,73.78,72.55,71.08,70.89,75.51,74.61,72.04,73.96,76.23,73.76,74.41,75.77,73.71,77.46,78.47,79.93,77.88,77.38,79.49,80.18,79.61,77.72,78.32,80.44,80.78,79.24,75.38
2026-03-04 11:04:23,83.97,84.7,87.35,84.36,82.23,79.58,79.19,77.07,77.08,77.55,78.78,78.19,78.2,76.51,77.58,75.74,76.63,78.73,73.8,73.97,77.67,76.9,77.06,76.58,74.04,73.87,74.09,70.66,72.37,75.24,76.42,74.79,74.68,73.75,72.7,71.25,71.01,75.31,74.33,71.82,73.9,76.08,73.69,74.03,75.67,73.83,77.33,78.16,79.71,77.8,77.09,79.13,79.69,79.34,77.63,78.43,80.16,80.27,79.07,75.53
2026-03-04 11:04:24,83.94,85.06,87.67,84.63,82.69,79.96,79.4,77.49,77.52,77.92,79.02,78.35,78.27,76.53,77.54,75.64,76.62,78.68,73.87,73.89,77.54,76.77,77.1,76.6,74.01,73.99,74.24,70.82,72.52,75.19,76.3,74.88,74.6,73.74,72.86,71.39,71.14,75.15,74.08,71.7,73.93,75.96,73.58,73.73,75.63,73.96,77.06,77.75,79.38,77.58,76.68,78.62,79.12,78.95,77.59,78.59,79.93,79.64,78.86,75.67
2026-03-04 11:04:25,83.87,85.4,87.98,84.9,83.15,80.38,79.63,77.92,77.93,78.22,79.26,78.53,78.34,76.54,77.56,75.62,76.63,78.62,73.97,73.85,77.4,76.55,77.11,76.6,73.97,74.15,74.42,71.02,72.66,75.13,76.15,74.95,74.53,73.73,73.04,71.51,71.27,75.02,73.86,71.66,74.02,75.88,73.45,73.51,75.64,74.09,76.66,77.24,78.96,77.24,76.16,77.98,78.5,78.46,77.57,78.78,79.73,78.91,78.62,75.81
2026-03-04 11:04:26,83.76,85.72,88.3,85.18,83.6,80.81,79.88,78.35,78.3,78.46,79.5,78.74,78.4,76.56,77.63,75.67,76.63,78.54,74.09,73.84,77.24,76.25,77.11,76.58,73.92,74.32,74.63,71.26,72.81,75.05,75.98,74.99,74.49,73.73,73.23,71.61,71.4,74.91,73.68,71.69,74.17,75.82,73.28,73.35,75.69,74.23,76.16,76.65,78.47,76.8,75.54,77.26,77.83,77.88,77.59,79.0,79.58,78.1,78.36,75.94
2026-03-04 11:04:27,83.62,86.03,88.6,85.46,84.04,81.25,80.14,78.77,78.64,78.64,79.73,78.97,78.45,76.58,77.73,75.77,76.65,78.46,74.22,73.86,77.08,75.89,77.09,76.54,73.86,74.51,74.86,71.53,72.95,74.95,75.79,75.01,74.46,73.73,73.42,71.69,71.52,74.82,73.52,71.79,74.37,75.78,73.09,73.25,75.79,74.37,75.58,76.01,77.91,76.28,74.86,76.45,77.13,77.23,77.63,79.24,79.45,77.22,78.08,76.07
2026-03-04 11:04:28,83.47,86.32,88.89,85.74,84.47,81.69,80.41,79.19,78.95,78.76,79.96,79.21,78.5,76.6,77.87,75.92,76.67,78.38,74.36,73.91,76.91,75.48,77.05,76.49,73.8,74.72,75.11,71.82,73.09,74.85,75.58,75.02,74.44,73.75,73.62,71.76,71.65,74.76,73.38,71.95,74.61,75.76,72.88,73.21,75.92,74.51,74.93,75.32,77.3,75.69,74.12,75.58,76.4,76.52,77.69,79.51,79.36,76.3,77.8,76.19
2026-03-04 11:04:29,83.29,86.59,89.17,86.02,84.88,82.14,80.69,79.59,79.23,78.84,80.17,79.47,78.54,76.61,78.03,76.11,76.69,78.28,74.51,73.97,76.74,75.03,77.0,76.43,73.74,74.94,75.37,72.12,73.22,74.74,75.37,75.01,74.43,73.76,73.82,71.81,71.77,74.72,73.27,72.14,74.88,75.76,72.66,73.2,76.07,74.65,74.24,74.61,76.66,75.05,73.34,74.68,75.67,75.78,77.77,79.78,79.29,75.35,77.5,76.3
2026-03-04 11:04:30,83.1,86.84,89.44,86.29,85.27,82.58,80.97,79.98,79.48,78.88,80.38,79.73,78.58,76.63,78.21,76.34,76.71,78.19,74.67,74.06,76.56,74.55,76.94,76.37,73.67,75.17,75.64,72.44,73.35,74.62,75.15,74.99,74.44,73.78,74.02,71.84,71.88,74.69,73.18,72.38,75.17,75.78,72.43,73.24,76.25,74.78,73.5,73.87,76.0,74.38,72.53,73.74,74.93,75.01,77.86,80.07,79.25,74.37,77.2,76.4
2026-03-04 11:04:31,82.89,87.08,89.7,86.56,85.65,83.01,81.25,80.36,79.69,78.89,80.57,79.99,78.61,76.65,78.41,76.59,76.74,78.09,74.83,74.16,76.38,74.06,76.87,76.29,73.61,75.39,75.92,72.76,73.47,74.5,74.93,74.95,74.45,73.8,74.22,71.86,71.99,74.68,73.1,72.64,75.48,75.81,72.19,73.31,76.44,74.91,72.74,73.12,75.32,73.68,71.71,72.79,74.2,74.22,77.96,80.36,79.22,73.4,76.9,76.5
2026-03-04 11:04:32,82.68,87.3,89.94,86.81,86.0,83.44,81.52,80.72,79.89,78.86,80.76,80.26,78.64,76.67,78.62,76.86,76.77,77.99,74.99,74.27,76.21,73.54,76.8,76.21,73.54,75.62,76.19,73.09,73.59,74.38,74.71,74.91,74.47,73.83,74.41,71.87,72.1,74.68,73.05,72.93,75.81,75.85,71.96,73.41,76.64,75.04,71.96,72.37,74.63,72.96,70.88,71.83,73.49,73.43,78.07,80.65,79.22,72.43,76.6,76.59
2026-03-04 11:04:33,82.48,87.5,90.16,87.06,86.32,83.84,81.8,81.07,80.06,78.81,80.94,80.52,78.67,76.7,78.85,77.14,76.8,77.9,75.15,74.4,76.04,73.03,76.72,76.13,73.48,75.85,76.47,73.41,73.7,74.26,74.5,74.86,74.5,73.85,74.6,71.88,72.2,74.7,73.01,73.24,76.15,75.9,71.72,73.54,76.85,75.16,71.19,71.64,73.96,72.24,70.07,70.9,72.79,72.65,78.19,80.93,79.23,71.48,76.32,76.68
2026-03-04 11:04:34,82.36,87.7,90.35,87.3,86.62,84.26,82.11,81.41,80.26,78.79,81.14,80.79,78.75,76.78,79.08,77.37,76.87,77.86,75.36,74.58,75.92,72.61,76.67,76.09,73.47,76.08,76.72,73.71,73.81,74.22,74.38,74.84,74.56,73.87,74.81,71.95,72.32,74.75,73.01,73.58,76.51,75.97,71.56,73.71,77.02,75.29,70.55,71.03,73.38,71.6,69.37,70.12,72.2,71.98,78.29,81.17,79.24,70.72,76.11,76.81
2026-03-04 11:04:35,82.36,87.97,90.55,87.55,86.91,84.69,82.47,81.73,80.48,78.89,81.42,81.08,78.85,76.89,79.34,77.59,76.97,77.83,75.59,74.84,75.87,72.29,76.63,76.11,73.54,76.33,76.99,74.04,73.98,74.23,74.34,74.89,74.69,73.94,75.04,72.09,72.47,74.82,73.07,73.96,76.89,76.05,71.48,73.9,77.19,75.43,70.07,70.55,72.95,71.14,68.78,69.54,71.77,71.46,78.34,81.36,79.24,70.14,75.95,76.91
2026-03-04 11:04:36,82.45,88.27,90.63,87.76,87.18,85.07,82.82,82.0,80.7,79.06,81.69,81.35,78.93,76.99,79.59,77.84,77.13,77.82,75.82,75.11,75.88,72.08,76.59,76.12,73.65,76.56,77.23,74.37,74.19,74.31,74.33,74.94,74.8,73.98,75.15,72.23,72.64,74.95,73.16,74.3,77.19,76.11,71.43,74.05,77.29,75.55,69.7,70.17,72.63,70.75,68.26,69.11,71.48,71.1,78.35,81.44,79.16,69.69,75.79,76.98
2026-03-04 11:04:37,82.61,88.57,90.56,87.91,87.42,85.4,83.12,82.19,80.91,79.29,81.91,81.57,78.97,77.04,79.82,78.11,77.35,77.87,76.07,75.38,75.94,71.95,76.52,76.12,73.78,76.75,77.43,74.68,74.42,74.48,74.37,74.97,74.88,73.97,75.12,72.35,72.83,75.13,73.31,74.58,77.41,76.15,71.44,74.18,77.31,75.6,69.44,69.88,72.38,70.41,67.85,68.81,71.3,70.89,78.34,81.37,79.0,69.34,75.63,77.03
2026-03-04 11:04:38,82.84,88.87,90.35,88.02,87.63,85.68,83.37,82.3,81.1,79.57,82.09,81.76,78.98,77.06,80.02,78.38,77.63,77.95,76.34,75.64,76.04,71.9,76.44,76.1,73.93,76.91,77.57,74.97,74.67,74.7,74.46,74.99,74.94,73.93,74.98,72.45,73.05,75.35,73.5,74.82,77.54,76.18,71.48,74.29,77.26,75.61,69.26,69.66,72.21,70.11,67.54,68.62,71.2,70.82,78.3,81.2,78.77,69.08,75.48,77.07
2026-03-04 11:04:39,83.11,89.17,90.03,88.08,87.83,85.92,83.59,82.34,81.29,79.88,82.24,81.91,78.97,77.04,80.2,78.65,77.95,78.08,76.61,75.89,76.17,71.92,76.35,76.06,74.09,77.04,77.68,75.23,74.93,74.97,74.58,74.99,74.97,73.84,74.74,72.53,73.29,75.62,73.73,75.01,77.61,76.2,71.57,74.38,77.16,75.58,69.16,69.51,72.1,69.86,67.32,68.52,71.19,70.87,78.24,80.92,78.47,68.92,75.33,77.09
2026-03-04 11:04:40,83.42,89.47,89.61,88.11,88.0,86.11,83.77,82.33,81.47,80.23,82.36,82.04,78.93,77.0,80.37,78.93,78.3,78.23,76.89,76.13,76.34,72.0,76.25,76.01,74.26,77.14,77.74,75.48,75.19,75.29,74.72,74.99,74.98,73.73,74.41,72.6,73.54,75.92,73.98,75.16,77.62,76.2,71.68,74.44,77.0,75.51,69.12,69.42,72.05,69.64,67.18,68.51,71.25,71.02,78.16,80.56,78.12,68.83,75.19,77.1
2026-03-04 11:04:41,83.77,89.76,89.11,88.1,88.15,86.26,83.91,82.27,81.63,80.59,82.45,82.13,78.87,76.93,80.51,79.2,78.69,78.41,77.17,76.37,76.52,72.14,76.14,75.95,74.43,77.21,77.78,75.7,75.46,75.64,74.89,74.98,74.98,73.59,74.01,72.66,73.8,76.24,74.26,75.27,77.58,76.19,71.82,74.5,76.79,75.42,69.15,69.39,72.05,69.46,67.1,68.57,71.36,71.25,78.07,80.13,77.73,68.8,75.05,77.1
2026-03-04 11:04:42,84.14,90.03,88.54,88.07,88.28,86.38,84.03,82.17,81.78,80.97,82.51,82.2,78.79,76.84,80.64,79.47,79.09,78.61,77.45,76.59,76.73,72.31,76.02,75.89,74.61,77.27,77.79,75.91,75.73,76.02,75.09,74.96,74.96,73.43,73.55,72.7,74.07,76.57,74.56,75.36,77.49,76.17,71.98,74.53,76.56,75.29,69.23,69.4,72.09,69.31,67.09,68.7,71.53,71.56,77.96,79.65,77.3,68.84,74.92,77.09
2026-03-04 11:04:43,84.55,90.32,88.0,88.03,88.39,86.49,84.14,82.05,81.94,81.35,82.57,82.27,78.74,76.77,80.74,79.71,79.49,78.81,77.71,76.8,76.95,72.53,75.94,75.83,74.8,77.31,77.78,76.1,76.01,76.42,75.29,74.96,74.96,73.3,73.11,72.74,74.35,76.92,74.86,75.42,77.4,76.15,72.16,74.58,76.31,75.18,69.34,69.49,72.19,69.22,67.14,68.91,71.76,71.95,77.9,79.19,76.9,68.95,74.85,77.12
2026-03-04 11:04:44,84.96,90.6,87.58,88.02,88.47,86.55,84.25,81.98,82.1,81.69,82.65,82.35,78.78,76.76,80.83,79.89,79.81,78.96,77.94,77.0,77.17,72.78,75.91,75.83,75.01,77.35,77.75,76.27,76.31,76.83,75.51,75.02,75.06,73.3,72.78,72.86,74.66,77.26,75.14,75.44,77.36,76.22,72.41,74.67,76.11,75.12,69.48,69.67,72.38,69.25,67.29,69.21,72.1,72.42,77.95,78.86,76.59,69.19,74.91,77.23
2026-03-04 11:04:45,85.39,90.89,87.29,88.11,88.61,86.68,84.39,81.96,82.28,82.04,82.81,82.5,78.93,76.89,80.99,80.1,80.1,79.1,78.14,77.22,77.45,73.09,75.95,75.89,75.27,77.38,77.68,76.43,76.57,77.24,75.77,75.15,75.24,73.38,72.6,73.05,74.96,77.5,75.42,75.51,77.37,76.37,72.76,74.83,75.98,75.13,69.69,69.91,72.64,69.43,67.54,69.6,72.49,72.93,78.03,78.58,76.38,69.49,75.01,77.39
2026-03-04 11:04:46,85.79,91.18,87.14,88.25,88.82,86.9,84.57,82.0,82.5,82.43,83.06,82.75,79.17,77.1,81.2,80.37,80.44,79.27,78.32,77.51,77.77,73.46,76.05,76.0,75.56,77.39,77.59,76.62,76.86,77.67,76.1,75.37,75.45,73.56,72.55,73.31,75.31,77.76,75.74,75.65,77.43,76.59,73.19,75.02,75.9,75.21,70.0,70.17,72.96,69.69,67.9,70.05,72.94,73.45,78.13,78.35,76.26,69.82,75.08,77.56
2026-03-04 11:04:47,86.02,91.45,87.08,88.37,89.02,87.16,84.75,82.08,82.67,82.81,83.34,83.01,79.4,77.27,81.39,80.61,80.76,79.44,78.55,77.8,78.1,73.84,76.18,76.13,75.83,77.44,77.59,76.84,77.15,78.03,76.44,75.62,75.73,73.82,72.58,73.62,75.67,78.05,76.03,75.79,77.52,76.85,73.6,75.18,75.83,75.34,70.34,70.48,73.36,70.06,68.35,70.57,73.44,74.01,78.29,78.2,76.24,70.21,75.2,77.78
2026-03-04 11:04:48,86.19,91.72,87.1,88.48,89.13,87.42,84.94,82.2,82.84,83.2,83.63,83.23,79.6,77.41,81.54,80.83,81.05,79.62,78.79,78.09,78.43,74.24,76.29,76.22,76.03,77.54,77.68,77.09,77.37,78.12,76.73,75.91,76.07,74.13,72.65,73.93,76.02,78.32,76.31,75.95,77.62,77.1,73.92,75.25,75.74,75.47,70.69,70.81,73.78,70.51,68.86,71.1,73.96,74.59,78.47,78.02,76.27,70.66,75.38,78.05
2026-03-04 11:04:49,86.3,91.96,87.17,88.6,89.14,87.68,85.14,82.34,83.0,83.58,83.93,83.41,79.76,77.56,81.65,81.04,81.3,79.82,79.05,78.39,78.76,74.65,76.38,76.27,76.16,77.68,77.85,77.37,77.52,77.96,76.96,76.23,76.46,74.49,72.76,74.24,76.33,78.58,76.6,76.11,77.74,77.33,74.16,75.25,75.64,75.6,71.04,71.15,74.21,71.01,69.43,71.63,74.48,75.18,78.65,77.82,76.35,71.15,75.63,78.36
2026-03-04 11:04:50,86.38,92.19,87.29,88.71,89.07,87.92,85.33,82.52,83.17,83.96,84.24,83.55,79.88,77.69,81.73,81.25,81.53,80.03,79.31,78.67,79.09,75.07,76.46,76.29,76.23,77.85,78.1,77.67,77.61,77.58,77.14,76.58,76.88,74.88,72.9,74.53,76.63,78.83,76.89,76.28,77.86,77.55,74.31,75.17,75.51,75.74,71.39,71.51,74.66,71.56,70.03,72.16,74.99,75.77,78.85,77.6,76.48,71.68,75.92,78.7
2026-03-04 11:04:51,86.43,92.41,87.48,88.86,88.99,88.18,85.56,82.73,83.37,84.35,84.56,83.7,80.02,77.86,81.82,81.46,81.74,80.26,79.58,78.95,79.41,75.49,76.52,76.3,76.26,78.01,78.37,77.96,77.67,77.1,77.31,76.95,77.32,75.28,73.05,74.81,76.9,79.05,77.18,76.45,77.94,77.74,74.42,75.09,75.39,75.87,71.75,71.89,75.1,72.12,70.64,72.65,75.5,76.35,79.03,77.38,76.6,72.22,76.23,79.03
2026-03-04 11:04:52,86.5,92.62,87.74,89.06,88.97,88.5,85.85,83.01,83.63,84.73,84.89,83.89,80.22,78.08,81.96,81.67,81.95,80.47,79.78,79.13,79.62,75.89,76.58,76.3,76.27,78.1,78.58,78.21,77.75,76.72,77.51,77.36,77.75,75.62,73.15,75.0,77.15,79.27,77.45,76.62,78.0,77.91,74.58,75.08,75.31,75.97,72.1,72.3,75.55,72.69,71.21,73.08,75.94,76.89,79.13,77.17,76.66,72.72,76.47,79.26
2026-03-04 11:04:53,86.57,92.78,88.0,89.27,88.97,88.82,86.18,83.34,83.88,85.05,85.19,84.03,80.41,78.31,82.11,81.84,82.12,80.56,79.86,79.22,79.67,76.23,76.66,76.31,76.29,78.14,78.73,78.46,77.86,76.44,77.73,77.78,78.17,75.89,73.15,75.04,77.39,79.49,77.7,76.79,78.1,78.11,74.81,75.16,75.3,76.01,72.37,72.74,76.0,73.25,71.78,73.5,76.3,77.38,79.22,77.02,76.74,73.17,76.65,79.46
2026-03-04 11:04:54,86.66,92.91,88.26,89.48,88.98,89.15,86.55,83.7,84.1,85.29,85.44,84.12,80.59,78.53,82.24,81.97,82.25,80.54,79.83,79.22,79.58,76.5,76.75,76.3,76.33,78.15,78.82,78.69,78.01,76.26,77.96,78.19,78.57,76.11,73.06,74.96,77.6,79.71,77.91,76.95,78.24,78.33,75.08,75.3,75.35,75.99,72.57,73.19,76.45,73.81,72.35,73.91,76.57,77.82,79.32,76.92,76.84,73.57,76.79,79.63
2026-03-04 11:04:55,86.79,93.04,88.55,89.7,89.0,89.47,86.92,84.12,84.31,85.51,85.68,84.21,80.77,78.78,82.39,82.1,82.37,80.48,79.79,79.22,79.43,76.74,76.87,76.33,76.37,78.19,78.88,78.88,78.16,76.11,78.18,78.56,78.9,76.27,72.91,74.81,77.72,79.89,78.1,77.11,78.35,78.43,75.26,75.4,75.42,75.97,72.72,73.58,76.8,74.26,72.83,74.28,76.79,78.18,79.35,76.83,76.95,73.93,76.86,79.71
2026-03-04 11:04:56,86.91,93.12,88.81,89.9,89.03,89.73,87.27,84.5,84.47,85.67,85.89,84.25,80.93,79.02,82.5,82.24,82.49,80.4,79.73,79.23,79.25,76.95,76.99,76.39,76.41,78.22,78.89,79.0,78.24,75.94,78.25,78.82,79.16,76.37,72.78,74.65,77.69,79.98,78.27,77.21,78.42,78.45,75.32,75.45,75.51,75.99,72.84,73.88,77.03,74.62,73.28,74.63,76.94,78.42,79.24,76.75,77.07,74.3,76.87,79.68
2026-03-04 11:04:57,87.03,93.17,89.03,90.05,89.01,89.85,87.52,84.76,84.5,85.69,86.01,84.15,81.01,79.23,82.55,82.36,82.61,80.28,79.61,79.23,79.07,77.08,77.07,76.46,76.46,78.2,78.84,79.09,78.24,75.71,78.14,78.96,79.37,76.46,72.68,74.44,77.53,79.98,78.41,77.31,78.45,78.41,75.23,75.45,75.63,76.05,72.96,74.1,77.17,74.95,73.72,74.95,77.03,78.55,79.01,76.67,77.18,74.65,76.89,79.6
2026-03-04 11:04:58,87.15,93.18,89.21,90.14,88.95,89.86,87.67,84.88,84.41,85.59,86.06,83.92,80.99,79.4,82.53,82.46,82.7,80.13,79.44,79.23,78.89,77.14,77.12,76.55,76.51,78.14,78.74,79.14,78.17,75.45,77.89,79.01,79.53,76.54,72.61,74.21,77.29,79.92,78.53,77.39,78.44,78.32,75.0,75.41,75.78,76.15,73.1,74.26,77.25,75.25,74.14,75.26,77.09,78.58,78.69,76.6,77.25,74.99,76.92,79.47
2026-03-04 11:04:59,87.23,93.14,89.33,90.17,88.84,89.77,87.68,84.85,84.22,85.42,86.01,83.58,80.86,79.51,82.43,82.53,82.79,80.0,79.27,79.23,78.7,77.17,77.18,76.65,76.5,78.04,78.6,79.12,78.07,75.2,77.59,79.01,79.66,76.65,72.6,74.01,77.04,79.76,78.61,77.46,78.41,78.2,74.73,75.37,75.95,76.29,73.21,74.36,77.28,75.46,74.51,75.54,77.1,78.53,78.31,76.48,77.19,75.25,76.91,79.3
2026-03-04 11:05:00,87.31,93.06,89.4,90.15,88.7,89.6,87.48,84.69,83.98,85.19,85.85,83.17,80.58,79.53,82.31,82.6,82.87,79.92,79.16,79.27,78.55,77.19,77.26,76.76,76.38,77.91,78.44,79.02,77.94,74.95,77.25,78.98,79.77,76.79,72.69,73.91,76.81,79.4,78.61,77.47,78.35,78.07,74.48,75.35,76.16,76.45,73.36,74.48,77.3,75.58,74.79,75.82,77.13,78.46,77.93,76.33,76.99,75.4,76.85,79.12
2026-03-04 11:05:01,87.38,92.96,89.42,90.09,88.54,89.35,87.1,84.42,83.68,84.91,85.6,82.7,80.16,79.49,82.18,82.65,82.95,79.89,79.13,79.36,78.43,77.21,77.35,76.89,76.16,77.76,78.26,78.84,77.79,74.71,76.88,78.93,79.84,76.95,72.87,73.9,76.59,78.85,78.54,77.42,78.27,77.93,74.25,75.36,76.38,76.63,73.54,74.62,77.32,75.62,75.01,76.1,77.16,78.38,77.57,76.15,76.71,75.45,76.75,78.94
2026-03-04 11:05:02,87.46,92.84,89.4,90.0,88.36,89.04,86.57,84.05,83.35,84.6,85.26,82.18,79.62,79.38,82.04,82.71,83.04,79.91,79.15,79.47,78.35,77.22,77.46,77.01,75.84,77.6,78.07,78.6,77.62,74.47,76.49,78.86,79.9,77.13,73.11,73.96,76.37,78.16,78.42,77.33,78.16,77.8,74.05,75.38,76.63,76.83,73.75,74.79,77.34,75.59,75.16,76.36,77.21,78.28,77.21,75.95,76.34,75.41,76.61,78.75
2026-03-04 11:05:03,87.53,92.71,89.35,89.88,88.18,88.68,85.92,83.61,82.99,84.26,84.87,81.62,79.0,79.21,81.88,82.76,83.12,79.97,79.23,79.62,78.29,77.23,77.58,77.14,75.46,77.44,77.88,78.3,77.44,74.24,76.08,78.76,79.93,77.33,73.42,74.08,76.17,77.34,78.24,77.2,78.03,77.66,73.87,75.41,76.88,77.05,73.98,74.97,77.36,75.5,75.25,76.62,77.27,78.18,76.88,75.74,75.91,75.31,76.44,78.55
2026-03-04 11:05:04,87.6,92.56,89.27,89.73,87.98,88.28,85.17,83.11,82.6,83.91,84.43,81.04,78.31,79.01,81.72,82.8,83.18,80.05,79.34,79.79,78.25,77.23,77.7,77.28,75.02,77.27,77.68,77.97,77.26,74.02,75.66,78.65,79.94,77.54,73.77,74.25,75.98,76.43,78.02,77.04,77.89,77.53,73.71,75.46,77.13,77.27,74.22,75.16,77.37,75.37,75.3,76.85,77.33,78.07,76.55,75.52,75.43,75.14,76.25,78.36
2026-03-04 11:05:05,87.66,92.45,89.22,89.55,87.79,87.94,84.51,82.65,82.21,83.61,84.03,80.51,77.67,78.8,81.58,82.8,83.1,80.06,79.39,79.92,78.22,77.23,77.8,77.42,74.65,77.09,77.48,77.65,77.06,73.78,75.23,78.48,79.9,77.72,74.12,74.42,75.78,75.55,77.74,76.85,77.72,77.36,73.57,75.5,77.33,77.48,74.46,75.31,77.37,75.25,75.29,77.03,77.35,77.88,76.17,75.29,74.95,74.88,75.96,78.14
2026-03-04 11:05:06,87.7,92.39,89.25,89.41,87.64,87.69,84.03,82.31,81.9,83.39,83.72,80.04,77.14,78.64,81.45,82.75,82.77,79.95,79.26,79.98,78.2,77.22,77.78,77.57,74.38,76.85,77.25,77.31,76.84,73.53,74.77,78.17,79.77,77.83,74.45,74.57,75.57,74.75,77.41,76.66,77.54,77.13,73.46,75.53,77.39,77.65,74.67,75.38,77.37,75.14,75.18,77.14,77.34,77.59,75.7,75.04,74.51,74.57,75.56,77.9
2026-03-04 11:05:07,87.71,92.35,89.33,89.3,87.55,87.55,83.7,82.08,81.68,83.25,83.47,79.62,76.71,78.52,81.34,82.65,82.23,79.74,78.97,79.97,78.19,77.2,77.67,77.73,74.21,76.57,77.01,76.97,76.58,73.27,74.3,77.74,79.54,77.87,74.75,74.69,75.35,74.02,77.05,76.47,77.34,76.86,73.37,75.57,77.34,77.79,74.84,75.38,77.35,75.04,74.98,77.19,77.29,77.21,75.16,74.78,74.12,74.21,75.07,77.63
2026-03-04 11:05:08,87.7,92.35,89.47,89.22,87.5,87.48,83.51,81.95,81.54,83.17,83.29,79.25,76.36,78.43,81.25,82.51,81.51,79.45,78.53,79.9,78.19,77.18,77.48,77.89,74.12,76.24,76.74,76.63,76.29,73.01,73.81,77.22,79.25,77.87,75.02,74.79,75.12,73.37,76.67,76.28,77.14,76.54,73.31,75.61,77.19,77.89,74.99,75.31,77.33,74.96,74.7,77.19,77.21,76.76,74.55,74.52,73.76,73.83,74.49,77.35
2026-03-04 11:05:09,87.69,92.36,89.63,89.17,87.48,87.45,83.41,81.89,81.45,83.14,83.16,78.93,76.11,78.37,81.12,82.33,80.72,79.13,78.04,79.79,78.19,77.16,77.23,78.05,74.1,75.91,76.44,76.27,76.02,72.77,73.34,76.67,78.93,77.83,75.29,74.9,74.91,72.79,76.29,76.12,76.93,76.22,73.27,75.66,77.0,77.98,75.11,75.17,77.26,74.88,74.38,77.15,77.13,76.29,73.96,74.26,73.43,73.42,73.89,77.04
2026-03-04 11:05:10,87.63,92.35,89.77,89.16,87.48,87.43,83.41,81.91,81.41,83.15,83.07,78.71,76.0,78.4,80.99,82.18,80.06,78.91,77.66,79.72,78.26,77.2,77.03,78.19,74.11,75.62,76.15,75.94,75.79,72.59,72.92,76.22,78.64,77.81,75.58,75.03,74.75,72.25,75.97,76.0,76.73,75.93,73.23,75.67,76.83,78.05,75.21,74.98,77.09,74.76,74.09,77.07,77.07,75.94,73.47,74.03,73.14,73.06,73.37,76.76
2026-03-04 11:05:11,87.52,92.31,89.9,89.16,87.53,87.47,83.45,82.02,81.43,83.16,83.04,78.58,75.98,78.47,80.88,82.05,79.47,78.76,77.41,79.64,78.38,77.27,76.86,78.28,74.1,75.38,75.92,75.68,75.59,72.43,72.58,75.87,78.4,77.83,75.86,75.15,74.64,71.8,75.69,75.85,76.55,75.7,73.19,75.63,76.6,78.09,75.29,74.79,76.87,74.63,73.81,76.96,76.98,75.67,73.14,73.85,72.92,72.77,72.96,76.49
2026-03-04 11:05:12,87.42,92.28,90.0,89.17,87.6,87.5,83.49,82.14,81.48,83.17,83.01,78.46,75.98,78.56,80.77,81.84,78.95,78.66,77.2,79.49,78.49,77.34,76.65,78.29,74.07,75.13,75.62,75.47,75.41,72.28,72.3,75.57,78.16,77.79,76.07,75.26,74.52,71.43,75.46,75.71,76.34,75.51,73.16,75.56,76.32,78.06,75.34,74.6,76.63,74.49,73.52,76.79,76.85,75.44,72.89,73.74,72.76,72.53,72.59,76.22
2026-03-04 11:05:13,87.31,92.24,90.05,89.1,87.61,87.45,83.46,82.22,81.54,83.17,82.89,78.31,75.99,78.64,80.64,81.59,78.48,78.54,76.95,79.28,78.56,77.39,76.39,78.25,74.03,74.83,75.3,75.27,75.21,72.14,72.03,75.27,77.89,77.68,76.18,75.3,74.35,71.08,75.23,75.54,76.06,75.25,73.12,75.47,76.02,77.97,75.36,74.39,76.4,74.33,73.23,76.52,76.67,75.21,72.7,73.67,72.64,72.34,72.28,75.96
2026-03-04 11:05:14,87.2,92.19,90.08,88.99,87.58,87.36,83.37,82.24,81.62,83.2,82.77,78.22,76.07,78.73,80.5,81.35,78.1,78.42,76.69,79.06,78.57,77.39,76.15,78.22,73.99,74.59,74.99,75.08,75.03,72.06,71.81,74.97,77.52,77.49,76.16,75.23,74.1,70.73,74.96,75.32,75.76,74.94,73.06,75.34,75.72,77.86,75.37,74.17,76.15,74.18,72.99,76.23,76.45,74.99,72.58,73.63,72.52,72.18,71.99,75.67
2026-03-04 11:05:15,87.1,92.11,90.04,88.83,87.46,87.16,83.23,82.26,81.69,83.19,82.58,78.08,76.16,78.82,80.37,81.13,77.79,78.35,76.45,78.84,78.58,77.39,75.97,78.18,73.87,74.33,74.67,74.88,74.86,72.02,71.63,74.69,77.12,77.24,76.05,75.06,73.84,70.4,74.67,75.05,75.44,74.64,73.05,75.21,75.44,77.7,75.34,73.92,75.87,74.02,72.82,75.96,76.19,74.77,72.45,73.59,72.37,72.01,71.69,75.32
2026-03-04 11:05:16,86.96,91.96,89.98,88.65,87.22,86.84,83.02,82.29,81.76,83.06,82.24,77.89,76.25,78.88,80.22,80.9,77.53,78.3,76.19,78.56,78.55,77.31,75.78,78.14,73.76,74.01,74.35,74.66,74.71,72.02,71.48,74.41,76.71,76.98,75.93,74.88,73.59,70.15,74.41,74.74,75.12,74.31,73.06,75.12,75.14,77.53,75.27,73.63,75.51,73.78,72.68,75.73,75.95,74.52,72.31,73.52,72.11,71.78,71.38,74.9
2026-03-04 11:05:17,86.79,91.75,89.9,88.45,86.87,86.43,82.75,82.33,81.83,82.83,81.77,77.64,76.34,78.91,80.06,80.66,77.29,78.28,75.91,78.23,78.49,77.18,75.58,78.1,73.69,73.64,74.01,74.41,74.57,72.05,71.37,74.13,76.3,76.71,75.82,74.7,73.36,69.97,74.18,74.4,74.8,73.94,73.09,75.05,74.85,77.35,75.16,73.33,75.09,73.49,72.59,75.55,75.74,74.26,72.13,73.41,71.76,71.51,71.04,74.41
2026-03-04 11:05:18,86.59,91.49,89.8,88.25,86.43,85.93,82.43,82.39,81.89,82.51,81.19,77.35,76.43,78.92,79.89,80.41,77.08,78.28,75.61,77.87,78.42,76.99,75.37,78.05,73.64,73.24,73.67,74.14,74.46,72.11,71.27,73.87,75.89,76.45,75.72,74.52,73.14,69.86,73.98,74.02,74.47,73.54,73.14,75.0,74.55,77.16,75.02,73.01,74.62,73.13,72.52,75.4,75.55,73.99,71.94,73.27,71.33,71.21,70.69,73.87
2026-03-04 11:05:19,86.36,91.19,89.69,88.05,85.91,85.36,82.06,82.45,81.96,82.12,80.52,77.03,76.53,78.91,79.7,80.17,76.89,78.29,75.3,77.47,78.32,76.75,75.16,78.01,73.61,72.81,73.33,73.86,74.36,72.19,71.2,73.61,75.49,76.18,75.62,74.33,72.95,69.81,73.81,73.63,74.16,73.13,73.2,74.97,74.25,76.96,74.86,72.69,74.1,72.74,72.49,75.28,75.39,73.71,71.73,73.11,70.85,70.88,70.33,73.3
2026-03-04 11:05:20,86.13,90.85,89.55,87.84,85.37,84.77,81.68,82.47,81.99,81.68,79.79,76.7,76.61,78.89,79.53,79.92,76.72,78.28,74.98,77.04,78.18,76.5,74.95,77.89,73.57,72.35,73.0,73.59,74.27,72.28,71.15,73.37,75.11,75.93,75.53,74.17,72.78,69.8,73.66,73.23,73.83,72.71,73.26,74.95,73.97,76.74,74.69,72.37,73.57,72.3,72.47,75.2,75.25,73.45,71.53,72.96,70.35,70.57,70.01,72.74
2026-03-04 11:05:21,85.85,90.48,89.39,87.62,84.84,84.22,81.29,82.4,81.94,81.23,79.08,76.36,76.6,78.86,79.38,79.69,76.5,78.17,74.58,76.55,78.0,76.26,74.74,77.7,73.5,71.94,72.72,73.34,74.18,72.38,71.12,73.16,74.73,75.65,75.44,74.06,72.63,69.81,73.55,72.87,73.52,72.34,73.29,74.9,73.72,76.52,74.54,72.07,73.06,71.84,72.43,75.1,75.1,73.26,71.39,72.82,69.89,70.31,69.81,72.27
2026-03-04 11:05:22,85.51,90.11,89.24,87.39,84.26,83.66,80.86,82.27,81.86,80.79,78.41,76.04,76.4,78.82,79.27,79.44,76.21,77.97,74.19,76.07,77.8,76.04,74.55,77.51,73.48,71.6,72.51,73.13,74.12,72.51,71.14,72.99,74.38,75.33,75.33,73.97,72.48,69.8,73.49,72.61,73.31,72.04,73.27,74.75,73.47,76.28,74.43,71.86,72.64,71.44,72.38,74.92,74.96,73.15,71.33,72.64,69.39,70.06,69.68,71.89
2026-03-04 11:05:23,85.12,89.75,89.09,87.17,83.62,83.08,80.4,82.08,81.76,80.39,77.8,75.75,76.03,78.77,79.18,79.19,75.84,77.7,73.81,75.61,77.58,75.83,74.37,77.33,73.48,71.35,72.35,72.95,74.1,72.68,71.21,72.84,74.07,74.98,75.19,73.91,72.33,69.77,73.46,72.45,73.18,71.81,73.2,74.52,73.22,76.04,74.37,71.74,72.31,71.09,72.31,74.64,74.82,73.09,71.33,72.43,68.88,69.81,69.62,71.58
2026-03-04 11:05:24,84.7,89.39,88.96,86.95,82.93,82.51,79.9,81.86,81.65,80.02,77.25,75.47,75.51,78.7,79.11,78.94,75.42,77.35,73.45,75.17,77.36,75.64,74.19,77.15,73.51,71.15,72.26,72.8,74.1,72.87,71.32,72.73,73.79,74.61,75.02,73.87,72.17,69.72,73.46,72.38,73.12,71.65,73.1,74.21,72.98,75.79,74.34,71.69,72.05,70.8,72.22,74.29,74.68,73.08,71.37,72.19,68.34,69.58,69.62,71.35
2026-03-04 11:05:25,84.26,89.03,88.83,86.74,82.26,81.96,79.41,81.58,81.51,79.67,76.76,75.23,74.93,78.61,79.06,78.69,74.99,76.96,73.09,74.76,77.11,75.41,73.99,76.97,73.54,71.01,72.17,72.66,74.12,73.08,71.43,72.59,73.53,74.23,74.82,73.79,72.0,69.67,73.47,72.35,73.1,71.5,72.95,73.86,72.75,75.5,74.32,71.69,71.82,70.53,72.12,73.91,74.55,73.1,71.43,71.95,67.86,69.37,69.67,71.18
2026-03-04 11:05:26,83.8,88.65,88.64,86.53,81.69,81.48,78.98,81.24,81.29,79.29,76.35,75.07,74.42,78.42,78.95,78.46,74.61,76.54,72.72,74.32,76.81,75.07,73.75,76.77,73.58,70.89,72.02,72.52,74.16,73.3,71.53,72.42,73.28,73.87,74.54,73.61,71.8,69.56,73.43,72.34,73.04,71.25,72.73,73.54,72.55,75.17,74.28,71.7,71.59,70.28,72.01,73.58,74.44,73.08,71.51,71.82,67.51,69.22,69.76,71.0
2026-03-04 11:05:27,83.33,88.21,88.36,86.34,81.22,81.08,78.61,80.88,81.0,78.87,75.98,74.98,73.99,78.15,78.78,78.22,74.29,76.09,72.3,73.85,76.46,74.62,73.49,76.57,73.62,70.79,71.83,72.41,74.22,73.54,71.64,72.24,73.07,73.52,74.19,73.35,71.58,69.39,73.33,72.33,72.95,70.91,72.45,73.24,72.39,74.85,74.25,71.73,71.39,70.04,71.9,73.32,74.34,73.03,71.61,71.78,67.3,69.11,69.89,70.8
2026-03-04 11:05:28,82.84,87.74,88.01,86.16,80.83,80.76,78.3,80.5,80.65,78.41,75.67,74.96,73.64,77.81,78.57,77.99,74.01,75.61,71.86,73.35,76.09,74.1,73.21,76.36,73.67,70.73,71.6,72.32,74.32,73.79,71.75,72.05,72.87,73.19,73.76,73.03,71.35,69.17,73.18,72.33,72.83,70.49,72.12,72.97,72.26,74.53,74.22,71.79,71.2,69.82,71.79,73.11,74.27,72.94,71.74,71.82,67.2,69.05,70.06,70.58
2026-03-04 11:05:29,82.35,87.24,87.6,85.98,80.54,80.5,78.05,80.1,80.25,77.92,75.39,74.98,73.35,77.42,78.32,77.77,73.79,75.13,71.4,72.84,75.69,73.5,72.94,76.15,73.73,70.68,71.33,72.26,74.43,74.05,71.88,71.87,72.7,72.87,73.29,72.67,71.12,68.91,72.98,72.33,72.68,70.0,71.76,72.72,72.15,74.22,74.18,71.86,71.04,69.61,71.69,72.96,74.21,72.83,71.9,71.94,67.2,69.02,70.26,70.35
2026-03-04 11:05:30,81.86,86.73,87.15,85.82,80.31,80.29,77.85,79.7,79.81,77.41,75.16,75.05,73.11,76.98,78.03,77.54,73.6,74.64,70.92,72.33,75.28,72.86,72.65,75.95,73.79,70.66,71.05,72.21,74.55,74.31,72.0,71.68,72.55,72.57,72.77,72.26,70.88,68.61,72.75,72.34,72.51,69.46,71.36,72.49,72.08,73.92,74.14,71.95,70.89,69.43,71.59,72.85,74.17,72.7,72.07,72.12,67.28,69.02,70.48,70.1
2026-03-04 11:05:31,81.37,86.2,86.66,85.66,80.16,80.14,77.69,79.29,79.34,76.89,74.97,75.16,72.94,76.5,77.71,77.33,73.44,74.15,70.44,71.81,74.86,72.18,72.37,75.75,73.85,70.65,70.74,72.17,74.69,74.58,72.13,71.5,72.41,72.28,72.22,71.82,70.64,68.29,72.49,72.35,72.33,68.88,70.95,72.28,72.02,73.63,74.11,72.04,70.76,69.26,71.5,72.79,74.14,72.55,72.25,72.35,67.44,69.05,70.72,69.85
2026-03-04 11:05:32,80.89,85.67,86.15,85.52,80.06,80.04,77.58,78.89,78.86,76.37,74.81,75.31,72.81,76.0,77.38,77.12,73.33,73.67,69.95,71.29,74.44,71.47,72.1,75.56,73.92,70.66,70.42,72.15,74.84,74.84,72.26,71.33,72.3,72.01,71.65,71.36,70.4,67.95,72.21,72.36,72.14,68.28,70.52,72.1,71.99,73.35,74.07,72.15,70.65,69.11,71.41,72.76,74.13,72.38,72.44,72.62,67.66,69.11,70.97,69.6
2026-03-04 11:05:33,80.43,85.13,85.62,85.38,80.02,79.98,77.5,78.49,78.35,75.84,74.68,75.48,72.73,75.48,77.03,76.92,73.24,73.19,69.47,70.78,74.01,70.74,71.82,75.37,73.98,70.68,70.1,72.15,74.99,75.1,72.38,71.16,72.2,71.76,71.06,70.88,70.17,67.59,71.91,72.38,71.94,67.65,70.09,71.94,71.97,73.09,74.04,72.26,70.55,68.97,71.33,72.77,74.12,72.2,72.64,72.93,67.94,69.18,71.23,69.34
2026-03-04 11:05:34,79.98,84.62,85.09,85.26,80.02,79.95,77.45,78.09,77.85,75.34,74.59,75.67,72.68,74.96,76.69,76.73,73.18,72.74,69.01,70.29,73.6,70.03,71.57,75.19,74.06,70.72,69.78,72.15,75.15,75.36,72.5,71.0,72.13,71.54,70.49,70.4,69.95,67.23,71.62,72.41,71.74,67.03,69.65,71.79,71.98,72.84,74.0,72.38,70.46,68.86,71.26,72.81,74.13,72.03,72.85,73.27,68.26,69.28,71.51,69.1
2026-03-04 11:05:35,79.6,84.23,84.68,85.17,80.08,79.97,77.39,77.74,77.44,74.94,74.57,75.9,72.68,74.56,76.43,76.56,73.2,72.36,68.65,69.91,73.23,69.44,71.41,75.08,74.19,70.83,69.54,72.16,75.31,75.6,72.59,70.89,72.08,71.39,70.03,70.04,69.81,67.01,71.44,72.51,71.59,66.53,69.28,71.71,72.05,72.69,73.99,72.55,70.43,68.89,71.31,72.89,74.14,71.94,73.08,73.65,68.64,69.43,71.83,68.95
2026-03-04 11:05:36,79.33,84.01,84.43,85.16,80.25,80.06,77.46,77.57,77.21,74.69,74.67,76.17,72.8,74.31,76.32,76.48,73.31,72.13,68.49,69.71,72.97,69.03,71.38,75.04,74.4,71.04,69.45,72.25,75.49,75.83,72.68,70.82,72.06,71.35,69.72,69.83,69.8,66.95,71.39,72.6,71.46,66.19,69.02,71.73,72.23,72.67,74.02,72.71,70.43,69.02,71.46,73.03,74.19,71.95,73.36,74.04,69.03,69.63,72.2,68.97
2026-03-04 11:05:37,79.23,84.02,84.39,85.28,80.57,80.27,77.71,77.64,77.17,74.6,74.85,76.55,73.09,74.28,76.34,76.46,73.52,72.02,68.51,69.72,72.85,68.81,71.49,75.05,74.62,71.36,69.54,72.38,75.74,76.09,72.79,70.78,72.11,71.43,69.54,69.72,69.88,67.03,71.41,72.65,71.33,65.92,68.88,71.83,72.42,72.73,74.06,72.86,70.51,69.24,71.72,73.25,74.31,72.06,73.64,74.36,69.37,69.9,72.63,69.15
2026-03-04 11:05:38,79.31,84.21,84.54,85.52,81.02,80.64,78.13,77.92,77.28,74.63,75.07,77.04,73.53,74.43,76.49,76.46,73.8,72.0,68.68,69.9,72.86,68.77,71.72,75.12,74.83,71.77,69.79,72.5,76.07,76.41,72.91,70.76,72.21,71.61,69.46,69.71,70.01,67.25,71.48,72.66,71.2,65.67,68.81,71.97,72.59,72.85,74.1,73.03,70.65,69.53,72.07,73.57,74.52,72.27,73.93,74.56,69.6,70.23,73.1,69.49
2026-03-04 11:05:39,79.49,84.51,84.79,85.82,81.54,81.08,78.63,78.26,77.48,74.69,75.32,77.58,74.07,74.72,76.7,76.46,74.1,72.04,68.93,70.2,72.92,68.85,72.01,75.21,74.96,72.2,70.12,72.62,76.42,76.71,73.05,70.77,72.32,71.84,69.44,69.74,70.15,67.56,71.61,72.66,71.09,65.5,68.82,72.12,72.71,72.97,74.13,73.15,70.82,69.87,72.46,73.92,74.76,72.54,74.22,74.67,69.76,70.56,73.56,69.9
2026-03-04 11:05:40,79.74,84.8,84.99,86.08,82.04,81.45,79.11,78.44,77.67,74.75,75.6,78.11,74.62,75.08,76.9,76.4,74.36,72.08,69.16,70.55,73.02,68.97,72.28,75.25,75.0,72.58,70.44,72.75,76.72,76.9,73.15,70.84,72.46,72.09,69.47,69.75,70.16,67.86,71.72,72.65,71.01,65.46,68.88,72.19,72.75,73.02,74.08,73.07,70.95,70.18,72.74,74.23,74.96,72.82,74.52,74.76,69.85,70.83,73.96,70.28
2026-03-04 11:05:41,80.08,85.1,85.11,86.26,82.52,81.74,79.58,78.49,77.87,74.84,75.92,78.63,75.14,75.5,77.1,76.31,74.6,72.16,69.4,70.97,73.19,69.11,72.5,75.27,75.01,72.91,70.74,72.88,76.96,77.0,73.2,70.95,72.64,72.38,69.56,69.73,70.01,68.14,71.8,72.58,70.93,65.51,68.95,72.14,72.74,73.02,73.97,72.77,71.02,70.45,72.88,74.48,75.11,73.11,74.82,74.84,69.84,71.01,74.29,70.65
2026-03-04 11:05:42,80.49,85.41,85.18,86.39,82.98,81.96,80.05,78.42,78.07,74.96,76.26,79.14,75.65,75.96,77.29,76.19,74.82,72.26,69.64,71.42,73.41,69.26,72.69,75.27,75.0,73.21,71.02,73.03,77.16,77.03,73.22,71.11,72.86,72.69,69.69,69.7,69.74,68.4,71.86,72.49,70.87,65.64,69.04,72.02,72.7,72.99,73.81,72.3,71.06,70.7,72.9,74.68,75.22,73.39,75.14,74.93,69.76,71.12,74.56,71.01
2026-03-04 11:05:43,80.91,85.7,85.21,86.5,83.4,82.12,80.5,78.32,78.28,75.11,76.63,79.59,76.11,76.36,77.42,76.08,74.98,72.4,69.94,71.88,73.64,69.46,72.86,75.24,74.98,73.47,71.32,73.22,77.31,77.01,73.21,71.3,73.09,72.95,69.86,69.7,69.52,68.64,71.92,72.41,70.86,65.82,69.12,71.88,72.69,72.98,73.65,71.8,71.12,70.96,72.92,74.83,75.28,73.63,75.44,75.01,69.7,71.18,74.79,71.33
2026-03-04 11:05:44,81.32,85.98,85.26,86.61,83.79,82.31,80.92,78.28,78.49,75.28,76.99,79.96,76.51,76.66,77.48,75.97,75.13,72.56,70.23,72.29,73.85,69.67,72.99,75.19,74.98,73.71,71.61,73.36,77.36,76.93,73.15,71.52,73.31,73.13,70.03,69.73,69.38,68.86,71.97,72.33,70.89,65.98,69.19,71.75,72.7,72.96,73.48,71.31,71.11,71.16,72.84,74.92,75.31,73.79,75.68,75.06,69.63,71.18,74.91,71.53
2026-03-04 11:05:45,81.74,86.27,85.33,86.7,84.15,82.56,81.31,78.34,78.72,75.47,77.38,80.31,76.89,76.92,77.54,75.93,75.29,72.76,70.52,72.69,74.06,69.9,73.11,75.16,75.01,73.97,71.85,73.4,77.29,76.76,72.99,71.75,73.55,73.33,70.25,69.77,69.29,69.08,71.99,72.26,70.95,66.19,69.27,71.64,72.72,72.92,73.25,70.87,71.09,71.28,72.7,74.99,75.33,73.86,75.8,75.05,69.57,71.13,74.91,71.67
2026-03-04 11:05:46,82.16,86.59,85.47,86.84,84.52,82.88,81.77,78.54,79.03,75.67,77.83,80.71,77.33,77.25,77.71,76.03,75.56,73.05,70.87,73.15,74.37,70.25,73.31,75.24,75.14,74.27,72.1,73.38,77.18,76.54,72.78,72.0,73.85,73.61,70.53,69.85,69.23,69.23,71.95,72.19,71.05,66.44,69.37,71.57,72.73,72.85,72.99,70.5,71.06,71.37,72.58,75.07,75.33,73.74,75.74,74.95,69.47,71.07,74.73,71.78
2026-03-04 11:05:47,82.58,86.93,85.67,87.0,84.89,83.26,82.3,78.87,79.4,75.89,78.31,81.15,77.82,77.65,77.98,76.27,75.91,73.41,71.28,73.66,74.75,70.69,73.61,75.42,75.36,74.6,72.34,73.32,77.04,76.3,72.54,72.29,74.21,73.94,70.86,69.95,69.22,69.33,71.84,72.14,71.19,66.73,69.49,71.52,72.75,72.77,72.72,70.21,71.04,71.44,72.49,75.14,75.31,73.46,75.53,74.74,69.34,70.97,74.4,71.88
2026-03-04 11:05:48,82.99,87.29,85.93,87.19,85.27,83.69,82.88,79.3,79.84,76.1,78.83,81.61,78.35,78.12,78.35,76.61,76.35,73.84,71.73,74.22,75.2,71.22,73.97,75.69,75.66,74.97,72.57,73.22,76.89,76.03,72.27,72.6,74.6,74.32,71.24,70.08,69.23,69.38,71.69,72.11,71.34,67.06,69.64,71.49,72.76,72.67,72.44,69.97,71.02,71.49,72.42,75.22,75.28,73.03,75.18,74.45,69.18,70.87,73.94,71.95
2026-03-04 11:05:49,83.42,87.67,86.24,87.4,85.64,84.16,83.49,79.81,80.32,76.35,79.37,82.09,78.9,78.62,78.77,77.03,76.83,74.3,72.2,74.78,75.68,71.8,74.37,76.01,75.99,75.34,72.8,73.12,76.72,75.76,71.99,72.83,74.97,74.7,71.61,70.22,69.29,69.43,71.52,72.07,71.5,67.38,69.79,71.49,72.77,72.55,72.14,69.8,71.02,71.55,72.38,75.29,75.25,72.57,74.78,74.11,69.0,70.75,73.42,72.03
2026-03-04 11:05:50,83.88,88.08,86.59,87.65,86.03,84.63,84.08,80.35,80.83,76.69,79.93,82.54,79.42,79.11,79.19,77.47,77.3,74.73,72.65,75.28,76.13,72.4,74.79,76.3,76.28,75.68,73.05,73.06,76.57,75.52,71.71,72.82,75.18,75.01,71.9,70.35,69.43,69.54,71.37,72.02,71.62,67.61,69.93,71.53,72.79,72.36,71.84,69.69,71.1,71.67,72.36,75.29,75.24,72.22,74.44,73.74,68.82,70.66,72.96,72.12
2026-03-04 11:05:51,84.39,88.53,86.97,87.93,86.42,85.1,84.64,80.9,81.36,77.1,80.49,82.96,79.91,79.58,79.61,77.92,77.75,75.13,73.08,75.72,76.55,73.01,75.2,76.57,76.52,76.0,73.32,73.03,76.44,75.3,71.43,72.56,75.26,75.23,72.1,70.47,69.64,69.71,71.25,71.96,71.71,67.75,70.05,71.59,72.82,72.11,71.53,69.63,71.24,71.83,72.38,75.25,75.24,71.99,74.19,73.34,68.66,70.6,72.57,72.23
2026-03-04 11:05:52,84.92,89.0,87.37,88.23,86.82,85.57,85.18,81.46,81.9,77.57,81.06,83.36,80.37,80.02,80.03,78.38,78.18,75.51,73.49,76.1,76.94,73.63,75.61,76.82,76.73,76.28,73.6,73.04,76.32,75.12,71.16,72.11,75.21,75.39,72.24,70.57,69.9,69.94,71.16,71.9,71.76,67.83,70.17,71.67,72.85,71.81,71.21,69.63,71.43,72.05,72.42,75.17,75.26,71.87,74.0,72.93,68.5,70.56,72.23,72.35
2026-03-04 11:05:53,85.47,89.49,87.79,88.54,87.21,86.02,85.7,82.01,82.44,78.09,81.62,83.73,80.79,80.45,80.43,78.84,78.59,75.85,73.88,76.42,77.3,74.23,76.02,77.04,76.89,76.54,73.89,73.08,76.22,74.95,70.89,71.49,75.05,75.48,72.31,70.66,70.22,70.2,71.1,71.82,71.78,67.83,70.26,71.78,72.9,71.47,70.9,69.67,71.67,72.3,72.49,75.04,75.29,71.85,73.87,72.51,68.35,70.54,71.95,72.48
2026-03-04 11:05:54,86.03,89.98,88.22,88.86,87.6,86.46,86.18,82.56,82.99,78.65,82.17,84.07,81.19,80.85,80.81,79.3,78.98,76.17,74.23,76.69,77.62,74.83,76.42,77.24,77.02,76.77,74.19,73.14,76.13,74.82,70.63,70.72,74.8,75.52,72.32,70.75,70.57,70.51,71.05,71.74,71.78,67.79,70.35,71.9,72.95,71.11,70.59,69.75,71.95,72.57,72.57,74.89,75.33,71.9,73.79,72.09,68.22,70.53,71.72,72.62
2026-03-04 11:05:55,86.6,90.48,88.66,89.19,87.98,86.89,86.64,83.1,83.53,79.23,82.7,84.39,81.55,81.22,81.19,79.75,79.35,76.46,74.57,76.91,77.92,75.42,76.8,77.42,77.13,76.98,74.48,73.22,76.05,74.7,70.38,69.85,74.47,75.52,72.29,70.82,70.95,70.84,71.02,71.65,71.75,67.69,70.43,72.03,73.0,70.72,70.29,69.86,72.25,72.87,72.67,74.72,75.38,72.03,73.77,71.67,68.09,70.54,71.54,72.77
2026-03-04 11:05:56,87.16,90.98,89.1,89.52,88.36,87.3,87.06,83.63,84.05,79.83,83.22,84.67,81.88,81.57,81.54,80.19,79.69,76.73,74.88,77.09,78.19,75.98,77.17,77.57,77.2,77.16,74.77,73.32,75.98,74.6,70.14,68.88,74.08,75.47,72.21,70.89,71.36,71.19,71.01,71.56,71.71,67.55,70.49,72.17,73.06,70.31,69.99,70.0,72.58,73.19,72.78,74.52,75.44,72.22,73.78,71.26,67.97,70.56,71.39,72.92
2026-03-04 11:05:57,87.72,91.46,89.53,89.85,88.72,87.69,87.45,84.13,84.57,80.44,83.72,84.94,82.19,81.89,81.88,80.61,80.01,76.97,75.16,77.24,78.43,76.53,77.52,77.71,77.25,77.32,75.06,73.43,75.93,74.52,69.92,67.85,73.64,75.39,72.1,70.94,71.78,71.55,71.01,71.47,71.64,67.38,70.55,72.32,73.12,69.9,69.71,70.16,72.92,73.51,72.9,74.31,75.5,72.45,73.83,70.85,67.86,70.59,71.29,73.07
2026-03-04 11:05:58,88.26,91.94,89.96,90.18,89.06,88.06,87.82,84.62,85.06,81.06,84.2,85.17,82.46,82.19,82.2,81.02,80.31,77.18,75.42,77.34,78.65,77.05,77.85,77.83,77.28,77.46,75.34,73.56,75.88,74.46,69.7,66.76,73.16,75.28,71.96,70.99,72.21,71.92,71.03,71.38,71.57,67.18,70.6,72.48,73.18,69.48,69.44,70.33,73.28,73.85,73.02,74.09,75.57,72.73,73.91,70.46,67.75,70.63,71.21,73.22
2026-03-04 11:05:59,88.75,92.38,90.37,90.48,89.37,88.38,88.11,85.07,85.53,81.66,84.66,85.39,82.71,82.46,82.48,81.4,80.58,77.38,75.66,77.43,78.83,77.52,78.16,77.91,77.28,77.55,75.6,73.68,75.83,74.41,69.54,65.75,72.7,75.17,71.84,71.07,72.66,72.31,71.08,71.34,71.55,67.05,70.7,72.68,73.28,69.13,69.25,70.57,73.67,74.2,73.15,73.88,75.66,73.07,74.05,70.15,67.72,70.71,71.19,73.38
2026-03-04 11:06:00,89.17,92.74,90.75,90.73,89.65,88.68,88.36,85.5,86.01,82.28,85.1,85.61,82.96,82.71,82.75,81.74,80.85,77.62,75.92,77.53,78.97,77.95,78.45,77.98,77.25,77.57,75.84,73.81,75.79,74.35,69.46,64.95,72.29,75.07,71.83,71.24,73.11,72.72,71.23,71.41,71.64,67.08,70.91,72.98,73.43,68.9,69.22,70.93,74.11,74.57,73.28,73.7,75.82,73.47,74.24,70.01,67.81,70.81,71.22,73.56
2026-03-04 11:06:01,89.5,93.02,91.06,90.87,89.9,88.95,88.59,85.89,86.42,82.84,85.46,85.77,83.16,82.96,82.97,81.99,81.1,77.86,76.18,77.59,79.09,78.32,78.69,78.04,77.2,77.54,75.99,73.94,75.74,74.29,69.41,64.26,71.92,74.98,71.84,71.38,73.45,73.1,71.42,71.46,71.76,67.18,71.13,73.23,73.58,68.71,69.2,71.24,74.52,74.94,73.42,73.57,75.93,73.82,74.38,69.91,67.93,70.9,71.31,73.75
2026-03-04 11:06:02,89.71,93.17,91.19,90.85,90.02,89.01,88.65,86.15,86.69,83.27,85.66,85.75,83.16,83.05,83.03,82.12,81.26,78.01,76.34,77.58,79.12,78.59,78.84,78.11,77.19,77.51,76.05,74.03,75.66,74.23,69.43,63.78,71.66,74.9,71.87,71.49,73.69,73.39,71.59,71.53,71.88,67.32,71.32,73.34,73.59,68.52,69.18,71.52,74.91,75.28,73.53,73.42,75.92,74.11,74.47,69.83,68.11,70.99,71.44,73.98
2026-03-04 11:06:03,89.79,93.2,91.13,90.63,89.97,88.86,88.46,86.26,86.82,83.59,85.75,85.53,82.88,82.91,82.97,82.18,81.36,78.06,76.39,77.51,79.09,78.75,78.88,78.16,77.2,77.48,76.04,74.1,75.56,74.19,69.56,63.54,71.49,74.88,71.95,71.56,73.83,73.56,71.76,71.58,71.98,67.52,71.49,73.36,73.41,68.26,69.12,71.81,75.3,75.6,73.54,73.22,75.78,74.3,74.46,69.75,68.33,71.07,71.6,74.22
2026-03-04 11:06:04,89.76,93.11,90.92,90.24,89.76,88.54,88.06,86.24,86.83,83.81,85.73,85.14,82.35,82.58,82.81,82.17,81.4,78.05,76.36,77.39,79.0,78.81,78.82,78.2,77.22,77.44,75.96,74.15,75.47,74.17,69.77,63.48,71.4,74.91,72.06,71.62,73.89,73.62,71.95,71.64,72.07,67.78,71.65,73.29,73.06,67.93,69.04,72.11,75.68,75.88,73.45,72.99,75.54,74.4,74.35,69.66,68.58,71.15,71.78,74.48
2026-03-04 11:06:05,89.66,92.97,90.62,89.73,89.39,88.11,87.58,86.05,86.66,83.9,85.59,84.67,81.77,82.17,82.52,82.08,81.35,78.01,76.29,77.19,78.88,78.83,78.73,78.2,77.23,77.39,75.84,74.14,75.34,74.15,69.97,63.5,71.27,74.88,72.16,71.66,73.9,73.66,72.13,71.7,72.14,68.06,71.8,73.15,72.67,67.65,69.0,72.38,76.01,76.08,73.34,72.79,75.29,74.41,74.17,69.56,68.83,71.17,71.91,74.67
2026-03-04 11:06:06,89.48,92.76,90.31,89.24,88.96,87.61,87.05,85.73,86.35,83.82,85.37,84.19,81.23,81.74,82.14,81.9,81.26,77.94,76.16,76.9,78.73,78.81,78.57,78.08,77.18,77.29,75.72,74.11,75.19,74.12,70.16,63.63,71.2,74.81,72.25,71.71,73.92,73.72,72.32,71.76,72.18,68.33,71.92,72.94,72.28,67.42,69.02,72.66,76.26,76.22,73.24,72.62,75.07,74.39,73.97,69.47,69.09,71.18,71.93,74.72
2026-03-04 11:06:07,89.23,92.47,89.92,88.77,88.51,87.04,86.42,85.27,85.96,83.66,85.03,83.68,80.69,81.25,81.71,81.66,81.11,77.83,75.87,76.59,78.54,78.73,78.34,77.89,77.06,77.14,75.59,74.11,75.04,74.02,70.33,63.86,71.2,74.76,72.34,71.79,73.99,73.79,72.51,71.84,72.24,68.57,72.02,72.7,71.96,67.27,69.1,72.94,76.45,76.28,73.16,72.51,74.86,74.33,73.75,69.39,69.33,71.2,71.95,74.71
2026-03-04 11:06:08,88.92,92.12,89.35,88.27,88.02,86.4,85.67,84.6,85.48,83.45,84.62,83.12,80.16,80.55,81.21,81.35,80.92,77.69,75.31,76.26,78.27,78.58,78.11,77.73,76.92,76.93,75.48,74.14,74.9,73.9,70.53,64.18,71.21,74.72,72.44,71.9,74.1,73.8,72.67,71.94,72.33,68.76,72.08,72.4,71.7,67.21,69.23,73.18,76.59,76.29,73.12,72.45,74.62,74.23,73.54,69.34,69.53,71.2,72.02,74.68
2026-03-04 11:06:09,88.55,91.72,88.6,87.74,87.52,85.71,84.83,83.74,84.92,83.21,84.16,82.52,79.63,79.66,80.66,80.99,80.71,77.52,74.51,75.91,77.92,78.37,77.89,77.59,76.74,76.66,75.39,74.21,74.78,73.78,70.75,64.57,71.22,74.68,72.55,72.03,74.23,73.73,72.79,72.06,72.43,68.88,72.12,72.04,71.49,67.23,69.4,73.4,76.66,76.26,73.11,72.45,74.36,74.12,73.32,69.3,69.68,71.2,72.13,74.63
2026-03-04 11:06:10,88.14,91.28,87.72,87.18,86.99,84.97,83.93,82.73,84.31,82.92,83.66,81.91,79.11,78.63,80.07,80.58,80.46,77.33,73.53,75.54,77.52,78.1,77.66,77.46,76.55,76.36,75.32,74.31,74.65,73.66,70.98,65.01,71.24,74.65,72.65,72.17,74.37,73.61,72.89,72.19,72.54,68.95,72.13,71.64,71.33,67.31,69.61,73.57,76.67,76.18,73.12,72.48,74.09,73.98,73.12,69.29,69.81,71.18,72.27,74.57
2026-03-04 11:06:11,87.69,90.8,86.8,86.61,86.44,84.22,82.95,81.71,83.65,82.58,83.14,81.3,78.62,77.54,79.47,80.1,80.13,77.13,72.61,75.15,77.05,77.77,77.38,77.31,76.34,76.04,75.24,74.36,74.47,73.47,71.16,65.44,71.23,74.55,72.7,72.3,74.51,73.45,72.97,72.34,72.66,69.01,72.07,71.21,71.2,67.46,69.82,73.68,76.59,76.06,73.15,72.52,73.85,73.87,72.94,69.35,69.97,71.2,72.39,74.5
2026-03-04 11:06:12,87.21,90.3,85.89,86.02,85.87,83.46,81.91,80.74,82.95,82.18,82.61,80.72,78.15,76.45,78.89,79.54,79.72,76.92,71.85,74.76,76.52,77.36,77.04,77.12,76.14,75.72,75.15,74.34,74.19,73.21,71.27,65.82,71.21,74.37,72.69,72.4,74.61,73.26,73.05,72.51,72.78,69.07,71.92,70.77,71.08,67.64,70.02,73.7,76.42,75.9,73.2,72.57,73.64,73.8,72.81,69.5,70.21,71.26,72.5,74.43
2026-03-04 11:06:13,86.71,89.77,85.01,85.43,85.29,82.7,80.83,79.81,82.24,81.74,82.07,80.17,77.72,75.36,78.31,78.92,79.24,76.71,71.22,74.36,75.95,76.91,76.65,76.9,75.94,75.4,75.05,74.27,73.85,72.89,71.32,66.17,71.18,74.13,72.62,72.48,74.69,73.05,73.13,72.68,72.9,69.13,71.71,70.32,70.98,67.87,70.22,73.65,76.17,75.71,73.26,72.63,73.48,73.77,72.73,69.71,70.5,71.37,72.59,74.34
2026-03-04 11:06:14,86.19,89.24,84.15,84.83,84.7,81.94,79.73,78.93,81.51,81.25,81.53,79.64,77.32,74.29,77.75,78.26,78.7,76.5,70.72,73.95,75.34,76.41,76.21,76.65,75.74,75.08,74.95,74.14,73.44,72.52,71.32,66.47,71.13,73.82,72.5,72.54,74.75,72.82,73.21,72.86,73.02,69.2,71.44,69.87,70.88,68.13,70.4,73.54,75.84,75.5,73.33,72.69,73.34,73.76,72.68,69.97,70.84,71.5,72.65,74.26
2026-03-04 11:06:15,85.67,88.69,83.32,84.24,84.11,81.2,78.62,78.1,80.77,80.74,81.0,79.14,76.95,73.25,77.21,77.56,78.12,76.28,70.33,73.55,74.71,75.88,75.75,76.39,75.54,74.77,74.83,73.97,72.99,72.11,71.27,66.75,71.07,73.47,72.34,72.58,74.79,72.57,73.28,73.05,73.14,69.27,71.12,69.42,70.8,68.42,70.57,73.38,75.47,75.27,73.41,72.75,73.24,73.79,72.66,70.29,71.21,71.66,72.7,74.17
2026-03-04 11:06:16,85.14,88.15,82.53,83.67,83.53,80.48,77.51,77.33,80.05,80.21,80.48,78.67,76.61,72.24,76.7,76.84,77.51,76.07,70.04,73.16,74.07,75.32,75.26,76.11,75.36,74.47,74.71,73.76,72.51,71.67,71.19,66.99,71.0,73.08,72.15,72.6,74.81,72.32,73.35,73.24,73.25,69.33,70.77,68.97,70.73,68.72,70.73,73.18,75.04,75.02,73.49,72.81,73.17,73.83,72.66,70.64,71.61,71.84,72.74,74.08
2026-03-04 11:06:17,84.62,87.62,81.77,83.11,82.97,79.78,76.42,76.6,79.33,79.66,79.97,78.23,76.3,71.27,76.21,76.11,76.87,75.86,69.85,72.77,73.42,74.75,74.76,75.82,75.18,74.17,74.59,73.53,71.99,71.2,71.07,67.19,70.92,72.66,71.93,72.61,74.82,72.06,73.41,73.43,73.36,69.4,70.38,68.54,70.67,69.03,70.88,72.94,74.59,74.76,73.58,72.87,73.11,73.9,72.69,71.02,72.04,72.03,72.76,73.99
2026-03-04 11:06:18,84.11,87.09,81.05,82.56,82.42,79.12,75.34,75.94,78.62,79.12,79.47,77.82,76.03,70.33,75.74,75.37,76.22,75.66,69.74,72.4,72.77,74.18,74.25,75.53,75.01,73.89,74.46,73.27,71.46,70.72,70.92,67.37,70.84,72.23,71.69,72.6,74.81,71.8,73.47,73.62,73.47,69.47,69.97,68.12,70.62,69.36,71.02,72.67,74.11,74.49,73.68,72.94,73.08,73.98,72.74,71.42,72.48,72.24,72.77,73.91
2026-03-04 11:06:19,83.61,86.58,80.38,82.04,81.88,78.48,74.29,75.32,77.94,78.57,79.0,77.44,75.77,69.45,75.31,74.64,75.57,75.47,69.7,72.04,72.13,73.61,73.74,75.24,74.84,73.62,74.34,73.0,70.92,70.23,70.75,67.52,70.75,71.78,71.43,72.58,74.8,71.53,73.53,73.8,73.57,69.54,69.55,67.72,70.58,69.69,71.15,72.38,73.61,74.22,73.77,73.0,73.07,74.07,72.81,71.84,72.92,72.46,72.77,73.82
2026-03-04 11:06:20,83.12,86.09,79.74,81.54,81.37,77.87,73.28,74.76,77.28,78.04,78.55,77.09,75.55,68.61,74.9,73.92,74.91,75.28,69.72,71.69,71.51,73.04,73.23,74.94,74.69,73.36,74.22,72.71,70.37,69.74,70.56,67.65,70.66,71.32,71.16,72.56,74.77,71.28,73.59,73.98,73.67,69.6,69.12,67.33,70.55,70.02,71.27,72.07,73.1,73.95,73.87,73.06,73.08,74.18,72.89,72.27,73.37,72.68,72.76,73.73
2026-03-04 11:06:21,82.65,85.61,79.16,81.07,80.89,77.3,72.31,74.24,76.65,77.51,78.12,76.78,75.35,67.82,74.52,73.21,74.27,75.1,69.8,71.37,70.9,72.48,72.73,74.65,74.54,73.12,74.1,72.42,69.83,69.26,70.36,67.75,70.57,70.86,70.89,72.53,74.73,71.02,73.63,74.16,73.76,69.66,68.69,66.96,70.52,70.34,71.38,71.76,72.59,73.69,73.97,73.12,73.1,74.29,72.99,72.7,73.81,72.91,72.74,73.65
2026-03-04 11:06:22,82.21,85.16,78.61,80.62,80.42,76.76,71.39,73.78,76.05,77.0,77.71,76.49,75.17,67.08,74.17,72.53,73.64,74.93,69.92,71.06,70.31,71.93,72.24,74.37,74.41,72.89,73.99,72.12,69.29,68.78,70.14,67.84,70.48,70.4,70.61,72.49,74.69,70.78,73.68,74.33,73.85,69.72,68.25,66.61,70.5,70.66,71.48,71.44,72.08,73.43,74.06,73.17,73.13,74.41,73.09,73.12,74.25,73.13,72.72,73.57
2026-03-04 11:06:23,81.78,84.73,78.11,80.2,79.99,76.26,70.51,73.36,75.49,76.51,77.33,76.23,75.02,66.39,73.84,71.87,73.03,74.77,70.08,70.76,69.74,71.41,71.76,74.1,74.28,72.68,73.87,71.82,68.76,68.31,69.93,67.9,70.39,69.95,70.33,72.44,74.64,70.54,73.72,74.49,73.93,69.78,67.83,66.28,70.48,70.97,71.57,71.11,71.58,73.17,74.16,73.22,73.18,74.53,73.2,73.55,74.68,73.36,72.69,73.5
2026-03-04 11:06:24,81.38,84.32,77.64,79.81,79.58,75.79,69.68,72.98,74.95,76.03,76.97,75.99,74.89,65.76,73.54,71.24,72.44,74.62,70.27,70.49,69.21,70.9,71.31,73.83,74.17,72.48,73.77,71.53,68.25,67.85,69.71,67.95,70.3,69.51,70.05,72.39,74.59,70.31,73.76,74.64,74.01,69.83,67.41,65.98,70.47,71.28,71.65,70.79,71.08,72.92,74.25,73.28,73.23,74.65,73.31,73.96,75.09,73.58,72.66,73.43
2026-03-04 11:06:25,81.0,83.94,77.22,79.45,79.2,75.36,68.9,72.65,74.45,75.58,76.64,75.78,74.77,65.17,73.27,70.64,71.87,74.48,70.49,70.23,68.7,70.42,70.87,73.58,74.06,72.3,73.67,71.24,67.76,67.41,69.48,67.98,70.22,69.09,69.78,72.34,74.54,70.09,73.79,74.78,74.08,69.88,67.0,65.69,70.47,71.57,71.72,70.47,70.61,72.69,74.34,73.32,73.29,74.78,73.43,74.36,75.49,73.79,72.62,73.36
2026-03-04 11:06:26,80.65,83.59,76.84,79.11,78.85,74.97,68.18,72.35,73.99,75.15,76.34,75.59,74.68,64.63,73.03,70.07,71.33,74.35,70.73,70.0,68.21,69.96,70.45,73.33,73.96,72.14,73.57,70.96,67.29,66.99,69.26,68.0,70.13,68.68,69.51,72.29,74.48,69.88,73.82,74.92,74.14,69.93,66.61,65.42,70.47,71.84,71.78,70.15,70.14,72.46,74.42,73.37,73.35,74.9,73.54,74.75,75.88,74.0,72.58,73.3
2026-03-04 11:06:27,80.32,83.26,76.5,78.8,78.52,74.61,67.5,72.09,73.55,74.75,76.05,75.43,74.6,64.14,72.81,69.54,70.82,74.23,70.98,69.78,67.76,69.53,70.06,73.1,73.87,71.98,73.48,70.68,66.84,66.6,69.05,68.01,70.05,68.28,69.26,72.23,74.42,69.69,73.85,75.04,74.2,69.97,66.23,65.18,70.47,72.11,71.84,69.85,69.7,72.25,74.5,73.41,73.42,75.03,73.66,75.12,76.24,74.2,72.54,73.24
2026-03-04 11:06:28,80.01,82.95,76.19,78.52,78.22,74.28,66.88,71.87,73.15,74.37,75.8,75.29,74.53,63.7,72.61,69.04,70.34,74.12,71.24,69.58,67.34,69.12,69.69,72.89,73.79,71.84,73.39,70.42,66.41,66.22,68.83,68.01,69.97,67.91,69.01,72.18,74.36,69.51,73.87,75.16,74.26,70.01,65.87,64.96,70.47,72.36,71.89,69.56,69.28,72.04,74.58,73.45,73.49,75.15,73.78,75.48,76.59,74.39,72.5,73.18
2026-03-04 11:06:29,79.73,82.67,75.91,78.26,77.95,73.98,66.31,71.68,72.79,74.02,75.56,75.16,74.48,63.3,72.43,68.57,69.88,74.02,71.51,69.4,66.95,68.74,69.34,72.69,73.72,71.72,73.31,70.17,66.01,65.86,68.63,68.0,69.9,67.56,68.77,72.12,74.31,69.33,73.9,75.27,74.3,70.05,65.53,64.75,70.48,72.59,71.93,69.27,68.88,71.85,74.65,73.49,73.56,75.26,73.89,75.81,76.91,74.57,72.46,73.13
2026-03-04 11:06:30,79.47,82.42,75.67,78.03,77.7,73.71,65.79,71.52,72.46,73.69,75.35,75.06,74.44,62.94,72.28,68.14,69.46,73.93,71.78,69.24,66.59,68.39,69.02,72.5,73.65,71.6,73.24,69.93,65.63,65.53,68.43,67.98,69.83,67.23,68.55,72.07,74.25,69.18,73.91,75.37,74.35,70.08,65.21,64.57,70.49,72.81,71.96,69.01,68.5,71.68,74.72,73.52,73.63,75.38,74.0,76.13,77.22,74.74,72.42,73.09
2026-03-04 11:06:31,79.24,82.18,75.46,77.82,77.47,73.48,65.31,71.39,72.15,73.39,75.16,74.97,74.41,62.62,72.14,67.74,69.07,73.85,72.05,69.09,66.26,68.06,68.72,72.32,73.6,71.5,73.17,69.71,65.28,65.22,68.24,67.96,69.77,66.91,68.33,72.01,74.19,69.03,73.93,75.46,74.39,70.12,64.91,64.4,70.5,73.01,71.99,68.75,68.15,71.51,74.78,73.56,73.7,75.48,74.11,76.43,77.5,74.89,72.38,73.04
2026-03-04 11:06:32,79.03,81.97,75.27,77.63,77.27,73.26,64.88,71.28,71.88,73.11,74.99,74.89,74.39,62.34,72.02,67.38,68.71,73.78,72.32,68.95,65.95,67.76,68.45,72.16,73.55,71.41,73.11,69.49,64.96,64.93,68.06,67.93,69.71,66.62,68.14,71.96,74.13,68.89,73.94,75.55,74.42,70.14,64.63,64.25,70.52,73.2,72.02,68.51,67.82,71.36,74.84,73.58,73.77,75.59,74.22,76.71,77.77,75.04,72.33,73.0
2026-03-04 11:06:33,78.84,81.79,75.12,77.47,77.09,73.08,64.5,71.19,71.64,72.86,74.84,74.84,74.38,62.1,71.92,67.04,68.38,73.71,72.59,68.84,65.68,67.48,68.2,72.01,73.5,71.34,73.05,69.3,64.65,64.66,67.89,67.89,69.65,66.36,67.95,71.91,74.08,68.77,73.96,75.62,74.45,70.17,64.37,64.12,70.53,73.38,72.04,68.29,67.51,71.22,74.89,73.61,73.84,75.68,74.32,76.96,78.01,75.18,72.29,72.97
2026-03-04 11:06:34,78.67,81.62,74.98,77.32,76.93,72.92,64.16,71.12,71.42,72.63,74.71,74.79,74.38,61.89,71.84,66.74,68.08,73.65,72.84,68.73,65.43,67.23,67.97,71.88,73.46,71.27,73.0,69.11,64.38,64.42,67.73,67.86,69.6,66.11,67.78,71.86,74.03,68.66,73.96,75.69,74.48,70.19,64.13,64.0,70.55,73.53,72.05,68.08,67.23,71.09,74.94,73.63,73.91,75.77,74.41,77.2,78.23,75.31,72.25,72.94
2026-03-04 11:06:35,78.52,81.47,74.87,77.2,76.8,72.78,63.85,71.08,71.23,72.42,74.59,74.75,74.38,61.71,71.77,66.47,67.8,73.6,73.09,68.64,65.21,67.01,67.76,71.76,73.43,71.21,72.95,68.94,64.13,64.2,67.58,67.82,69.55,65.88,67.62,71.81,73.98,68.56,73.97,75.75,74.5,70.21,63.91,63.9,70.56,73.68,72.06,67.88,66.97,70.97,74.99,73.65,73.98,75.86,74.5,77.42,78.43,75.43,72.22,72.91
2026-03-04 11:06:36,78.38,81.34,74.78,77.09,76.68,72.66,63.59,71.05,71.06,72.23,74.5,74.73,74.39,61.55,71.71,66.23,67.55,73.56,73.33,68.56,65.01,66.81,67.57,71.65,73.4,71.16,72.91,68.79,63.9,64.0,67.44,67.78,69.5,65.68,67.47,71.77,73.93,68.47,73.98,75.8,74.52,70.23,63.71,63.81,70.58,73.81,72.07,67.7,66.74,70.87,75.03,73.67,74.04,75.94,74.58,77.62,78.62,75.54,72.18,72.88
2026-03-04 11:06:37,78.27,81.22,74.71,77.0,76.57,72.56,63.35,71.03,70.92,72.07,74.41,74.71,74.41,61.43,71.67,66.01,67.33,73.52,73.56,68.5,64.83,66.62,67.4,71.55,73.38,71.12,72.87,68.64,63.69,63.82,67.31,67.73,69.46,65.49,67.33,71.73,73.89,68.39,73.98,75.85,74.54,70.25,63.52,63.73,70.59,73.93,72.07,67.54,66.52,70.77,75.07,73.69,74.1,76.01,74.66,77.8,78.78,75.63,72.15,72.86
2026-03-04 11:06:38,78.17,81.13,74.65,76.92,76.48,72.48,63.15,71.02,70.79,71.92,74.34,74.7,74.43,61.33,71.63,65.82,67.13,73.49,73.78,68.44,64.68,66.46,67.25,71.46,73.36,71.08,72.84,68.51,63.51,63.66,67.19,67.69,69.43,65.32,67.21,71.69,73.85,68.32,73.99,75.89,74.55,70.26,63.36,63.67,70.61,74.03,72.08,67.39,66.33,70.69,75.1,73.7,74.16,76.08,74.73,77.96,78.93,75.72,72.11,72.84
2026-03-04 11:06:39,78.08,81.04,74.61,76.85,76.41,72.42,62.99,71.03,70.69,71.79,74.28,74.7,74.45,61.24,71.61,65.66,66.96,73.46,73.98,68.39,64.55,66.32,67.12,71.38,73.35,71.05,72.81,68.4,63.34,63.51,67.08,67.65,69.39,65.17,67.1,71.65,73.81,68.25,73.99,75.93,74.56,70.27,63.21,63.62,70.62,74.12,72.08,67.25,66.15,70.61,75.13,73.72,74.21,76.14,74.8,78.11,79.06,75.8,72.08,72.83
2026-03-04 11:06:40,78.01,80.97,74.59,76.8,76.35,72.36,62.84,71.05,70.6,71.68,74.23,74.71,74.47,61.18,71.59,65.51,66.81,73.44,74.17,68.35,64.43,66.2,67.01,71.31,73.34,71.03,72.78,68.29,63.2,63.39,66.99,67.6,69.36,65.04,67.0,71.62,73.77,68.2,73.99,75.96,74.57,70.28,63.08,63.57,70.64,74.21,72.07,67.13,66.0,70.54,75.16,73.73,74.27,76.2,74.86,78.24,79.18,75.87,72.05,72.81
2026-03-04 11:06:41,77.95,80.91,74.57,76.76,76.3,72.33,62.73,71.07,70.53,71.59,74.2,74.72,74.5,61.14,71.58,65.39,66.67,73.42,74.35,68.32,64.33,66.09,66.91,71.26,73.33,71.02,72.76,68.2,63.07,63.28,66.9,67.56,69.34,64.92,66.91,71.59,73.74,68.15,73.99,75.99,74.58,70.29,62.96,63.54,70.65,74.28,72.07,67.02,65.86,70.49,75.18,73.74,74.31,76.25,74.92,78.35,79.28,75.94,72.03,72.8
2026-03-04 11:06:42,77.9,80.87,74.56,76.73,76.26,72.3,62.63,71.1,70.47,71.5,74.17,74.73,74.53,61.11,71.58,65.28,66.56,73.4,74.52,68.3,64.25,66.0,66.82,71.2,73.33,71.0,72.74,68.11,62.96,63.18,66.81,67.52,69.31,64.82,66.83,71.56,73.71,68.11,73.99,76.01,74.58,70.3,62.86,63.51,70.67,74.34,72.06,66.92,65.74,70.44,75.2,73.74,74.36,76.3,74.97,78.45,79.37,75.99,72.0,72.79
2026-03-04 11:06:43,77.86,80.83,74.57,76.71,76.24,72.28,62.56,71.14,70.43,71.44,74.15,74.75,74.56,61.09,71.58,65.2,66.46,73.39,74.67,68.28,64.19,65.93,66.75,71.16,73.32,71.0,72.73,68.04,62.87,63.1,66.74,67.48,69.29,64.73,66.76,71.53,73.68,68.08,73.99,76.02,74.59,70.31,62.77,63.49,70.68,74.39,72.06,66.83,65.64,70.39,75.22,73.75,74.4,76.34,75.02,78.54,79.44,76.04,71.98,72.78
2026-03-04 11:06:44,77.83,80.8,74.58,76.7,76.22,72.28,62.51,71.18,70.4,71.38,74.14,74.77,74.59,61.09,71.59,65.13,66.38,73.39,74.81,68.27,64.13,65.87,66.69,71.13,73.32,70.99,72.72,67.97,62.79,63.03,66.68,67.44,69.28,64.65,66.7,71.51,73.66,68.05,73.99,76.04,74.59,70.31,62.69,63.48,70.69,74.43,72.05,66.76,65.55,70.36,75.23,73.76,74.44,76.38,75.06,78.62,79.51,76.08,71.96,72.78
2026-03-04 11:06:45,77.82,80.8,74.61,76.7,76.22,72.29,62.48,71.23,70.39,71.34,74.13,74.8,74.62,61.11,71.61,65.08,66.33,73.39,74.95,68.27,64.1,65.82,66.65,71.11,73.33,71.0,72.71,67.93,62.74,62.99,66.63,67.42,69.27,64.6,66.66,71.5,73.64,68.04,73.99,76.05,74.6,70.32,62.64,63.49,70.72,74.47,72.04,66.7,65.49,70.34,75.25,73.76,74.47,76.41,75.1,78.68,79.56,76.12,71.95,72.78
2026-03-04 11:06:46,77.97,80.95,74.8,76.8,76.36,72.44,62.63,71.42,70.51,71.39,74.16,74.88,74.72,61.29,71.74,65.2,66.4,73.44,75.1,68.36,64.16,65.85,66.71,71.17,73.43,71.12,72.78,67.99,62.84,63.11,66.7,67.5,69.38,64.67,66.71,71.59,73.73,68.12,74.03,76.13,74.68,70.4,62.73,63.65,70.85,74.54,72.05,66.77,65.58,70.41,75.29,73.8,74.56,76.47,75.19,78.75,79.65,76.23,72.03,72.85
2026-03-04 11:06:47,78.3,81.28,75.18,77.08,76.69,72.8,63.05,71.76,70.76,71.55,74.29,75.03,74.87,61.66,71.99,65.47,66.6,73.57,75.27,68.54,64.33,65.92,66.86,71.33,73.6,71.37,72.93,68.18,63.11,63.42,66.86,67.7,69.62,64.83,66.8,71.82,73.94,68.33,74.07,76.25,74.85,70.5,63.02,64.04,71.13,74.66,72.05,67.0,65.87,70.58,75.34,73.87,74.7,76.6,75.36,78.89,79.82,76.45,72.21,73.02
2026-03-04 11:06:48,78.78,81.74,75.69,77.5,77.19,73.34,63.7,72.23,71.13,71.81,74.52,75.24,75.05,62.18,72.34,65.88,66.9,73.76,75.45,68.79,64.58,66.05,67.09,71.57,73.85,71.74,73.15,68.48,63.52,63.89,67.11,67.99,69.95,65.07,66.93,72.16,74.26,68.64,74.11,76.41,75.09,70.62,63.49,64.61,71.52,74.83,72.05,67.36,66.33,70.85,75.42,73.97,74.91,76.8,75.62,79.09,80.06,76.75,72.47,73.28
2026-03-04 11:06:49,79.28,82.18,76.16,77.95,77.74,73.96,64.45,72.79,71.59,72.15,74.73,75.51,75.26,62.79,72.73,66.37,67.3,74.01,75.68,69.11,64.92,66.23,67.4,71.85,74.07,72.16,73.43,68.88,64.01,64.43,67.44,68.34,70.25,65.37,67.12,72.56,74.59,68.98,74.16,76.59,75.38,70.85,64.1,65.31,72.0,75.06,72.15,67.87,66.88,71.17,75.54,74.11,75.15,77.02,75.92,79.34,80.34,77.08,72.76,73.54
2026-03-04 11:06:50,79.75,82.52,76.49,78.35,78.29,74.62,65.25,73.39,72.11,72.55,74.88,75.83,75.5,63.44,73.12,66.92,67.78,74.3,75.93,69.47,65.33,66.47,67.76,72.13,74.24,72.61,73.75,69.37,64.54,65.02,67.86,68.73,70.49,65.69,67.38,72.99,74.89,69.32,74.22,76.79,75.74,71.2,64.83,66.09,72.53,75.35,72.41,68.51,67.49,71.53,75.72,74.3,75.42,77.26,76.25,79.6,80.63,77.43,73.04,73.8
2026-03-04 11:06:51,80.18,82.77,76.72,78.71,78.83,75.3,66.07,74.03,72.69,73.01,74.99,76.19,75.76,64.13,73.5,67.5,68.33,74.62,76.22,69.87,65.8,66.76,68.16,72.42,74.36,73.07,74.12,69.92,65.1,65.63,68.35,69.16,70.67,66.04,67.68,73.43,75.16,69.66,74.29,76.99,76.13,71.67,65.65,66.94,73.11,75.68,72.8,69.27,68.15,71.93,75.95,74.54,75.72,77.51,76.6,79.88,80.93,77.78,73.31,74.03
2026-03-04 11:06:52,80.59,82.94,76.84,79.04,79.36,75.99,66.9,74.7,73.3,73.5,75.05,76.59,76.03,64.84,73.88,68.11,68.94,74.98,76.53,70.3,66.32,67.08,68.59,72.71,74.44,73.56,74.51,70.52,65.68,66.26,68.89,69.61,70.79,66.4,68.03,73.9,75.4,69.99,74.36,77.2,76.57,72.22,66.55,67.84,73.72,76.04,73.29,70.11,68.85,72.35,76.23,74.81,76.02,77.76,76.97,80.18,81.23,78.13,73.57,74.25
2026-03-04 11:06:53,81.02,83.13,76.97,79.37,79.92,76.73,67.8,75.43,73.98,74.05,75.15,77.04,76.34,65.6,74.29,68.77,69.6,75.38,76.89,70.77,66.88,67.45,69.07,73.03,74.51,74.04,74.91,71.14,66.27,66.91,69.45,70.05,70.88,66.8,68.42,74.35,75.63,70.34,74.45,77.44,77.03,72.83,67.49,68.76,74.35,76.42,73.83,70.99,69.57,72.8,76.51,75.08,76.33,78.03,77.35,80.47,81.53,78.46,73.83,74.47
2026-03-04 11:06:54,81.55,83.46,77.26,79.82,80.6,77.56,68.86,76.26,74.78,74.59,75.36,77.6,76.76,66.5,74.81,69.49,70.36,75.85,77.29,71.31,67.55,67.88,69.59,73.38,74.65,74.55,75.27,71.74,66.86,67.57,70.0,70.47,70.96,67.29,68.9,74.79,75.83,70.74,74.56,77.63,77.49,73.43,68.43,69.68,74.93,76.81,74.39,71.86,70.33,73.24,76.73,75.28,76.63,78.33,77.72,80.74,81.81,78.77,74.1,74.71
2026-03-04 11:06:55,82.19,83.94,77.69,80.38,81.37,78.49,70.07,77.12,75.67,75.09,75.62,78.24,77.31,67.5,75.41,70.23,71.2,76.31,77.72,71.92,68.33,68.43,70.14,73.7,74.86,75.07,75.58,72.34,67.49,68.27,70.6,70.92,71.01,67.85,69.47,75.24,75.98,71.15,74.66,77.59,77.88,74.03,69.41,70.63,75.44,77.24,74.99,72.68,71.06,73.63,76.84,75.42,76.93,78.66,78.1,80.99,82.07,79.05,74.41,75.0
2026-03-04 11:06:56,82.89,84.53,78.25,81.03,82.21,79.49,71.38,77.97,76.63,75.56,75.91,78.94,77.97,68.56,76.08,70.97,72.09,76.77,78.15,72.6,69.21,69.07,70.71,73.99,75.13,75.6,75.84,72.94,68.14,68.99,71.23,71.4,71.06,68.46,70.12,75.71,76.08,71.57,74.76,77.36,78.23,74.61,70.4,71.57,75.87,77.7,75.62,73.46,71.75,73.97,76.84,75.51,77.22,79.02,78.48,81.2,82.31,79.33,74.77,75.34
2026-03-04 11:06:57,83.6,85.17,78.89,81.69,83.0,80.43,72.66,78.78,77.51,76.01,76.2,79.62,78.63,69.6,76.71,71.72,72.97,77.2,78.56,73.28,70.11,69.72,71.3,74.3,75.42,76.09,76.05,73.5,68.79,69.73,71.86,71.91,71.14,69.11,70.8,76.17,76.21,72.01,74.91,77.14,78.55,75.2,71.37,72.4,76.29,78.16,76.25,74.22,72.43,74.32,76.87,75.63,77.53,79.35,78.88,81.42,82.52,79.62,75.21,75.72
2026-03-04 11:06:58,84.32,85.84,79.61,82.37,83.77,81.34,73.93,79.56,78.33,76.47,76.49,80.24,79.26,70.62,77.26,72.46,73.82,77.61,78.9,73.93,70.97,70.28,71.91,74.62,75.71,76.53,76.2,74.04,69.46,70.49,72.5,72.44,71.28,69.74,71.47,76.62,76.35,72.45,75.1,76.99,78.86,75.84,72.34,73.17,76.66,78.54,76.85,74.94,73.04,74.62,76.93,75.81,77.83,79.55,79.25,81.64,82.7,79.9,75.7,76.15
2026-03-04 11:06:59,85.03,86.54,80.44,83.15,84.58,82.29,75.26,80.41,79.17,77.0,76.88,80.87,79.9,71.65,77.8,73.25,74.65,78.04,79.22,74.56,71.78,70.8,72.49,74.93,75.96,76.96,76.41,74.61,70.15,71.25,73.1,72.97,71.47,70.4,72.18,77.06,76.47,72.92,75.35,76.91,79.16,76.44,73.24,73.84,77.0,78.84,77.34,75.59,73.63,74.96,77.08,76.08,78.13,79.72,79.67,81.91,82.89,80.21,76.21,76.65
2026-03-04 11:07:00,85.75,87.28,81.36,84.0,85.44,83.3,76.65,81.34,80.07,77.64,77.42,81.58,80.62,72.76,78.41,74.08,75.43,78.5,79.59,75.21,72.57,71.35,73.1,75.28,76.23,77.36,76.66,75.19,70.84,71.97,73.6,73.41,71.59,71.1,72.91,77.49,76.56,73.4,75.65,76.88,79.41,76.92,74.01,74.46,77.33,79.09,77.72,76.21,74.24,75.36,77.36,76.46,78.47,79.93,80.13,82.2,83.06,80.55,76.74,77.17
2026-03-04 11:07:01,86.45,88.05,82.37,84.9,86.33,84.35,78.08,82.32,81.02,78.38,78.08,82.35,81.38,73.92,79.08,74.93,76.16,79.01,80.01,75.89,73.33,71.93,73.74,75.66,76.51,77.74,76.96,75.78,71.53,72.66,74.0,73.78,71.64,71.81,73.64,77.89,76.6,73.9,76.0,76.88,79.6,77.28,74.67,75.05,77.66,79.31,77.99,76.81,74.84,75.81,77.75,76.94,78.85,80.18,80.63,82.52,83.21,80.92,77.29,77.7
2026-03-04 11:07:02,87.14,88.84,83.44,85.85,87.24,85.41,79.52,83.34,81.98,79.17,78.84,83.14,82.17,75.1,79.77,75.78,76.83,79.54,80.45,76.57,74.06,72.52,74.37,76.06,76.78,78.09,77.27,76.37,72.2,73.3,74.32,74.08,71.64,72.53,74.37,78.27,76.62,74.39,76.38,76.91,79.72,77.54,75.23,75.61,77.99,79.51,78.17,77.37,75.45,76.3,78.24,77.5,79.24,80.45,81.14,82.85,83.34,81.31,77.85,78.24
2026-03-04 11:07:03,87.75,89.57,84.5,86.76,88.1,86.38,80.83,84.23,82.85,79.91,79.58,83.8,82.89,76.19,80.37,76.54,77.44,80.02,80.84,77.17,74.74,73.1,74.91,76.44,76.99,78.43,77.56,76.87,72.88,73.9,74.62,74.39,71.68,73.24,75.1,78.66,76.68,74.89,76.77,76.98,79.77,77.78,75.76,76.12,78.33,79.69,78.31,77.87,76.04,76.78,78.74,78.05,79.63,80.73,81.59,83.16,83.45,81.67,78.38,78.75
2026-03-04 11:07:04,88.27,90.16,85.52,87.59,88.92,87.27,81.99,84.93,83.57,80.53,80.24,84.35,83.5,77.1,80.81,77.21,77.99,80.44,81.14,77.68,75.36,73.67,75.42,76.83,77.24,78.79,77.86,77.2,73.57,74.53,74.98,74.77,71.84,73.98,75.86,79.08,76.76,75.42,77.16,77.11,79.83,78.02,76.31,76.65,78.69,79.84,78.37,78.21,76.56,77.2,79.18,78.54,80.01,80.98,81.92,83.43,83.54,81.98,78.9,79.28
2026-03-04 11:07:05,88.69,90.61,86.48,88.33,89.67,88.07,83.01,85.44,84.15,81.04,80.84,84.82,83.98,77.83,81.09,77.8,78.51,80.78,81.34,78.09,75.91,74.21,75.91,77.22,77.53,79.17,78.17,77.36,74.25,75.19,75.41,75.21,72.11,74.73,76.65,79.52,76.85,75.94,77.57,77.3,79.9,78.25,76.88,77.2,79.08,79.97,78.34,78.4,77.03,77.57,79.57,78.96,80.39,81.22,82.14,83.67,83.6,82.26,79.42,79.81
2026-03-04 11:07:06,89.03,90.95,87.39,88.99,90.38,88.8,83.89,85.8,84.6,81.45,81.36,85.21,84.37,78.41,81.24,78.31,78.98,81.07,81.46,78.41,76.41,74.73,76.38,77.62,77.86,79.57,78.49,77.38,74.94,75.87,75.89,75.7,72.46,75.5,77.44,79.97,76.95,76.48,77.98,77.54,79.98,78.48,77.45,77.75,79.48,80.06,78.24,78.46,77.44,77.87,79.91,79.33,80.75,81.45,82.25,83.88,83.63,82.51,79.92,80.34
2026-03-04 11:07:07,89.29,91.18,88.23,89.57,91.04,89.47,84.65,86.02,84.96,81.76,81.83,85.53,84.68,78.86,81.29,78.75,79.41,81.3,81.51,78.66,76.85,75.22,76.83,78.02,78.22,79.98,78.8,77.29,75.6,76.55,76.41,76.22,72.89,76.27,78.23,80.42,77.07,77.01,78.39,77.81,80.07,78.69,78.02,78.32,79.89,80.14,78.09,78.42,77.8,78.13,80.21,79.65,81.1,81.66,82.29,84.07,83.65,82.72,80.41,80.87
2026-03-04 11:07:08,89.5,91.36,89.03,90.15,91.68,90.1,85.38,86.21,85.28,82.04,82.29,85.84,84.97,79.31,81.34,79.14,79.83,81.53,81.56,78.92,77.32,75.73,77.28,78.43,78.56,80.36,79.11,77.21,76.17,77.2,76.95,76.81,73.43,77.04,78.95,80.83,77.2,77.56,78.86,78.14,80.2,78.94,78.59,78.87,80.3,80.24,77.97,78.39,78.2,78.4,80.53,80.01,81.48,81.89,82.36,84.25,83.68,82.92,80.9,81.4
2026-03-04 11:07:09,89.74,91.57,89.74,90.72,92.29,90.67,86.07,86.38,85.57,82.29,82.68,86.08,85.11,79.71,81.4,79.46,80.19,81.7,81.58,79.23,77.83,76.25,77.71,78.75,78.83,80.7,79.39,77.21,76.71,77.83,77.47,77.39,74.06,77.81,79.54,81.25,77.4,78.1,79.37,78.46,80.36,79.18,79.14,79.39,80.56,80.41,77.97,78.44,78.63,78.68,80.87,80.42,81.87,82.13,82.49,84.42,83.74,83.05,81.35,81.84
2026-03-04 11:07:10,90.06,91.83,90.36,91.28,92.84,91.16,86.69,86.54,85.83,82.5,82.97,86.22,85.05,79.99,81.45,79.7,80.48,81.78,81.54,79.56,78.37,76.78,78.12,78.95,79.04,80.98,79.61,77.26,77.23,78.42,77.93,77.95,74.75,78.56,79.98,81.68,77.66,78.6,79.89,78.72,80.53,79.4,79.66,79.88,80.62,80.62,78.08,78.57,79.09,78.91,81.2,80.84,82.26,82.38,82.66,84.61,83.8,83.08,81.73,82.19
2026-03-04 11:07:11,90.42,92.12,90.9,91.81,93.34,91.58,87.25,86.67,86.07,82.67,83.18,86.26,84.82,80.19,81.49,79.88,80.69,81.78,81.46,79.91,78.92,77.32,78.51,79.05,79.2,81.22,79.8,77.37,77.75,78.99,78.34,78.47,75.49,79.29,80.28,82.11,77.96,79.05,80.42,78.92,80.71,79.58,80.14,80.33,80.49,80.86,78.27,78.75,79.57,79.1,81.5,81.27,82.64,82.64,82.88,84.81,83.87,83.03,82.05,82.44
2026-03-04 11:07:12,90.83,92.44,91.36,92.32,93.8,91.94,87.74,86.78,86.28,82.8,83.32,86.21,84.43,80.3,81.52,79.99,80.83,81.71,81.33,80.27,79.49,77.86,78.86,79.06,79.3,81.42,79.94,77.51,78.25,79.53,78.7,78.95,76.25,80.0,80.45,82.54,78.29,79.46,80.95,79.07,80.89,79.74,80.59,80.75,80.22,81.14,78.53,79.0,80.05,79.25,81.79,81.71,83.02,82.89,83.13,85.02,83.95,82.91,82.32,82.62
2026-03-04 11:07:13,91.23,92.74,91.75,92.8,94.19,92.23,88.16,86.85,86.45,82.9,83.4,86.11,83.97,80.37,81.54,80.05,80.91,81.61,81.19,80.62,80.04,78.37,79.19,79.01,79.36,81.52,80.02,77.67,78.71,80.03,79.01,79.39,77.0,80.63,80.55,82.95,78.63,79.82,81.45,79.18,81.05,79.85,81.0,81.15,79.88,81.41,78.84,79.27,80.5,79.36,82.03,82.12,83.39,83.13,83.38,85.23,84.03,82.72,82.5,82.7
2026-03-04 11:07:14,91.56,92.99,92.09,93.2,94.51,92.43,88.49,86.86,86.52,82.93,83.42,85.98,83.53,80.43,81.56,80.11,80.99,81.54,81.05,80.89,80.46,78.79,79.48,78.94,79.38,81.52,80.08,77.83,79.14,80.47,79.24,79.75,77.67,81.15,80.63,83.28,78.91,80.13,81.85,79.25,81.1,79.83,81.32,81.51,79.6,81.63,79.1,79.52,80.88,79.44,82.21,82.5,83.71,83.3,83.58,85.42,84.1,82.49,82.61,82.72
2026-03-04 11:07:15,91.77,93.19,92.41,93.54,94.74,92.46,88.79,86.88,86.55,82.94,83.44,85.83,83.11,80.51,81.59,80.13,81.07,81.44,80.95,81.08,80.78,79.17,79.76,78.88,79.35,81.47,80.14,77.94,79.52,80.86,79.5,80.09,78.27,81.6,80.64,83.51,79.17,80.42,82.16,79.26,81.07,79.74,81.5,81.83,79.39,81.78,79.25,79.72,81.15,79.5,82.37,82.81,83.97,83.41,83.73,85.54,84.15,82.29,82.69,82.75
2026-03-04 11:07:16,91.89,93.37,92.69,93.82,94.89,92.3,89.06,86.93,86.58,82.98,83.47,85.66,82.73,80.62,81.66,80.11,81.13,81.3,80.87,81.25,81.05,79.54,80.03,78.85,79.28,81.39,80.2,77.95,79.84,81.17,79.79,80.44,78.78,81.98,80.57,83.6,79.41,80.71,82.43,79.22,81.02,79.64,81.52,82.09,79.25,81.85,79.34,79.87,81.3,79.54,82.5,83.05,84.16,83.47,83.85,85.59,84.14,82.1,82.77,82.79
2026-03-04 11:07:17,91.92,93.51,92.96,94.06,94.97,91.97,89.31,87.01,86.61,83.03,83.51,85.49,82.39,80.77,81.75,80.04,81.17,81.12,80.81,81.39,81.27,79.89,80.3,78.83,79.18,81.29,80.25,77.88,80.11,81.42,80.11,80.78,79.21,82.29,80.42,83.59,79.63,81.0,82.64,79.15,80.94,79.55,81.4,82.3,79.16,81.86,79.36,79.97,81.34,79.56,82.59,83.22,84.28,83.49,83.95,85.57,84.09,81.93,82.83,82.85
2026-03-04 11:07:18,91.86,93.63,93.19,94.25,94.99,91.5,89.54,87.1,86.63,83.11,83.56,85.32,82.09,80.94,81.87,79.94,81.21,80.92,80.78,81.5,81.46,80.23,80.57,78.84,79.06,81.18,80.29,77.74,80.32,81.61,80.44,81.12,79.57,82.55,80.21,83.49,79.83,81.28,82.82,79.05,80.84,79.46,81.18,82.47,79.12,81.81,79.34,80.03,81.29,79.58,82.67,83.33,84.35,83.48,84.03,85.49,84.01,81.76,82.87,82.92
2026-03-04 11:07:19,91.76,93.7,93.35,94.35,94.97,91.03,89.76,87.22,86.65,83.21,83.64,85.17,81.89,81.17,82.0,79.88,81.28,80.75,80.78,81.61,81.61,80.57,80.85,78.86,78.97,81.11,80.34,77.59,80.48,81.77,80.74,81.42,79.88,82.75,80.0,83.38,80.05,81.57,82.99,79.0,80.79,79.47,81.02,82.61,79.06,81.7,79.29,80.09,81.26,79.64,82.76,83.37,84.35,83.46,84.1,85.38,83.9,81.56,82.84,83.0
2026-03-04 11:07:20,91.61,93.75,93.46,94.38,94.89,90.57,89.93,87.31,86.65,83.33,83.7,85.01,81.74,81.4,82.09,79.83,81.36,80.61,80.78,81.69,81.69,80.86,81.13,78.85,78.87,81.04,80.37,77.46,80.51,81.82,80.93,81.7,80.19,82.87,79.85,83.23,80.24,81.85,83.13,79.02,80.74,79.55,80.96,82.74,78.9,81.56,79.28,80.16,81.24,79.76,82.84,83.34,84.22,83.39,84.12,85.23,83.8,81.34,82.73,83.02
2026-03-04 11:07:21,91.4,93.76,93.52,94.37,94.74,90.12,90.02,87.37,86.6,83.42,83.72,84.83,81.57,81.6,82.15,79.78,81.45,80.53,80.8,81.77,81.68,81.08,81.35,78.82,78.73,80.92,80.36,77.29,80.43,81.77,81.03,81.95,80.49,82.98,79.72,83.04,80.39,82.07,83.22,79.07,80.72,79.65,80.94,82.83,78.69,81.41,79.29,80.25,81.23,79.87,82.88,83.3,84.05,83.32,84.12,85.06,83.67,81.13,82.57,83.0
2026-03-04 11:07:22,91.14,93.69,93.55,94.33,94.49,89.63,90.02,87.35,86.47,83.45,83.73,84.64,81.35,81.75,82.18,79.75,81.53,80.46,80.78,81.78,81.62,81.2,81.5,78.76,78.61,80.8,80.34,77.12,80.32,81.67,81.11,82.15,80.75,83.03,79.52,82.82,80.47,82.19,83.19,79.08,80.65,79.7,80.89,82.92,78.53,81.27,79.31,80.41,81.24,79.96,82.76,83.24,83.85,83.23,84.09,84.87,83.45,80.95,82.4,82.93
2026-03-04 11:07:23,90.88,93.58,93.51,94.25,94.19,89.14,89.91,87.25,86.31,83.44,83.71,84.42,81.12,81.81,82.14,79.69,81.53,80.31,80.71,81.71,81.52,81.22,81.59,78.66,78.49,80.68,80.33,76.99,80.18,81.49,81.12,82.23,80.91,83.02,79.28,82.59,80.54,82.23,83.1,79.1,80.58,79.75,80.88,82.99,78.39,81.16,79.35,80.55,81.22,80.07,82.66,83.16,83.59,83.03,83.97,84.64,83.24,80.81,82.23,82.87
2026-03-04 11:07:24,90.62,93.46,93.43,94.07,93.78,88.57,89.59,87.08,86.14,83.43,83.66,84.18,80.9,81.81,82.06,79.58,81.45,80.11,80.59,81.6,81.36,81.18,81.61,78.57,78.35,80.48,80.29,76.89,79.99,81.22,81.03,82.22,81.0,82.98,79.04,82.37,80.59,82.26,82.98,79.15,80.54,79.75,80.85,83.01,78.27,81.03,79.37,80.66,81.22,80.22,82.55,83.07,83.34,82.83,83.78,84.36,83.01,80.65,82.07,82.82
2026-03-04 11:07:25,90.33,93.28,93.25,93.8,93.27,87.97,89.07,86.84,85.95,83.36,83.54,83.85,80.71,81.79,81.93,79.35,81.27,79.86,80.43,81.45,81.1,81.05,81.54,78.46,78.18,80.19,80.21,76.79,79.78,80.89,80.82,82.13,81.06,82.91,78.71,82.13,80.53,82.25,82.85,79.24,80.52,79.71,80.79,82.98,78.18,80.89,79.37,80.72,81.18,80.37,82.45,82.94,83.07,82.66,83.62,84.11,82.76,80.47,81.91,82.7
2026-03-04 11:07:26,90.01,93.04,92.98,93.45,92.68,87.35,88.39,86.53,85.73,83.26,83.35,83.43,80.55,81.75,81.75,79.01,80.99,79.55,80.24,81.27,80.74,80.83,81.4,78.34,77.97,79.81,80.1,76.69,79.55,80.53,80.49,81.98,81.09,82.8,78.31,81.86,80.37,82.2,82.71,79.35,80.5,79.63,80.7,82.9,78.13,80.76,79.36,80.72,81.12,80.52,82.34,82.77,82.78,82.53,83.49,83.89,82.5,80.28,81.75,82.51
2026-03-04 11:07:27,89.66,92.76,92.64,93.0,92.03,86.73,87.6,86.16,85.44,83.09,83.09,82.95,80.37,81.69,81.54,78.57,80.62,79.17,80.01,81.05,80.3,80.51,81.18,78.19,77.74,79.37,79.92,76.58,79.31,80.13,80.04,81.76,81.07,82.61,77.86,81.58,80.15,82.11,82.52,79.43,80.47,79.52,80.53,82.8,78.11,80.63,79.33,80.69,81.04,80.66,82.23,82.53,82.48,82.42,83.36,83.62,82.24,80.1,81.6,82.28
2026-03-04 11:07:28,89.28,92.45,92.3,92.49,91.36,86.14,86.85,85.78,85.1,82.84,82.74,82.46,80.18,81.6,81.31,78.09,80.16,78.72,79.73,80.76,79.74,79.89,80.79,78.0,77.48,78.88,79.62,76.39,79.04,79.76,79.54,81.49,80.95,82.32,77.36,81.33,79.95,81.9,82.11,79.31,80.35,79.36,80.22,82.67,78.13,80.49,79.26,80.63,80.96,80.66,82.08,82.25,82.19,82.3,83.08,83.24,81.98,79.94,81.42,82.04
2026-03-04 11:07:29,88.87,92.13,91.96,91.98,90.7,85.58,86.14,85.41,84.74,82.53,82.31,81.99,79.99,81.51,81.08,77.6,79.62,78.23,79.38,80.37,79.07,78.97,80.21,77.77,77.21,78.36,79.17,76.14,78.75,79.42,79.09,81.18,80.77,81.97,76.81,81.07,79.74,81.55,81.47,78.98,80.17,79.17,79.79,82.52,78.18,80.36,79.15,80.54,80.89,80.47,81.91,81.96,81.93,82.17,82.61,82.81,81.73,79.76,81.19,81.79
2026-03-04 11:07:30,88.44,91.8,91.65,91.47,90.07,85.04,85.48,85.08,84.39,82.16,81.81,81.52,79.81,81.43,80.85,77.11,79.01,77.74,78.97,79.9,78.3,77.78,79.47,77.51,76.94,77.8,78.61,75.84,78.43,79.12,78.68,80.86,80.53,81.58,76.2,80.82,79.54,81.09,80.65,78.47,79.92,78.95,79.26,82.37,78.26,80.23,79.01,80.42,80.81,80.14,81.72,81.66,81.69,82.02,81.99,82.34,81.48,79.57,80.91,81.54
2026-03-04 11:07:31,87.98,91.47,91.34,90.98,89.45,84.54,84.87,84.76,84.04,81.75,81.25,81.08,79.64,81.34,80.62,76.63,78.35,77.23,78.53,79.37,77.46,76.38,78.61,77.22,76.66,77.21,77.95,75.5,78.1,78.84,78.32,80.51,80.24,81.14,75.57,80.59,79.35,80.53,79.68,77.81,79.62,78.7,78.65,82.2,78.36,80.11,78.85,80.28,80.73,79.67,81.52,81.36,81.48,81.87,81.24,81.85,81.23,79.37,80.59,81.28
2026-03-04 11:07:32,87.51,91.13,91.05,90.5,88.86,84.06,84.3,84.47,83.69,81.31,80.66,80.65,79.48,81.25,80.4,76.16,77.66,76.72,78.06,78.79,76.56,74.81,77.65,76.91,76.38,76.61,77.22,75.13,77.77,78.6,77.99,80.16,79.92,80.68,74.9,80.36,79.16,79.9,78.58,77.03,79.27,78.44,77.97,82.03,78.48,80.0,78.67,80.13,80.66,79.1,81.32,81.07,81.28,81.72,80.39,81.33,80.99,79.18,80.24,81.02
2026-03-04 11:07:33,87.04,90.8,90.78,90.03,88.29,83.62,83.78,84.2,83.35,80.85,80.03,80.24,79.33,81.17,80.19,75.7,76.94,76.21,77.57,78.17,75.62,73.11,76.61,76.59,76.1,76.01,76.42,74.74,77.43,78.38,77.7,79.8,79.56,80.2,74.23,80.14,78.99,79.2,77.39,76.15,78.9,78.17,77.25,81.86,78.62,79.9,78.47,79.96,80.58,78.44,81.11,80.77,81.11,81.56,79.46,80.8,80.76,78.98,79.86,80.77
2026-03-04 11:07:34,86.57,90.47,90.52,89.59,87.75,83.21,83.31,83.96,83.02,80.37,79.39,79.86,79.19,81.08,79.98,75.25,76.2,75.71,77.06,77.53,74.65,71.31,75.51,76.25,75.83,75.4,75.59,74.33,77.09,78.19,77.44,79.44,79.19,79.71,73.54,79.94,78.82,78.47,76.13,75.19,78.49,77.89,76.49,81.68,78.77,79.8,78.26,79.79,80.51,77.71,80.9,80.49,80.95,81.39,78.46,80.26,80.54,78.78,79.47,80.51
2026-03-04 11:07:35,86.1,90.15,90.28,89.16,87.25,82.83,82.88,83.73,82.71,79.88,78.74,79.5,79.06,81.01,79.78,74.82,75.46,75.22,76.54,76.88,73.67,69.44,74.37,75.92,75.56,74.8,74.72,73.91,76.75,78.03,77.22,79.08,78.79,79.21,72.86,79.74,78.66,77.7,74.81,74.17,78.07,77.61,75.7,81.51,78.92,79.71,78.05,79.6,80.45,76.93,80.68,80.21,80.82,81.23,77.43,79.72,80.32,78.59,79.08,80.27
2026-03-04 11:07:36,85.64,89.85,90.06,88.76,86.77,82.48,82.49,83.53,82.4,79.39,78.08,79.16,78.93,80.93,79.59,74.42,74.73,74.74,76.03,76.21,72.68,67.53,73.21,75.58,75.3,74.22,73.84,73.48,76.42,77.89,77.03,78.72,78.39,78.71,72.19,79.56,78.51,76.91,73.47,73.12,77.64,77.32,74.91,81.34,79.09,79.63,77.82,79.42,80.38,76.12,80.47,79.94,80.7,81.08,76.36,79.19,80.12,78.4,78.67,80.03
2026-03-04 11:07:37,85.19,89.55,89.85,88.38,86.33,82.16,82.14,83.35,82.11,78.9,77.43,78.84,78.82,80.86,79.41,74.03,74.0,74.28,75.51,75.55,71.71,65.6,72.04,75.25,75.06,73.65,72.95,73.05,76.1,77.77,76.87,78.37,77.99,78.21,71.53,79.39,78.37,76.11,72.11,72.03,77.2,77.04,74.11,81.17,79.25,79.55,77.6,79.23,80.32,75.27,80.27,79.69,80.6,80.92,75.29,78.66,79.93,78.22,78.27,79.81
2026-03-04 11:07:38,84.76,89.27,89.67,88.03,85.92,81.87,81.83,83.18,81.84,78.42,76.79,78.55,78.72,80.79,79.25,73.66,73.29,73.84,75.01,74.89,70.75,63.68,70.87,74.92,74.82,73.09,72.07,72.63,75.79,77.67,76.73,78.03,77.58,77.73,70.89,79.24,78.24,75.31,70.75,70.94,76.77,76.76,73.31,81.0,79.42,79.49,77.38,79.04,80.27,74.42,80.06,79.44,80.51,80.77,74.21,78.15,79.76,78.04,77.87,79.59
2026-03-04 11:07:39,84.35,89.0,89.49,87.69,85.54,81.61,81.56,83.04,81.58,77.95,76.16,78.28,78.63,80.72,79.09,73.32,72.6,73.42,74.52,74.24,69.81,61.78,69.72,74.6,74.6,72.56,71.19,72.21,75.49,77.59,76.62,77.71,77.18,77.25,70.27,79.09,78.12,74.52,69.41,69.85,76.33,76.49,72.53,80.84,79.59,79.42,77.16,78.86,80.21,73.56,79.87,79.21,80.43,80.62,73.14,77.66,79.59,77.87,77.48,79.38
2026-03-04 11:07:40,83.95,88.73,89.33,87.39,85.19,81.37,81.32,82.91,81.34,77.5,75.56,78.03,78.55,80.66,78.94,73.01,71.93,73.02,74.04,73.62,68.92,59.95,68.61,74.29,74.38,72.05,70.35,71.82,75.21,77.52,76.53,77.4,76.79,76.8,69.69,78.96,77.99,73.76,68.12,68.79,75.91,76.23,71.78,80.7,79.75,79.37,76.94,78.68,80.16,72.72,79.69,79.0,80.38,80.49,72.11,77.2,79.44,77.71,77.1,79.19
2026-03-04 11:07:41,83.6,88.42,89.16,87.15,84.9,81.19,81.08,82.74,81.08,77.06,75.01,77.79,78.44,80.61,78.83,72.77,71.35,72.67,73.61,73.1,68.19,58.45,67.69,74.02,74.15,71.59,69.59,71.49,74.95,77.43,76.45,77.13,76.45,76.41,69.24,78.84,77.8,73.13,67.08,67.92,75.55,76.03,71.15,80.58,79.92,79.29,76.74,78.49,80.05,71.98,79.53,78.84,80.34,80.39,71.29,76.85,79.35,77.57,76.75,79.03
2026-03-04 11:07:42,83.25,88.07,88.98,86.98,84.65,81.04,80.84,82.53,80.79,76.6,74.54,77.59,78.33,80.53,78.76,72.63,70.92,72.43,73.27,72.66,67.59,57.32,66.98,73.8,73.9,71.2,68.98,71.18,74.7,77.28,76.36,76.89,76.14,76.05,68.96,78.75,77.64,72.65,66.31,67.26,75.23,75.89,70.66,80.46,80.03,79.16,76.55,78.28,79.89,71.42,79.38,78.73,80.32,80.32,70.7,76.63,79.29,77.49,76.5,78.92
2026-03-04 11:07:43,82.91,87.72,88.79,86.83,84.44,80.92,80.62,82.3,80.5,76.14,74.16,77.45,78.28,80.47,78.7,72.54,70.6,72.24,72.94,72.21,67.11,56.51,66.46,73.6,73.59,70.9,68.51,70.89,74.43,77.08,76.28,76.68,75.85,75.71,68.81,78.69,77.53,72.32,65.74,66.72,74.87,75.75,70.29,80.29,80.05,79.0,76.35,78.09,79.72,70.99,79.19,78.6,80.27,80.26,70.31,76.48,79.26,77.45,76.32,78.82
2026-03-04 11:07:44,82.6,87.42,88.62,86.7,84.24,80.86,80.48,82.11,80.23,75.75,73.89,77.4,78.27,80.42,78.65,72.53,70.4,72.1,72.62,71.81,66.77,55.99,66.09,73.41,73.23,70.67,68.21,70.65,74.18,76.91,76.21,76.44,75.57,75.38,68.68,78.61,77.37,72.05,65.32,66.29,74.52,75.64,70.07,80.11,80.03,78.85,76.18,77.83,79.49,70.58,78.95,78.43,80.19,80.12,70.01,76.33,79.22,77.44,76.19,78.75
2026-03-04 11:07:45,82.3,87.12,88.42,86.53,84.03,80.83,80.4,81.96,80.01,75.43,73.75,77.41,78.27,80.37,78.6,72.57,70.25,72.01,72.38,71.51,66.59,55.7,65.82,73.25,72.83,70.51,68.02,70.42,73.95,76.76,76.12,76.21,75.33,75.07,68.5,78.46,77.08,71.78,64.96,65.95,74.23,75.58,70.0,79.97,79.93,78.68,76.02,77.45,79.19,70.25,78.75,78.31,80.12,79.92,69.7,76.13,79.19,77.49,76.1,78.65
2026-03-04 11:07:46,82.01,86.83,88.21,86.31,83.82,80.84,80.37,81.84,79.83,75.19,73.71,77.48,78.27,80.32,78.55,72.66,70.14,71.94,72.21,71.28,66.55,55.61,65.65,73.12,72.42,70.4,67.94,70.17,73.73,76.62,76.03,75.98,75.14,74.8,68.28,78.25,76.67,71.52,64.67,65.68,74.0,75.56,70.06,79.85,79.75,78.48,75.87,76.96,78.84,70.0,78.59,78.24,80.05,79.68,69.38,75.87,79.16,77.57,76.03,78.54
2026-03-04 11:07:47,81.73,86.55,88.01,86.1,83.65,80.89,80.4,81.75,79.67,75.02,73.77,77.6,78.29,80.27,78.53,72.81,70.07,71.9,72.11,71.14,66.64,55.73,65.58,73.02,72.02,70.34,67.94,69.96,73.56,76.51,75.95,75.78,74.99,74.55,68.04,78.02,76.21,71.3,64.48,65.47,73.8,75.59,70.19,79.75,79.51,78.29,75.76,76.42,78.46,69.85,78.49,78.22,80.0,79.44,69.12,75.62,79.13,77.66,75.98,78.43
2026-03-04 11:07:48,81.46,86.31,87.9,86.02,83.58,80.97,80.48,81.71,79.52,74.87,73.89,77.73,78.32,80.27,78.58,73.03,70.04,71.84,72.08,71.14,66.86,56.08,65.69,72.97,71.68,70.35,68.02,69.83,73.47,76.45,75.94,75.66,74.89,74.35,67.86,77.8,75.85,71.21,64.45,65.27,73.64,75.69,70.3,79.64,79.23,78.17,75.75,75.86,78.11,69.81,78.48,78.28,79.96,79.22,69.05,75.47,79.07,77.69,75.97,78.37
2026-03-04 11:07:49,81.2,86.11,87.88,86.04,83.61,81.09,80.61,81.71,79.38,74.76,74.07,77.89,78.38,80.3,78.7,73.33,70.05,71.76,72.12,71.25,67.21,56.64,65.95,72.96,71.4,70.39,68.15,69.78,73.45,76.43,75.98,75.62,74.83,74.18,67.72,77.61,75.57,71.23,64.58,65.09,73.51,75.84,70.39,79.53,78.9,78.13,75.82,75.3,77.8,69.88,78.56,78.4,79.93,79.04,69.15,75.42,78.99,77.66,75.99,78.36
2026-03-04 11:07:50,80.95,85.95,87.92,86.15,83.73,81.25,80.78,81.75,79.25,74.68,74.3,78.05,78.45,80.37,78.87,73.68,70.09,71.67,72.21,71.46,67.65,57.37,66.33,72.99,71.18,70.49,68.33,69.81,73.51,76.44,76.07,75.65,74.82,74.04,67.63,77.44,75.38,71.34,64.84,64.92,73.4,76.04,70.45,79.41,78.55,78.14,75.97,74.74,77.51,70.05,78.72,78.57,79.91,78.88,69.4,75.45,78.89,77.57,76.04,78.38
2026-03-04 11:07:51,80.73,85.82,88.03,86.35,83.92,81.43,80.98,81.81,79.13,74.62,74.56,78.22,78.54,80.46,79.08,74.08,70.16,71.58,72.35,71.75,68.17,58.24,66.82,73.06,71.02,70.62,68.56,69.9,73.63,76.49,76.21,75.72,74.84,73.93,67.58,77.29,75.26,71.54,65.21,64.77,73.32,76.27,70.5,79.29,78.17,78.21,76.19,74.19,77.26,70.29,78.93,78.79,79.9,78.73,69.76,75.56,78.78,77.45,76.11,78.44
2026-03-04 11:07:52,80.57,85.75,88.16,86.58,84.17,81.64,81.16,81.85,79.03,74.62,74.79,78.36,78.66,80.55,79.25,74.44,70.28,71.54,72.48,72.05,68.7,59.21,67.37,73.13,70.93,70.83,68.86,70.06,73.8,76.55,76.33,75.82,74.89,73.9,67.66,77.18,75.18,71.76,65.7,64.77,73.28,76.51,70.59,79.16,77.81,78.31,76.43,73.73,77.06,70.54,79.06,78.98,79.89,78.57,70.13,75.69,78.68,77.34,76.19,78.52
2026-03-04 11:07:53,80.46,85.7,88.25,86.78,84.41,81.88,81.36,81.87,78.96,74.64,74.94,78.49,78.79,80.6,79.32,74.73,70.45,71.52,72.61,72.34,69.19,60.19,67.89,73.18,70.87,71.06,69.15,70.27,74.03,76.62,76.37,75.91,74.99,73.97,67.88,77.04,75.14,72.03,66.29,64.93,73.32,76.77,70.75,79.02,77.52,78.45,76.72,73.41,76.85,70.8,79.13,79.14,79.89,78.39,70.47,75.79,78.58,77.26,76.29,78.61
2026-03-04 11:07:54,80.38,85.69,88.33,86.97,84.67,82.19,81.61,81.9,78.88,74.68,75.03,78.63,78.95,80.61,79.32,74.84,70.66,71.55,72.75,72.65,69.61,61.16,68.39,73.25,70.82,71.28,69.42,70.51,74.27,76.62,76.36,76.0,75.09,74.09,68.16,76.83,75.06,72.27,66.89,65.16,73.34,76.98,70.94,78.89,77.32,78.63,76.98,73.12,76.59,71.07,79.18,79.29,79.91,78.22,70.78,75.89,78.5,77.23,76.41,78.73
2026-03-04 11:07:55,80.35,85.74,88.44,87.19,85.0,82.56,81.9,81.95,78.8,74.72,75.09,78.79,79.14,80.6,79.27,74.77,70.88,71.62,72.91,72.97,69.96,62.14,68.93,73.36,70.75,71.49,69.7,70.77,74.51,76.54,76.31,76.09,75.22,74.23,68.48,76.53,74.93,72.43,67.46,65.39,73.32,77.11,71.16,78.78,77.21,78.83,77.19,72.84,76.31,71.36,79.23,79.44,79.94,78.04,71.05,75.99,78.44,77.24,76.55,78.88
2026-03-04 11:07:56,80.37,85.84,88.57,87.45,85.36,82.97,82.24,82.01,78.71,74.76,75.12,78.96,79.36,80.58,79.17,74.53,71.13,71.74,73.09,73.3,70.23,63.13,69.49,73.5,70.67,71.67,69.99,71.05,74.76,76.4,76.24,76.19,75.36,74.39,68.82,76.15,74.77,72.52,68.0,65.64,73.25,77.18,71.4,78.68,77.17,79.05,77.36,72.58,76.03,71.68,79.28,79.6,79.98,77.87,71.28,76.09,78.39,77.27,76.72,79.05
2026-03-04 11:07:57,80.43,85.98,88.72,87.73,85.75,83.42,82.6,82.09,78.61,74.81,75.13,79.13,79.58,80.55,79.03,74.16,71.37,71.9,73.3,73.63,70.44,64.1,70.06,73.67,70.58,71.84,70.26,71.33,74.99,76.21,76.14,76.28,75.51,74.56,69.19,75.71,74.57,72.57,68.51,65.89,73.15,77.18,71.65,78.6,77.18,79.28,77.5,72.34,75.76,72.02,79.33,79.76,80.04,77.7,71.48,76.19,78.35,77.33,76.91,79.24
2026-03-04 11:07:58,80.46,86.11,88.87,87.99,86.1,83.84,82.88,82.14,78.53,74.86,75.12,79.22,79.7,80.46,78.89,73.8,71.61,72.1,73.52,73.94,70.63,65.06,70.62,73.83,70.55,72.02,70.46,71.61,75.2,76.03,76.05,76.36,75.67,74.78,69.59,75.27,74.4,72.63,69.0,66.2,73.05,77.13,71.87,78.47,77.15,79.48,77.62,72.14,75.49,72.36,79.39,79.92,80.11,77.55,71.65,76.25,78.29,77.41,77.09,79.36
2026-03-04 11:07:59,80.35,86.17,88.98,88.23,86.42,84.21,83.09,82.15,78.46,74.94,75.13,79.25,79.67,80.25,78.75,73.53,71.87,72.34,73.73,74.2,70.82,66.01,71.17,73.98,70.6,72.23,70.67,71.91,75.43,75.88,75.99,76.45,75.85,75.04,70.05,74.92,74.3,72.75,69.5,66.58,72.95,77.02,72.01,78.28,77.08,79.64,77.73,72.02,75.25,72.69,79.45,80.05,80.18,77.44,71.85,76.33,78.25,77.53,77.28,79.4
2026-03-04 11:08:00,80.12,86.16,89.07,88.44,86.73,84.54,83.22,82.14,78.39,75.04,75.17,79.23,79.51,79.93,78.61,73.33,72.15,72.61,73.93,74.42,71.0,66.95,71.71,74.12,70.73,72.46,70.9,72.23,75.68,75.79,75.95,76.55,76.06,75.34,70.56,74.65,74.27,72.91,70.01,67.0,72.84,76.84,72.07,78.04,76.97,79.76,77.84,71.96,75.02,73.01,79.5,80.16,80.25,77.37,72.08,76.42,78.23,77.67,77.46,79.35
2026-03-04 11:08:01,79.79,86.1,89.14,88.65,87.01,84.83,83.28,82.1,78.32,75.14,75.23,79.16,79.24,79.52,78.47,73.2,72.44,72.91,74.13,74.62,71.19,67.86,72.24,74.25,70.92,72.7,71.15,72.58,75.95,75.72,75.92,76.65,76.28,75.68,71.1,74.47,74.3,73.11,70.51,67.46,72.74,76.62,72.07,77.77,76.84,79.84,77.93,71.96,74.82,73.32,79.54,80.23,80.32,77.33,72.34,76.52,78.24,77.84,77.64,79.24
2026-03-04 11:08:02,79.43,86.03,89.2,88.83,87.25,85.05,83.28,82.02,78.21,75.2,75.26,79.09,78.98,79.11,78.28,73.09,72.7,73.17,74.32,74.8,71.36,68.7,72.73,74.37,71.11,72.93,71.41,72.95,76.17,75.63,75.87,76.71,76.46,76.01,71.66,74.34,74.32,73.3,70.98,67.92,72.62,76.36,72.09,77.51,76.71,79.82,78.01,72.03,74.7,73.64,79.57,80.28,80.33,77.27,72.55,76.6,78.27,78.02,77.79,79.12
2026-03-04 11:08:03,79.09,85.9,89.25,88.96,87.42,85.18,83.28,81.91,78.05,75.22,75.27,79.02,78.75,78.7,78.06,72.99,72.9,73.34,74.5,74.95,71.51,69.44,73.13,74.45,71.32,73.15,71.71,73.28,76.32,75.52,75.78,76.69,76.6,76.31,72.19,74.24,74.34,73.48,71.42,68.39,72.5,76.11,72.18,77.28,76.58,79.74,78.14,72.18,74.62,73.94,79.57,80.3,80.29,77.18,72.74,76.62,78.28,78.22,77.92,79.04
2026-03-04 11:08:04,78.77,85.7,89.26,89.05,87.52,85.27,83.3,81.81,77.86,75.27,75.29,78.93,78.5,78.28,77.8,72.92,73.09,73.49,74.64,75.02,71.55,70.05,73.43,74.53,71.56,73.35,72.01,73.59,76.43,75.45,75.72,76.66,76.65,76.51,72.64,74.21,74.44,73.65,71.84,68.86,72.38,75.9,72.27,77.11,76.48,79.68,78.3,72.4,74.59,74.25,79.55,80.3,80.25,77.1,72.95,76.63,78.27,78.38,78.04,78.96
2026-03-04 11:08:05,78.47,85.51,89.21,89.1,87.53,85.37,83.35,81.71,77.65,75.33,75.27,78.78,78.19,77.82,77.47,72.86,73.26,73.59,74.71,74.97,71.46,70.52,73.67,74.62,71.81,73.56,72.32,73.87,76.51,75.41,75.69,76.61,76.59,76.6,73.0,74.27,74.61,73.84,72.22,69.32,72.27,75.73,72.36,76.99,76.44,79.66,78.49,72.67,74.61,74.6,79.54,80.27,80.2,77.07,73.21,76.64,78.24,78.49,78.16,78.88
2026-03-04 11:08:06,78.2,85.32,89.13,89.1,87.46,85.47,83.44,81.61,77.42,75.4,75.24,78.59,77.83,77.35,77.1,72.82,73.42,73.67,74.74,74.82,71.24,70.86,73.86,74.7,72.09,73.78,72.63,74.13,76.59,75.41,75.69,76.54,76.45,76.58,73.28,74.39,74.84,74.03,72.57,69.77,72.16,75.59,72.45,76.92,76.43,79.66,78.7,72.97,74.67,74.98,79.52,80.24,80.16,77.08,73.5,76.65,78.18,78.56,78.27,78.78
2026-03-04 11:08:07,77.94,85.14,89.0,89.07,87.33,85.57,83.55,81.5,77.17,75.47,75.19,78.36,77.45,76.86,76.69,72.8,73.56,73.72,74.71,74.58,70.92,71.09,74.0,74.78,72.37,74.01,72.94,74.38,76.65,75.44,75.72,76.47,76.22,76.47,73.49,74.58,75.12,74.23,72.88,70.2,72.06,75.48,72.54,76.89,76.46,79.68,78.94,73.31,74.78,75.37,79.5,80.18,80.12,77.13,73.81,76.67,78.1,78.59,78.38,78.68
2026-03-04 11:08:08,77.7,84.96,88.84,89.02,87.15,85.67,83.68,81.4,76.91,75.55,75.13,78.1,77.04,76.36,76.25,72.78,73.68,73.74,74.65,74.27,70.52,71.23,74.09,74.87,72.66,74.23,73.24,74.61,76.71,75.48,75.77,76.39,75.94,76.29,73.64,74.8,75.44,74.43,73.17,70.61,71.96,75.4,72.62,76.9,76.51,79.72,79.18,73.67,74.92,75.78,79.48,80.12,80.09,77.2,74.15,76.69,78.0,78.58,78.47,78.58
2026-03-04 11:08:09,77.48,84.8,88.66,88.93,86.91,85.77,83.83,81.31,76.65,75.64,75.05,77.82,76.61,75.87,75.79,72.78,73.8,73.74,74.56,73.89,70.04,71.27,74.14,74.95,72.96,74.45,73.54,74.82,76.75,75.55,75.83,76.29,75.6,76.04,73.73,75.07,75.79,74.63,73.42,71.0,71.87,75.35,72.69,76.95,76.6,79.78,79.43,74.05,75.09,76.19,79.46,80.05,80.05,77.29,74.5,76.71,77.89,78.55,78.56,78.48
2026-03-04 11:08:10,77.28,84.64,88.45,88.83,86.64,85.86,83.99,81.21,76.38,75.73,74.97,77.53,76.16,75.37,75.31,72.79,73.89,73.72,74.43,73.47,69.51,71.24,74.16,75.02,73.25,74.67,73.84,75.01,76.78,75.64,75.92,76.2,75.21,75.74,73.77,75.37,76.17,74.83,73.64,71.37,71.78,75.32,72.76,77.02,76.7,79.85,79.69,74.44,75.27,76.6,79.44,79.97,80.02,77.4,74.86,76.73,77.78,78.49,78.65,78.37
2026-03-04 11:08:11,77.1,84.49,88.23,88.71,86.34,85.96,84.15,81.12,76.11,75.82,74.88,77.22,75.72,74.89,74.83,72.81,73.98,73.69,74.29,73.02,68.94,71.15,74.15,75.1,73.54,74.88,74.12,75.18,76.81,75.74,76.01,76.1,74.8,75.4,73.76,75.69,76.57,75.03,73.84,71.72,71.7,75.32,72.83,77.12,76.82,79.93,79.95,74.83,75.48,77.01,79.41,79.88,79.99,77.53,75.22,76.75,77.65,78.41,78.72,78.27
2026-03-04 11:08:12,76.93,84.35,88.0,88.57,86.02,86.05,84.33,81.04,75.85,75.9,74.78,76.9,75.27,74.41,74.35,72.84,74.06,73.64,74.12,72.53,68.33,71.0,74.11,75.17,73.83,75.09,74.39,75.34,76.82,75.85,76.12,76.0,74.36,75.02,73.72,76.03,76.98,75.22,74.01,72.05,71.63,75.33,72.89,77.24,76.96,80.02,80.21,75.22,75.7,77.42,79.39,79.79,79.96,77.67,75.58,76.77,77.52,78.32,78.79,78.17
2026-03-04 11:08:13,76.8,84.23,87.77,88.42,85.7,86.14,84.49,80.96,75.59,75.99,74.67,76.6,74.85,73.98,73.91,72.88,74.11,73.59,73.95,72.05,67.74,70.83,74.06,75.22,74.11,75.29,74.65,75.5,76.84,75.96,76.23,75.9,73.94,74.66,73.65,76.35,77.36,75.41,74.18,72.36,71.55,75.33,72.96,77.36,77.09,80.11,80.45,75.59,75.88,77.78,79.35,79.69,79.91,77.8,75.91,76.79,77.4,78.2,78.83,78.07
2026-03-04 11:08:14,76.74,84.14,87.55,88.17,85.38,86.19,84.59,80.87,75.33,76.02,74.6,76.36,74.51,73.61,73.56,72.99,74.16,73.55,73.81,71.64,67.28,70.71,73.99,75.23,74.36,75.44,74.9,75.63,76.87,76.09,76.31,75.79,73.58,74.36,73.6,76.6,77.67,75.6,74.38,72.66,71.49,75.36,73.1,77.49,77.2,80.17,80.6,75.91,76.02,78.05,79.31,79.56,79.74,77.86,76.19,76.83,77.34,78.12,78.83,78.01
2026-03-04 11:08:15,76.74,84.09,87.36,87.91,85.09,86.18,84.65,80.77,74.98,75.93,74.58,76.22,74.26,73.33,73.32,73.14,74.22,73.5,73.7,71.34,66.97,70.66,73.89,75.17,74.58,75.57,75.1,75.73,76.9,76.22,76.32,75.65,73.25,74.11,73.58,76.78,77.92,75.8,74.59,72.95,71.52,75.47,73.32,77.61,77.32,80.22,80.71,76.21,76.15,78.28,79.26,79.41,79.5,77.9,76.48,76.87,77.3,78.12,78.88,78.03
2026-03-04 11:08:16,76.78,84.07,87.19,87.65,84.81,86.11,84.67,80.66,74.54,75.73,74.62,76.14,74.07,73.15,73.18,73.33,74.28,73.43,73.6,71.13,66.81,70.66,73.76,75.05,74.77,75.68,75.27,75.81,76.94,76.35,76.27,75.49,72.97,73.89,73.59,76.91,78.14,76.01,74.81,73.2,71.65,75.65,73.61,77.73,77.43,80.25,80.8,76.5,76.29,78.48,79.21,79.23,79.2,77.92,76.76,76.92,77.27,78.17,78.99,78.11
2026-03-04 11:08:17,76.87,84.08,87.04,87.39,84.56,86.0,84.66,80.54,74.04,75.42,74.71,76.14,73.95,73.05,73.14,73.56,74.34,73.36,73.53,71.0,66.78,70.72,73.6,74.9,74.92,75.76,75.41,75.87,76.98,76.47,76.16,75.31,72.72,73.7,73.62,77.0,78.31,76.22,75.03,73.43,71.85,75.89,73.94,77.83,77.55,80.28,80.86,76.77,76.43,78.64,79.16,79.04,78.85,77.92,77.05,76.97,77.26,78.27,79.13,78.25
2026-03-04 11:08:18,76.99,84.11,86.91,87.14,84.33,85.85,84.61,80.41,73.47,75.04,74.83,76.19,73.89,73.02,73.17,73.81,74.4,73.28,73.47,70.94,66.86,70.81,73.42,74.7,75.05,75.83,75.52,75.92,77.03,76.59,76.01,75.13,72.51,73.54,73.68,77.04,78.45,76.43,75.25,73.64,72.11,76.18,74.32,77.93,77.66,80.3,80.9,77.02,76.58,78.78,79.11,78.83,78.47,77.91,77.33,77.02,77.27,78.42,79.31,78.43
2026-03-04 11:08:19,77.14,84.17,86.81,86.9,84.12,85.67,84.55,80.27,72.86,74.58,74.99,76.3,73.88,73.05,73.27,74.09,74.46,73.19,73.43,70.95,67.04,70.94,73.22,74.48,75.15,75.88,75.61,75.94,77.08,76.7,75.82,74.93,72.32,73.41,73.75,77.04,78.55,76.64,75.47,73.82,72.43,76.5,74.73,78.01,77.77,80.31,80.92,77.25,76.72,78.89,79.06,78.61,78.06,77.88,77.61,77.07,77.29,78.6,79.52,78.65
2026-03-04 11:08:20,77.31,84.24,86.72,86.67,83.93,85.47,84.46,80.14,72.23,74.07,75.17,76.44,73.91,73.13,73.43,74.37,74.52,73.1,73.41,71.01,67.29,71.1,73.01,74.23,75.22,75.91,75.67,75.95,77.13,76.81,75.59,74.73,72.16,73.31,73.84,77.02,78.63,76.84,75.68,73.98,72.79,76.86,75.17,78.09,77.88,80.32,80.92,77.47,76.87,78.98,79.01,78.39,77.64,77.85,77.87,77.12,77.31,78.81,79.75,78.9
2026-03-04 11:08:21,77.5,84.33,86.64,86.45,83.76,85.24,84.36,79.99,71.57,73.52,75.37,76.62,73.98,73.26,73.63,74.67,74.58,73.0,73.4,71.11,67.62,71.28,72.8,73.97,75.28,75.93,75.71,75.95,77.18,76.92,75.34,74.53,72.03,73.22,73.94,76.96,78.67,77.04,75.89,74.12,73.19,77.24,75.62,78.16,77.98,80.32,80.91,77.67,77.0,79.04,78.96,78.16,77.2,77.8,78.13,77.18,77.35,79.05,79.99,79.18
2026-03-04 11:08:22,77.71,84.43,86.58,86.25,83.61,85.0,84.24,79.85,70.9,72.94,75.59,76.83,74.08,73.42,73.88,74.98,74.63,72.91,73.39,71.26,67.99,71.48,72.57,73.69,75.32,75.94,75.73,75.93,77.24,77.01,75.07,74.32,71.93,73.16,74.05,76.89,78.7,77.23,76.1,74.25,73.61,77.63,76.08,78.22,78.08,80.31,80.88,77.85,77.14,79.09,78.91,77.94,76.75,77.75,78.38,77.23,77.39,79.31,80.25,79.48
2026-03-04 11:08:23,77.93,84.53,86.54,86.05,83.47,84.75,84.12,79.72,70.22,72.34,75.82,77.06,74.21,73.62,74.15,75.29,74.69,72.81,73.4,71.43,68.41,71.69,72.35,73.4,75.34,75.93,75.74,75.91,77.29,77.11,74.79,74.12,71.84,73.12,74.17,76.79,78.7,77.42,76.29,74.35,74.05,78.04,76.55,78.28,78.18,80.3,80.84,78.02,77.27,79.12,78.87,77.72,76.31,77.69,78.61,77.28,77.44,79.57,80.52,79.79
2026-03-04 11:08:24,78.16,84.65,86.51,85.87,83.35,84.49,83.98,79.58,69.55,71.72,76.06,77.3,74.36,73.84,74.45,75.59,74.74,72.72,73.42,71.63,68.87,71.92,72.12,73.1,75.35,75.92,75.73,75.88,77.35,77.19,74.5,73.92,71.77,73.09,74.29,76.68,78.69,77.6,76.48,74.44,74.5,78.45,77.01,78.33,78.27,80.29,80.8,78.17,77.4,79.14,78.83,77.5,75.87,77.63,78.83,77.33,77.49,79.85,80.79,80.11
2026-03-04 11:08:25,78.38,84.77,86.48,85.69,83.25,84.23,83.84,79.45,68.89,71.1,76.3,77.56,74.52,74.07,74.78,75.9,74.79,72.62,73.44,71.86,69.35,72.15,71.9,72.81,75.34,75.9,75.71,75.84,77.4,77.27,74.2,73.73,71.72,73.07,74.41,76.56,78.66,77.77,76.66,74.52,74.95,78.86,77.47,78.37,78.35,80.27,80.74,78.31,77.52,79.15,78.79,77.28,75.43,77.57,79.04,77.38,77.55,80.13,81.07,80.43
2026-03-04 11:08:26,78.61,84.89,86.47,85.54,83.16,83.97,83.7,79.32,68.24,70.49,76.54,77.83,74.7,74.33,75.11,76.19,74.83,72.53,73.47,72.1,69.85,72.39,71.68,72.52,75.33,75.88,75.68,75.8,77.45,77.35,73.9,73.54,71.69,73.07,74.54,76.43,78.62,77.92,76.83,74.58,75.4,79.26,77.92,78.4,78.43,80.25,80.69,78.43,77.63,79.14,78.75,77.08,75.01,77.5,79.24,77.42,77.61,80.42,81.34,80.75
2026-03-04 11:08:27,78.84,85.01,86.47,85.39,83.08,83.71,83.56,79.2,67.62,69.88,76.79,78.1,74.89,74.59,75.45,76.48,74.88,72.44,73.5,72.35,70.35,72.62,71.47,72.23,75.3,75.84,75.64,75.75,77.5,77.41,73.6,73.36,71.67,73.08,74.66,76.29,78.57,78.07,76.99,74.63,75.85,79.66,78.36,78.43,78.5,80.23,80.62,78.54,77.73,79.12,78.72,76.88,74.59,77.43,79.42,77.47,77.66,80.7,81.61,81.07
2026-03-04 11:08:28,79.07,85.14,86.47,85.25,83.02,83.45,83.41,79.08,67.01,69.28,77.03,78.37,75.09,74.86,75.8,76.76,74.92,72.36,73.54,72.6,70.86,72.85,71.26,71.95,75.27,75.81,75.6,75.7,77.55,77.47,73.31,73.19,71.66,73.09,74.79,76.15,78.51,78.21,77.14,74.66,76.3,80.05,78.78,78.46,78.57,80.21,80.55,78.63,77.83,79.1,78.68,76.69,74.2,77.36,79.59,77.51,77.72,80.98,81.87,81.39
2026-03-04 11:08:29,79.29,85.26,86.48,85.13,82.96,83.2,83.27,78.97,66.43,68.7,77.26,78.65,75.29,75.13,76.14,77.02,74.95,72.28,73.58,72.87,71.37,73.08,71.06,71.67,75.23,75.77,75.54,75.65,77.59,77.53,73.02,73.02,71.67,73.12,74.91,76.0,78.45,78.34,77.27,74.69,76.73,80.43,79.19,78.48,78.63,80.19,80.48,78.72,77.93,79.07,78.65,76.51,73.82,77.29,79.75,77.55,77.78,81.25,82.12,81.69
2026-03-04 11:08:30,79.58,85.45,86.56,85.08,82.99,83.04,83.2,78.93,66.0,68.23,77.53,78.96,75.54,75.45,76.52,77.31,75.04,72.26,73.66,73.15,71.85,73.33,70.93,71.47,75.22,75.74,75.49,75.61,77.65,77.61,72.79,72.9,71.71,73.17,75.04,75.88,78.39,78.48,77.42,74.7,77.12,80.77,79.56,78.49,78.69,80.14,80.37,78.76,78.01,79.03,78.63,76.33,73.5,77.21,79.82,77.58,77.86,81.51,82.33,81.98
2026-03-04 11:08:31,80.07,85.82,86.79,85.22,83.24,83.09,83.33,79.1,65.9,68.04,77.89,79.36,75.88,75.85,76.95,77.67,75.2,72.39,73.87,73.52,72.37,73.66,70.95,71.44,75.29,75.72,75.41,75.62,77.75,77.74,72.66,72.85,71.77,73.22,75.17,75.85,78.41,78.64,77.61,74.76,77.49,81.03,79.78,78.48,78.76,80.06,80.19,78.75,78.1,79.02,78.65,76.24,73.34,77.17,79.84,77.63,77.99,81.78,82.48,82.21
2026-03-04 11:08:32,80.74,86.37,87.17,85.54,83.63,83.29,83.62,79.47,66.07,68.16,78.33,79.85,76.29,76.36,77.44,78.06,75.45,72.64,74.15,73.99,72.96,74.04,71.09,71.54,75.4,75.72,75.35,75.69,77.88,77.88,72.64,72.84,71.78,73.24,75.28,75.84,78.41,78.8,77.82,74.9,77.9,81.27,79.91,78.45,78.84,80.02,80.07,78.77,78.26,79.08,78.7,76.27,73.35,77.16,79.83,77.71,78.19,82.02,82.57,82.36
2026-03-04 11:08:33,81.52,87.03,87.67,86.0,84.14,83.63,84.06,80.01,66.52,68.55,78.83,80.4,76.81,76.98,77.99,78.5,75.78,72.99,74.51,74.52,73.59,74.48,71.32,71.7,75.53,75.76,75.32,75.82,78.02,78.06,72.74,72.87,71.74,73.27,75.36,75.81,78.34,78.95,78.02,75.03,78.3,81.51,80.04,78.47,78.96,79.99,80.0,78.75,78.48,79.2,78.8,76.35,73.47,77.2,79.82,77.84,78.44,82.25,82.65,82.49
2026-03-04 11:08:34,82.35,87.74,88.18,86.47,84.7,84.04,84.5,80.59,67.14,69.08,79.35,80.96,77.35,77.59,78.51,78.91,76.09,73.35,74.89,75.07,74.14,74.93,71.63,71.9,75.68,75.84,75.37,75.99,78.19,78.26,72.92,72.9,71.69,73.31,75.42,75.72,78.25,79.09,78.21,75.11,78.6,81.63,80.14,78.51,79.03,79.95,79.94,78.79,78.74,79.35,78.92,76.47,73.66,77.27,79.84,78.02,78.72,82.47,82.72,82.62
2026-03-04 11:08:35,83.08,88.32,88.56,86.85,85.18,84.39,84.81,81.01,67.71,69.59,79.79,81.45,77.82,78.02,78.89,79.21,76.3,73.62,75.22,75.57,74.51,75.28,71.91,72.09,75.86,75.94,75.4,76.19,78.37,78.45,73.16,72.98,71.69,73.36,75.43,75.64,78.17,79.16,78.27,75.15,78.85,81.58,80.22,78.56,79.08,79.97,79.94,78.89,79.02,79.53,79.02,76.64,73.89,77.38,79.88,78.18,78.95,82.68,82.81,82.78
2026-03-04 11:08:36,83.69,88.76,88.82,87.14,85.56,84.66,85.02,81.25,68.18,70.03,80.16,81.85,78.2,78.26,79.16,79.44,76.41,73.81,75.52,76.01,74.81,75.52,72.14,72.28,76.06,76.06,75.4,76.42,78.55,78.63,73.43,73.14,71.77,73.42,75.39,75.59,78.1,79.14,78.18,75.17,79.05,81.36,80.29,78.61,79.16,80.04,79.99,79.02,79.27,79.71,79.1,76.86,74.19,77.53,79.94,78.32,79.1,82.88,82.96,82.98
2026-03-04 11:08:37,84.19,89.07,88.99,87.37,85.85,84.87,85.13,81.34,68.55,70.41,80.45,82.19,78.52,78.34,79.35,79.59,76.44,73.93,75.8,76.41,75.03,75.66,72.33,72.46,76.27,76.19,75.36,76.67,78.72,78.79,73.73,73.34,71.91,73.49,75.31,75.58,78.05,79.02,77.97,75.18,79.22,80.98,80.34,78.66,79.25,80.16,80.09,79.18,79.51,79.89,79.17,77.12,74.54,77.71,80.01,78.45,79.17,83.08,83.16,83.23
2026-03-04 11:08:38,84.58,89.27,89.07,87.54,86.05,85.02,85.15,81.29,68.85,70.74,80.68,82.47,78.77,78.26,79.45,79.67,76.4,73.98,76.04,76.76,75.2,75.71,72.47,72.62,76.5,76.32,75.3,76.93,78.89,78.94,74.06,73.59,72.1,73.56,75.2,75.6,78.01,78.84,77.65,75.18,79.36,80.47,80.38,78.7,79.37,80.33,80.22,79.37,79.73,80.08,79.23,77.42,74.93,77.9,80.1,78.55,79.17,83.27,83.4,83.5
2026-03-04 11:08:39,84.89,89.37,89.07,87.65,86.18,85.11,85.11,81.13,69.07,71.02,80.84,82.69,78.97,78.06,79.48,79.69,76.31,73.99,76.26,77.07,75.31,75.68,72.58,72.78,76.73,76.47,75.22,77.2,79.06,79.08,74.41,73.88,72.33,73.63,75.06,75.64,77.99,78.6,77.23,75.17,79.47,79.86,80.41,78.75,79.49,80.53,80.39,79.58,79.93,80.26,79.29,77.74,75.36,78.12,80.2,78.64,79.12,83.46,83.68,83.79
2026-03-04 11:08:40,85.11,89.39,89.01,87.72,86.25,85.16,84.98,80.88,69.22,71.26,80.96,82.86,79.11,77.77,79.44,79.67,76.15,73.94,76.44,77.33,75.38,75.59,72.66,72.92,76.96,76.61,75.11,77.47,79.21,79.19,74.76,74.2,72.6,73.7,74.89,75.71,77.97,78.31,76.75,75.15,79.56,79.17,80.43,78.79,79.62,80.74,80.57,79.8,80.11,80.44,79.32,78.08,75.8,78.35,80.31,78.73,79.03,83.62,83.98,84.1
2026-03-04 11:08:41,85.18,89.32,88.89,87.72,86.27,85.16,84.73,80.54,69.38,71.47,81.02,82.95,79.23,77.46,79.34,79.57,75.89,73.79,76.53,77.52,75.4,75.49,72.74,73.01,77.1,76.64,74.97,77.67,79.3,79.2,75.06,74.5,72.84,73.76,74.75,75.76,77.93,78.01,76.28,75.12,79.57,78.46,80.41,78.84,79.72,80.88,80.67,79.95,80.2,80.5,79.31,78.35,76.16,78.54,80.42,78.81,78.96,83.73,84.26,84.35
2026-03-04 11:08:42,85.14,89.19,88.68,87.64,86.2,85.07,84.41,80.15,69.58,71.67,81.01,82.91,79.24,77.17,79.21,79.4,75.59,73.56,76.52,77.61,75.37,75.37,72.81,73.06,77.14,76.62,74.82,77.8,79.3,79.11,75.24,74.76,73.08,73.81,74.58,75.72,77.83,77.7,75.84,75.07,79.48,77.74,80.33,78.89,79.78,80.94,80.7,80.03,80.17,80.44,79.25,78.51,76.42,78.61,80.51,78.84,78.92,83.81,84.48,84.54
2026-03-04 11:08:43,85.04,88.99,88.39,87.52,86.05,84.9,83.91,79.77,69.82,71.87,80.9,82.72,79.13,76.78,78.98,79.14,75.31,73.38,76.48,77.6,75.26,75.2,72.88,73.07,77.07,76.46,74.66,77.87,79.2,78.87,75.32,74.97,73.29,73.84,74.42,75.62,77.68,77.32,75.42,75.0,79.34,77.02,80.13,78.9,79.8,80.92,80.63,80.0,80.11,80.37,79.17,78.6,76.64,78.57,80.58,78.91,78.94,83.83,84.59,84.6
2026-03-04 11:08:44,84.88,88.71,88.02,87.36,85.87,84.65,83.19,79.41,70.1,72.08,80.69,82.35,78.91,76.26,78.65,78.8,75.06,73.26,76.42,77.49,75.07,74.98,72.93,73.04,76.86,76.12,74.48,77.88,78.99,78.49,75.31,75.11,73.47,73.89,74.28,75.49,77.46,76.84,74.98,74.89,79.17,76.29,79.81,78.87,79.8,80.84,80.45,79.85,80.05,80.33,79.09,78.64,76.81,78.47,80.64,79.05,79.01,83.78,84.62,84.54
2026-03-04 11:08:45,84.67,88.39,87.58,87.16,85.66,84.35,82.29,79.05,70.4,72.29,80.4,81.85,78.59,75.64,78.23,78.37,74.84,73.19,76.33,77.31,74.84,74.72,72.96,72.97,76.54,75.63,74.29,77.85,78.71,77.99,75.22,75.19,73.63,73.93,74.16,75.35,77.19,76.28,74.53,74.76,78.97,75.57,79.4,78.82,79.79,80.71,80.19,79.61,79.98,80.29,78.99,78.65,76.95,78.31,80.7,79.24,79.13,83.69,84.58,84.38
2026-03-04 11:08:46,84.42,88.02,87.1,86.94,85.42,84.0,81.24,78.7,70.73,72.5,80.04,81.22,78.19,74.93,77.74,77.89,74.65,73.17,76.23,77.06,74.55,74.44,72.99,72.86,76.12,75.01,74.08,77.78,78.35,77.38,75.06,75.22,73.77,73.98,74.06,75.2,76.88,75.65,74.08,74.61,78.74,74.85,78.91,78.74,79.76,80.53,79.85,79.28,79.91,80.26,78.89,78.62,77.05,78.11,80.75,79.47,79.29,83.55,84.48,84.13
2026-03-04 11:08:47,84.13,87.61,86.57,86.7,85.17,83.61,80.07,78.38,71.07,72.72,79.62,80.5,77.73,74.16,77.19,77.36,74.48,73.19,76.12,76.76,74.23,74.13,73.01,72.73,75.62,74.3,73.87,77.67,77.94,76.69,74.83,75.2,73.89,74.03,73.99,75.04,76.54,74.98,73.63,74.44,78.49,74.14,78.36,78.64,79.73,80.32,79.45,78.88,79.85,80.25,78.78,78.56,77.11,77.88,80.8,79.73,79.49,83.37,84.32,83.81
2026-03-04 11:08:48,83.82,87.18,86.01,86.45,84.9,83.19,78.82,78.07,71.41,72.93,79.16,79.7,77.21,73.34,76.6,76.8,74.34,73.25,76.0,76.41,73.87,73.81,73.02,72.58,75.06,73.5,73.66,77.53,77.47,75.93,74.56,75.15,73.99,74.09,73.93,74.87,76.17,74.27,73.19,74.26,78.24,73.46,77.76,78.53,79.68,80.07,79.0,78.42,79.78,80.24,78.67,78.48,77.15,77.62,80.83,80.02,79.71,83.16,84.12,83.42
2026-03-04 11:08:49,83.49,86.73,85.44,86.18,84.62,82.75,77.49,77.77,71.77,73.14,78.67,78.84,76.65,72.48,75.97,76.21,74.22,73.34,75.87,76.03,73.49,73.47,73.02,72.41,74.45,72.64,73.45,77.38,76.98,75.13,74.25,75.05,74.07,74.14,73.89,74.69,75.78,73.54,72.76,74.06,77.97,72.79,77.12,78.4,79.63,79.8,78.51,77.92,79.71,80.24,78.56,78.38,77.17,77.33,80.86,80.33,79.95,82.92,83.89,82.99
2026-03-04 11:08:50,83.14,86.27,84.85,85.91,84.34,82.29,76.12,77.5,72.12,73.35,78.15,77.94,76.06,71.6,75.33,75.61,74.12,73.45,75.73,75.63,73.1,73.13,73.02,72.23,73.8,71.73,73.23,77.2,76.46,74.29,73.91,74.93,74.14,74.2,73.86,74.52,75.38,72.8,72.34,73.87,77.69,72.16,76.45,78.26,79.58,79.51,77.99,77.39,79.65,80.25,78.45,78.26,77.16,77.03,80.89,80.66,80.21,82.67,83.62,82.52
2026-03-04 11:08:51,82.78,85.81,84.26,85.64,84.06,81.83,74.73,77.24,72.47,73.54,77.61,77.01,75.45,70.71,74.67,74.99,74.04,73.58,75.59,75.2,72.7,72.78,73.01,72.04,73.12,70.79,73.03,77.01,75.92,73.43,73.54,74.79,74.19,74.25,73.85,74.34,74.97,72.04,71.93,73.66,77.42,71.55,75.77,78.11,79.52,79.21,77.45,76.83,79.59,80.26,78.33,78.13,77.14,76.72,80.91,80.99,80.48,82.4,83.34,82.02
2026-03-04 11:08:52,82.42,85.34,83.68,85.37,83.77,81.36,73.32,77.0,72.81,73.74,77.07,76.07,74.82,69.82,74.01,74.38,73.97,73.72,75.45,74.76,72.29,72.44,72.99,71.84,72.43,69.84,72.82,76.81,75.37,72.57,73.16,74.63,74.23,74.31,73.84,74.17,74.57,71.3,71.54,73.46,77.15,70.98,75.08,77.96,79.45,78.91,76.91,76.26,79.52,80.28,78.23,77.99,77.09,76.4,80.93,81.33,80.75,82.13,83.03,81.5
2026-03-04 11:08:53,82.07,84.88,83.1,85.1,83.5,80.91,71.93,76.78,73.14,73.92,76.53,75.13,74.2,68.94,73.35,73.78,73.92,73.89,75.32,74.32,71.89,72.1,72.98,71.65,71.74,68.88,72.62,76.6,74.82,71.7,72.76,74.45,74.25,74.36,73.85,73.99,74.16,70.57,71.17,73.26,76.87,70.43,74.39,77.81,79.38,78.59,76.36,75.68,79.47,80.3,78.12,77.84,77.04,76.07,80.94,81.67,81.03,81.84,82.72,80.97
2026-03-04 11:08:54,81.72,84.49,82.64,84.92,83.32,80.54,70.64,76.59,73.48,74.13,76.04,74.29,73.65,68.18,72.77,73.27,73.93,74.07,75.2,73.93,71.49,71.81,73.02,71.52,71.13,67.98,72.42,76.3,74.32,70.93,72.36,74.26,74.19,74.39,73.85,73.83,73.79,69.92,70.83,73.08,76.6,69.96,73.69,77.63,79.26,78.27,75.88,75.06,79.43,80.31,78.02,77.66,76.93,75.74,80.94,81.97,81.27,81.59,82.41,80.41
2026-03-04 11:08:55,81.39,84.19,82.31,84.84,83.26,80.3,69.47,76.42,73.82,74.36,75.62,73.59,73.19,67.56,72.29,72.88,73.99,74.27,75.11,73.61,71.12,71.6,73.11,71.48,70.61,67.16,72.21,75.9,73.86,70.28,71.94,74.05,74.03,74.39,73.84,73.67,73.46,69.38,70.53,72.92,76.31,69.55,72.98,77.42,79.09,77.92,75.49,74.41,79.42,80.33,77.92,77.43,76.77,75.38,80.93,82.23,81.48,81.37,82.11,79.83
2026-03-04 11:08:56,81.09,83.96,82.11,84.86,83.3,80.16,68.42,76.28,74.16,74.62,75.27,73.02,72.81,67.07,71.9,72.6,74.11,74.49,75.04,73.36,70.76,71.44,73.27,71.52,70.19,66.41,72.0,75.41,73.47,69.74,71.52,73.83,73.78,74.37,73.82,73.52,73.16,68.94,70.25,72.8,76.02,69.22,72.27,77.18,78.86,77.57,75.18,73.74,79.42,80.34,77.82,77.18,76.56,75.01,80.9,82.43,81.64,81.18,81.83,79.24
2026-03-04 11:08:57,80.8,83.81,82.01,84.95,83.44,80.11,67.49,76.17,74.49,74.89,74.99,72.56,72.51,66.69,71.58,72.41,74.27,74.72,75.0,73.16,70.43,71.33,73.46,71.63,69.85,65.74,71.79,74.85,73.12,69.31,71.1,73.61,73.46,74.32,73.8,73.37,72.9,68.59,70.0,72.69,75.73,68.94,71.57,76.93,78.59,77.21,74.94,73.04,79.45,80.35,77.73,76.91,76.31,74.64,80.86,82.6,81.78,81.02,81.56,78.65
2026-03-04 11:08:58,80.53,83.71,82.0,85.12,83.64,80.14,66.67,76.07,74.82,75.17,74.75,72.21,72.28,66.42,71.34,72.31,74.47,74.96,74.97,73.01,70.11,71.27,73.7,71.8,69.59,65.14,71.58,74.24,72.82,68.96,70.69,73.38,73.07,74.25,73.77,73.24,72.67,68.32,69.78,72.61,75.45,68.72,70.89,76.67,78.29,76.85,74.77,72.34,79.49,80.36,77.65,76.61,76.03,74.27,80.81,82.74,81.88,80.89,81.31,78.05
2026-03-04 11:08:59,80.29,83.68,82.08,85.34,83.91,80.24,65.95,76.0,75.14,75.47,74.57,71.95,72.1,66.25,71.17,72.28,74.7,75.2,74.96,72.9,69.82,71.25,73.97,72.01,69.4,64.6,71.38,73.58,72.56,68.7,70.28,73.16,72.64,74.17,73.74,73.11,72.48,68.13,69.59,72.55,75.17,68.55,70.22,76.4,77.96,76.49,74.66,71.65,79.54,80.36,77.57,76.31,75.72,73.9,80.75,82.83,81.96,80.78,81.08,77.46
2026-03-04 11:09:00,80.06,83.69,82.23,85.6,84.24,80.4,65.33,75.94,75.44,75.76,74.44,71.77,71.99,66.16,71.06,72.32,74.96,75.45,74.97,72.84,69.55,71.27,74.25,72.26,69.27,64.13,71.18,72.9,72.34,68.52,69.89,72.93,72.16,74.08,73.7,73.0,72.31,68.0,69.42,72.5,74.89,68.43,69.58,76.12,77.62,76.14,74.6,70.96,79.61,80.36,77.49,75.99,75.4,73.53,80.69,82.9,82.01,80.69,80.86,76.89
2026-03-04 11:09:01,79.85,83.74,82.44,85.91,84.6,80.61,64.79,75.89,75.74,76.06,74.34,71.66,71.92,66.14,70.99,72.41,75.23,75.69,74.98,72.82,69.3,71.31,74.56,72.55,69.2,63.72,70.99,72.19,72.15,68.4,69.5,72.71,71.66,73.98,73.66,72.89,72.17,67.92,69.28,72.47,74.63,68.34,68.96,75.84,77.26,75.79,74.59,70.28,79.68,80.36,77.42,75.67,75.06,73.17,80.63,82.95,82.04,80.63,80.66,76.32
2026-03-04 11:09:02,79.68,83.83,82.7,86.25,85.01,80.87,64.36,75.88,76.04,76.36,74.3,71.64,71.91,66.2,70.99,72.56,75.52,75.94,75.02,72.83,69.08,71.4,74.88,72.86,69.18,63.38,70.81,71.49,72.01,68.34,69.15,72.5,71.16,73.87,73.61,72.79,72.06,67.9,69.16,72.46,74.37,68.3,68.37,75.57,76.9,75.46,74.62,69.63,79.76,80.36,77.36,75.35,74.72,72.82,80.55,82.97,82.05,80.58,80.47,75.78
2026-03-04 11:09:03,79.65,84.05,83.07,86.65,85.47,81.24,64.22,76.02,76.44,76.78,74.42,71.8,72.07,66.46,71.15,72.83,75.88,76.24,75.13,72.94,69.0,71.58,75.26,73.23,69.28,63.23,70.73,70.92,71.9,68.36,68.89,72.38,70.77,73.82,73.49,72.68,71.96,67.94,69.11,72.47,74.16,68.31,67.91,75.35,76.59,75.15,74.68,69.1,79.82,80.33,77.26,75.02,74.36,72.5,80.44,82.96,82.05,80.53,80.25,75.3
2026-03-04 11:09:04,79.73,84.36,83.5,87.1,85.97,81.68,64.36,76.29,76.92,77.26,74.63,72.04,72.28,66.81,71.37,73.13,76.22,76.53,75.29,73.07,69.02,71.85,75.64,73.56,69.42,63.25,70.73,70.5,71.83,68.45,68.75,72.33,70.47,73.78,73.33,72.57,71.88,68.01,69.07,72.45,73.97,68.39,67.6,75.22,76.38,74.88,74.76,68.71,79.87,80.3,77.16,74.73,74.04,72.22,80.21,82.85,81.95,80.45,80.07,74.91
2026-03-04 11:09:05,79.89,84.72,84.0,87.57,86.48,82.17,64.72,76.66,77.44,77.76,74.87,72.28,72.44,67.19,71.58,73.39,76.5,76.75,75.44,73.2,69.13,72.18,76.0,73.84,69.59,63.4,70.77,70.24,71.85,68.59,68.72,72.33,70.22,73.74,73.15,72.44,71.82,68.13,69.04,72.37,73.8,68.52,67.43,75.16,76.25,74.71,74.85,68.46,79.94,80.29,77.12,74.54,73.79,72.01,79.84,82.62,81.75,80.35,79.94,74.63
2026-03-04 11:09:06,80.12,85.13,84.54,88.06,86.99,82.7,65.28,77.1,78.0,78.28,75.14,72.52,72.58,67.58,71.79,73.62,76.72,76.93,75.6,73.33,69.3,72.55,76.34,74.07,69.77,63.66,70.84,70.1,71.93,68.78,68.79,72.38,70.02,73.71,72.97,72.31,71.76,68.27,69.0,72.25,73.65,68.67,67.38,75.18,76.21,74.61,74.95,68.32,80.01,80.31,77.12,74.43,73.6,71.86,79.35,82.29,81.46,80.24,79.85,74.46
2026-03-04 11:09:07,80.39,85.57,85.11,88.57,87.5,83.25,66.0,77.6,78.59,78.81,75.43,72.76,72.69,67.98,71.99,73.82,76.89,77.06,75.75,73.44,69.53,72.96,76.66,74.25,69.97,64.01,70.95,70.08,72.07,69.0,68.94,72.47,69.86,73.68,72.78,72.18,71.72,68.44,68.97,72.09,73.51,68.86,67.45,75.26,76.23,74.59,75.06,68.28,80.1,80.34,77.16,74.39,73.45,71.76,78.77,81.87,81.09,80.11,79.79,74.37
2026-03-04 11:09:08,80.68,85.99,85.67,89.04,87.97,83.77,66.8,78.1,79.15,79.3,75.7,72.96,72.78,68.38,72.19,74.01,77.02,77.17,75.91,73.55,69.78,73.35,76.92,74.36,70.16,64.41,71.06,70.13,72.25,69.25,69.12,72.57,69.73,73.63,72.58,72.05,71.71,68.64,68.95,71.91,73.39,69.08,67.61,75.39,76.31,74.61,75.18,68.33,80.15,80.36,77.21,74.39,73.36,71.72,78.16,81.4,80.68,79.96,79.76,74.36
2026-03-04 11:09:09,80.93,86.35,86.15,89.44,88.33,84.16,67.54,78.49,79.58,79.63,75.89,73.13,72.88,68.8,72.43,74.18,77.14,77.31,76.07,73.66,69.99,73.68,77.11,74.43,70.35,64.85,71.19,70.22,72.43,69.51,69.31,72.66,69.66,73.57,72.38,72.0,71.79,68.89,68.96,71.76,73.31,69.34,67.83,75.51,76.35,74.66,75.29,68.47,80.1,80.32,77.24,74.41,73.33,71.79,77.65,80.94,80.28,79.79,79.7,74.38
2026-03-04 11:09:10,81.19,86.66,86.48,89.7,88.56,84.45,68.31,78.77,79.87,79.74,76.02,73.31,73.0,69.25,72.7,74.3,77.24,77.45,76.23,73.75,70.22,74.02,77.29,74.52,70.59,65.39,71.35,70.39,72.69,69.86,69.53,72.79,69.72,73.56,72.25,72.06,71.95,69.17,69.06,71.73,73.31,69.65,68.08,75.59,76.37,74.75,75.46,68.73,80.06,80.27,77.22,74.48,73.37,71.92,77.26,80.55,79.94,79.63,79.59,74.34
2026-03-04 11:09:11,81.46,86.94,86.64,89.85,88.69,84.69,69.09,78.94,80.01,79.64,76.11,73.51,73.14,69.71,73.0,74.38,77.31,77.61,76.39,73.78,70.46,74.37,77.49,74.65,70.89,66.0,71.55,70.64,73.03,70.29,69.76,72.98,69.89,73.6,72.18,72.24,72.2,69.48,69.25,71.81,73.4,70.02,68.36,75.61,76.38,74.91,75.71,69.12,80.06,80.22,77.16,74.59,73.47,72.09,76.95,80.23,79.66,79.49,79.38,74.22
2026-03-04 11:09:12,81.74,87.18,86.65,89.9,88.72,84.88,69.9,79.03,80.03,79.35,76.18,73.73,73.3,70.17,73.32,74.44,77.34,77.78,76.57,73.77,70.72,74.74,77.7,74.79,71.23,66.68,71.77,70.97,73.45,70.79,69.99,73.2,70.17,73.69,72.16,72.5,72.51,69.81,69.53,72.0,73.57,70.44,68.66,75.6,76.38,75.12,76.02,69.62,80.09,80.18,77.08,74.74,73.63,72.27,76.72,79.97,79.45,79.37,79.11,74.03
2026-03-04 11:09:13,82.02,87.39,86.54,89.86,88.67,85.04,70.7,79.04,79.94,78.91,76.23,73.96,73.48,70.63,73.65,74.46,77.36,77.96,76.75,73.72,70.98,75.12,77.92,74.95,71.6,67.41,72.01,71.35,73.91,71.34,70.22,73.47,70.53,73.8,72.18,72.84,72.88,70.15,69.87,72.27,73.81,70.9,68.98,75.55,76.38,75.38,76.39,70.2,80.16,80.15,76.97,74.92,73.84,72.49,76.57,79.76,79.3,79.27,78.77,73.78
2026-03-04 11:09:14,82.31,87.56,86.32,89.74,88.55,85.16,71.51,78.97,79.76,78.34,76.26,74.2,73.67,71.07,73.99,74.46,77.35,78.14,76.94,73.64,71.24,75.5,78.14,75.12,71.99,68.18,72.26,71.77,74.43,71.94,70.46,73.76,70.97,73.95,72.25,73.25,73.29,70.51,70.26,72.61,74.1,71.39,69.31,75.46,76.38,75.68,76.79,70.85,80.26,80.12,76.83,75.13,74.09,72.72,76.48,79.61,79.19,79.19,78.39,73.48
2026-03-04 11:09:15,82.59,87.71,86.0,89.55,88.38,85.25,72.3,78.85,79.49,77.65,76.27,74.45,73.86,71.51,74.33,74.44,77.33,78.33,77.13,73.53,71.51,75.87,78.36,75.31,72.4,68.96,72.52,72.23,74.97,72.56,70.69,74.07,71.46,74.13,72.35,73.7,73.73,70.87,70.69,73.01,74.44,71.9,69.64,75.35,76.37,76.01,77.23,71.56,80.38,80.1,76.68,75.35,74.38,72.96,76.45,79.5,79.13,79.13,77.97,73.15
2026-03-04 11:09:16,82.89,87.85,85.65,89.35,88.2,85.33,73.08,78.72,79.21,76.93,76.27,74.71,74.09,71.96,74.67,74.4,77.29,78.47,77.3,73.41,71.76,76.2,78.55,75.49,72.79,69.73,72.78,72.7,75.52,73.19,70.92,74.36,71.98,74.33,72.49,74.16,74.18,71.24,71.14,73.43,74.76,72.41,69.99,75.2,76.37,76.34,77.66,72.28,80.49,80.06,76.51,75.58,74.65,73.21,76.47,79.43,79.09,79.08,77.56,72.83
2026-03-04 11:09:17,83.22,88.02,85.36,89.18,88.12,85.48,73.87,78.65,79.0,76.26,76.27,75.01,74.39,72.44,74.98,74.35,77.23,78.49,77.41,73.31,71.98,76.38,78.64,75.66,73.11,70.43,73.03,73.15,76.03,73.78,71.15,74.56,72.45,74.59,72.68,74.56,74.58,71.65,71.58,73.78,74.96,72.91,70.35,74.96,76.39,76.66,78.02,72.94,80.54,79.97,76.3,75.79,74.86,73.49,76.56,79.37,79.0,79.03,77.21,72.62
2026-03-04 11:09:18,83.59,88.23,85.12,89.06,88.13,85.69,74.65,78.64,78.87,75.67,76.27,75.34,74.76,72.95,75.28,74.29,77.17,78.41,77.49,73.23,72.16,76.44,78.62,75.8,73.38,71.04,73.27,73.58,76.5,74.33,71.38,74.68,72.89,74.89,72.91,74.9,74.95,72.09,72.01,74.08,75.05,73.39,70.73,74.67,76.45,76.95,78.31,73.55,80.53,79.83,76.06,75.98,74.99,73.8,76.69,79.32,78.87,79.0,76.93,72.52
2026-03-04 11:09:19,83.98,88.47,84.98,89.0,88.22,85.93,75.49,78.75,78.79,75.24,76.35,75.74,75.2,73.44,75.59,74.23,77.16,78.36,77.56,73.23,72.37,76.45,78.56,75.94,73.66,71.66,73.51,74.04,76.94,74.82,71.63,74.84,73.37,75.23,73.18,75.23,75.33,72.58,72.48,74.39,75.18,73.89,71.17,74.48,76.57,77.25,78.56,74.17,80.58,79.77,75.9,76.14,75.13,74.16,76.9,79.33,78.82,79.06,76.79,72.55
2026-03-04 11:09:20,84.39,88.77,84.92,89.0,88.38,86.18,76.39,78.97,78.75,75.01,76.52,76.21,75.71,73.9,75.92,74.17,77.22,78.39,77.66,73.31,72.61,76.45,78.45,76.08,73.99,72.31,73.78,74.54,77.38,75.26,71.9,75.08,73.92,75.62,73.47,75.57,75.74,73.13,72.99,74.75,75.39,74.42,71.66,74.43,76.77,77.57,78.78,74.83,80.7,79.81,75.83,76.28,75.29,74.57,77.16,79.41,78.88,79.22,76.79,72.72
2026-03-04 11:09:21,84.81,89.11,84.95,89.06,88.61,86.44,77.34,79.29,78.75,74.96,76.78,76.73,76.26,74.32,76.26,74.12,77.34,78.5,77.77,73.47,72.89,76.43,78.32,76.22,74.35,72.97,74.05,75.07,77.8,75.64,72.18,75.39,74.52,76.03,73.79,75.92,76.18,73.73,73.54,75.14,75.67,74.97,72.2,74.51,77.04,77.9,78.97,75.5,80.9,79.94,75.86,76.39,75.47,75.04,77.47,79.56,79.04,79.48,76.92,73.0
2026-03-04 11:09:22,85.24,89.48,85.04,89.15,88.89,86.71,78.31,79.7,78.78,75.05,77.11,77.3,76.85,74.71,76.62,74.08,77.51,78.68,77.9,73.7,73.2,76.41,78.16,76.36,74.75,73.65,74.34,75.62,78.2,75.96,72.46,75.75,75.17,76.47,74.12,76.27,76.64,74.36,74.12,75.56,76.01,75.54,72.78,74.71,77.36,78.25,79.14,76.19,81.16,80.15,75.96,76.48,75.66,75.54,77.81,79.76,79.29,79.81,77.15,73.38
2026-03-04 11:09:23,85.66,89.85,85.16,89.25,89.18,86.97,79.28,80.12,78.84,75.24,77.45,77.87,77.43,75.05,76.93,74.03,77.68,78.85,78.0,73.93,73.51,76.38,77.98,76.47,75.13,74.3,74.61,76.15,78.57,76.26,72.77,76.12,75.8,76.9,74.45,76.6,77.06,74.95,74.67,75.98,76.38,76.09,73.35,74.97,77.71,78.58,79.27,76.85,81.42,80.38,76.08,76.56,75.85,76.05,78.19,79.98,79.55,80.14,77.41,73.82
2026-03-04 11:09:24,86.0,90.12,85.2,89.23,89.31,87.18,80.19,80.47,78.89,75.42,77.72,78.36,77.89,75.33,77.18,73.99,77.77,78.95,77.98,74.14,73.82,76.35,77.76,76.55,75.44,74.86,74.85,76.57,78.87,76.56,73.1,76.42,76.32,77.18,74.73,76.87,77.39,75.4,75.13,76.35,76.69,76.57,73.84,75.22,78.0,78.84,79.38,77.43,81.59,80.53,76.15,76.63,76.06,76.51,78.52,80.19,79.75,80.38,77.58,74.24
2026-03-04 11:09:25,86.29,90.29,85.11,89.07,89.27,87.34,81.05,80.81,78.95,75.56,77.9,78.77,78.2,75.56,77.4,73.97,77.8,78.99,77.82,74.35,74.15,76.32,77.52,76.61,75.69,75.32,75.07,76.92,79.11,76.84,73.43,76.61,76.71,77.35,74.98,77.09,77.65,75.73,75.53,76.68,76.79,76.97,74.3,75.47,78.22,79.06,79.5,77.96,81.65,80.61,76.21,76.71,76.28,76.91,78.74,80.37,79.95,80.58,77.7,74.66
2026-03-04 11:09:26,86.52,90.4,84.93,88.78,89.1,87.44,81.85,81.14,79.02,75.66,78.01,79.12,78.39,75.76,77.61,73.98,77.78,78.96,77.54,74.57,74.51,76.32,77.3,76.65,75.89,75.69,75.26,77.19,79.29,77.12,73.77,76.71,77.0,77.43,75.19,77.26,77.85,75.95,75.88,76.96,76.73,77.27,74.75,75.7,78.38,79.25,79.62,78.45,81.63,80.64,76.27,76.8,76.52,77.23,78.88,80.53,80.15,80.76,77.78,75.07
2026-03-04 11:09:27,86.74,90.47,84.72,88.49,88.94,87.54,82.53,81.4,79.07,75.78,78.06,79.36,78.52,75.93,77.79,74.01,77.74,78.87,77.23,74.75,74.84,76.31,77.12,76.71,76.03,76.0,75.44,77.42,79.4,77.37,74.12,76.8,77.23,77.44,75.34,77.31,77.98,76.14,76.2,77.21,76.62,77.51,75.18,75.91,78.52,79.4,79.71,78.87,81.59,80.62,76.32,76.89,76.77,77.55,79.0,80.66,80.28,80.89,77.82,75.48
2026-03-04 11:09:28,86.87,90.48,84.47,88.22,88.79,87.61,83.07,81.56,79.11,75.94,78.12,79.49,78.55,76.02,77.92,74.04,77.68,78.76,76.97,74.89,75.15,76.29,76.98,76.78,76.09,76.19,75.54,77.6,79.49,77.58,74.43,76.84,77.36,77.41,75.47,77.35,78.13,76.34,76.49,77.43,76.56,77.72,75.54,76.11,78.64,79.47,79.74,79.24,81.58,80.64,76.37,76.89,76.99,77.87,79.09,80.72,80.32,80.96,77.85,75.88
2026-03-04 11:09:29,86.9,90.41,84.25,87.98,88.61,87.63,83.51,81.65,79.11,76.1,78.2,79.57,78.51,76.07,78.0,74.05,77.56,78.54,76.71,75.04,75.42,76.26,76.88,76.87,76.19,76.35,75.61,77.75,79.55,77.7,74.69,76.88,77.49,77.38,75.65,77.43,78.25,76.5,76.72,77.55,76.54,77.93,75.88,76.34,78.75,79.49,79.75,79.5,81.56,80.66,76.41,76.85,77.18,78.17,79.12,80.7,80.31,80.99,77.84,76.25
2026-03-04 11:09:30,86.83,90.27,84.08,87.79,88.46,87.65,83.9,81.72,79.1,76.25,78.27,79.6,78.33,76.07,78.04,74.07,77.38,78.14,76.43,75.19,75.67,76.27,76.82,76.98,76.33,76.53,75.65,77.88,79.59,77.76,74.89,76.91,77.61,77.27,75.83,77.53,78.37,76.63,76.91,77.57,76.53,78.16,76.26,76.59,78.84,79.5,79.73,79.58,81.47,80.63,76.43,76.8,77.32,78.45,79.16,80.68,80.32,81.02,77.83,76.56
2026-03-04 11:09:31,86.66,90.07,83.97,87.65,88.35,87.67,84.25,81.77,79.09,76.38,78.34,79.58,78.01,76.02,78.05,74.11,77.17,77.57,76.13,75.34,75.89,76.32,76.81,77.09,76.51,76.71,75.66,77.99,79.63,77.78,75.03,76.96,77.73,77.09,76.03,77.64,78.47,76.73,77.08,77.52,76.53,78.41,76.68,76.85,78.9,79.5,79.7,79.51,81.33,80.56,76.44,76.74,77.4,78.71,79.19,80.65,80.35,81.04,77.8,76.81
2026-03-04 11:09:32,86.41,89.83,83.9,87.56,88.28,87.69,84.56,81.8,79.07,76.49,78.41,79.52,77.59,75.92,78.02,74.16,76.91,76.86,75.81,75.48,76.09,76.39,76.83,77.21,76.71,76.9,75.64,78.1,79.65,77.77,75.12,77.01,77.85,76.86,76.23,77.78,78.56,76.81,77.21,77.4,76.54,78.69,77.12,77.13,78.94,79.49,79.65,79.29,81.15,80.45,76.44,76.67,77.43,78.96,79.22,80.63,80.4,81.06,77.76,77.02
2026-03-04 11:09:33,86.09,89.55,83.86,87.51,88.21,87.7,84.83,81.81,79.05,76.59,78.46,79.41,77.08,75.8,77.97,74.22,76.64,76.06,75.49,75.62,76.27,76.48,76.88,77.32,76.94,77.09,75.6,78.19,79.64,77.71,75.18,77.05,77.97,76.59,76.43,77.92,78.64,76.86,77.32,77.24,76.56,78.98,77.59,77.4,78.95,79.47,79.58,78.95,80.94,80.32,76.44,76.59,77.42,79.18,79.24,80.61,80.46,81.08,77.72,77.18
2026-03-04 11:09:34,85.7,89.2,83.79,87.38,88.01,87.63,85.0,81.78,79.0,76.6,78.43,79.23,76.53,75.67,77.91,74.26,76.32,75.29,75.19,75.71,76.39,76.5,76.87,77.36,77.11,77.22,75.54,78.21,79.54,77.58,75.19,76.99,78.04,76.34,76.61,77.97,78.65,76.91,77.43,77.08,76.54,79.23,78.01,77.64,78.84,79.4,79.49,78.58,80.72,80.21,76.47,76.44,77.36,79.36,79.24,80.59,80.51,81.07,77.67,77.32
2026-03-04 11:09:35,85.27,88.8,83.67,87.15,87.73,87.44,85.03,81.69,78.9,76.49,78.33,79.01,76.02,75.51,77.8,74.21,75.96,74.6,74.9,75.75,76.49,76.47,76.73,77.26,77.17,77.3,75.48,78.17,79.33,77.39,75.14,76.83,78.01,76.12,76.73,77.9,78.58,76.94,77.56,76.95,76.55,79.4,78.35,77.82,78.69,79.32,79.42,78.26,80.48,80.13,76.54,76.3,77.27,79.5,79.23,80.55,80.54,81.02,77.63,77.48
2026-03-04 11:09:36,84.82,88.4,83.55,86.88,87.41,87.14,84.91,81.55,78.78,76.37,78.22,78.8,75.6,75.26,77.63,74.1,75.58,74.0,74.63,75.69,76.54,76.4,76.51,77.05,77.09,77.36,75.47,78.11,79.05,77.14,75.03,76.61,77.79,75.9,76.81,77.81,78.46,76.94,77.69,76.89,76.6,79.54,78.59,77.96,78.52,79.22,79.41,78.04,80.21,80.04,76.59,76.13,77.21,79.64,79.19,80.5,80.56,80.92,77.57,77.67
2026-03-04 11:09:37,84.37,88.0,83.44,86.59,87.06,86.74,84.67,81.35,78.65,76.24,78.1,78.61,75.26,74.93,77.39,73.93,75.19,73.49,74.36,75.56,76.57,76.32,76.23,76.73,76.87,77.42,75.49,78.04,78.73,76.85,74.87,76.34,77.41,75.68,76.88,77.71,78.31,76.9,77.83,76.9,76.71,79.65,78.74,78.05,78.35,79.1,79.45,77.91,79.94,79.95,76.63,75.95,77.17,79.78,79.13,80.45,80.56,80.78,77.48,77.86
2026-03-04 11:09:38,83.92,87.62,83.35,86.29,86.65,86.24,84.37,81.15,78.48,76.13,78.03,78.45,74.94,74.56,77.11,73.71,74.77,73.0,74.09,75.37,76.57,76.25,75.94,76.4,76.57,77.42,75.5,77.91,78.4,76.6,74.75,76.11,77.04,75.47,76.89,77.63,78.16,76.88,77.99,76.97,76.83,79.69,78.8,78.09,78.19,78.98,79.5,77.79,79.67,79.82,76.64,75.76,77.08,79.89,79.07,80.41,80.55,80.6,77.38,78.05
2026-03-04 11:09:39,83.43,87.24,83.28,86.0,86.22,85.68,84.03,80.93,78.29,76.08,78.0,78.3,74.63,74.23,76.84,73.51,74.38,72.58,73.82,75.21,76.54,76.21,75.71,76.16,76.33,77.41,75.52,77.72,77.99,76.39,74.68,75.9,76.7,75.32,76.87,77.54,77.97,76.82,78.14,77.08,76.96,79.66,78.81,78.1,78.05,78.88,79.55,77.69,79.44,79.67,76.62,75.51,76.88,79.96,78.99,80.37,80.56,80.46,77.29,78.19
2026-03-04 11:09:40,82.95,86.86,83.15,85.69,85.79,85.08,83.68,80.69,78.1,76.07,77.97,78.15,74.36,73.96,76.58,73.37,74.1,72.26,73.56,75.07,76.51,76.15,75.47,75.97,76.14,77.34,75.52,77.49,77.53,76.19,74.65,75.67,76.32,75.13,76.79,77.38,77.74,76.74,78.25,77.14,77.02,79.55,78.72,78.09,77.93,78.81,79.59,77.63,79.22,79.45,76.54,75.27,76.7,80.01,78.85,80.26,80.52,80.37,77.26,78.29
2026-03-04 11:09:41,82.5,86.46,82.97,85.35,85.37,84.5,83.32,80.38,77.89,76.04,77.93,77.98,74.06,73.67,76.32,73.25,73.86,71.97,73.31,74.91,76.47,76.05,75.24,75.8,75.91,77.19,75.5,77.29,77.11,76.01,74.64,75.47,75.94,74.91,76.64,77.14,77.46,76.63,78.31,77.13,77.03,79.36,78.58,78.03,77.82,78.78,79.6,77.59,79.02,79.22,76.47,75.09,76.58,80.05,78.68,80.08,80.47,80.31,77.26,78.34
2026-03-04 11:09:42,82.0,86.01,82.79,85.03,84.98,83.86,82.91,80.04,77.67,76.0,77.87,77.83,73.81,73.39,76.04,73.15,73.65,71.72,73.02,74.71,76.41,75.95,75.02,75.59,75.64,77.0,75.47,77.1,76.67,75.78,74.61,75.3,75.59,74.7,76.49,76.9,77.18,76.49,78.29,77.03,77.01,79.14,78.43,77.99,77.68,78.73,79.58,77.55,78.83,79.06,76.44,74.99,76.5,80.08,78.53,79.92,80.42,80.26,77.3,78.39
2026-03-04 11:09:43,81.43,85.48,82.55,84.73,84.61,83.24,82.45,79.67,77.46,75.96,77.8,77.71,73.59,73.04,75.78,73.1,73.53,71.54,72.65,74.47,76.36,75.89,74.83,75.37,75.38,76.81,75.47,76.9,76.14,75.42,74.52,75.14,75.27,74.45,76.36,76.7,76.9,76.32,78.21,76.91,76.95,78.82,78.29,77.98,77.58,78.67,79.53,77.47,78.61,78.95,76.44,74.93,76.5,80.14,78.36,79.75,80.37,80.23,77.39,78.45
2026-03-04 11:09:44,80.81,84.89,82.25,84.44,84.27,82.62,81.93,79.28,77.26,75.93,77.74,77.61,73.4,72.64,75.54,73.12,73.48,71.43,72.2,74.2,76.3,75.87,74.68,75.12,75.11,76.62,75.48,76.71,75.52,74.95,74.36,75.0,74.98,74.17,76.25,76.52,76.61,76.11,78.08,76.77,76.84,78.43,78.17,78.01,77.53,78.61,79.46,77.37,78.35,78.88,76.45,74.93,76.56,80.22,78.19,79.58,80.33,80.21,77.52,78.53
2026-03-04 11:09:45,80.16,84.26,81.9,84.16,83.94,82.03,81.38,78.87,77.08,75.91,77.68,77.53,73.24,72.2,75.31,73.19,73.5,71.37,71.7,73.9,76.23,75.89,74.56,74.86,74.85,76.42,75.5,76.52,74.86,74.39,74.14,74.87,74.72,73.85,76.15,76.36,76.33,75.88,77.89,76.63,76.71,77.99,78.06,78.06,77.51,78.54,79.35,77.23,78.06,78.85,76.48,74.95,76.67,80.32,78.01,79.41,80.3,80.22,77.68,78.63
2026-03-04 11:09:46,79.58,83.66,81.51,83.86,83.59,81.46,80.86,78.49,76.87,75.88,77.61,77.48,73.14,71.84,75.08,73.3,73.51,71.38,71.26,73.64,76.12,75.9,74.47,74.68,74.67,76.23,75.51,76.32,74.25,73.85,73.88,74.76,74.5,73.52,76.02,76.17,76.09,75.69,77.73,76.44,76.61,77.6,77.96,78.12,77.51,78.46,79.13,77.09,77.81,78.85,76.52,74.86,76.76,80.4,77.86,79.25,80.28,80.24,77.84,78.73
2026-03-04 11:09:47,79.1,83.13,81.07,83.53,83.21,80.91,80.38,78.16,76.62,75.84,77.53,77.45,73.11,71.59,74.83,73.45,73.48,71.46,70.9,73.42,75.93,75.91,74.44,74.6,74.59,76.04,75.5,76.13,73.73,73.38,73.58,74.66,74.33,73.18,75.84,75.96,75.9,75.55,77.6,76.21,76.56,77.3,77.87,78.16,77.53,78.34,78.77,76.96,77.65,78.86,76.54,74.62,76.81,80.43,77.75,79.11,80.25,80.27,77.96,78.85
2026-03-04 11:09:48,78.71,82.66,80.6,83.17,82.81,80.39,79.96,77.87,76.34,75.8,77.43,77.45,73.15,71.45,74.58,73.63,73.41,71.59,70.63,73.26,75.69,75.92,74.44,74.61,74.61,75.86,75.47,75.94,73.31,72.98,73.24,74.59,74.19,72.84,75.61,75.71,75.76,75.46,77.5,75.94,76.56,77.08,77.79,78.18,77.56,78.2,78.28,76.84,77.55,78.9,76.56,74.24,76.83,80.43,77.67,78.98,80.22,80.3,78.06,78.97
2026-03-04 11:09:49,78.42,82.26,80.11,82.79,82.4,79.9,79.57,77.61,76.04,75.76,77.33,77.48,73.25,71.4,74.32,73.84,73.32,71.77,70.43,73.13,75.41,75.92,74.47,74.7,74.7,75.68,75.43,75.76,72.97,72.64,72.87,74.52,74.08,72.5,75.35,75.44,75.66,75.42,77.44,75.65,76.59,76.93,77.71,78.2,77.59,78.05,77.7,76.73,77.51,78.95,76.57,73.75,76.81,80.4,77.61,78.87,80.19,80.34,78.13,79.1
2026-03-04 11:09:50,78.2,81.91,79.6,82.41,81.97,79.44,79.23,77.4,75.72,75.72,77.22,77.52,73.4,71.44,74.06,74.07,73.21,71.99,70.3,73.04,75.09,75.91,74.54,74.86,74.86,75.52,75.37,75.58,72.71,72.36,72.49,74.47,74.01,72.16,75.06,75.16,75.59,75.41,77.4,75.33,76.66,76.86,77.65,78.2,77.64,77.88,77.04,76.63,77.53,79.02,76.57,73.17,76.77,80.34,77.58,78.77,80.16,80.39,78.18,79.23
2026-03-04 11:09:51,78.05,81.61,79.09,82.01,81.54,79.01,78.94,77.22,75.39,75.67,77.11,77.58,73.58,71.54,73.8,74.31,73.08,72.24,70.23,72.98,74.74,75.9,74.63,75.07,75.07,75.36,75.3,75.4,72.51,72.12,72.09,74.43,73.97,71.83,74.74,74.86,75.56,75.44,77.38,74.99,76.75,76.84,77.59,78.2,77.69,77.71,76.31,76.53,77.58,79.1,76.58,72.51,76.7,80.26,77.57,78.68,80.13,80.44,78.21,79.36
2026-03-04 11:09:52,77.96,81.37,78.57,81.62,81.11,78.61,78.67,77.08,75.05,75.62,76.99,77.65,73.8,71.7,73.55,74.57,72.93,72.51,70.21,72.95,74.37,75.88,74.73,75.33,75.33,75.21,75.22,75.24,72.38,71.94,71.69,74.4,73.95,71.5,74.41,74.56,75.56,75.5,77.39,74.64,76.87,76.86,77.53,78.18,77.74,77.53,75.54,76.44,77.68,79.18,76.57,71.8,76.61,80.16,77.58,78.6,80.1,80.5,78.22,79.49
2026-03-04 11:09:53,77.93,81.16,78.05,81.23,80.69,78.24,78.45,76.96,74.71,75.57,76.87,77.73,74.04,71.91,73.3,74.83,72.78,72.81,70.23,72.95,73.98,75.86,74.86,75.63,75.63,75.07,75.14,75.08,72.29,71.79,71.29,74.38,73.95,71.19,74.07,74.25,75.59,75.58,77.41,74.28,77.01,76.94,77.49,78.16,77.8,77.34,74.73,76.36,77.81,79.27,76.57,71.05,76.51,80.05,77.6,78.54,80.07,80.55,78.22,79.62
2026-03-04 11:09:54,77.94,81.0,77.54,80.84,80.27,77.9,78.26,76.86,74.37,75.52,76.75,77.82,74.31,72.16,73.06,75.09,72.61,73.11,70.29,72.97,73.58,75.84,74.99,75.96,75.96,74.94,75.05,74.93,72.26,71.69,70.89,74.37,73.96,70.89,73.73,73.95,75.63,75.68,77.45,73.93,77.16,77.04,77.45,78.14,77.86,77.15,73.9,76.29,77.96,79.37,76.56,70.26,76.39,79.92,77.64,78.49,80.04,80.61,78.21,79.75
2026-03-04 11:09:55,78.03,80.91,77.1,80.51,79.9,77.64,78.13,76.85,74.1,75.51,76.67,77.92,74.61,72.47,72.89,75.39,72.47,73.43,70.4,73.02,73.24,75.85,75.15,76.29,76.28,74.84,74.98,74.8,72.26,71.6,70.51,74.39,74.0,70.63,73.4,73.67,75.7,75.79,77.46,73.6,77.32,77.17,77.39,78.12,77.93,76.96,73.11,76.23,78.12,79.45,76.56,69.51,76.24,79.77,77.69,78.44,80.02,80.67,78.19,79.88
2026-03-04 11:09:56,78.26,80.98,76.88,80.37,79.72,77.59,78.18,77.02,74.05,75.66,76.74,78.1,75.02,72.93,72.91,75.79,72.44,73.8,70.61,73.18,73.06,75.98,75.36,76.61,76.59,74.8,74.98,74.73,72.31,71.58,70.25,74.47,74.11,70.49,73.11,73.5,75.85,75.93,77.47,73.36,77.42,77.27,77.34,78.13,78.01,76.78,72.4,76.2,78.27,79.52,76.58,68.89,76.03,79.57,77.71,78.33,80.01,80.71,78.2,80.03
2026-03-04 11:09:57,78.64,81.23,76.9,80.43,79.76,77.76,78.44,77.37,74.19,75.96,76.94,78.4,75.56,73.54,73.13,76.28,72.55,74.23,70.95,73.43,73.06,76.21,75.62,76.96,76.91,74.82,75.05,74.75,72.4,71.62,70.13,74.63,74.29,70.46,72.86,73.46,76.07,76.14,77.53,73.19,77.43,77.35,77.34,78.21,78.11,76.62,71.78,76.17,78.42,79.57,76.61,68.41,75.75,79.33,77.71,78.12,80.01,80.75,78.2,80.18
2026-03-04 11:09:58,79.14,81.61,77.13,80.66,79.97,78.1,78.86,77.87,74.51,76.4,77.26,78.78,76.2,74.25,73.5,76.84,72.77,74.7,71.4,73.76,73.2,76.54,75.92,77.3,77.24,74.89,75.2,74.84,72.53,71.73,70.14,74.84,74.53,70.52,72.63,73.52,76.35,76.4,77.62,73.09,77.38,77.4,77.37,78.32,78.24,76.48,71.23,76.16,78.57,79.6,76.65,68.06,75.43,79.06,77.68,77.82,79.99,80.77,78.22,80.33
2026-03-04 11:09:59,79.75,82.11,77.51,80.97,80.28,78.55,79.33,78.43,74.93,76.89,77.66,79.23,76.88,74.97,73.94,77.39,73.07,75.17,71.89,74.15,73.44,76.91,76.24,77.61,77.56,75.0,75.39,74.97,72.71,71.89,70.25,75.07,74.79,70.66,72.47,73.62,76.62,76.65,77.71,73.06,77.32,77.48,77.43,78.4,78.36,76.34,70.79,76.15,78.7,79.56,76.66,67.74,75.09,78.77,77.63,77.47,79.93,80.77,78.24,80.44
2026-03-04 11:10:00,80.43,82.71,78.06,81.37,80.74,79.12,79.89,79.08,75.5,77.48,78.15,79.78,77.62,75.76,74.48,77.96,73.49,75.69,72.38,74.57,73.74,77.27,76.54,77.91,77.85,75.1,75.6,75.14,72.94,72.09,70.46,75.34,75.04,70.81,72.4,73.75,76.83,76.88,77.77,73.06,77.28,77.57,77.52,78.52,78.46,76.24,70.45,76.14,78.79,79.5,76.64,67.49,74.79,78.52,77.63,77.16,79.84,80.75,78.26,80.53
2026-03-04 11:10:01,81.18,83.4,78.76,81.92,81.33,79.79,80.57,79.82,76.19,78.18,78.74,80.42,78.39,76.61,75.11,78.56,74.01,76.25,72.95,75.03,74.07,77.62,76.84,78.19,78.07,75.19,75.79,75.35,73.2,72.34,70.71,75.61,75.24,71.0,72.39,73.87,76.97,77.04,77.71,73.03,77.24,77.66,77.65,78.65,78.5,76.17,70.23,76.09,78.84,79.41,76.62,67.37,74.56,78.32,77.67,76.92,79.75,80.72,78.27,80.63
2026-03-04 11:10:02,81.94,84.15,79.59,82.58,82.04,80.57,81.36,80.64,76.99,78.97,79.42,81.13,79.23,77.52,75.83,79.2,74.62,76.88,73.61,75.57,74.48,78.0,77.18,78.47,78.27,75.26,75.88,75.59,73.52,72.66,71.0,75.81,75.3,71.2,72.44,73.92,77.02,77.12,77.57,72.87,77.16,77.77,77.81,78.77,78.48,76.07,70.09,76.0,78.82,79.22,76.56,67.37,74.41,78.11,77.68,76.63,79.65,80.71,78.27,80.73
2026-03-04 11:10:03,82.7,84.94,80.52,83.35,82.85,81.45,82.23,81.51,77.87,79.83,80.18,81.91,80.13,78.47,76.62,79.88,75.31,77.56,74.36,76.19,74.97,78.4,77.55,78.77,78.47,75.32,75.86,75.84,73.9,73.02,71.31,75.95,75.22,71.42,72.52,73.9,76.99,77.12,77.35,72.61,77.04,77.9,77.99,78.88,78.4,75.96,70.04,75.87,78.72,78.94,76.48,67.47,74.33,77.88,77.66,76.32,79.56,80.69,78.26,80.82
2026-03-04 11:10:04,83.44,85.75,81.52,84.2,83.73,82.41,83.15,82.42,78.83,80.75,81.01,82.74,81.07,79.45,77.45,80.57,76.05,78.29,75.17,76.85,75.52,78.83,77.94,79.07,78.65,75.37,75.76,76.11,74.32,73.42,71.65,76.03,75.03,71.64,72.64,73.82,76.9,77.06,77.07,72.26,76.91,78.05,78.2,78.98,78.27,75.83,70.06,75.71,78.56,78.58,76.37,67.67,74.3,77.64,77.61,75.97,79.46,80.69,78.22,80.9
2026-03-04 11:10:05,84.18,86.59,82.58,85.11,84.67,83.43,84.12,83.36,79.84,81.71,81.89,83.6,82.03,80.44,78.32,81.28,76.84,79.04,76.03,77.56,76.11,79.26,78.36,79.38,78.82,75.41,75.58,76.38,74.78,73.86,72.0,76.06,74.74,71.87,72.78,73.68,76.74,76.95,76.73,71.84,76.75,78.22,78.42,79.07,78.1,75.69,70.15,75.51,78.36,78.15,76.24,67.94,74.33,77.4,77.53,75.6,79.36,80.68,78.18,80.97
2026-03-04 11:10:06,84.88,87.43,83.66,86.05,85.64,84.48,85.11,84.3,80.86,82.67,82.8,84.48,82.99,81.43,79.21,81.98,77.64,79.79,76.91,78.27,76.74,79.7,78.79,79.67,78.99,75.44,75.34,76.66,75.25,74.32,72.35,76.06,74.37,72.11,72.94,73.5,76.54,76.8,76.36,71.36,76.58,78.38,78.63,79.15,77.88,75.54,70.28,75.3,78.11,77.68,76.09,68.27,74.39,77.14,77.44,75.21,79.25,80.68,78.12,81.04
2026-03-04 11:10:07,85.52,88.18,84.65,86.9,86.53,85.42,85.97,85.12,81.79,83.52,83.61,85.26,83.86,82.3,80.02,82.6,78.37,80.46,77.7,78.86,77.33,80.09,79.16,79.91,79.14,75.47,75.02,76.89,75.73,74.75,72.66,76.03,74.03,72.32,73.12,73.35,76.34,76.62,76.0,70.92,76.42,78.49,78.75,79.19,77.63,75.41,70.48,75.15,77.88,77.22,75.95,68.61,74.43,76.92,77.37,74.83,79.14,80.63,78.04,81.08
2026-03-04 11:10:08,86.03,88.82,85.5,87.66,87.31,86.23,86.64,85.73,82.58,84.25,84.33,85.94,84.6,83.02,80.74,83.12,78.97,81.02,78.34,79.34,77.88,80.44,79.49,80.12,79.26,75.48,74.63,77.0,76.17,75.16,72.85,75.98,73.75,72.46,73.34,73.29,76.17,76.44,75.71,70.61,76.29,78.49,78.82,79.23,77.41,75.33,70.75,75.08,77.69,76.8,75.82,68.95,74.47,76.77,77.37,74.57,79.03,80.54,77.98,81.11
2026-03-04 11:10:09,86.44,89.35,86.23,88.32,87.99,86.92,87.13,86.14,83.25,84.85,84.96,86.52,85.21,83.59,81.37,83.56,79.47,81.46,78.84,79.75,78.41,80.76,79.78,80.29,79.37,75.46,74.19,76.99,76.58,75.53,72.95,75.91,73.51,72.53,73.58,73.3,76.03,76.27,75.47,70.42,76.18,78.39,78.88,79.27,77.25,75.3,71.09,75.1,77.54,76.44,75.7,69.3,74.52,76.69,77.43,74.42,78.93,80.42,77.94,81.15
2026-03-04 11:10:10,86.75,89.79,86.85,88.89,88.59,87.49,87.46,86.38,83.8,85.35,85.51,87.01,85.72,84.03,81.92,83.91,79.86,81.8,79.22,80.09,78.91,81.05,80.04,80.43,79.45,75.43,73.71,76.88,76.96,75.88,72.95,75.82,73.33,72.54,73.84,73.38,75.92,76.11,75.28,70.33,76.09,78.22,78.92,79.3,77.12,75.3,71.47,75.2,77.43,76.12,75.6,69.65,74.56,76.67,77.56,74.38,78.84,80.27,77.9,81.18
2026-03-04 11:10:11,86.97,90.14,87.35,89.39,89.1,87.96,87.65,86.48,84.25,85.76,85.99,87.42,86.13,84.36,82.39,84.2,80.16,82.06,79.5,80.36,79.37,81.31,80.27,80.56,79.51,75.37,73.19,76.68,77.31,76.19,72.88,75.72,73.18,72.5,74.11,73.52,75.83,75.95,75.15,70.34,76.03,77.97,78.94,79.34,77.04,75.34,71.89,75.35,77.35,75.84,75.51,70.0,74.6,76.71,77.73,74.42,78.76,80.09,77.88,81.21
2026-03-04 11:10:12,87.11,90.41,87.77,89.81,89.54,88.33,87.72,86.44,84.61,86.08,86.39,87.75,86.44,84.59,82.79,84.41,80.37,82.23,79.68,80.57,79.81,81.54,80.47,80.65,79.56,75.3,72.66,76.41,77.62,76.48,72.74,75.61,73.07,72.41,74.4,73.71,75.76,75.8,75.05,70.42,75.98,77.67,78.96,79.38,76.98,75.4,72.34,75.55,77.3,75.6,75.44,70.34,74.65,76.79,77.95,74.54,78.69,79.89,77.87,81.24
2026-03-04 11:10:13,87.19,90.61,88.1,90.16,89.91,88.61,87.68,86.3,84.88,86.32,86.74,88.02,86.68,84.73,83.13,84.57,80.52,82.34,79.77,80.73,80.21,81.74,80.65,80.73,79.59,75.21,72.1,76.09,77.91,76.74,72.54,75.49,72.99,72.28,74.69,73.94,75.71,75.66,75.0,70.57,75.95,77.32,78.95,79.41,76.96,75.49,72.82,75.79,77.28,75.39,75.38,70.67,74.69,76.91,78.2,74.72,78.63,79.67,77.86,81.27
2026-03-04 11:10:14,87.2,90.75,88.34,90.45,90.22,88.82,87.55,86.05,85.08,86.49,87.02,88.22,86.84,84.78,83.41,84.68,80.6,82.38,79.79,80.84,80.58,81.92,80.79,80.79,79.6,75.12,71.54,75.71,78.17,76.97,72.3,75.36,72.95,72.11,74.99,74.21,75.68,75.53,74.98,70.77,75.93,76.93,78.94,79.45,76.96,75.61,73.3,76.07,77.28,75.22,75.33,70.99,74.73,77.07,78.47,74.95,78.57,79.44,77.87,81.3
2026-03-04 11:10:15,87.16,90.83,88.52,90.68,90.46,88.96,87.33,85.73,85.21,86.6,87.24,88.36,86.93,84.77,83.63,84.74,80.62,82.37,79.74,80.91,80.92,82.07,80.92,80.83,79.61,75.02,70.99,75.3,78.4,77.18,72.02,75.23,72.93,71.93,75.29,74.5,75.67,75.4,74.99,71.02,75.92,76.52,78.92,79.48,76.99,75.73,73.8,76.37,77.3,75.08,75.28,71.29,74.78,77.25,78.76,75.23,78.53,79.21,77.88,81.33
2026-03-04 11:10:16,87.14,90.91,88.67,90.89,90.69,89.09,87.11,85.41,85.32,86.68,87.43,88.47,86.99,84.7,83.81,84.76,80.59,82.35,79.69,80.94,81.22,82.21,81.02,80.87,79.61,74.93,70.48,74.91,78.62,77.38,71.75,75.13,72.95,71.72,75.58,74.79,75.66,75.32,75.05,71.34,75.93,76.08,78.9,79.53,77.05,75.89,74.26,76.69,77.37,75.01,75.27,71.61,74.85,77.46,79.07,75.56,78.52,79.01,77.9,81.36
2026-03-04 11:10:17,87.23,91.07,88.87,91.12,90.94,89.27,86.99,85.21,85.51,86.8,87.59,88.54,87.03,84.64,83.98,84.74,80.52,82.38,79.74,80.94,81.45,82.33,81.1,80.95,79.61,74.9,70.12,74.66,78.88,77.62,71.59,75.13,73.03,71.48,75.85,75.07,75.63,75.32,75.2,71.75,75.98,75.61,78.86,79.61,77.19,76.09,74.65,77.0,77.53,75.08,75.35,71.95,75.02,77.68,79.38,75.96,78.62,78.94,77.95,81.42
2026-03-04 11:10:18,87.44,91.31,89.11,91.38,91.23,89.52,86.97,85.13,85.77,86.95,87.73,88.6,87.08,84.56,84.14,84.69,80.42,82.47,79.87,80.91,81.63,82.45,81.16,81.06,79.63,74.93,69.9,74.55,79.16,77.87,71.52,75.21,73.18,71.24,76.11,75.32,75.59,75.4,75.45,72.24,76.05,75.13,78.83,79.73,77.4,76.33,74.97,77.31,77.77,75.29,75.5,72.33,75.27,77.92,79.69,76.41,78.82,78.97,78.03,81.51
2026-03-04 11:10:19,87.75,91.61,89.38,91.65,91.55,89.82,87.03,85.16,86.09,87.12,87.85,88.63,87.11,84.49,84.29,84.62,80.28,82.59,80.09,80.87,81.75,82.56,81.21,81.2,79.65,75.0,69.79,74.55,79.47,78.15,71.55,75.36,73.39,70.98,76.35,75.55,75.54,75.55,75.77,72.8,76.15,74.63,78.79,79.88,77.67,76.61,75.21,77.6,78.09,75.61,75.71,72.73,75.58,78.17,80.0,76.9,79.09,79.09,78.12,81.62
2026-03-04 11:10:20,88.15,91.99,89.71,91.98,91.9,90.18,87.18,85.29,86.45,87.33,87.98,88.67,87.18,84.45,84.46,84.57,80.16,82.75,80.36,80.83,81.86,82.67,81.26,81.37,79.69,75.14,69.82,74.63,79.75,78.43,71.66,75.57,73.64,70.78,76.59,75.76,75.45,75.71,76.12,73.39,76.26,74.18,78.76,80.05,77.98,76.91,75.42,77.88,78.43,75.96,75.96,73.14,75.95,78.44,80.31,77.42,79.43,79.29,78.25,81.73
2026-03-04 11:10:21,88.64,92.48,90.18,92.4,92.34,90.61,87.43,85.5,86.86,87.6,88.18,88.79,87.33,84.54,84.71,84.6,80.15,82.94,80.68,80.88,81.99,82.79,81.36,81.56,79.78,75.36,69.98,74.75,79.93,78.71,71.87,75.83,73.93,70.72,76.87,75.96,75.28,75.76,76.46,73.92,76.38,73.86,78.77,80.24,78.3,77.22,75.65,78.13,78.69,76.22,76.22,73.58,76.35,78.74,80.6,77.91,79.79,79.53,78.41,81.83
2026-03-04 11:10:22,89.2,93.05,90.77,92.92,92.85,91.1,87.75,85.78,87.29,87.92,88.43,88.97,87.56,84.73,85.04,84.72,80.23,83.13,81.02,81.0,82.16,82.92,81.48,81.78,79.92,75.65,70.26,74.9,80.0,78.97,72.18,76.11,74.27,70.81,77.18,76.14,75.04,75.71,76.77,74.39,76.5,73.66,78.8,80.43,78.64,77.53,75.89,78.36,78.89,76.39,76.48,74.02,76.76,79.07,80.87,78.38,80.17,79.81,78.61,81.91
2026-03-04 11:10:23,89.82,93.68,91.44,93.51,93.41,91.64,88.13,86.13,87.75,88.27,88.73,89.2,87.84,85.01,85.42,84.9,80.39,83.33,81.39,81.18,82.35,83.06,81.64,82.01,80.1,76.01,70.64,75.06,79.98,79.2,72.56,76.42,74.63,71.02,77.51,76.31,74.74,75.58,77.05,74.81,76.61,73.56,78.87,80.64,78.98,77.83,76.15,78.56,79.04,76.46,76.73,74.47,77.18,79.4,81.12,78.83,80.56,80.11,78.83,81.98
2026-03-04 11:10:24,90.43,94.32,92.11,94.04,93.94,92.14,88.57,86.51,88.2,88.63,88.98,89.4,88.1,85.27,85.77,85.05,80.52,83.44,81.72,81.37,82.53,83.14,81.78,82.21,80.29,76.39,71.06,75.18,79.88,79.33,72.96,76.69,74.93,71.26,77.81,76.49,74.46,75.47,77.28,75.16,76.68,73.52,78.93,80.81,79.28,78.05,76.38,78.73,79.13,76.48,76.97,74.87,77.51,79.69,81.25,79.23,80.91,80.34,79.06,82.03
2026-03-04 11:10:25,90.81,94.88,92.68,94.34,94.37,92.58,88.95,86.77,88.55,88.92,89.07,89.43,88.19,85.38,85.99,85.13,80.55,83.44,81.95,81.43,82.62,83.12,81.82,82.34,80.44,76.74,71.49,75.23,79.72,79.43,73.36,76.91,75.17,71.47,78.05,76.66,74.23,75.39,77.4,75.42,76.72,73.49,78.92,80.83,79.45,78.2,76.6,78.86,79.2,76.53,77.21,75.18,77.65,79.89,81.29,79.57,81.17,80.5,79.28,82.04
2026-03-04 11:10:26,90.94,95.33,93.13,94.35,94.71,92.93,89.24,86.85,88.79,89.16,88.96,89.3,88.1,85.33,86.07,85.14,80.48,83.39,82.11,81.32,82.61,83.01,81.79,82.38,80.56,77.08,71.91,75.22,79.53,79.52,73.76,77.09,75.38,71.64,78.25,76.82,74.07,75.33,77.41,75.59,76.75,73.48,78.83,80.66,79.49,78.3,76.79,78.97,79.25,76.59,77.44,75.42,77.67,80.03,81.3,79.85,81.35,80.62,79.48,82.02
2026-03-04 11:10:27,90.92,95.72,93.52,94.19,94.96,93.24,89.5,86.82,88.98,89.36,88.74,89.05,87.92,85.19,86.04,85.1,80.37,83.31,82.23,81.13,82.49,82.85,81.7,82.35,80.66,77.4,72.34,75.19,79.31,79.6,74.15,77.24,75.58,71.8,78.41,76.98,73.98,75.28,77.33,75.69,76.74,73.46,78.68,80.36,79.41,78.36,76.97,79.03,79.25,76.68,77.68,75.61,77.61,80.11,81.28,80.07,81.43,80.69,79.66,81.96
2026-03-04 11:10:28,90.92,96.05,93.84,94.02,95.17,93.5,89.74,86.81,89.11,89.53,88.51,88.75,87.73,85.01,85.94,85.05,80.29,83.21,82.27,80.93,82.33,82.68,81.55,82.25,80.68,77.71,72.79,75.15,79.06,79.6,74.49,77.36,75.75,71.97,78.5,77.08,73.91,75.2,77.18,75.74,76.66,73.37,78.46,80.02,79.25,78.33,77.07,79.02,79.14,76.75,77.89,75.78,77.49,80.15,81.22,80.19,81.42,80.74,79.81,81.87
2026-03-04 11:10:29,90.93,96.28,94.08,93.87,95.34,93.73,89.96,86.85,89.23,89.68,88.31,88.48,87.56,84.84,85.82,84.97,80.2,83.12,82.29,80.75,82.16,82.53,81.4,82.13,80.68,78.0,73.24,75.14,78.8,79.5,74.77,77.44,75.79,72.11,78.54,77.15,73.87,75.12,77.02,75.8,76.58,73.28,78.21,79.65,79.05,78.23,77.09,78.89,78.96,76.75,77.99,75.89,77.34,80.11,81.08,80.21,81.33,80.74,79.92,81.77
2026-03-04 11:10:30,90.97,96.49,94.3,93.75,95.47,93.92,90.16,86.93,89.33,89.8,88.14,88.23,87.39,84.69,85.71,84.88,80.16,83.04,82.31,80.58,82.01,82.37,81.29,82.01,80.65,78.26,73.66,75.06,78.56,79.38,75.05,77.51,75.81,72.24,78.58,77.21,73.85,75.03,76.82,75.84,76.49,73.19,77.94,79.25,78.78,78.06,77.08,78.71,78.75,76.73,78.03,75.97,77.18,79.94,80.84,80.11,81.14,80.67,79.98,81.57
2026-03-04 11:10:31,90.99,96.59,94.41,93.57,95.5,94.01,90.25,86.95,89.31,89.79,87.87,87.88,87.15,84.5,85.54,84.75,80.06,82.86,82.25,80.37,81.84,82.17,81.12,81.73,80.51,78.45,74.02,74.9,78.33,79.22,75.29,77.53,75.81,72.39,78.56,77.2,73.8,74.9,76.6,75.84,76.35,73.11,77.65,78.78,78.44,77.84,76.95,78.47,78.5,76.64,77.98,76.0,77.02,79.72,80.53,79.95,80.86,80.5,79.92,81.23
2026-03-04 11:10:32,90.94,96.58,94.43,93.4,95.47,94.02,90.3,86.96,89.25,89.67,87.55,87.5,86.88,84.25,85.32,84.6,79.94,82.63,82.14,80.13,81.67,81.94,80.9,81.4,80.34,78.6,74.33,74.76,78.12,78.99,75.46,77.48,75.79,72.54,78.46,77.17,73.79,74.79,76.36,75.78,76.12,73.03,77.34,78.28,78.08,77.56,76.66,78.21,78.22,76.5,77.85,75.97,76.81,79.4,80.17,79.72,80.52,80.27,79.77,80.83
2026-03-04 11:10:33,90.83,96.49,94.38,93.22,95.42,93.99,90.31,86.97,89.11,89.51,87.25,87.13,86.57,83.88,85.07,84.39,79.86,82.43,82.0,79.89,81.48,81.72,80.65,81.06,80.14,78.71,74.62,74.68,77.91,78.75,75.56,77.37,75.69,72.66,78.32,77.1,73.76,74.65,76.11,75.69,75.82,72.94,77.01,77.79,77.71,77.25,76.32,77.95,77.93,76.35,77.7,75.9,76.56,79.01,79.8,79.47,80.13,80.02,79.59,80.42
2026-03-04 11:10:34,90.7,96.38,94.28,92.99,95.32,93.86,90.27,86.96,88.88,89.31,86.93,86.71,86.21,83.47,84.78,84.13,79.78,82.24,81.84,79.67,81.25,81.49,80.36,80.74,79.95,78.77,74.87,74.64,77.71,78.42,75.66,77.27,75.53,72.69,78.13,77.0,73.7,74.47,75.9,75.63,75.52,72.84,76.6,77.25,77.35,76.93,75.91,77.65,77.63,76.19,77.51,75.81,76.31,78.53,79.41,79.2,79.71,79.72,79.38,79.93
2026-03-04 11:10:35,90.55,96.27,94.19,92.74,95.19,93.69,90.17,86.87,88.62,89.1,86.61,86.25,85.85,83.06,84.48,83.87,79.72,82.07,81.67,79.5,81.02,81.21,80.01,80.44,79.79,78.72,75.11,74.62,77.49,78.04,75.75,77.17,75.3,72.65,77.89,76.82,73.61,74.22,75.73,75.63,75.27,72.76,76.17,76.65,76.99,76.63,75.46,77.32,77.35,76.01,77.27,75.68,76.11,78.08,79.04,78.92,79.27,79.35,79.14,79.41
2026-03-04 11:10:36,90.4,96.17,94.13,92.5,94.99,93.46,90.04,86.77,88.32,88.86,86.3,85.8,85.51,82.73,84.22,83.63,79.65,81.89,81.55,79.39,80.77,80.9,79.67,80.19,79.67,78.7,75.39,74.65,77.31,77.67,75.8,77.03,75.08,72.65,77.63,76.61,73.56,74.03,75.6,75.67,75.07,72.64,75.79,76.12,76.65,76.37,75.1,77.05,77.05,75.81,77.06,75.61,75.97,77.68,78.69,78.58,78.84,79.0,78.91,78.93
2026-03-04 11:10:37,90.25,96.09,94.11,92.26,94.71,93.2,89.88,86.66,87.99,88.57,86.0,85.37,85.18,82.47,84.02,83.41,79.56,81.7,81.46,79.31,80.51,80.59,79.35,80.01,79.62,78.74,75.72,74.75,77.16,77.3,75.8,76.83,74.86,72.7,77.37,76.38,73.57,73.91,75.52,75.73,74.91,72.46,75.44,75.68,76.32,76.17,74.85,76.83,76.74,75.61,76.9,75.59,75.89,77.31,78.37,78.18,78.43,78.68,78.69,78.49
2026-03-04 11:10:38,90.11,96.01,94.11,92.03,94.38,92.9,89.71,86.54,87.65,88.25,85.7,84.96,84.88,82.29,83.88,83.22,79.45,81.49,81.41,79.28,80.26,80.27,79.05,79.89,79.63,78.83,76.09,74.9,77.05,76.95,75.75,76.58,74.63,72.8,77.11,76.12,73.64,73.87,75.49,75.81,74.79,72.22,75.14,75.31,76.0,76.0,74.68,76.65,76.41,75.39,76.77,75.61,75.87,76.99,78.07,77.71,78.02,78.38,78.48,78.09
2026-03-04 11:10:39,89.97,95.94,94.13,91.8,94.0,92.58,89.53,86.43,87.29,87.9,85.42,84.57,84.6,82.16,83.78,83.05,79.33,81.27,81.4,79.27,80.01,79.94,78.78,79.81,79.7,78.98,76.48,75.1,76.96,76.61,75.66,76.29,74.41,72.94,76.86,75.86,73.75,73.88,75.49,75.9,74.7,71.94,74.87,75.01,75.69,75.87,74.6,76.52,76.09,75.17,76.67,75.67,75.9,76.7,77.79,77.2,77.64,78.11,78.27,77.73
